sample_accuracy,sample_tp,sample_tn,sample_fp,sample_fn,num_samples,top1_idx,top1_positive,has_positive,top1_tp,top1_fp,top1_tn,top1_fn,prediction_idx,prediction_class,prediction_accuracy,prediction_tp,prediction_tn,prediction_fp,prediction_fn,model_params,verifier_subset,weaver_sample_scores,problem,set,difficulty
0.43,37,6,0,57,100,2,1,1,1,0,0,0,2,1,1,1,0,0,0,"(array([0.47997704, 0.67303014, 0.55220133, 0.50341964]), array([0.89586753, 0.73587251, 0.86717373, 0.88406789]), array([0.11157295, 0.27560037, 0.14288397, 0.12426028]), array([0.50800395, 0.31881684, 0.43763742, 0.48526219]))","['QwenPRM_min_scores (7.63B)', 'EurusPRMStage1_min_scores (7.62B)', 'QwenPRM_avg_scores (7.63B)', 'EurusPRMStage2_avg_scores (7.62B)']","[0.06068534389069269, 0.06068534389069269, 0.9936366181746473, 0.7850210414201328, 0.06068534389069269, 0.7288350858151317, 0.9936366181746473, 0.06068534389069269, 0.2669465815306893, 0.06068534389069269, 0.06068534389069269, 0.2669465815306893, 0.06068534389069269, 0.2669465815306893, 0.2669465815306893, 0.06068534389069269, 0.9936366181746473, 0.3309879831220565, 0.3309879831220565, 0.3309879831220565, 0.06068534389069269, 0.2669465815306893, 0.3309879831220565, 0.06068534389069269, 0.2669465815306893, 0.3309879831220565, 0.06068534389069269, 0.06068534389069269, 0.7288350858151317, 0.06068534389069269, 0.9548654010884742, 0.2669465815306893, 0.7288350858151317, 0.7850210414201328, 0.9548654010884742, 0.2669465815306893, 0.7360538824487828, 0.06068534389069269, 0.2669465815306893, 0.06068534389069269, 0.9548654010884742, 0.7288350858151317, 0.9548654010884742, 0.2669465815306893, 0.06068534389069269, 0.7896210935652394, 0.9548654010884742, 0.2669465815306893, 0.7288350858151317, 0.7288350858151317, 0.06068534389069269, 0.9548654010884742, 0.7288350858151317, 0.06068534389069269, 0.2669465815306893, 0.06068534389069269, 0.9548654010884742, 0.32288213990780334, 0.06068534389069269, 0.3309879831220565, 0.2669465815306893, 0.9936366181746473, 0.06068534389069269, 0.7360538824487828, 0.06068534389069269, 0.32288213990780334, 0.06068534389069269, 0.9548654010884742, 0.9548654010884742, 0.06068534389069269, 0.2669465815306893, 0.9548654010884742, 0.7288350858151317, 0.2669465815306893, 0.2669465815306893, 0.9536664944194294, 0.7360538824487828, 0.06068534389069269, 0.06068534389069269, 0.7288350858151317, 0.2669465815306893, 0.2669465815306893, 0.06068534389069269, 0.2669465815306893, 0.9548654010884742, 0.9548654010884742, 0.06068534389069269, 0.06068534389069269, 0.9548654010884742, 0.9548654010884742, 0.06068534389069269, 0.06068534389069269, 0.2669465815306893, 0.2669465815306893, 0.9548654010884742, 0.3309879831220565, 0.06068534389069269, 0.06068534389069269, 0.9936366181746473, 0.9536664944194294]",0,train,9
0.82,74,8,0,18,100,3,1,1,1,0,0,0,3,1,1,1,0,0,0,"(array([0.47997704, 0.67303014, 0.55220133, 0.50341964]), array([0.89586753, 0.73587251, 0.86717373, 0.88406789]), array([0.11157295, 0.27560037, 0.14288397, 0.12426028]), array([0.50800395, 0.31881684, 0.43763742, 0.48526219]))","['QwenPRM_min_scores (7.63B)', 'EurusPRMStage1_min_scores (7.62B)', 'QwenPRM_avg_scores (7.63B)', 'EurusPRMStage2_avg_scores (7.62B)']","[0.7360538824487828, 0.7896210935652394, 0.2669465815306893, 0.9936366181746473, 0.9536664944194294, 0.9936366181746473, 0.9936366181746473, 0.9936366181746473, 0.7360538824487828, 0.9936366181746473, 0.7360538824487828, 0.9548654010884742, 0.9548654010884742, 0.2669465815306893, 0.2669465815306893, 0.9548654010884742, 0.7360538824487828, 0.7360538824487828, 0.9936366181746473, 0.9936366181746473, 0.9936366181746473, 0.9936366181746473, 0.06068534389069269, 0.7288350858151317, 0.9548654010884742, 0.06068534389069269, 0.2669465815306893, 0.7896210935652394, 0.9936366181746473, 0.9548654010884742, 0.3309879831220565, 0.2669465815306893, 0.9936366181746473, 0.7288350858151317, 0.9936366181746473, 0.7360538824487828, 0.7342303646642855, 0.2669465815306893, 0.9548654010884742, 0.7288350858151317, 0.9548654010884742, 0.9536664944194294, 0.06068534389069269, 0.9548654010884742, 0.06068534389069269, 0.7288350858151317, 0.9548654010884742, 0.9548654010884742, 0.9936366181746473, 0.7360538824487828, 0.9548654010884742, 0.9936366181746473, 0.9936366181746473, 0.3309879831220565, 0.06068534389069269, 0.7360538824487828, 0.2669465815306893, 0.7360538824487828, 0.9548654010884742, 0.9548654010884742, 0.2669465815306893, 0.7288350858151317, 0.06068534389069269, 0.7360538824487828, 0.9548654010884742, 0.9548654010884742, 0.9936366181746473, 0.7360538824487828, 0.9936366181746473, 0.9936366181746473, 0.06068534389069269, 0.06068534389069269, 0.2669465815306893, 0.9548654010884742, 0.7288350858151317, 0.7360538824487828, 0.2669465815306893, 0.7288350858151317, 0.9936366181746473, 0.7360538824487828, 0.9548654010884742, 0.06068534389069269, 0.2669465815306893, 0.7360538824487828, 0.9536664944194294, 0.9936366181746473, 0.2669465815306893, 0.9936366181746473, 0.953250904724538, 0.2669465815306893, 0.9936366181746473, 0.7360538824487828, 0.2669465815306893, 0.9536664944194294, 0.06068534389069269, 0.7360538824487828, 0.9936366181746473, 0.9936366181746473, 0.7288350858151317, 0.9936366181746473]",1,train,9
0.37,5,32,0,63,100,17,1,1,1,0,0,0,17,1,1,1,0,0,0,"(array([0.47997704, 0.67303014, 0.55220133, 0.50341964]), array([0.89586753, 0.73587251, 0.86717373, 0.88406789]), array([0.11157295, 0.27560037, 0.14288397, 0.12426028]), array([0.50800395, 0.31881684, 0.43763742, 0.48526219]))","['QwenPRM_min_scores (7.63B)', 'EurusPRMStage1_min_scores (7.62B)', 'QwenPRM_avg_scores (7.63B)', 'EurusPRMStage2_avg_scores (7.62B)']","[0.06068534389069269, 0.06068534389069269, 0.2669465815306893, 0.06068534389069269, 0.06068534389069269, 0.06068534389069269, 0.06068534389069269, 0.2669465815306893, 0.2669465815306893, 0.2669465815306893, 0.2669465815306893, 0.06068534389069269, 0.06068534389069269, 0.2669465815306893, 0.2669465815306893, 0.2669465815306893, 0.2669465815306893, 0.9548654010884742, 0.7288350858151317, 0.2669465815306893, 0.7288350858151317, 0.7288350858151317, 0.06068534389069269, 0.06068534389069269, 0.06068534389069269, 0.06068534389069269, 0.06068534389069269, 0.06068534389069269, 0.06068534389069269, 0.2669465815306893, 0.06068534389069269, 0.06068534389069269, 0.2669465815306893, 0.06068534389069269, 0.2669465815306893, 0.2669465815306893, 0.2669465815306893, 0.06068534389069269, 0.06068534389069269, 0.06068534389069269, 0.2669465815306893, 0.2669465815306893, 0.2669465815306893, 0.2669465815306893, 0.2669465815306893, 0.06068534389069269, 0.2669465815306893, 0.06068534389069269, 0.2669465815306893, 0.2669465815306893, 0.06068534389069269, 0.2669465815306893, 0.06068534389069269, 0.06068534389069269, 0.2669465815306893, 0.2669465815306893, 0.2669465815306893, 0.06068534389069269, 0.06068534389069269, 0.06068534389069269, 0.7288350858151317, 0.2669465815306893, 0.06068534389069269, 0.2669465815306893, 0.2669465815306893, 0.2669465815306893, 0.2669465815306893, 0.2669465815306893, 0.06068534389069269, 0.2669465815306893, 0.06068534389069269, 0.2669465815306893, 0.2669465815306893, 0.2669465815306893, 0.06068534389069269, 0.06068534389069269, 0.06068534389069269, 0.06068534389069269, 0.2669465815306893, 0.06068534389069269, 0.2669465815306893, 0.2669465815306893, 0.2669465815306893, 0.06068534389069269, 0.06068534389069269, 0.2669465815306893, 0.2669465815306893, 0.2669465815306893, 0.06068534389069269, 0.06068534389069269, 0.2669465815306893, 0.2669465815306893, 0.2669465815306893, 0.06068534389069269, 0.2669465815306893, 0.2669465815306893, 0.2669465815306893, 0.06068534389069269, 0.06068534389069269, 0.2669465815306893]",2,train,6
0.72,43,29,0,28,100,18,1,1,1,0,0,0,18,1,1,1,0,0,0,"(array([0.47997704, 0.67303014, 0.55220133, 0.50341964]), array([0.89586753, 0.73587251, 0.86717373, 0.88406789]), array([0.11157295, 0.27560037, 0.14288397, 0.12426028]), array([0.50800395, 0.31881684, 0.43763742, 0.48526219]))","['QwenPRM_min_scores (7.63B)', 'EurusPRMStage1_min_scores (7.62B)', 'QwenPRM_avg_scores (7.63B)', 'EurusPRMStage2_avg_scores (7.62B)']","[0.06068534389069269, 0.2669465815306893, 0.7288350858151317, 0.06068534389069269, 0.2669465815306893, 0.9548654010884742, 0.2669465815306893, 0.06068534389069269, 0.9548654010884742, 0.7360538824487828, 0.9536664944194294, 0.9548654010884742, 0.06068534389069269, 0.9536664944194294, 0.9536664944194294, 0.06068534389069269, 0.06068534389069269, 0.06068534389069269, 0.9936366181746473, 0.9936366181746473, 0.9548654010884742, 0.06068534389069269, 0.7288350858151317, 0.06068534389069269, 0.9936366181746473, 0.9936366181746473, 0.06068534389069269, 0.7896210935652394, 0.06068534389069269, 0.2669465815306893, 0.06068534389069269, 0.2669465815306893, 0.9936366181746473, 0.06068534389069269, 0.9548654010884742, 0.9936366181746473, 0.06068534389069269, 0.06068534389069269, 0.2669465815306893, 0.06068534389069269, 0.7360538824487828, 0.06068534389069269, 0.9548654010884742, 0.9936366181746473, 0.06068534389069269, 0.7288350858151317, 0.06068534389069269, 0.06068534389069269, 0.06068534389069269, 0.2669465815306893, 0.06068534389069269, 0.7288350858151317, 0.06068534389069269, 0.9548654010884742, 0.9536664944194294, 0.7896210935652394, 0.06068534389069269, 0.06068534389069269, 0.9548654010884742, 0.9548654010884742, 0.2669465815306893, 0.06068534389069269, 0.06068534389069269, 0.06068534389069269, 0.2669465815306893, 0.06068534389069269, 0.7360538824487828, 0.9936366181746473, 0.06068534389069269, 0.2669465815306893, 0.06068534389069269, 0.7360538824487828, 0.06068534389069269, 0.06068534389069269, 0.9936366181746473, 0.9536664944194294, 0.9548654010884742, 0.7288350858151317, 0.7288350858151317, 0.9548654010884742, 0.9548654010884742, 0.3309879831220565, 0.06068534389069269, 0.06068534389069269, 0.06068534389069269, 0.9936366181746473, 0.2669465815306893, 0.06068534389069269, 0.2669465815306893, 0.06068534389069269, 0.7360538824487828, 0.9548654010884742, 0.2669465815306893, 0.06068534389069269, 0.06068534389069269, 0.9548654010884742, 0.06068534389069269, 0.06068534389069269, 0.7360538824487828, 0.2669465815306893]",3,train,7
0.73,1,72,0,27,100,40,1,1,1,0,0,0,0,0,1,0,1,0,0,"(array([0.47997704, 0.67303014, 0.55220133, 0.50341964]), array([0.89586753, 0.73587251, 0.86717373, 0.88406789]), array([0.11157295, 0.27560037, 0.14288397, 0.12426028]), array([0.50800395, 0.31881684, 0.43763742, 0.48526219]))","['QwenPRM_min_scores (7.63B)', 'EurusPRMStage1_min_scores (7.62B)', 'QwenPRM_avg_scores (7.63B)', 'EurusPRMStage2_avg_scores (7.62B)']","[0.06068534389069269, 0.06068534389069269, 0.06068534389069269, 0.06068534389069269, 0.06068534389069269, 0.06068534389069269, 0.06068534389069269, 0.06068534389069269, 0.06068534389069269, 0.06068534389069269, 0.06068534389069269, 0.06068534389069269, 0.2669465815306893, 0.06068534389069269, 0.06068534389069269, 0.06068534389069269, 0.06068534389069269, 0.06068534389069269, 0.06068534389069269, 0.06068534389069269, 0.06068534389069269, 0.2669465815306893, 0.2669465815306893, 0.06068534389069269, 0.06068534389069269, 0.2669465815306893, 0.2669465815306893, 0.06068534389069269, 0.06068534389069269, 0.06068534389069269, 0.06068534389069269, 0.06068534389069269, 0.06068534389069269, 0.06068534389069269, 0.06068534389069269, 0.06068534389069269, 0.06068534389069269, 0.06068534389069269, 0.06068534389069269, 0.06068534389069269, 0.7288350858151317, 0.2669465815306893, 0.06068534389069269, 0.06068534389069269, 0.2669465815306893, 0.06068534389069269, 0.06068534389069269, 0.06068534389069269, 0.2669465815306893, 0.2669465815306893, 0.06068534389069269, 0.06068534389069269, 0.2669465815306893, 0.2669465815306893, 0.06068534389069269, 0.2669465815306893, 0.2669465815306893, 0.06068534389069269, 0.06068534389069269, 0.32288213990780334, 0.06068534389069269, 0.06068534389069269, 0.06068534389069269, 0.06068534389069269, 0.06068534389069269, 0.06068534389069269, 0.06068534389069269, 0.2669465815306893, 0.2669465815306893, 0.2669465815306893, 0.06068534389069269, 0.06068534389069269, 0.06068534389069269, 0.06068534389069269, 0.06068534389069269, 0.06068534389069269, 0.06068534389069269, 0.2669465815306893, 0.2669465815306893, 0.06068534389069269, 0.06068534389069269, 0.06068534389069269, 0.3309879831220565, 0.06068534389069269, 0.06068534389069269, 0.06068534389069269, 0.2669465815306893, 0.06068534389069269, 0.2669465815306893, 0.06068534389069269, 0.06068534389069269, 0.06068534389069269, 0.2669465815306893, 0.06068534389069269, 0.06068534389069269, 0.2669465815306893, 0.06068534389069269, 0.06068534389069269, 0.2669465815306893, 0.06068534389069269]",4,train,2
0.63,33,30,7,30,100,9,1,1,1,0,0,0,9,1,1,1,0,0,0,"(array([0.47997704, 0.67303014, 0.55220133, 0.50341964]), array([0.89586753, 0.73587251, 0.86717373, 0.88406789]), array([0.11157295, 0.27560037, 0.14288397, 0.12426028]), array([0.50800395, 0.31881684, 0.43763742, 0.48526219]))","['QwenPRM_min_scores (7.63B)', 'EurusPRMStage1_min_scores (7.62B)', 'QwenPRM_avg_scores (7.63B)', 'EurusPRMStage2_avg_scores (7.62B)']","[0.9536664944194294, 0.2669465815306893, 0.06068534389069269, 0.9536664944194294, 0.9536664944194294, 0.06068534389069269, 0.9548654010884742, 0.7896210935652394, 0.06068534389069269, 0.9936366181746473, 0.7360538824487828, 0.7360538824487828, 0.2669465815306893, 0.9936366181746473, 0.06068534389069269, 0.9936366181746473, 0.06068534389069269, 0.7896210935652394, 0.7360538824487828, 0.06068534389069269, 0.3309879831220565, 0.2669465815306893, 0.9548654010884742, 0.2669465815306893, 0.06068534389069269, 0.9651601869614111, 0.3309879831220565, 0.06068534389069269, 0.06068534389069269, 0.06068534389069269, 0.9651601869614111, 0.06068534389069269, 0.32288213990780334, 0.7896210935652394, 0.9936366181746473, 0.7360538824487828, 0.06068534389069269, 0.06068534389069269, 0.06068534389069269, 0.9536664944194294, 0.2669465815306893, 0.9651601869614111, 0.06068534389069269, 0.7850210414201328, 0.9548654010884742, 0.7288350858151317, 0.7288350858151317, 0.9548654010884742, 0.2669465815306893, 0.3309879831220565, 0.2669465815306893, 0.9536664944194294, 0.7896210935652394, 0.2669465815306893, 0.7360538824487828, 0.06068534389069269, 0.06068534389069269, 0.7850210414201328, 0.9936366181746473, 0.06068534389069269, 0.2669465815306893, 0.06068534389069269, 0.2669465815306893, 0.7896210935652394, 0.06068534389069269, 0.2669465815306893, 0.2669465815306893, 0.32288213990780334, 0.7360538824487828, 0.7360538824487828, 0.2669465815306893, 0.2669465815306893, 0.06068534389069269, 0.3309879831220565, 0.06068534389069269, 0.2669465815306893, 0.06068534389069269, 0.2669465815306893, 0.9548654010884742, 0.06068534389069269, 0.06068534389069269, 0.2669465815306893, 0.9536664944194294, 0.7360538824487828, 0.9936366181746473, 0.2669465815306893, 0.9936366181746473, 0.06068534389069269, 0.32891744509640525, 0.06068534389069269, 0.06068534389069269, 0.2669465815306893, 0.3309879831220565, 0.2669465815306893, 0.06068534389069269, 0.06068534389069269, 0.7360538824487828, 0.7360538824487828, 0.06068534389069269, 0.3309879831220565]",5,train,6
0.93,2,91,7,0,100,71,0,1,0,0,0,1,71,1,0,0,0,1,0,"(array([0.47997704, 0.67303014, 0.55220133, 0.50341964]), array([0.89586753, 0.73587251, 0.86717373, 0.88406789]), array([0.11157295, 0.27560037, 0.14288397, 0.12426028]), array([0.50800395, 0.31881684, 0.43763742, 0.48526219]))","['QwenPRM_min_scores (7.63B)', 'EurusPRMStage1_min_scores (7.62B)', 'QwenPRM_avg_scores (7.63B)', 'EurusPRMStage2_avg_scores (7.62B)']","[0.06068534389069269, 0.06068534389069269, 0.06068534389069269, 0.2669465815306893, 0.2669465815306893, 0.06068534389069269, 0.2669465815306893, 0.06068534389069269, 0.2669465815306893, 0.06068534389069269, 0.06068534389069269, 0.06068534389069269, 0.06068534389069269, 0.2669465815306893, 0.06068534389069269, 0.2669465815306893, 0.06068534389069269, 0.2669465815306893, 0.06068534389069269, 0.2669465815306893, 0.06068534389069269, 0.2669465815306893, 0.06068534389069269, 0.7360538824487828, 0.06068534389069269, 0.06068534389069269, 0.2669465815306893, 0.06068534389069269, 0.06068534389069269, 0.06068534389069269, 0.2669465815306893, 0.06068534389069269, 0.06068534389069269, 0.06068534389069269, 0.06068534389069269, 0.06068534389069269, 0.2669465815306893, 0.06068534389069269, 0.2669465815306893, 0.06068534389069269, 0.06068534389069269, 0.06068534389069269, 0.06068534389069269, 0.2669465815306893, 0.7288350858151317, 0.06068534389069269, 0.2669465815306893, 0.06068534389069269, 0.06068534389069269, 0.2669465815306893, 0.06068534389069269, 0.2669465815306893, 0.06068534389069269, 0.06068534389069269, 0.06068534389069269, 0.2669465815306893, 0.2669465815306893, 0.06068534389069269, 0.7288350858151317, 0.2669465815306893, 0.7288350858151317, 0.06068534389069269, 0.2669465815306893, 0.06068534389069269, 0.06068534389069269, 0.06068534389069269, 0.06068534389069269, 0.7288350858151317, 0.06068534389069269, 0.2669465815306893, 0.7288350858151317, 0.9536664944194294, 0.06068534389069269, 0.2669465815306893, 0.2669465815306893, 0.2669465815306893, 0.2669465815306893, 0.06068534389069269, 0.2669465815306893, 0.2669465815306893, 0.06068534389069269, 0.06068534389069269, 0.2669465815306893, 0.06068534389069269, 0.2669465815306893, 0.06068534389069269, 0.06068534389069269, 0.9536664944194294, 0.06068534389069269, 0.06068534389069269, 0.7288350858151317, 0.2669465815306893, 0.06068534389069269, 0.06068534389069269, 0.06068534389069269, 0.06068534389069269, 0.06068534389069269, 0.2669465815306893, 0.2669465815306893, 0.2669465815306893]",6,train,0
0.22,18,4,0,78,100,58,1,1,1,0,0,0,58,1,1,1,0,0,0,"(array([0.47997704, 0.67303014, 0.55220133, 0.50341964]), array([0.89586753, 0.73587251, 0.86717373, 0.88406789]), array([0.11157295, 0.27560037, 0.14288397, 0.12426028]), array([0.50800395, 0.31881684, 0.43763742, 0.48526219]))","['QwenPRM_min_scores (7.63B)', 'EurusPRMStage1_min_scores (7.62B)', 'QwenPRM_avg_scores (7.63B)', 'EurusPRMStage2_avg_scores (7.62B)']","[0.9536664944194294, 0.2669465815306893, 0.2669465815306893, 0.2669465815306893, 0.06068534389069269, 0.06068534389069269, 0.2669465815306893, 0.2669465815306893, 0.2669465815306893, 0.7342303646642855, 0.2669465815306893, 0.2669465815306893, 0.9536664944194294, 0.2669465815306893, 0.2669465815306893, 0.2669465815306893, 0.2669465815306893, 0.2669465815306893, 0.2669465815306893, 0.2669465815306893, 0.2669465815306893, 0.7360538824487828, 0.2669465815306893, 0.06068534389069269, 0.06068534389069269, 0.2669465815306893, 0.2669465815306893, 0.2669465815306893, 0.2669465815306893, 0.06068534389069269, 0.3309879831220565, 0.2669465815306893, 0.2669465815306893, 0.9548654010884742, 0.2669465815306893, 0.2669465815306893, 0.06068534389069269, 0.2669465815306893, 0.06068534389069269, 0.2669465815306893, 0.7360538824487828, 0.7360538824487828, 0.2669465815306893, 0.2669465815306893, 0.06068534389069269, 0.7288350858151317, 0.2669465815306893, 0.2669465815306893, 0.06068534389069269, 0.7360538824487828, 0.2669465815306893, 0.7360538824487828, 0.2669465815306893, 0.2669465815306893, 0.2669465815306893, 0.2669465815306893, 0.7288350858151317, 0.7288350858151317, 0.9936366181746473, 0.7288350858151317, 0.2669465815306893, 0.06068534389069269, 0.2669465815306893, 0.2669465815306893, 0.2669465815306893, 0.2669465815306893, 0.2669465815306893, 0.2669465815306893, 0.06068534389069269, 0.2669465815306893, 0.06068534389069269, 0.06068534389069269, 0.2669465815306893, 0.9548654010884742, 0.2669465815306893, 0.2669465815306893, 0.2669465815306893, 0.06068534389069269, 0.06068534389069269, 0.2669465815306893, 0.2669465815306893, 0.9536664944194294, 0.06068534389069269, 0.9936366181746473, 0.2669465815306893, 0.06068534389069269, 0.06068534389069269, 0.2669465815306893, 0.2669465815306893, 0.2669465815306893, 0.2669465815306893, 0.2669465815306893, 0.2669465815306893, 0.2669465815306893, 0.7288350858151317, 0.2669465815306893, 0.2669465815306893, 0.2669465815306893, 0.2669465815306893, 0.2669465815306893]",7,train,9
0.8,37,43,0,20,100,5,1,1,1,0,0,0,5,1,1,1,0,0,0,"(array([0.47997704, 0.67303014, 0.55220133, 0.50341964]), array([0.89586753, 0.73587251, 0.86717373, 0.88406789]), array([0.11157295, 0.27560037, 0.14288397, 0.12426028]), array([0.50800395, 0.31881684, 0.43763742, 0.48526219]))","['QwenPRM_min_scores (7.63B)', 'EurusPRMStage1_min_scores (7.62B)', 'QwenPRM_avg_scores (7.63B)', 'EurusPRMStage2_avg_scores (7.62B)']","[0.06068534389069269, 0.7360538824487828, 0.2669465815306893, 0.06068534389069269, 0.9536664944194294, 0.9936366181746473, 0.9936366181746473, 0.06068534389069269, 0.7288350858151317, 0.7288350858151317, 0.7360538824487828, 0.7288350858151317, 0.06068534389069269, 0.7360538824487828, 0.06068534389069269, 0.9536664944194294, 0.2669465815306893, 0.06068534389069269, 0.9936366181746473, 0.7288350858151317, 0.9936366181746473, 0.2669465815306893, 0.7360538824487828, 0.9936366181746473, 0.9936366181746473, 0.9936366181746473, 0.06068534389069269, 0.06068534389069269, 0.2669465815306893, 0.06068534389069269, 0.06068534389069269, 0.06068534389069269, 0.06068534389069269, 0.2669465815306893, 0.06068534389069269, 0.7360538824487828, 0.06068534389069269, 0.06068534389069269, 0.06068534389069269, 0.06068534389069269, 0.06068534389069269, 0.2669465815306893, 0.06068534389069269, 0.7360538824487828, 0.06068534389069269, 0.06068534389069269, 0.9536664944194294, 0.06068534389069269, 0.9536664944194294, 0.7288350858151317, 0.2669465815306893, 0.06068534389069269, 0.9536664944194294, 0.7360538824487828, 0.06068534389069269, 0.06068534389069269, 0.06068534389069269, 0.7360538824487828, 0.06068534389069269, 0.2669465815306893, 0.06068534389069269, 0.2669465815306893, 0.7288350858151317, 0.7360538824487828, 0.06068534389069269, 0.06068534389069269, 0.7360538824487828, 0.06068534389069269, 0.06068534389069269, 0.06068534389069269, 0.9936366181746473, 0.2669465815306893, 0.2669465815306893, 0.9536664944194294, 0.2669465815306893, 0.06068534389069269, 0.06068534389069269, 0.06068534389069269, 0.9548654010884742, 0.06068534389069269, 0.06068534389069269, 0.06068534389069269, 0.06068534389069269, 0.06068534389069269, 0.06068534389069269, 0.2669465815306893, 0.06068534389069269, 0.9548654010884742, 0.9936366181746473, 0.06068534389069269, 0.06068534389069269, 0.9536664944194294, 0.9936366181746473, 0.06068534389069269, 0.06068534389069269, 0.06068534389069269, 0.06068534389069269, 0.7360538824487828, 0.06068534389069269, 0.9548654010884742]",8,train,5
0.79,0,79,0,21,100,16,0,1,0,0,0,1,0,0,1,0,1,0,0,"(array([0.47997704, 0.67303014, 0.55220133, 0.50341964]), array([0.89586753, 0.73587251, 0.86717373, 0.88406789]), array([0.11157295, 0.27560037, 0.14288397, 0.12426028]), array([0.50800395, 0.31881684, 0.43763742, 0.48526219]))","['QwenPRM_min_scores (7.63B)', 'EurusPRMStage1_min_scores (7.62B)', 'QwenPRM_avg_scores (7.63B)', 'EurusPRMStage2_avg_scores (7.62B)']","[0.06068534389069269, 0.06068534389069269, 0.06068534389069269, 0.06068534389069269, 0.06068534389069269, 0.06068534389069269, 0.06068534389069269, 0.06068534389069269, 0.06068534389069269, 0.06068534389069269, 0.06068534389069269, 0.06068534389069269, 0.06068534389069269, 0.06068534389069269, 0.06068534389069269, 0.06068534389069269, 0.2669465815306893, 0.2669465815306893, 0.2669465815306893, 0.2669465815306893, 0.06068534389069269, 0.06068534389069269, 0.06068534389069269, 0.06068534389069269, 0.06068534389069269, 0.2669465815306893, 0.06068534389069269, 0.06068534389069269, 0.06068534389069269, 0.06068534389069269, 0.06068534389069269, 0.06068534389069269, 0.06068534389069269, 0.06068534389069269, 0.06068534389069269, 0.2669465815306893, 0.06068534389069269, 0.06068534389069269, 0.06068534389069269, 0.2669465815306893, 0.2669465815306893, 0.2669465815306893, 0.06068534389069269, 0.06068534389069269, 0.06068534389069269, 0.06068534389069269, 0.06068534389069269, 0.06068534389069269, 0.06068534389069269, 0.2669465815306893, 0.2669465815306893, 0.06068534389069269, 0.06068534389069269, 0.2669465815306893, 0.2669465815306893, 0.2669465815306893, 0.06068534389069269, 0.2669465815306893, 0.06068534389069269, 0.06068534389069269, 0.06068534389069269, 0.06068534389069269, 0.06068534389069269, 0.06068534389069269, 0.06068534389069269, 0.06068534389069269, 0.06068534389069269, 0.06068534389069269, 0.06068534389069269, 0.06068534389069269, 0.2669465815306893, 0.2669465815306893, 0.06068534389069269, 0.06068534389069269, 0.06068534389069269, 0.06068534389069269, 0.06068534389069269, 0.06068534389069269, 0.06068534389069269, 0.06068534389069269, 0.06068534389069269, 0.06068534389069269, 0.2669465815306893, 0.06068534389069269, 0.06068534389069269, 0.06068534389069269, 0.06068534389069269, 0.2669465815306893, 0.06068534389069269, 0.06068534389069269, 0.06068534389069269, 0.2669465815306893, 0.2669465815306893, 0.2669465815306893, 0.06068534389069269, 0.06068534389069269, 0.2669465815306893, 0.06068534389069269, 0.06068534389069269, 0.06068534389069269]",9,train,2
0.85,3,82,1,14,100,54,1,1,1,0,0,0,54,1,1,1,0,0,0,"(array([0.47997704, 0.67303014, 0.55220133, 0.50341964]), array([0.89586753, 0.73587251, 0.86717373, 0.88406789]), array([0.11157295, 0.27560037, 0.14288397, 0.12426028]), array([0.50800395, 0.31881684, 0.43763742, 0.48526219]))","['QwenPRM_min_scores (7.63B)', 'EurusPRMStage1_min_scores (7.62B)', 'QwenPRM_avg_scores (7.63B)', 'EurusPRMStage2_avg_scores (7.62B)']","[0.06068534389069269, 0.06068534389069269, 0.06068534389069269, 0.06068534389069269, 0.06068534389069269, 0.06068534389069269, 0.06068534389069269, 0.06068534389069269, 0.06068534389069269, 0.06068534389069269, 0.06068534389069269, 0.06068534389069269, 0.06068534389069269, 0.06068534389069269, 0.06068534389069269, 0.06068534389069269, 0.2669465815306893, 0.06068534389069269, 0.06068534389069269, 0.06068534389069269, 0.06068534389069269, 0.06068534389069269, 0.06068534389069269, 0.06068534389069269, 0.06068534389069269, 0.06068534389069269, 0.06068534389069269, 0.06068534389069269, 0.06068534389069269, 0.06068534389069269, 0.06068534389069269, 0.7360538824487828, 0.06068534389069269, 0.06068534389069269, 0.06068534389069269, 0.2669465815306893, 0.06068534389069269, 0.06068534389069269, 0.06068534389069269, 0.06068534389069269, 0.06068534389069269, 0.06068534389069269, 0.06068534389069269, 0.06068534389069269, 0.06068534389069269, 0.06068534389069269, 0.06068534389069269, 0.06068534389069269, 0.06068534389069269, 0.06068534389069269, 0.06068534389069269, 0.2669465815306893, 0.06068534389069269, 0.06068534389069269, 0.9548654010884742, 0.7288350858151317, 0.2669465815306893, 0.06068534389069269, 0.06068534389069269, 0.06068534389069269, 0.06068534389069269, 0.2669465815306893, 0.06068534389069269, 0.06068534389069269, 0.2669465815306893, 0.06068534389069269, 0.06068534389069269, 0.06068534389069269, 0.06068534389069269, 0.06068534389069269, 0.06068534389069269, 0.06068534389069269, 0.06068534389069269, 0.06068534389069269, 0.06068534389069269, 0.06068534389069269, 0.06068534389069269, 0.06068534389069269, 0.3309879831220565, 0.7360538824487828, 0.2669465815306893, 0.06068534389069269, 0.06068534389069269, 0.06068534389069269, 0.06068534389069269, 0.06068534389069269, 0.06068534389069269, 0.06068534389069269, 0.06068534389069269, 0.06068534389069269, 0.06068534389069269, 0.06068534389069269, 0.06068534389069269, 0.06068534389069269, 0.06068534389069269, 0.06068534389069269, 0.06068534389069269, 0.06068534389069269, 0.06068534389069269, 0.2669465815306893]",10,train,1
0.67,33,34,0,33,100,1,1,1,1,0,0,0,1,1,1,1,0,0,0,"(array([0.47997704, 0.67303014, 0.55220133, 0.50341964]), array([0.89586753, 0.73587251, 0.86717373, 0.88406789]), array([0.11157295, 0.27560037, 0.14288397, 0.12426028]), array([0.50800395, 0.31881684, 0.43763742, 0.48526219]))","['QwenPRM_min_scores (7.63B)', 'EurusPRMStage1_min_scores (7.62B)', 'QwenPRM_avg_scores (7.63B)', 'EurusPRMStage2_avg_scores (7.62B)']","[0.06068534389069269, 0.9936366181746473, 0.7360538824487828, 0.9936366181746473, 0.9536664944194294, 0.2669465815306893, 0.7288350858151317, 0.7360538824487828, 0.06068534389069269, 0.06068534389069269, 0.2669465815306893, 0.06068534389069269, 0.2669465815306893, 0.06068534389069269, 0.9536664944194294, 0.7360538824487828, 0.2669465815306893, 0.06068534389069269, 0.2669465815306893, 0.06068534389069269, 0.06068534389069269, 0.9548654010884742, 0.7360538824487828, 0.06068534389069269, 0.9936366181746473, 0.7360538824487828, 0.9936366181746473, 0.06068534389069269, 0.06068534389069269, 0.7288350858151317, 0.9548654010884742, 0.7288350858151317, 0.06068534389069269, 0.06068534389069269, 0.2669465815306893, 0.7288350858151317, 0.06068534389069269, 0.2669465815306893, 0.2669465815306893, 0.9936366181746473, 0.06068534389069269, 0.06068534389069269, 0.2669465815306893, 0.2669465815306893, 0.7360538824487828, 0.2669465815306893, 0.9936366181746473, 0.06068534389069269, 0.2669465815306893, 0.06068534389069269, 0.7360538824487828, 0.06068534389069269, 0.2669465815306893, 0.2669465815306893, 0.9936366181746473, 0.06068534389069269, 0.06068534389069269, 0.9536664944194294, 0.06068534389069269, 0.7288350858151317, 0.06068534389069269, 0.06068534389069269, 0.2669465815306893, 0.7360538824487828, 0.06068534389069269, 0.9548654010884742, 0.06068534389069269, 0.06068534389069269, 0.9936366181746473, 0.9548654010884742, 0.9936366181746473, 0.2669465815306893, 0.06068534389069269, 0.06068534389069269, 0.06068534389069269, 0.06068534389069269, 0.2669465815306893, 0.9536664944194294, 0.7360538824487828, 0.2669465815306893, 0.06068534389069269, 0.2669465815306893, 0.06068534389069269, 0.2669465815306893, 0.2669465815306893, 0.06068534389069269, 0.06068534389069269, 0.2669465815306893, 0.7360538824487828, 0.2669465815306893, 0.06068534389069269, 0.06068534389069269, 0.06068534389069269, 0.7360538824487828, 0.06068534389069269, 0.2669465815306893, 0.06068534389069269, 0.06068534389069269, 0.2669465815306893, 0.2669465815306893]",11,train,6
0.67,58,9,0,33,100,20,1,1,1,0,0,0,20,1,1,1,0,0,0,"(array([0.47997704, 0.67303014, 0.55220133, 0.50341964]), array([0.89586753, 0.73587251, 0.86717373, 0.88406789]), array([0.11157295, 0.27560037, 0.14288397, 0.12426028]), array([0.50800395, 0.31881684, 0.43763742, 0.48526219]))","['QwenPRM_min_scores (7.63B)', 'EurusPRMStage1_min_scores (7.62B)', 'QwenPRM_avg_scores (7.63B)', 'EurusPRMStage2_avg_scores (7.62B)']","[0.9548654010884742, 0.06068534389069269, 0.2669465815306893, 0.9548654010884742, 0.06068534389069269, 0.06068534389069269, 0.7360538824487828, 0.7360538824487828, 0.7360538824487828, 0.9548654010884742, 0.7360538824487828, 0.7360538824487828, 0.2669465815306893, 0.2669465815306893, 0.9548654010884742, 0.7360538824487828, 0.3309879831220565, 0.2669465815306893, 0.7896210935652394, 0.06068534389069269, 0.9936366181746473, 0.9548654010884742, 0.7360538824487828, 0.06068534389069269, 0.06068534389069269, 0.9548654010884742, 0.9548654010884742, 0.7896210935652394, 0.9548654010884742, 0.3309879831220565, 0.06068534389069269, 0.2669465815306893, 0.9548654010884742, 0.2669465815306893, 0.7360538824487828, 0.06068534389069269, 0.2669465815306893, 0.7896210935652394, 0.9548654010884742, 0.7896210935652394, 0.7360538824487828, 0.9548654010884742, 0.7360538824487828, 0.9548654010884742, 0.9548654010884742, 0.06068534389069269, 0.7896210935652394, 0.9548654010884742, 0.06068534389069269, 0.7360538824487828, 0.9548654010884742, 0.9651601869614111, 0.9936366181746473, 0.2669465815306893, 0.3309879831220565, 0.06068534389069269, 0.7360538824487828, 0.9548654010884742, 0.9548654010884742, 0.7360538824487828, 0.06068534389069269, 0.3309879831220565, 0.9536664944194294, 0.2669465815306893, 0.7896210935652394, 0.9936366181746473, 0.9548654010884742, 0.9548654010884742, 0.7360538824487828, 0.06068534389069269, 0.9548654010884742, 0.06068534389069269, 0.06068534389069269, 0.06068534389069269, 0.06068534389069269, 0.7360538824487828, 0.9548654010884742, 0.06068534389069269, 0.7896210935652394, 0.2669465815306893, 0.9936366181746473, 0.9548654010884742, 0.06068534389069269, 0.7360538824487828, 0.7360538824487828, 0.9548654010884742, 0.2669465815306893, 0.7896210935652394, 0.7896210935652394, 0.7360538824487828, 0.9536664944194294, 0.2669465815306893, 0.2669465815306893, 0.3309879831220565, 0.3309879831220565, 0.3309879831220565, 0.06068534389069269, 0.2669465815306893, 0.2669465815306893, 0.9936366181746473]",12,train,9
0.78,3,75,1,21,100,50,0,1,0,0,0,1,50,1,0,0,0,1,0,"(array([0.47997704, 0.67303014, 0.55220133, 0.50341964]), array([0.89586753, 0.73587251, 0.86717373, 0.88406789]), array([0.11157295, 0.27560037, 0.14288397, 0.12426028]), array([0.50800395, 0.31881684, 0.43763742, 0.48526219]))","['QwenPRM_min_scores (7.63B)', 'EurusPRMStage1_min_scores (7.62B)', 'QwenPRM_avg_scores (7.63B)', 'EurusPRMStage2_avg_scores (7.62B)']","[0.2669465815306893, 0.2669465815306893, 0.06068534389069269, 0.2669465815306893, 0.06068534389069269, 0.2669465815306893, 0.2669465815306893, 0.2669465815306893, 0.2669465815306893, 0.06068534389069269, 0.06068534389069269, 0.2669465815306893, 0.06068534389069269, 0.06068534389069269, 0.06068534389069269, 0.06068534389069269, 0.2669465815306893, 0.06068534389069269, 0.3309879831220565, 0.06068534389069269, 0.06068534389069269, 0.06068534389069269, 0.06068534389069269, 0.2669465815306893, 0.2669465815306893, 0.06068534389069269, 0.06068534389069269, 0.06068534389069269, 0.06068534389069269, 0.06068534389069269, 0.06068534389069269, 0.2669465815306893, 0.2669465815306893, 0.2669465815306893, 0.06068534389069269, 0.2669465815306893, 0.06068534389069269, 0.2669465815306893, 0.2669465815306893, 0.2669465815306893, 0.7288350858151317, 0.7288350858151317, 0.06068534389069269, 0.2669465815306893, 0.2669465815306893, 0.06068534389069269, 0.06068534389069269, 0.06068534389069269, 0.06068534389069269, 0.2669465815306893, 0.9536664944194294, 0.2669465815306893, 0.06068534389069269, 0.2669465815306893, 0.06068534389069269, 0.2669465815306893, 0.06068534389069269, 0.06068534389069269, 0.06068534389069269, 0.2669465815306893, 0.2669465815306893, 0.2669465815306893, 0.06068534389069269, 0.2669465815306893, 0.06068534389069269, 0.2669465815306893, 0.2669465815306893, 0.2669465815306893, 0.2669465815306893, 0.2669465815306893, 0.06068534389069269, 0.2669465815306893, 0.06068534389069269, 0.06068534389069269, 0.2669465815306893, 0.2669465815306893, 0.2669465815306893, 0.2669465815306893, 0.2669465815306893, 0.2669465815306893, 0.06068534389069269, 0.2669465815306893, 0.2669465815306893, 0.7288350858151317, 0.06068534389069269, 0.2669465815306893, 0.2669465815306893, 0.06068534389069269, 0.2669465815306893, 0.2669465815306893, 0.06068534389069269, 0.06068534389069269, 0.06068534389069269, 0.06068534389069269, 0.2669465815306893, 0.2669465815306893, 0.2669465815306893, 0.06068534389069269, 0.2669465815306893, 0.2669465815306893]",13,train,2
0.37,1,36,1,62,100,12,1,1,1,0,0,0,12,1,1,1,0,0,0,"(array([0.47997704, 0.67303014, 0.55220133, 0.50341964]), array([0.89586753, 0.73587251, 0.86717373, 0.88406789]), array([0.11157295, 0.27560037, 0.14288397, 0.12426028]), array([0.50800395, 0.31881684, 0.43763742, 0.48526219]))","['QwenPRM_min_scores (7.63B)', 'EurusPRMStage1_min_scores (7.62B)', 'QwenPRM_avg_scores (7.63B)', 'EurusPRMStage2_avg_scores (7.62B)']","[0.06068534389069269, 0.2669465815306893, 0.06068534389069269, 0.06068534389069269, 0.06068534389069269, 0.06068534389069269, 0.06068534389069269, 0.2669465815306893, 0.06068534389069269, 0.06068534389069269, 0.06068534389069269, 0.2669465815306893, 0.9536664944194294, 0.06068534389069269, 0.2669465815306893, 0.06068534389069269, 0.06068534389069269, 0.06068534389069269, 0.06068534389069269, 0.06068534389069269, 0.06068534389069269, 0.06068534389069269, 0.06068534389069269, 0.2669465815306893, 0.06068534389069269, 0.2669465815306893, 0.2669465815306893, 0.06068534389069269, 0.06068534389069269, 0.2669465815306893, 0.06068534389069269, 0.06068534389069269, 0.2669465815306893, 0.06068534389069269, 0.06068534389069269, 0.06068534389069269, 0.2669465815306893, 0.06068534389069269, 0.06068534389069269, 0.06068534389069269, 0.06068534389069269, 0.2669465815306893, 0.06068534389069269, 0.2669465815306893, 0.06068534389069269, 0.06068534389069269, 0.2669465815306893, 0.2669465815306893, 0.06068534389069269, 0.2669465815306893, 0.2669465815306893, 0.06068534389069269, 0.06068534389069269, 0.06068534389069269, 0.06068534389069269, 0.2669465815306893, 0.2669465815306893, 0.2669465815306893, 0.06068534389069269, 0.06068534389069269, 0.2669465815306893, 0.2669465815306893, 0.06068534389069269, 0.2669465815306893, 0.06068534389069269, 0.06068534389069269, 0.06068534389069269, 0.06068534389069269, 0.06068534389069269, 0.06068534389069269, 0.2669465815306893, 0.06068534389069269, 0.2669465815306893, 0.2669465815306893, 0.06068534389069269, 0.2669465815306893, 0.2669465815306893, 0.2669465815306893, 0.06068534389069269, 0.06068534389069269, 0.06068534389069269, 0.7288350858151317, 0.2669465815306893, 0.06068534389069269, 0.2669465815306893, 0.06068534389069269, 0.06068534389069269, 0.06068534389069269, 0.06068534389069269, 0.2669465815306893, 0.2669465815306893, 0.2669465815306893, 0.06068534389069269, 0.2669465815306893, 0.06068534389069269, 0.06068534389069269, 0.06068534389069269, 0.2669465815306893, 0.06068534389069269, 0.06068534389069269]",14,train,6
0.75,38,37,0,25,100,3,1,1,1,0,0,0,3,1,1,1,0,0,0,"(array([0.47997704, 0.67303014, 0.55220133, 0.50341964]), array([0.89586753, 0.73587251, 0.86717373, 0.88406789]), array([0.11157295, 0.27560037, 0.14288397, 0.12426028]), array([0.50800395, 0.31881684, 0.43763742, 0.48526219]))","['QwenPRM_min_scores (7.63B)', 'EurusPRMStage1_min_scores (7.62B)', 'QwenPRM_avg_scores (7.63B)', 'EurusPRMStage2_avg_scores (7.62B)']","[0.953250904724538, 0.06068534389069269, 0.2669465815306893, 0.9936366181746473, 0.06068534389069269, 0.9536664944194294, 0.06068534389069269, 0.9936366181746473, 0.2669465815306893, 0.7288350858151317, 0.7288350858151317, 0.06068534389069269, 0.9936366181746473, 0.9936366181746473, 0.7288350858151317, 0.06068534389069269, 0.06068534389069269, 0.06068534389069269, 0.06068534389069269, 0.7288350858151317, 0.06068534389069269, 0.2669465815306893, 0.06068534389069269, 0.06068534389069269, 0.06068534389069269, 0.06068534389069269, 0.06068534389069269, 0.9936366181746473, 0.2669465815306893, 0.2669465815306893, 0.2669465815306893, 0.06068534389069269, 0.2669465815306893, 0.06068534389069269, 0.2669465815306893, 0.06068534389069269, 0.06068534389069269, 0.9936366181746473, 0.32288213990780334, 0.06068534389069269, 0.7360538824487828, 0.06068534389069269, 0.7288350858151317, 0.06068534389069269, 0.7288350858151317, 0.7360538824487828, 0.06068534389069269, 0.06068534389069269, 0.953250904724538, 0.9936366181746473, 0.9936366181746473, 0.2669465815306893, 0.2669465815306893, 0.9936366181746473, 0.06068534389069269, 0.2669465815306893, 0.06068534389069269, 0.2669465815306893, 0.2669465815306893, 0.9936366181746473, 0.06068534389069269, 0.06068534389069269, 0.06068534389069269, 0.2669465815306893, 0.9936366181746473, 0.7288350858151317, 0.7288350858151317, 0.9548654010884742, 0.06068534389069269, 0.2669465815306893, 0.9536664944194294, 0.3309879831220565, 0.06068534389069269, 0.06068534389069269, 0.7288350858151317, 0.06068534389069269, 0.7360538824487828, 0.7288350858151317, 0.7342303646642855, 0.06068534389069269, 0.7360538824487828, 0.9536664944194294, 0.06068534389069269, 0.2669465815306893, 0.2669465815306893, 0.9548654010884742, 0.9536664944194294, 0.7360538824487828, 0.06068534389069269, 0.9936366181746473, 0.7288350858151317, 0.06068534389069269, 0.06068534389069269, 0.7360538824487828, 0.06068534389069269, 0.06068534389069269, 0.06068534389069269, 0.2669465815306893, 0.06068534389069269, 0.06068534389069269]",15,train,6
0.77,55,22,0,23,100,5,1,1,1,0,0,0,5,1,1,1,0,0,0,"(array([0.47997704, 0.67303014, 0.55220133, 0.50341964]), array([0.89586753, 0.73587251, 0.86717373, 0.88406789]), array([0.11157295, 0.27560037, 0.14288397, 0.12426028]), array([0.50800395, 0.31881684, 0.43763742, 0.48526219]))","['QwenPRM_min_scores (7.63B)', 'EurusPRMStage1_min_scores (7.62B)', 'QwenPRM_avg_scores (7.63B)', 'EurusPRMStage2_avg_scores (7.62B)']","[0.2669465815306893, 0.06068534389069269, 0.7360538824487828, 0.9548654010884742, 0.9536664944194294, 0.9936366181746473, 0.06068534389069269, 0.06068534389069269, 0.2669465815306893, 0.06068534389069269, 0.9536664944194294, 0.9536664944194294, 0.9936366181746473, 0.9548654010884742, 0.06068534389069269, 0.9936366181746473, 0.9548654010884742, 0.7360538824487828, 0.9936366181746473, 0.9548654010884742, 0.7288350858151317, 0.7360538824487828, 0.2669465815306893, 0.06068534389069269, 0.9936366181746473, 0.9536664944194294, 0.06068534389069269, 0.9936366181746473, 0.06068534389069269, 0.9936366181746473, 0.06068534389069269, 0.7288350858151317, 0.2669465815306893, 0.06068534389069269, 0.2669465815306893, 0.7360538824487828, 0.7360538824487828, 0.06068534389069269, 0.2669465815306893, 0.2669465815306893, 0.7360538824487828, 0.7896210935652394, 0.7360538824487828, 0.06068534389069269, 0.9536664944194294, 0.9548654010884742, 0.9936366181746473, 0.06068534389069269, 0.7288350858151317, 0.9548654010884742, 0.06068534389069269, 0.06068534389069269, 0.9936366181746473, 0.9936366181746473, 0.9936366181746473, 0.9936366181746473, 0.9936366181746473, 0.9548654010884742, 0.2669465815306893, 0.9548654010884742, 0.7360538824487828, 0.06068534389069269, 0.9548654010884742, 0.9548654010884742, 0.2669465815306893, 0.06068534389069269, 0.06068534389069269, 0.7360538824487828, 0.9936366181746473, 0.06068534389069269, 0.2669465815306893, 0.06068534389069269, 0.7288350858151317, 0.7360538824487828, 0.06068534389069269, 0.7360538824487828, 0.06068534389069269, 0.06068534389069269, 0.2669465815306893, 0.2669465815306893, 0.7360538824487828, 0.7288350858151317, 0.06068534389069269, 0.7896210935652394, 0.3309879831220565, 0.06068534389069269, 0.06068534389069269, 0.06068534389069269, 0.2669465815306893, 0.9548654010884742, 0.9936366181746473, 0.06068534389069269, 0.06068534389069269, 0.9936366181746473, 0.9536664944194294, 0.2669465815306893, 0.06068534389069269, 0.9536664944194294, 0.7360538824487828, 0.9548654010884742]",16,train,7
0.84,83,1,0,16,100,5,1,1,1,0,0,0,5,1,1,1,0,0,0,"(array([0.47997704, 0.67303014, 0.55220133, 0.50341964]), array([0.89586753, 0.73587251, 0.86717373, 0.88406789]), array([0.11157295, 0.27560037, 0.14288397, 0.12426028]), array([0.50800395, 0.31881684, 0.43763742, 0.48526219]))","['QwenPRM_min_scores (7.63B)', 'EurusPRMStage1_min_scores (7.62B)', 'QwenPRM_avg_scores (7.63B)', 'EurusPRMStage2_avg_scores (7.62B)']","[0.7360538824487828, 0.7360538824487828, 0.7288350858151317, 0.2669465815306893, 0.9536664944194294, 0.9936366181746473, 0.9536664944194294, 0.9936366181746473, 0.3309879831220565, 0.9936366181746473, 0.9936366181746473, 0.9936366181746473, 0.7360538824487828, 0.2669465815306893, 0.7360538824487828, 0.9536664944194294, 0.9936366181746473, 0.7360538824487828, 0.7288350858151317, 0.2669465815306893, 0.9548654010884742, 0.9548654010884742, 0.7360538824487828, 0.9936366181746473, 0.06068534389069269, 0.7360538824487828, 0.7896210935652394, 0.2669465815306893, 0.9548654010884742, 0.9936366181746473, 0.7288350858151317, 0.9536664944194294, 0.9936366181746473, 0.7360538824487828, 0.9536664944194294, 0.7360538824487828, 0.2669465815306893, 0.7360538824487828, 0.2669465815306893, 0.7360538824487828, 0.7288350858151317, 0.9936366181746473, 0.9536664944194294, 0.2669465815306893, 0.9936366181746473, 0.9936366181746473, 0.9548654010884742, 0.7360538824487828, 0.7288350858151317, 0.9936366181746473, 0.9936366181746473, 0.9536664944194294, 0.9936366181746473, 0.9548654010884742, 0.9936366181746473, 0.9536664944194294, 0.06068534389069269, 0.9536664944194294, 0.9548654010884742, 0.9936366181746473, 0.9536664944194294, 0.9936366181746473, 0.7288350858151317, 0.9536664944194294, 0.9536664944194294, 0.7288350858151317, 0.9936366181746473, 0.2669465815306893, 0.9536664944194294, 0.9536664944194294, 0.9536664944194294, 0.9536664944194294, 0.9936366181746473, 0.9536664944194294, 0.9936366181746473, 0.7360538824487828, 0.7288350858151317, 0.7360538824487828, 0.7360538824487828, 0.9936366181746473, 0.9548654010884742, 0.9536664944194294, 0.3309879831220565, 0.06068534389069269, 0.9936366181746473, 0.9936366181746473, 0.9548654010884742, 0.9536664944194294, 0.9936366181746473, 0.9936366181746473, 0.7360538824487828, 0.9936366181746473, 0.2669465815306893, 0.9536664944194294, 0.06068534389069269, 0.06068534389069269, 0.2669465815306893, 0.9936366181746473, 0.9936366181746473, 0.9548654010884742]",17,train,9
0.98,0,98,1,1,100,91,0,1,0,0,0,1,1,0,1,0,1,0,0,"(array([0.47997704, 0.67303014, 0.55220133, 0.50341964]), array([0.89586753, 0.73587251, 0.86717373, 0.88406789]), array([0.11157295, 0.27560037, 0.14288397, 0.12426028]), array([0.50800395, 0.31881684, 0.43763742, 0.48526219]))","['QwenPRM_min_scores (7.63B)', 'EurusPRMStage1_min_scores (7.62B)', 'QwenPRM_avg_scores (7.63B)', 'EurusPRMStage2_avg_scores (7.62B)']","[0.2669465815306893, 0.06068534389069269, 0.06068534389069269, 0.06068534389069269, 0.06068534389069269, 0.06068534389069269, 0.06068534389069269, 0.06068534389069269, 0.2669465815306893, 0.06068534389069269, 0.06068534389069269, 0.06068534389069269, 0.2669465815306893, 0.06068534389069269, 0.06068534389069269, 0.06068534389069269, 0.2669465815306893, 0.06068534389069269, 0.06068534389069269, 0.06068534389069269, 0.06068534389069269, 0.06068534389069269, 0.06068534389069269, 0.06068534389069269, 0.06068534389069269, 0.06068534389069269, 0.06068534389069269, 0.06068534389069269, 0.2669465815306893, 0.06068534389069269, 0.2669465815306893, 0.2669465815306893, 0.06068534389069269, 0.2669465815306893, 0.06068534389069269, 0.06068534389069269, 0.2669465815306893, 0.06068534389069269, 0.06068534389069269, 0.06068534389069269, 0.2669465815306893, 0.06068534389069269, 0.06068534389069269, 0.06068534389069269, 0.06068534389069269, 0.2669465815306893, 0.2669465815306893, 0.2669465815306893, 0.06068534389069269, 0.2669465815306893, 0.06068534389069269, 0.06068534389069269, 0.06068534389069269, 0.06068534389069269, 0.06068534389069269, 0.06068534389069269, 0.06068534389069269, 0.06068534389069269, 0.06068534389069269, 0.06068534389069269, 0.06068534389069269, 0.2669465815306893, 0.06068534389069269, 0.2669465815306893, 0.06068534389069269, 0.06068534389069269, 0.06068534389069269, 0.06068534389069269, 0.2669465815306893, 0.06068534389069269, 0.2669465815306893, 0.06068534389069269, 0.06068534389069269, 0.06068534389069269, 0.2669465815306893, 0.06068534389069269, 0.06068534389069269, 0.06068534389069269, 0.2669465815306893, 0.06068534389069269, 0.06068534389069269, 0.06068534389069269, 0.06068534389069269, 0.06068534389069269, 0.06068534389069269, 0.06068534389069269, 0.2669465815306893, 0.06068534389069269, 0.2669465815306893, 0.06068534389069269, 0.06068534389069269, 0.7288350858151317, 0.2669465815306893, 0.06068534389069269, 0.06068534389069269, 0.06068534389069269, 0.06068534389069269, 0.2669465815306893, 0.2669465815306893, 0.06068534389069269]",18,train,0
0.72,68,4,1,27,100,0,1,1,1,0,0,0,0,1,1,1,0,0,0,"(array([0.47997704, 0.67303014, 0.55220133, 0.50341964]), array([0.89586753, 0.73587251, 0.86717373, 0.88406789]), array([0.11157295, 0.27560037, 0.14288397, 0.12426028]), array([0.50800395, 0.31881684, 0.43763742, 0.48526219]))","['QwenPRM_min_scores (7.63B)', 'EurusPRMStage1_min_scores (7.62B)', 'QwenPRM_avg_scores (7.63B)', 'EurusPRMStage2_avg_scores (7.62B)']","[0.9936366181746473, 0.7288350858151317, 0.2669465815306893, 0.9936366181746473, 0.9936366181746473, 0.2669465815306893, 0.7360538824487828, 0.2669465815306893, 0.7360538824487828, 0.9548654010884742, 0.9936366181746473, 0.2669465815306893, 0.9536664944194294, 0.9936366181746473, 0.9936366181746473, 0.7360538824487828, 0.9936366181746473, 0.06068534389069269, 0.06068534389069269, 0.7360538824487828, 0.06068534389069269, 0.9536664944194294, 0.7288350858151317, 0.2669465815306893, 0.9936366181746473, 0.9936366181746473, 0.9536664944194294, 0.9548654010884742, 0.9936366181746473, 0.9536664944194294, 0.2669465815306893, 0.06068534389069269, 0.2669465815306893, 0.2669465815306893, 0.7360538824487828, 0.7288350858151317, 0.9548654010884742, 0.9536664944194294, 0.2669465815306893, 0.2669465815306893, 0.7360538824487828, 0.7360538824487828, 0.06068534389069269, 0.9536664944194294, 0.9936366181746473, 0.7288350858151317, 0.9936366181746473, 0.2669465815306893, 0.7288350858151317, 0.06068534389069269, 0.9936366181746473, 0.9536664944194294, 0.9536664944194294, 0.2669465815306893, 0.06068534389069269, 0.2669465815306893, 0.9536664944194294, 0.7360538824487828, 0.06068534389069269, 0.7288350858151317, 0.2669465815306893, 0.7360538824487828, 0.3309879831220565, 0.9936366181746473, 0.7360538824487828, 0.2669465815306893, 0.9536664944194294, 0.9548654010884742, 0.2669465815306893, 0.06068534389069269, 0.9548654010884742, 0.9536664944194294, 0.06068534389069269, 0.06068534389069269, 0.7288350858151317, 0.9936366181746473, 0.9536664944194294, 0.9936366181746473, 0.7288350858151317, 0.9536664944194294, 0.7288350858151317, 0.9936366181746473, 0.7288350858151317, 0.06068534389069269, 0.7288350858151317, 0.7288350858151317, 0.9536664944194294, 0.9936366181746473, 0.7288350858151317, 0.7360538824487828, 0.7360538824487828, 0.9548654010884742, 0.9936366181746473, 0.7288350858151317, 0.3309879831220565, 0.7360538824487828, 0.9536664944194294, 0.2669465815306893, 0.7360538824487828, 0.7360538824487828]",19,train,9
0.71,24,47,0,29,100,25,1,1,1,0,0,0,25,1,1,1,0,0,0,"(array([0.47997704, 0.67303014, 0.55220133, 0.50341964]), array([0.89586753, 0.73587251, 0.86717373, 0.88406789]), array([0.11157295, 0.27560037, 0.14288397, 0.12426028]), array([0.50800395, 0.31881684, 0.43763742, 0.48526219]))","['QwenPRM_min_scores (7.63B)', 'EurusPRMStage1_min_scores (7.62B)', 'QwenPRM_avg_scores (7.63B)', 'EurusPRMStage2_avg_scores (7.62B)']","[0.06068534389069269, 0.3309879831220565, 0.06068534389069269, 0.06068534389069269, 0.06068534389069269, 0.2669465815306893, 0.06068534389069269, 0.06068534389069269, 0.06068534389069269, 0.06068534389069269, 0.3309879831220565, 0.2669465815306893, 0.2669465815306893, 0.2669465815306893, 0.06068534389069269, 0.06068534389069269, 0.06068534389069269, 0.06068534389069269, 0.06068534389069269, 0.06068534389069269, 0.06068534389069269, 0.9548654010884742, 0.06068534389069269, 0.06068534389069269, 0.7360538824487828, 0.9936366181746473, 0.7288350858151317, 0.06068534389069269, 0.06068534389069269, 0.9536664944194294, 0.7288350858151317, 0.06068534389069269, 0.2669465815306893, 0.06068534389069269, 0.7360538824487828, 0.2669465815306893, 0.06068534389069269, 0.32288213990780334, 0.06068534389069269, 0.06068534389069269, 0.06068534389069269, 0.06068534389069269, 0.06068534389069269, 0.3309879831220565, 0.2669465815306893, 0.06068534389069269, 0.06068534389069269, 0.7360538824487828, 0.06068534389069269, 0.06068534389069269, 0.06068534389069269, 0.06068534389069269, 0.9536664944194294, 0.7360538824487828, 0.3309879831220565, 0.06068534389069269, 0.9651601869614111, 0.2669465815306893, 0.06068534389069269, 0.2669465815306893, 0.32288213990780334, 0.06068534389069269, 0.2669465815306893, 0.2669465815306893, 0.2669465815306893, 0.06068534389069269, 0.06068534389069269, 0.06068534389069269, 0.06068534389069269, 0.06068534389069269, 0.06068534389069269, 0.7896210935652394, 0.06068534389069269, 0.06068534389069269, 0.7288350858151317, 0.2669465815306893, 0.06068534389069269, 0.9548654010884742, 0.7288350858151317, 0.7360538824487828, 0.9536664944194294, 0.7360538824487828, 0.2669465815306893, 0.2669465815306893, 0.9936366181746473, 0.9536664944194294, 0.7360538824487828, 0.06068534389069269, 0.7360538824487828, 0.06068534389069269, 0.06068534389069269, 0.06068534389069269, 0.06068534389069269, 0.06068534389069269, 0.7360538824487828, 0.06068534389069269, 0.9936366181746473, 0.2669465815306893, 0.06068534389069269, 0.06068534389069269]",20,train,5
0.46,39,7,0,54,100,40,1,1,1,0,0,0,40,1,1,1,0,0,0,"(array([0.47997704, 0.67303014, 0.55220133, 0.50341964]), array([0.89586753, 0.73587251, 0.86717373, 0.88406789]), array([0.11157295, 0.27560037, 0.14288397, 0.12426028]), array([0.50800395, 0.31881684, 0.43763742, 0.48526219]))","['QwenPRM_min_scores (7.63B)', 'EurusPRMStage1_min_scores (7.62B)', 'QwenPRM_avg_scores (7.63B)', 'EurusPRMStage2_avg_scores (7.62B)']","[0.06068534389069269, 0.7360538824487828, 0.7360538824487828, 0.7360538824487828, 0.3309879831220565, 0.7360538824487828, 0.2669465815306893, 0.7360538824487828, 0.3309879831220565, 0.7288350858151317, 0.7360538824487828, 0.2669465815306893, 0.2669465815306893, 0.06068534389069269, 0.3309879831220565, 0.06068534389069269, 0.2669465815306893, 0.7288350858151317, 0.7360538824487828, 0.06068534389069269, 0.06068534389069269, 0.2669465815306893, 0.9548654010884742, 0.7360538824487828, 0.2669465815306893, 0.9548654010884742, 0.2669465815306893, 0.9548654010884742, 0.2669465815306893, 0.2669465815306893, 0.06068534389069269, 0.7360538824487828, 0.7288350858151317, 0.06068534389069269, 0.7360538824487828, 0.7360538824487828, 0.06068534389069269, 0.06068534389069269, 0.3309879831220565, 0.2669465815306893, 0.9936366181746473, 0.2669465815306893, 0.7360538824487828, 0.7360538824487828, 0.2669465815306893, 0.06068534389069269, 0.9936366181746473, 0.2669465815306893, 0.2669465815306893, 0.2669465815306893, 0.06068534389069269, 0.7360538824487828, 0.7360538824487828, 0.7288350858151317, 0.2669465815306893, 0.7360538824487828, 0.2669465815306893, 0.2669465815306893, 0.2669465815306893, 0.7288350858151317, 0.06068534389069269, 0.7360538824487828, 0.3309879831220565, 0.06068534389069269, 0.9536664944194294, 0.7360538824487828, 0.9536664944194294, 0.2669465815306893, 0.2669465815306893, 0.2669465815306893, 0.2669465815306893, 0.2669465815306893, 0.7288350858151317, 0.06068534389069269, 0.2669465815306893, 0.2669465815306893, 0.7360538824487828, 0.2669465815306893, 0.06068534389069269, 0.2669465815306893, 0.06068534389069269, 0.2669465815306893, 0.7360538824487828, 0.7360538824487828, 0.2669465815306893, 0.2669465815306893, 0.06068534389069269, 0.3309879831220565, 0.06068534389069269, 0.7360538824487828, 0.2669465815306893, 0.9536664944194294, 0.2669465815306893, 0.2669465815306893, 0.9936366181746473, 0.2669465815306893, 0.2669465815306893, 0.7360538824487828, 0.7288350858151317, 0.2669465815306893]",21,train,9
0.95,7,88,1,4,100,1,1,1,1,0,0,0,1,1,1,1,0,0,0,"(array([0.47997704, 0.67303014, 0.55220133, 0.50341964]), array([0.89586753, 0.73587251, 0.86717373, 0.88406789]), array([0.11157295, 0.27560037, 0.14288397, 0.12426028]), array([0.50800395, 0.31881684, 0.43763742, 0.48526219]))","['QwenPRM_min_scores (7.63B)', 'EurusPRMStage1_min_scores (7.62B)', 'QwenPRM_avg_scores (7.63B)', 'EurusPRMStage2_avg_scores (7.62B)']","[0.2669465815306893, 0.9936366181746473, 0.06068534389069269, 0.06068534389069269, 0.2669465815306893, 0.06068534389069269, 0.06068534389069269, 0.06068534389069269, 0.06068534389069269, 0.06068534389069269, 0.06068534389069269, 0.06068534389069269, 0.06068534389069269, 0.3309879831220565, 0.06068534389069269, 0.06068534389069269, 0.06068534389069269, 0.06068534389069269, 0.06068534389069269, 0.06068534389069269, 0.06068534389069269, 0.06068534389069269, 0.06068534389069269, 0.06068534389069269, 0.06068534389069269, 0.06068534389069269, 0.7288350858151317, 0.9936366181746473, 0.06068534389069269, 0.06068534389069269, 0.06068534389069269, 0.06068534389069269, 0.06068534389069269, 0.06068534389069269, 0.06068534389069269, 0.06068534389069269, 0.7288350858151317, 0.06068534389069269, 0.06068534389069269, 0.06068534389069269, 0.06068534389069269, 0.06068534389069269, 0.06068534389069269, 0.06068534389069269, 0.06068534389069269, 0.06068534389069269, 0.06068534389069269, 0.7360538824487828, 0.06068534389069269, 0.06068534389069269, 0.06068534389069269, 0.06068534389069269, 0.06068534389069269, 0.06068534389069269, 0.06068534389069269, 0.06068534389069269, 0.9548654010884742, 0.06068534389069269, 0.06068534389069269, 0.06068534389069269, 0.2669465815306893, 0.06068534389069269, 0.06068534389069269, 0.06068534389069269, 0.06068534389069269, 0.06068534389069269, 0.06068534389069269, 0.06068534389069269, 0.06068534389069269, 0.06068534389069269, 0.2669465815306893, 0.06068534389069269, 0.06068534389069269, 0.7360538824487828, 0.06068534389069269, 0.06068534389069269, 0.06068534389069269, 0.06068534389069269, 0.7360538824487828, 0.2669465815306893, 0.06068534389069269, 0.06068534389069269, 0.06068534389069269, 0.06068534389069269, 0.06068534389069269, 0.06068534389069269, 0.06068534389069269, 0.06068534389069269, 0.06068534389069269, 0.06068534389069269, 0.06068534389069269, 0.06068534389069269, 0.06068534389069269, 0.06068534389069269, 0.06068534389069269, 0.06068534389069269, 0.2669465815306893, 0.06068534389069269, 0.06068534389069269, 0.06068534389069269]",22,train,1
0.99,0,99,1,0,100,27,0,0,0,0,1,0,0,0,1,0,1,0,0,"(array([0.47997704, 0.67303014, 0.55220133, 0.50341964]), array([0.89586753, 0.73587251, 0.86717373, 0.88406789]), array([0.11157295, 0.27560037, 0.14288397, 0.12426028]), array([0.50800395, 0.31881684, 0.43763742, 0.48526219]))","['QwenPRM_min_scores (7.63B)', 'EurusPRMStage1_min_scores (7.62B)', 'QwenPRM_avg_scores (7.63B)', 'EurusPRMStage2_avg_scores (7.62B)']","[0.06068534389069269, 0.06068534389069269, 0.06068534389069269, 0.06068534389069269, 0.06068534389069269, 0.06068534389069269, 0.06068534389069269, 0.06068534389069269, 0.06068534389069269, 0.06068534389069269, 0.2669465815306893, 0.06068534389069269, 0.06068534389069269, 0.06068534389069269, 0.06068534389069269, 0.06068534389069269, 0.06068534389069269, 0.06068534389069269, 0.06068534389069269, 0.06068534389069269, 0.06068534389069269, 0.06068534389069269, 0.06068534389069269, 0.06068534389069269, 0.06068534389069269, 0.06068534389069269, 0.06068534389069269, 0.7288350858151317, 0.06068534389069269, 0.06068534389069269, 0.06068534389069269, 0.2669465815306893, 0.06068534389069269, 0.06068534389069269, 0.06068534389069269, 0.06068534389069269, 0.06068534389069269, 0.06068534389069269, 0.06068534389069269, 0.06068534389069269, 0.2669465815306893, 0.06068534389069269, 0.06068534389069269, 0.06068534389069269, 0.06068534389069269, 0.06068534389069269, 0.06068534389069269, 0.06068534389069269, 0.06068534389069269, 0.06068534389069269, 0.06068534389069269, 0.06068534389069269, 0.06068534389069269, 0.06068534389069269, 0.06068534389069269, 0.06068534389069269, 0.06068534389069269, 0.2669465815306893, 0.06068534389069269, 0.06068534389069269, 0.06068534389069269, 0.06068534389069269, 0.06068534389069269, 0.06068534389069269, 0.2669465815306893, 0.06068534389069269, 0.06068534389069269, 0.06068534389069269, 0.06068534389069269, 0.06068534389069269, 0.06068534389069269, 0.06068534389069269, 0.06068534389069269, 0.06068534389069269, 0.2669465815306893, 0.06068534389069269, 0.06068534389069269, 0.06068534389069269, 0.06068534389069269, 0.06068534389069269, 0.06068534389069269, 0.06068534389069269, 0.06068534389069269, 0.06068534389069269, 0.06068534389069269, 0.06068534389069269, 0.2669465815306893, 0.06068534389069269, 0.06068534389069269, 0.06068534389069269, 0.06068534389069269, 0.2669465815306893, 0.06068534389069269, 0.06068534389069269, 0.06068534389069269, 0.06068534389069269, 0.06068534389069269, 0.06068534389069269, 0.06068534389069269, 0.06068534389069269]",23,train,0
0.64,60,4,0,36,100,6,1,1,1,0,0,0,6,1,1,1,0,0,0,"(array([0.47997704, 0.67303014, 0.55220133, 0.50341964]), array([0.89586753, 0.73587251, 0.86717373, 0.88406789]), array([0.11157295, 0.27560037, 0.14288397, 0.12426028]), array([0.50800395, 0.31881684, 0.43763742, 0.48526219]))","['QwenPRM_min_scores (7.63B)', 'EurusPRMStage1_min_scores (7.62B)', 'QwenPRM_avg_scores (7.63B)', 'EurusPRMStage2_avg_scores (7.62B)']","[0.3309879831220565, 0.06068534389069269, 0.7360538824487828, 0.2669465815306893, 0.9548654010884742, 0.9548654010884742, 0.9936366181746473, 0.06068534389069269, 0.2669465815306893, 0.7360538824487828, 0.2669465815306893, 0.9936366181746473, 0.9936366181746473, 0.2669465815306893, 0.9536664944194294, 0.2669465815306893, 0.3309879831220565, 0.9536664944194294, 0.3309879831220565, 0.9936366181746473, 0.7360538824487828, 0.9548654010884742, 0.7288350858151317, 0.7360538824487828, 0.9548654010884742, 0.9936366181746473, 0.9548654010884742, 0.9536664944194294, 0.9536664944194294, 0.9936366181746473, 0.9936366181746473, 0.9548654010884742, 0.9936366181746473, 0.7288350858151317, 0.9548654010884742, 0.9936366181746473, 0.2669465815306893, 0.9548654010884742, 0.06068534389069269, 0.2669465815306893, 0.3309879831220565, 0.7360538824487828, 0.2669465815306893, 0.9936366181746473, 0.9536664944194294, 0.2669465815306893, 0.06068534389069269, 0.7288350858151317, 0.9936366181746473, 0.7360538824487828, 0.2669465815306893, 0.7360538824487828, 0.9548654010884742, 0.2669465815306893, 0.2669465815306893, 0.2669465815306893, 0.7360538824487828, 0.06068534389069269, 0.2669465815306893, 0.06068534389069269, 0.7360538824487828, 0.2669465815306893, 0.06068534389069269, 0.2669465815306893, 0.06068534389069269, 0.7288350858151317, 0.9548654010884742, 0.06068534389069269, 0.9936366181746473, 0.2669465815306893, 0.7896210935652394, 0.9936366181746473, 0.9536664944194294, 0.9936366181746473, 0.7360538824487828, 0.06068534389069269, 0.9936366181746473, 0.9936366181746473, 0.06068534389069269, 0.7360538824487828, 0.7288350858151317, 0.9936366181746473, 0.9548654010884742, 0.9936366181746473, 0.7288350858151317, 0.06068534389069269, 0.9936366181746473, 0.9936366181746473, 0.06068534389069269, 0.3309879831220565, 0.2669465815306893, 0.06068534389069269, 0.9536664944194294, 0.7288350858151317, 0.7288350858151317, 0.2669465815306893, 0.2669465815306893, 0.7896210935652394, 0.06068534389069269, 0.7288350858151317]",24,train,9
0.85,0,85,5,10,100,16,0,1,0,0,0,1,0,0,1,0,1,0,0,"(array([0.47997704, 0.67303014, 0.55220133, 0.50341964]), array([0.89586753, 0.73587251, 0.86717373, 0.88406789]), array([0.11157295, 0.27560037, 0.14288397, 0.12426028]), array([0.50800395, 0.31881684, 0.43763742, 0.48526219]))","['QwenPRM_min_scores (7.63B)', 'EurusPRMStage1_min_scores (7.62B)', 'QwenPRM_avg_scores (7.63B)', 'EurusPRMStage2_avg_scores (7.62B)']","[0.06068534389069269, 0.06068534389069269, 0.06068534389069269, 0.06068534389069269, 0.06068534389069269, 0.06068534389069269, 0.06068534389069269, 0.06068534389069269, 0.06068534389069269, 0.06068534389069269, 0.2669465815306893, 0.06068534389069269, 0.06068534389069269, 0.2669465815306893, 0.06068534389069269, 0.06068534389069269, 0.7288350858151317, 0.06068534389069269, 0.06068534389069269, 0.06068534389069269, 0.06068534389069269, 0.2669465815306893, 0.2669465815306893, 0.06068534389069269, 0.06068534389069269, 0.06068534389069269, 0.06068534389069269, 0.06068534389069269, 0.06068534389069269, 0.06068534389069269, 0.7288350858151317, 0.06068534389069269, 0.06068534389069269, 0.7288350858151317, 0.06068534389069269, 0.2669465815306893, 0.2669465815306893, 0.06068534389069269, 0.06068534389069269, 0.06068534389069269, 0.06068534389069269, 0.06068534389069269, 0.2669465815306893, 0.06068534389069269, 0.06068534389069269, 0.2669465815306893, 0.06068534389069269, 0.06068534389069269, 0.06068534389069269, 0.7288350858151317, 0.2669465815306893, 0.06068534389069269, 0.06068534389069269, 0.06068534389069269, 0.2669465815306893, 0.06068534389069269, 0.06068534389069269, 0.06068534389069269, 0.06068534389069269, 0.06068534389069269, 0.06068534389069269, 0.2669465815306893, 0.06068534389069269, 0.06068534389069269, 0.06068534389069269, 0.06068534389069269, 0.06068534389069269, 0.06068534389069269, 0.2669465815306893, 0.06068534389069269, 0.06068534389069269, 0.06068534389069269, 0.06068534389069269, 0.06068534389069269, 0.06068534389069269, 0.06068534389069269, 0.06068534389069269, 0.2669465815306893, 0.2669465815306893, 0.06068534389069269, 0.7288350858151317, 0.32288213990780334, 0.06068534389069269, 0.06068534389069269, 0.06068534389069269, 0.06068534389069269, 0.06068534389069269, 0.06068534389069269, 0.2669465815306893, 0.06068534389069269, 0.06068534389069269, 0.06068534389069269, 0.06068534389069269, 0.32288213990780334, 0.32288213990780334, 0.06068534389069269, 0.06068534389069269, 0.06068534389069269, 0.06068534389069269, 0.2669465815306893]",25,train,1
0.88,0,88,10,2,100,65,0,1,0,0,0,1,65,1,0,0,0,1,0,"(array([0.47997704, 0.67303014, 0.55220133, 0.50341964]), array([0.89586753, 0.73587251, 0.86717373, 0.88406789]), array([0.11157295, 0.27560037, 0.14288397, 0.12426028]), array([0.50800395, 0.31881684, 0.43763742, 0.48526219]))","['QwenPRM_min_scores (7.63B)', 'EurusPRMStage1_min_scores (7.62B)', 'QwenPRM_avg_scores (7.63B)', 'EurusPRMStage2_avg_scores (7.62B)']","[0.2669465815306893, 0.2669465815306893, 0.06068534389069269, 0.2669465815306893, 0.06068534389069269, 0.2669465815306893, 0.06068534389069269, 0.06068534389069269, 0.06068534389069269, 0.2669465815306893, 0.06068534389069269, 0.06068534389069269, 0.2669465815306893, 0.7288350858151317, 0.2669465815306893, 0.2669465815306893, 0.2669465815306893, 0.06068534389069269, 0.2669465815306893, 0.06068534389069269, 0.2669465815306893, 0.2669465815306893, 0.06068534389069269, 0.32288213990780334, 0.2669465815306893, 0.06068534389069269, 0.2669465815306893, 0.06068534389069269, 0.2669465815306893, 0.06068534389069269, 0.06068534389069269, 0.06068534389069269, 0.2669465815306893, 0.06068534389069269, 0.2669465815306893, 0.2669465815306893, 0.2669465815306893, 0.2669465815306893, 0.06068534389069269, 0.7360538824487828, 0.06068534389069269, 0.06068534389069269, 0.06068534389069269, 0.2669465815306893, 0.06068534389069269, 0.06068534389069269, 0.06068534389069269, 0.06068534389069269, 0.06068534389069269, 0.06068534389069269, 0.2669465815306893, 0.2669465815306893, 0.2669465815306893, 0.06068534389069269, 0.2669465815306893, 0.2669465815306893, 0.06068534389069269, 0.7360538824487828, 0.7360538824487828, 0.2669465815306893, 0.7288350858151317, 0.06068534389069269, 0.2669465815306893, 0.06068534389069269, 0.06068534389069269, 0.9536664944194294, 0.06068534389069269, 0.2669465815306893, 0.06068534389069269, 0.06068534389069269, 0.7360538824487828, 0.2669465815306893, 0.7360538824487828, 0.06068534389069269, 0.2669465815306893, 0.2669465815306893, 0.06068534389069269, 0.06068534389069269, 0.06068534389069269, 0.2669465815306893, 0.2669465815306893, 0.2669465815306893, 0.06068534389069269, 0.06068534389069269, 0.06068534389069269, 0.2669465815306893, 0.06068534389069269, 0.2669465815306893, 0.06068534389069269, 0.2669465815306893, 0.2669465815306893, 0.06068534389069269, 0.7288350858151317, 0.06068534389069269, 0.06068534389069269, 0.06068534389069269, 0.2669465815306893, 0.7288350858151317, 0.06068534389069269, 0.2669465815306893]",26,train,0
0.86,71,15,4,10,100,1,1,1,1,0,0,0,1,1,1,1,0,0,0,"(array([0.47997704, 0.67303014, 0.55220133, 0.50341964]), array([0.89586753, 0.73587251, 0.86717373, 0.88406789]), array([0.11157295, 0.27560037, 0.14288397, 0.12426028]), array([0.50800395, 0.31881684, 0.43763742, 0.48526219]))","['QwenPRM_min_scores (7.63B)', 'EurusPRMStage1_min_scores (7.62B)', 'QwenPRM_avg_scores (7.63B)', 'EurusPRMStage2_avg_scores (7.62B)']","[0.7288350858151317, 0.9936366181746473, 0.7288350858151317, 0.7288350858151317, 0.9548654010884742, 0.9548654010884742, 0.9536664944194294, 0.9536664944194294, 0.7288350858151317, 0.9536664944194294, 0.9536664944194294, 0.3309879831220565, 0.9651601869614111, 0.7288350858151317, 0.7850210414201328, 0.9936366181746473, 0.06068534389069269, 0.7360538824487828, 0.9536664944194294, 0.06068534389069269, 0.9548654010884742, 0.06068534389069269, 0.9536664944194294, 0.7288350858151317, 0.9536664944194294, 0.9936366181746473, 0.9536664944194294, 0.06068534389069269, 0.9548654010884742, 0.2669465815306893, 0.9536664944194294, 0.9936366181746473, 0.7360538824487828, 0.7360538824487828, 0.3309879831220565, 0.7896210935652394, 0.9936366181746473, 0.9936366181746473, 0.9651601869614111, 0.7288350858151317, 0.7360538824487828, 0.2669465815306893, 0.06068534389069269, 0.9548654010884742, 0.7288350858151317, 0.9936366181746473, 0.2669465815306893, 0.9536664944194294, 0.9936366181746473, 0.9936366181746473, 0.9936366181746473, 0.9936366181746473, 0.7288350858151317, 0.7288350858151317, 0.32288213990780334, 0.06068534389069269, 0.7288350858151317, 0.9936366181746473, 0.7288350858151317, 0.7360538824487828, 0.06068534389069269, 0.9936366181746473, 0.2669465815306893, 0.9936366181746473, 0.7896210935652394, 0.9936366181746473, 0.06068534389069269, 0.9936366181746473, 0.7288350858151317, 0.7288350858151317, 0.2669465815306893, 0.9936366181746473, 0.9936366181746473, 0.7360538824487828, 0.9536664944194294, 0.9548654010884742, 0.06068534389069269, 0.3309879831220565, 0.7288350858151317, 0.06068534389069269, 0.2669465815306893, 0.06068534389069269, 0.06068534389069269, 0.7288350858151317, 0.7288350858151317, 0.7360538824487828, 0.9936366181746473, 0.9936366181746473, 0.7360538824487828, 0.06068534389069269, 0.9536664944194294, 0.9536664944194294, 0.7288350858151317, 0.3309879831220565, 0.9936366181746473, 0.9536664944194294, 0.2669465815306893, 0.9936366181746473, 0.9536664944194294, 0.7288350858151317]",27,train,8
0.96,0,96,2,2,100,7,0,1,0,0,0,1,0,0,1,0,1,0,0,"(array([0.47997704, 0.67303014, 0.55220133, 0.50341964]), array([0.89586753, 0.73587251, 0.86717373, 0.88406789]), array([0.11157295, 0.27560037, 0.14288397, 0.12426028]), array([0.50800395, 0.31881684, 0.43763742, 0.48526219]))","['QwenPRM_min_scores (7.63B)', 'EurusPRMStage1_min_scores (7.62B)', 'QwenPRM_avg_scores (7.63B)', 'EurusPRMStage2_avg_scores (7.62B)']","[0.06068534389069269, 0.2669465815306893, 0.06068534389069269, 0.3309879831220565, 0.06068534389069269, 0.2669465815306893, 0.06068534389069269, 0.7288350858151317, 0.06068534389069269, 0.06068534389069269, 0.06068534389069269, 0.06068534389069269, 0.06068534389069269, 0.2669465815306893, 0.06068534389069269, 0.06068534389069269, 0.2669465815306893, 0.06068534389069269, 0.06068534389069269, 0.06068534389069269, 0.2669465815306893, 0.06068534389069269, 0.06068534389069269, 0.06068534389069269, 0.06068534389069269, 0.06068534389069269, 0.2669465815306893, 0.06068534389069269, 0.06068534389069269, 0.06068534389069269, 0.06068534389069269, 0.06068534389069269, 0.06068534389069269, 0.06068534389069269, 0.06068534389069269, 0.06068534389069269, 0.06068534389069269, 0.2669465815306893, 0.06068534389069269, 0.2669465815306893, 0.06068534389069269, 0.06068534389069269, 0.06068534389069269, 0.06068534389069269, 0.06068534389069269, 0.06068534389069269, 0.06068534389069269, 0.06068534389069269, 0.06068534389069269, 0.06068534389069269, 0.06068534389069269, 0.06068534389069269, 0.06068534389069269, 0.06068534389069269, 0.06068534389069269, 0.06068534389069269, 0.2669465815306893, 0.06068534389069269, 0.06068534389069269, 0.06068534389069269, 0.06068534389069269, 0.06068534389069269, 0.06068534389069269, 0.06068534389069269, 0.06068534389069269, 0.2669465815306893, 0.7288350858151317, 0.06068534389069269, 0.06068534389069269, 0.06068534389069269, 0.06068534389069269, 0.06068534389069269, 0.06068534389069269, 0.2669465815306893, 0.06068534389069269, 0.06068534389069269, 0.2669465815306893, 0.06068534389069269, 0.06068534389069269, 0.06068534389069269, 0.2669465815306893, 0.06068534389069269, 0.06068534389069269, 0.2669465815306893, 0.06068534389069269, 0.06068534389069269, 0.06068534389069269, 0.06068534389069269, 0.06068534389069269, 0.06068534389069269, 0.06068534389069269, 0.06068534389069269, 0.06068534389069269, 0.06068534389069269, 0.06068534389069269, 0.06068534389069269, 0.2669465815306893, 0.06068534389069269, 0.06068534389069269, 0.06068534389069269]",28,train,0
0.84,19,65,0,16,100,4,1,1,1,0,0,0,4,1,1,1,0,0,0,"(array([0.47997704, 0.67303014, 0.55220133, 0.50341964]), array([0.89586753, 0.73587251, 0.86717373, 0.88406789]), array([0.11157295, 0.27560037, 0.14288397, 0.12426028]), array([0.50800395, 0.31881684, 0.43763742, 0.48526219]))","['QwenPRM_min_scores (7.63B)', 'EurusPRMStage1_min_scores (7.62B)', 'QwenPRM_avg_scores (7.63B)', 'EurusPRMStage2_avg_scores (7.62B)']","[0.06068534389069269, 0.06068534389069269, 0.2669465815306893, 0.9548654010884742, 0.9936366181746473, 0.06068534389069269, 0.06068534389069269, 0.06068534389069269, 0.32288213990780334, 0.9536664944194294, 0.06068534389069269, 0.06068534389069269, 0.06068534389069269, 0.06068534389069269, 0.06068534389069269, 0.06068534389069269, 0.06068534389069269, 0.7288350858151317, 0.06068534389069269, 0.06068534389069269, 0.06068534389069269, 0.06068534389069269, 0.06068534389069269, 0.06068534389069269, 0.32288213990780334, 0.06068534389069269, 0.06068534389069269, 0.06068534389069269, 0.06068534389069269, 0.06068534389069269, 0.7288350858151317, 0.2669465815306893, 0.06068534389069269, 0.06068534389069269, 0.2669465815306893, 0.7288350858151317, 0.06068534389069269, 0.9536664944194294, 0.06068534389069269, 0.06068534389069269, 0.06068534389069269, 0.06068534389069269, 0.2669465815306893, 0.2669465815306893, 0.06068534389069269, 0.06068534389069269, 0.06068534389069269, 0.7288350858151317, 0.3309879831220565, 0.9936366181746473, 0.06068534389069269, 0.06068534389069269, 0.06068534389069269, 0.06068534389069269, 0.2669465815306893, 0.06068534389069269, 0.7360538824487828, 0.9936366181746473, 0.06068534389069269, 0.06068534389069269, 0.06068534389069269, 0.06068534389069269, 0.06068534389069269, 0.06068534389069269, 0.9936366181746473, 0.2669465815306893, 0.06068534389069269, 0.06068534389069269, 0.2669465815306893, 0.06068534389069269, 0.06068534389069269, 0.7288350858151317, 0.06068534389069269, 0.06068534389069269, 0.7288350858151317, 0.2669465815306893, 0.06068534389069269, 0.7360538824487828, 0.06068534389069269, 0.06068534389069269, 0.06068534389069269, 0.06068534389069269, 0.9536664944194294, 0.06068534389069269, 0.9536664944194294, 0.7360538824487828, 0.06068534389069269, 0.06068534389069269, 0.06068534389069269, 0.2669465815306893, 0.06068534389069269, 0.06068534389069269, 0.06068534389069269, 0.06068534389069269, 0.06068534389069269, 0.06068534389069269, 0.06068534389069269, 0.06068534389069269, 0.06068534389069269, 0.7288350858151317]",29,train,3
0.97,0,97,0,3,100,28,0,1,0,0,0,1,0,0,1,0,1,0,0,"(array([0.47997704, 0.67303014, 0.55220133, 0.50341964]), array([0.89586753, 0.73587251, 0.86717373, 0.88406789]), array([0.11157295, 0.27560037, 0.14288397, 0.12426028]), array([0.50800395, 0.31881684, 0.43763742, 0.48526219]))","['QwenPRM_min_scores (7.63B)', 'EurusPRMStage1_min_scores (7.62B)', 'QwenPRM_avg_scores (7.63B)', 'EurusPRMStage2_avg_scores (7.62B)']","[0.06068534389069269, 0.06068534389069269, 0.06068534389069269, 0.06068534389069269, 0.06068534389069269, 0.06068534389069269, 0.06068534389069269, 0.06068534389069269, 0.06068534389069269, 0.06068534389069269, 0.06068534389069269, 0.06068534389069269, 0.06068534389069269, 0.06068534389069269, 0.06068534389069269, 0.06068534389069269, 0.06068534389069269, 0.06068534389069269, 0.06068534389069269, 0.06068534389069269, 0.06068534389069269, 0.06068534389069269, 0.2669465815306893, 0.06068534389069269, 0.2669465815306893, 0.2669465815306893, 0.2669465815306893, 0.2669465815306893, 0.32288213990780334, 0.06068534389069269, 0.06068534389069269, 0.06068534389069269, 0.06068534389069269, 0.06068534389069269, 0.06068534389069269, 0.06068534389069269, 0.2669465815306893, 0.06068534389069269, 0.06068534389069269, 0.2669465815306893, 0.06068534389069269, 0.06068534389069269, 0.06068534389069269, 0.06068534389069269, 0.06068534389069269, 0.06068534389069269, 0.06068534389069269, 0.06068534389069269, 0.06068534389069269, 0.06068534389069269, 0.2669465815306893, 0.06068534389069269, 0.06068534389069269, 0.06068534389069269, 0.06068534389069269, 0.06068534389069269, 0.06068534389069269, 0.06068534389069269, 0.06068534389069269, 0.06068534389069269, 0.06068534389069269, 0.06068534389069269, 0.06068534389069269, 0.06068534389069269, 0.06068534389069269, 0.06068534389069269, 0.06068534389069269, 0.06068534389069269, 0.06068534389069269, 0.32288213990780334, 0.06068534389069269, 0.06068534389069269, 0.06068534389069269, 0.06068534389069269, 0.06068534389069269, 0.06068534389069269, 0.06068534389069269, 0.06068534389069269, 0.06068534389069269, 0.06068534389069269, 0.2669465815306893, 0.06068534389069269, 0.06068534389069269, 0.06068534389069269, 0.06068534389069269, 0.06068534389069269, 0.32288213990780334, 0.06068534389069269, 0.2669465815306893, 0.2669465815306893, 0.06068534389069269, 0.06068534389069269, 0.06068534389069269, 0.06068534389069269, 0.06068534389069269, 0.2669465815306893, 0.06068534389069269, 0.06068534389069269, 0.06068534389069269, 0.06068534389069269]",30,train,0
0.87,15,72,2,11,100,12,1,1,1,0,0,0,12,1,1,1,0,0,0,"(array([0.47997704, 0.67303014, 0.55220133, 0.50341964]), array([0.89586753, 0.73587251, 0.86717373, 0.88406789]), array([0.11157295, 0.27560037, 0.14288397, 0.12426028]), array([0.50800395, 0.31881684, 0.43763742, 0.48526219]))","['QwenPRM_min_scores (7.63B)', 'EurusPRMStage1_min_scores (7.62B)', 'QwenPRM_avg_scores (7.63B)', 'EurusPRMStage2_avg_scores (7.62B)']","[0.06068534389069269, 0.06068534389069269, 0.7360538824487828, 0.06068534389069269, 0.9548654010884742, 0.9548654010884742, 0.06068534389069269, 0.06068534389069269, 0.06068534389069269, 0.06068534389069269, 0.7360538824487828, 0.06068534389069269, 0.9936366181746473, 0.06068534389069269, 0.06068534389069269, 0.06068534389069269, 0.06068534389069269, 0.06068534389069269, 0.06068534389069269, 0.06068534389069269, 0.2669465815306893, 0.06068534389069269, 0.2669465815306893, 0.06068534389069269, 0.06068534389069269, 0.06068534389069269, 0.06068534389069269, 0.06068534389069269, 0.06068534389069269, 0.06068534389069269, 0.06068534389069269, 0.06068534389069269, 0.06068534389069269, 0.7360538824487828, 0.06068534389069269, 0.06068534389069269, 0.06068534389069269, 0.7360538824487828, 0.7360538824487828, 0.06068534389069269, 0.06068534389069269, 0.06068534389069269, 0.06068534389069269, 0.06068534389069269, 0.7288350858151317, 0.3309879831220565, 0.06068534389069269, 0.06068534389069269, 0.06068534389069269, 0.06068534389069269, 0.06068534389069269, 0.06068534389069269, 0.06068534389069269, 0.06068534389069269, 0.06068534389069269, 0.06068534389069269, 0.06068534389069269, 0.2669465815306893, 0.06068534389069269, 0.06068534389069269, 0.2669465815306893, 0.06068534389069269, 0.06068534389069269, 0.9548654010884742, 0.06068534389069269, 0.06068534389069269, 0.06068534389069269, 0.7360538824487828, 0.7360538824487828, 0.06068534389069269, 0.06068534389069269, 0.06068534389069269, 0.3309879831220565, 0.7288350858151317, 0.06068534389069269, 0.3309879831220565, 0.06068534389069269, 0.06068534389069269, 0.06068534389069269, 0.7360538824487828, 0.06068534389069269, 0.06068534389069269, 0.06068534389069269, 0.06068534389069269, 0.3309879831220565, 0.06068534389069269, 0.3309879831220565, 0.06068534389069269, 0.06068534389069269, 0.9548654010884742, 0.06068534389069269, 0.06068534389069269, 0.9936366181746473, 0.06068534389069269, 0.06068534389069269, 0.3309879831220565, 0.2669465815306893, 0.06068534389069269, 0.9548654010884742, 0.06068534389069269]",31,train,2
0.72,9,63,0,28,100,48,1,1,1,0,0,0,48,1,1,1,0,0,0,"(array([0.47997704, 0.67303014, 0.55220133, 0.50341964]), array([0.89586753, 0.73587251, 0.86717373, 0.88406789]), array([0.11157295, 0.27560037, 0.14288397, 0.12426028]), array([0.50800395, 0.31881684, 0.43763742, 0.48526219]))","['QwenPRM_min_scores (7.63B)', 'EurusPRMStage1_min_scores (7.62B)', 'QwenPRM_avg_scores (7.63B)', 'EurusPRMStage2_avg_scores (7.62B)']","[0.06068534389069269, 0.06068534389069269, 0.06068534389069269, 0.2669465815306893, 0.06068534389069269, 0.06068534389069269, 0.2669465815306893, 0.7288350858151317, 0.06068534389069269, 0.2669465815306893, 0.7288350858151317, 0.06068534389069269, 0.06068534389069269, 0.06068534389069269, 0.2669465815306893, 0.06068534389069269, 0.2669465815306893, 0.06068534389069269, 0.06068534389069269, 0.06068534389069269, 0.06068534389069269, 0.2669465815306893, 0.06068534389069269, 0.06068534389069269, 0.06068534389069269, 0.06068534389069269, 0.2669465815306893, 0.06068534389069269, 0.2669465815306893, 0.06068534389069269, 0.2669465815306893, 0.2669465815306893, 0.06068534389069269, 0.06068534389069269, 0.06068534389069269, 0.06068534389069269, 0.06068534389069269, 0.06068534389069269, 0.06068534389069269, 0.06068534389069269, 0.06068534389069269, 0.06068534389069269, 0.06068534389069269, 0.06068534389069269, 0.9548654010884742, 0.06068534389069269, 0.06068534389069269, 0.06068534389069269, 0.9936366181746473, 0.06068534389069269, 0.7288350858151317, 0.06068534389069269, 0.06068534389069269, 0.06068534389069269, 0.06068534389069269, 0.06068534389069269, 0.06068534389069269, 0.06068534389069269, 0.06068534389069269, 0.06068534389069269, 0.06068534389069269, 0.06068534389069269, 0.2669465815306893, 0.06068534389069269, 0.06068534389069269, 0.06068534389069269, 0.9936366181746473, 0.2669465815306893, 0.06068534389069269, 0.06068534389069269, 0.2669465815306893, 0.06068534389069269, 0.9536664944194294, 0.06068534389069269, 0.06068534389069269, 0.06068534389069269, 0.06068534389069269, 0.2669465815306893, 0.06068534389069269, 0.06068534389069269, 0.06068534389069269, 0.06068534389069269, 0.06068534389069269, 0.06068534389069269, 0.06068534389069269, 0.06068534389069269, 0.06068534389069269, 0.06068534389069269, 0.06068534389069269, 0.06068534389069269, 0.06068534389069269, 0.06068534389069269, 0.06068534389069269, 0.2669465815306893, 0.06068534389069269, 0.7360538824487828, 0.06068534389069269, 0.06068534389069269, 0.06068534389069269, 0.9536664944194294]",32,train,3
0.72,67,5,0,28,100,9,1,1,1,0,0,0,9,1,1,1,0,0,0,"(array([0.47997704, 0.67303014, 0.55220133, 0.50341964]), array([0.89586753, 0.73587251, 0.86717373, 0.88406789]), array([0.11157295, 0.27560037, 0.14288397, 0.12426028]), array([0.50800395, 0.31881684, 0.43763742, 0.48526219]))","['QwenPRM_min_scores (7.63B)', 'EurusPRMStage1_min_scores (7.62B)', 'QwenPRM_avg_scores (7.63B)', 'EurusPRMStage2_avg_scores (7.62B)']","[0.9548654010884742, 0.9548654010884742, 0.3309879831220565, 0.2669465815306893, 0.06068534389069269, 0.9548654010884742, 0.7896210935652394, 0.2669465815306893, 0.2669465815306893, 0.9936366181746473, 0.9548654010884742, 0.7360538824487828, 0.7896210935652394, 0.3309879831220565, 0.7360538824487828, 0.9548654010884742, 0.9936366181746473, 0.06068534389069269, 0.9936366181746473, 0.9936366181746473, 0.9936366181746473, 0.9548654010884742, 0.9936366181746473, 0.7360538824487828, 0.06068534389069269, 0.9548654010884742, 0.9936366181746473, 0.9936366181746473, 0.7360538824487828, 0.7360538824487828, 0.9936366181746473, 0.06068534389069269, 0.9548654010884742, 0.06068534389069269, 0.7360538824487828, 0.06068534389069269, 0.9536664944194294, 0.7360538824487828, 0.7360538824487828, 0.9548654010884742, 0.9936366181746473, 0.7360538824487828, 0.06068534389069269, 0.7360538824487828, 0.9936366181746473, 0.9548654010884742, 0.06068534389069269, 0.9936366181746473, 0.2669465815306893, 0.3309879831220565, 0.9548654010884742, 0.06068534389069269, 0.9936366181746473, 0.3309879831220565, 0.7288350858151317, 0.9536664944194294, 0.2669465815306893, 0.3309879831220565, 0.9548654010884742, 0.9936366181746473, 0.7360538824487828, 0.9548654010884742, 0.9548654010884742, 0.06068534389069269, 0.06068534389069269, 0.7360538824487828, 0.2669465815306893, 0.7360538824487828, 0.2669465815306893, 0.7360538824487828, 0.06068534389069269, 0.3309879831220565, 0.7896210935652394, 0.7360538824487828, 0.9548654010884742, 0.9936366181746473, 0.7896210935652394, 0.3309879831220565, 0.7896210935652394, 0.9936366181746473, 0.2669465815306893, 0.7360538824487828, 0.7896210935652394, 0.06068534389069269, 0.7360538824487828, 0.7360538824487828, 0.9548654010884742, 0.9936366181746473, 0.7360538824487828, 0.06068534389069269, 0.9548654010884742, 0.9536664944194294, 0.9936366181746473, 0.3309879831220565, 0.3309879831220565, 0.2669465815306893, 0.3309879831220565, 0.9548654010884742, 0.9536664944194294, 0.9536664944194294]",33,train,9
0.97,0,97,1,2,100,79,0,1,0,0,0,1,0,0,1,0,1,0,0,"(array([0.47997704, 0.67303014, 0.55220133, 0.50341964]), array([0.89586753, 0.73587251, 0.86717373, 0.88406789]), array([0.11157295, 0.27560037, 0.14288397, 0.12426028]), array([0.50800395, 0.31881684, 0.43763742, 0.48526219]))","['QwenPRM_min_scores (7.63B)', 'EurusPRMStage1_min_scores (7.62B)', 'QwenPRM_avg_scores (7.63B)', 'EurusPRMStage2_avg_scores (7.62B)']","[0.06068534389069269, 0.06068534389069269, 0.06068534389069269, 0.06068534389069269, 0.06068534389069269, 0.06068534389069269, 0.06068534389069269, 0.06068534389069269, 0.06068534389069269, 0.06068534389069269, 0.06068534389069269, 0.06068534389069269, 0.06068534389069269, 0.06068534389069269, 0.06068534389069269, 0.06068534389069269, 0.06068534389069269, 0.06068534389069269, 0.06068534389069269, 0.06068534389069269, 0.06068534389069269, 0.06068534389069269, 0.06068534389069269, 0.06068534389069269, 0.06068534389069269, 0.06068534389069269, 0.06068534389069269, 0.06068534389069269, 0.06068534389069269, 0.06068534389069269, 0.06068534389069269, 0.06068534389069269, 0.06068534389069269, 0.06068534389069269, 0.06068534389069269, 0.06068534389069269, 0.06068534389069269, 0.06068534389069269, 0.06068534389069269, 0.2669465815306893, 0.06068534389069269, 0.06068534389069269, 0.06068534389069269, 0.06068534389069269, 0.06068534389069269, 0.06068534389069269, 0.2669465815306893, 0.06068534389069269, 0.06068534389069269, 0.06068534389069269, 0.2669465815306893, 0.06068534389069269, 0.06068534389069269, 0.06068534389069269, 0.06068534389069269, 0.06068534389069269, 0.06068534389069269, 0.2669465815306893, 0.06068534389069269, 0.06068534389069269, 0.06068534389069269, 0.06068534389069269, 0.06068534389069269, 0.06068534389069269, 0.06068534389069269, 0.06068534389069269, 0.06068534389069269, 0.06068534389069269, 0.06068534389069269, 0.2669465815306893, 0.06068534389069269, 0.06068534389069269, 0.06068534389069269, 0.06068534389069269, 0.06068534389069269, 0.06068534389069269, 0.06068534389069269, 0.2669465815306893, 0.06068534389069269, 0.7288350858151317, 0.06068534389069269, 0.06068534389069269, 0.06068534389069269, 0.06068534389069269, 0.2669465815306893, 0.06068534389069269, 0.06068534389069269, 0.2669465815306893, 0.06068534389069269, 0.06068534389069269, 0.06068534389069269, 0.06068534389069269, 0.06068534389069269, 0.2669465815306893, 0.06068534389069269, 0.06068534389069269, 0.06068534389069269, 0.2669465815306893, 0.06068534389069269, 0.06068534389069269]",34,train,0
0.55,24,31,0,45,100,13,1,1,1,0,0,0,13,1,1,1,0,0,0,"(array([0.47997704, 0.67303014, 0.55220133, 0.50341964]), array([0.89586753, 0.73587251, 0.86717373, 0.88406789]), array([0.11157295, 0.27560037, 0.14288397, 0.12426028]), array([0.50800395, 0.31881684, 0.43763742, 0.48526219]))","['QwenPRM_min_scores (7.63B)', 'EurusPRMStage1_min_scores (7.62B)', 'QwenPRM_avg_scores (7.63B)', 'EurusPRMStage2_avg_scores (7.62B)']","[0.06068534389069269, 0.3309879831220565, 0.06068534389069269, 0.7360538824487828, 0.9548654010884742, 0.7896210935652394, 0.9548654010884742, 0.06068534389069269, 0.06068534389069269, 0.2669465815306893, 0.2669465815306893, 0.7896210935652394, 0.2669465815306893, 0.9936366181746473, 0.7360538824487828, 0.7360538824487828, 0.06068534389069269, 0.06068534389069269, 0.7360538824487828, 0.2669465815306893, 0.06068534389069269, 0.06068534389069269, 0.3309879831220565, 0.2669465815306893, 0.9548654010884742, 0.06068534389069269, 0.06068534389069269, 0.06068534389069269, 0.2669465815306893, 0.2669465815306893, 0.06068534389069269, 0.06068534389069269, 0.3309879831220565, 0.06068534389069269, 0.9548654010884742, 0.2669465815306893, 0.06068534389069269, 0.2669465815306893, 0.2669465815306893, 0.06068534389069269, 0.06068534389069269, 0.9651601869614111, 0.9548654010884742, 0.9936366181746473, 0.2669465815306893, 0.06068534389069269, 0.06068534389069269, 0.06068534389069269, 0.2669465815306893, 0.06068534389069269, 0.2669465815306893, 0.06068534389069269, 0.06068534389069269, 0.3309879831220565, 0.06068534389069269, 0.9548654010884742, 0.06068534389069269, 0.7360538824487828, 0.06068534389069269, 0.7360538824487828, 0.06068534389069269, 0.06068534389069269, 0.06068534389069269, 0.9536664944194294, 0.2669465815306893, 0.06068534389069269, 0.06068534389069269, 0.2669465815306893, 0.2669465815306893, 0.7360538824487828, 0.06068534389069269, 0.06068534389069269, 0.7360538824487828, 0.2669465815306893, 0.06068534389069269, 0.7342303646642855, 0.06068534389069269, 0.06068534389069269, 0.06068534389069269, 0.2669465815306893, 0.9936366181746473, 0.06068534389069269, 0.3309879831220565, 0.06068534389069269, 0.06068534389069269, 0.2669465815306893, 0.06068534389069269, 0.2669465815306893, 0.06068534389069269, 0.06068534389069269, 0.2669465815306893, 0.2669465815306893, 0.06068534389069269, 0.2669465815306893, 0.2669465815306893, 0.06068534389069269, 0.7896210935652394, 0.9548654010884742, 0.2669465815306893, 0.2669465815306893]",35,train,6
0.88,25,63,2,10,100,0,1,1,1,0,0,0,0,1,1,1,0,0,0,"(array([0.47997704, 0.67303014, 0.55220133, 0.50341964]), array([0.89586753, 0.73587251, 0.86717373, 0.88406789]), array([0.11157295, 0.27560037, 0.14288397, 0.12426028]), array([0.50800395, 0.31881684, 0.43763742, 0.48526219]))","['QwenPRM_min_scores (7.63B)', 'EurusPRMStage1_min_scores (7.62B)', 'QwenPRM_avg_scores (7.63B)', 'EurusPRMStage2_avg_scores (7.62B)']","[0.9936366181746473, 0.06068534389069269, 0.7288350858151317, 0.7360538824487828, 0.06068534389069269, 0.7288350858151317, 0.9548654010884742, 0.2669465815306893, 0.06068534389069269, 0.9936366181746473, 0.06068534389069269, 0.7360538824487828, 0.06068534389069269, 0.06068534389069269, 0.06068534389069269, 0.06068534389069269, 0.7360538824487828, 0.9548654010884742, 0.9936366181746473, 0.06068534389069269, 0.06068534389069269, 0.06068534389069269, 0.06068534389069269, 0.06068534389069269, 0.9536664944194294, 0.06068534389069269, 0.06068534389069269, 0.2669465815306893, 0.06068534389069269, 0.06068534389069269, 0.06068534389069269, 0.06068534389069269, 0.06068534389069269, 0.06068534389069269, 0.7360538824487828, 0.7360538824487828, 0.06068534389069269, 0.2669465815306893, 0.06068534389069269, 0.2669465815306893, 0.06068534389069269, 0.7288350858151317, 0.7360538824487828, 0.06068534389069269, 0.9536664944194294, 0.06068534389069269, 0.06068534389069269, 0.06068534389069269, 0.06068534389069269, 0.06068534389069269, 0.2669465815306893, 0.06068534389069269, 0.06068534389069269, 0.06068534389069269, 0.2669465815306893, 0.06068534389069269, 0.06068534389069269, 0.06068534389069269, 0.2669465815306893, 0.2669465815306893, 0.9936366181746473, 0.06068534389069269, 0.7288350858151317, 0.9548654010884742, 0.06068534389069269, 0.7288350858151317, 0.06068534389069269, 0.06068534389069269, 0.9936366181746473, 0.06068534389069269, 0.9536664944194294, 0.06068534389069269, 0.06068534389069269, 0.9536664944194294, 0.3309879831220565, 0.2669465815306893, 0.06068534389069269, 0.2669465815306893, 0.06068534389069269, 0.32288213990780334, 0.06068534389069269, 0.06068534389069269, 0.9936366181746473, 0.06068534389069269, 0.06068534389069269, 0.06068534389069269, 0.06068534389069269, 0.7288350858151317, 0.2669465815306893, 0.2669465815306893, 0.2669465815306893, 0.06068534389069269, 0.9548654010884742, 0.06068534389069269, 0.06068534389069269, 0.06068534389069269, 0.7288350858151317, 0.06068534389069269, 0.06068534389069269, 0.2669465815306893]",36,train,3
0.69,0,69,0,31,100,0,1,1,1,0,0,0,2,0,1,0,1,0,0,"(array([0.47997704, 0.67303014, 0.55220133, 0.50341964]), array([0.89586753, 0.73587251, 0.86717373, 0.88406789]), array([0.11157295, 0.27560037, 0.14288397, 0.12426028]), array([0.50800395, 0.31881684, 0.43763742, 0.48526219]))","['QwenPRM_min_scores (7.63B)', 'EurusPRMStage1_min_scores (7.62B)', 'QwenPRM_avg_scores (7.63B)', 'EurusPRMStage2_avg_scores (7.62B)']","[0.2669465815306893, 0.2669465815306893, 0.06068534389069269, 0.2669465815306893, 0.06068534389069269, 0.06068534389069269, 0.06068534389069269, 0.06068534389069269, 0.06068534389069269, 0.2669465815306893, 0.06068534389069269, 0.06068534389069269, 0.06068534389069269, 0.06068534389069269, 0.06068534389069269, 0.06068534389069269, 0.06068534389069269, 0.06068534389069269, 0.06068534389069269, 0.06068534389069269, 0.06068534389069269, 0.06068534389069269, 0.06068534389069269, 0.2669465815306893, 0.06068534389069269, 0.2669465815306893, 0.2669465815306893, 0.06068534389069269, 0.06068534389069269, 0.2669465815306893, 0.2669465815306893, 0.06068534389069269, 0.06068534389069269, 0.06068534389069269, 0.2669465815306893, 0.06068534389069269, 0.06068534389069269, 0.06068534389069269, 0.06068534389069269, 0.06068534389069269, 0.06068534389069269, 0.2669465815306893, 0.06068534389069269, 0.06068534389069269, 0.06068534389069269, 0.06068534389069269, 0.06068534389069269, 0.06068534389069269, 0.06068534389069269, 0.06068534389069269, 0.2669465815306893, 0.06068534389069269, 0.06068534389069269, 0.06068534389069269, 0.06068534389069269, 0.06068534389069269, 0.06068534389069269, 0.06068534389069269, 0.06068534389069269, 0.06068534389069269, 0.06068534389069269, 0.06068534389069269, 0.06068534389069269, 0.06068534389069269, 0.06068534389069269, 0.2669465815306893, 0.06068534389069269, 0.2669465815306893, 0.06068534389069269, 0.06068534389069269, 0.06068534389069269, 0.06068534389069269, 0.2669465815306893, 0.06068534389069269, 0.06068534389069269, 0.06068534389069269, 0.2669465815306893, 0.06068534389069269, 0.2669465815306893, 0.2669465815306893, 0.06068534389069269, 0.06068534389069269, 0.2669465815306893, 0.2669465815306893, 0.06068534389069269, 0.06068534389069269, 0.06068534389069269, 0.2669465815306893, 0.06068534389069269, 0.06068534389069269, 0.06068534389069269, 0.06068534389069269, 0.06068534389069269, 0.06068534389069269, 0.2669465815306893, 0.06068534389069269, 0.06068534389069269, 0.06068534389069269, 0.2669465815306893, 0.06068534389069269]",37,train,3
0.81,13,68,0,19,100,16,1,1,1,0,0,0,16,1,1,1,0,0,0,"(array([0.47997704, 0.67303014, 0.55220133, 0.50341964]), array([0.89586753, 0.73587251, 0.86717373, 0.88406789]), array([0.11157295, 0.27560037, 0.14288397, 0.12426028]), array([0.50800395, 0.31881684, 0.43763742, 0.48526219]))","['QwenPRM_min_scores (7.63B)', 'EurusPRMStage1_min_scores (7.62B)', 'QwenPRM_avg_scores (7.63B)', 'EurusPRMStage2_avg_scores (7.62B)']","[0.06068534389069269, 0.06068534389069269, 0.06068534389069269, 0.06068534389069269, 0.7360538824487828, 0.06068534389069269, 0.06068534389069269, 0.06068534389069269, 0.06068534389069269, 0.06068534389069269, 0.06068534389069269, 0.2669465815306893, 0.2669465815306893, 0.06068534389069269, 0.06068534389069269, 0.06068534389069269, 0.9548654010884742, 0.06068534389069269, 0.06068534389069269, 0.06068534389069269, 0.06068534389069269, 0.06068534389069269, 0.7360538824487828, 0.06068534389069269, 0.06068534389069269, 0.06068534389069269, 0.06068534389069269, 0.06068534389069269, 0.06068534389069269, 0.06068534389069269, 0.7360538824487828, 0.06068534389069269, 0.2669465815306893, 0.06068534389069269, 0.06068534389069269, 0.06068534389069269, 0.06068534389069269, 0.06068534389069269, 0.06068534389069269, 0.06068534389069269, 0.06068534389069269, 0.06068534389069269, 0.9548654010884742, 0.06068534389069269, 0.06068534389069269, 0.06068534389069269, 0.06068534389069269, 0.2669465815306893, 0.06068534389069269, 0.06068534389069269, 0.06068534389069269, 0.7288350858151317, 0.06068534389069269, 0.7360538824487828, 0.06068534389069269, 0.3309879831220565, 0.06068534389069269, 0.06068534389069269, 0.06068534389069269, 0.06068534389069269, 0.06068534389069269, 0.06068534389069269, 0.7360538824487828, 0.06068534389069269, 0.06068534389069269, 0.9548654010884742, 0.2669465815306893, 0.06068534389069269, 0.7360538824487828, 0.06068534389069269, 0.2669465815306893, 0.06068534389069269, 0.06068534389069269, 0.06068534389069269, 0.06068534389069269, 0.06068534389069269, 0.06068534389069269, 0.06068534389069269, 0.2669465815306893, 0.06068534389069269, 0.06068534389069269, 0.06068534389069269, 0.06068534389069269, 0.06068534389069269, 0.06068534389069269, 0.06068534389069269, 0.9548654010884742, 0.06068534389069269, 0.06068534389069269, 0.06068534389069269, 0.9548654010884742, 0.06068534389069269, 0.7360538824487828, 0.06068534389069269, 0.06068534389069269, 0.06068534389069269, 0.2669465815306893, 0.06068534389069269, 0.06068534389069269, 0.06068534389069269]",38,train,3
0.9,2,88,7,3,100,28,0,1,0,0,0,1,28,1,0,0,0,1,0,"(array([0.47997704, 0.67303014, 0.55220133, 0.50341964]), array([0.89586753, 0.73587251, 0.86717373, 0.88406789]), array([0.11157295, 0.27560037, 0.14288397, 0.12426028]), array([0.50800395, 0.31881684, 0.43763742, 0.48526219]))","['QwenPRM_min_scores (7.63B)', 'EurusPRMStage1_min_scores (7.62B)', 'QwenPRM_avg_scores (7.63B)', 'EurusPRMStage2_avg_scores (7.62B)']","[0.06068534389069269, 0.2669465815306893, 0.06068534389069269, 0.06068534389069269, 0.06068534389069269, 0.3309879831220565, 0.06068534389069269, 0.06068534389069269, 0.06068534389069269, 0.06068534389069269, 0.06068534389069269, 0.06068534389069269, 0.06068534389069269, 0.32288213990780334, 0.06068534389069269, 0.06068534389069269, 0.06068534389069269, 0.06068534389069269, 0.2669465815306893, 0.06068534389069269, 0.06068534389069269, 0.06068534389069269, 0.06068534389069269, 0.06068534389069269, 0.2669465815306893, 0.7288350858151317, 0.06068534389069269, 0.06068534389069269, 0.9651601869614111, 0.2669465815306893, 0.06068534389069269, 0.06068534389069269, 0.06068534389069269, 0.2669465815306893, 0.06068534389069269, 0.06068534389069269, 0.06068534389069269, 0.06068534389069269, 0.06068534389069269, 0.2669465815306893, 0.7288350858151317, 0.06068534389069269, 0.2669465815306893, 0.06068534389069269, 0.06068534389069269, 0.06068534389069269, 0.06068534389069269, 0.06068534389069269, 0.2669465815306893, 0.06068534389069269, 0.2669465815306893, 0.7288350858151317, 0.06068534389069269, 0.06068534389069269, 0.06068534389069269, 0.06068534389069269, 0.3309879831220565, 0.06068534389069269, 0.2669465815306893, 0.7288350858151317, 0.06068534389069269, 0.06068534389069269, 0.06068534389069269, 0.06068534389069269, 0.06068534389069269, 0.06068534389069269, 0.06068534389069269, 0.06068534389069269, 0.3309879831220565, 0.06068534389069269, 0.32891744509640525, 0.06068534389069269, 0.06068534389069269, 0.2669465815306893, 0.06068534389069269, 0.06068534389069269, 0.06068534389069269, 0.06068534389069269, 0.06068534389069269, 0.06068534389069269, 0.06068534389069269, 0.06068534389069269, 0.7288350858151317, 0.06068534389069269, 0.06068534389069269, 0.2669465815306893, 0.06068534389069269, 0.06068534389069269, 0.06068534389069269, 0.2669465815306893, 0.06068534389069269, 0.06068534389069269, 0.7360538824487828, 0.2669465815306893, 0.06068534389069269, 0.06068534389069269, 0.06068534389069269, 0.06068534389069269, 0.7896210935652394, 0.7288350858151317]",39,train,0
0.79,36,43,0,21,100,25,1,1,1,0,0,0,25,1,1,1,0,0,0,"(array([0.47997704, 0.67303014, 0.55220133, 0.50341964]), array([0.89586753, 0.73587251, 0.86717373, 0.88406789]), array([0.11157295, 0.27560037, 0.14288397, 0.12426028]), array([0.50800395, 0.31881684, 0.43763742, 0.48526219]))","['QwenPRM_min_scores (7.63B)', 'EurusPRMStage1_min_scores (7.62B)', 'QwenPRM_avg_scores (7.63B)', 'EurusPRMStage2_avg_scores (7.62B)']","[0.06068534389069269, 0.06068534389069269, 0.2669465815306893, 0.2669465815306893, 0.06068534389069269, 0.2669465815306893, 0.06068534389069269, 0.7360538824487828, 0.7288350858151317, 0.06068534389069269, 0.7360538824487828, 0.06068534389069269, 0.9536664944194294, 0.06068534389069269, 0.06068534389069269, 0.7360538824487828, 0.9536664944194294, 0.7288350858151317, 0.7288350858151317, 0.2669465815306893, 0.06068534389069269, 0.9536664944194294, 0.06068534389069269, 0.2669465815306893, 0.7288350858151317, 0.9936366181746473, 0.06068534389069269, 0.2669465815306893, 0.06068534389069269, 0.06068534389069269, 0.9536664944194294, 0.06068534389069269, 0.06068534389069269, 0.32288213990780334, 0.9936366181746473, 0.2669465815306893, 0.2669465815306893, 0.9548654010884742, 0.2669465815306893, 0.9548654010884742, 0.7360538824487828, 0.2669465815306893, 0.9548654010884742, 0.2669465815306893, 0.06068534389069269, 0.06068534389069269, 0.06068534389069269, 0.06068534389069269, 0.06068534389069269, 0.9936366181746473, 0.06068534389069269, 0.06068534389069269, 0.06068534389069269, 0.06068534389069269, 0.9548654010884742, 0.06068534389069269, 0.06068534389069269, 0.9536664944194294, 0.7288350858151317, 0.9936366181746473, 0.06068534389069269, 0.06068534389069269, 0.06068534389069269, 0.2669465815306893, 0.06068534389069269, 0.06068534389069269, 0.06068534389069269, 0.06068534389069269, 0.06068534389069269, 0.06068534389069269, 0.06068534389069269, 0.06068534389069269, 0.06068534389069269, 0.7360538824487828, 0.9536664944194294, 0.06068534389069269, 0.9936366181746473, 0.06068534389069269, 0.2669465815306893, 0.06068534389069269, 0.06068534389069269, 0.2669465815306893, 0.9536664944194294, 0.9936366181746473, 0.06068534389069269, 0.9536664944194294, 0.9536664944194294, 0.9936366181746473, 0.9936366181746473, 0.06068534389069269, 0.9536664944194294, 0.9936366181746473, 0.9936366181746473, 0.06068534389069269, 0.2669465815306893, 0.06068534389069269, 0.9936366181746473, 0.2669465815306893, 0.06068534389069269, 0.9536664944194294]",40,train,5
0.83,11,72,3,14,100,12,1,1,1,0,0,0,12,1,1,1,0,0,0,"(array([0.47997704, 0.67303014, 0.55220133, 0.50341964]), array([0.89586753, 0.73587251, 0.86717373, 0.88406789]), array([0.11157295, 0.27560037, 0.14288397, 0.12426028]), array([0.50800395, 0.31881684, 0.43763742, 0.48526219]))","['QwenPRM_min_scores (7.63B)', 'EurusPRMStage1_min_scores (7.62B)', 'QwenPRM_avg_scores (7.63B)', 'EurusPRMStage2_avg_scores (7.62B)']","[0.06068534389069269, 0.3309879831220565, 0.06068534389069269, 0.06068534389069269, 0.06068534389069269, 0.06068534389069269, 0.06068534389069269, 0.3309879831220565, 0.06068534389069269, 0.06068534389069269, 0.06068534389069269, 0.06068534389069269, 0.9936366181746473, 0.06068534389069269, 0.06068534389069269, 0.06068534389069269, 0.06068534389069269, 0.2669465815306893, 0.06068534389069269, 0.06068534389069269, 0.7288350858151317, 0.06068534389069269, 0.06068534389069269, 0.9548654010884742, 0.2669465815306893, 0.06068534389069269, 0.06068534389069269, 0.06068534389069269, 0.06068534389069269, 0.06068534389069269, 0.06068534389069269, 0.7360538824487828, 0.06068534389069269, 0.2669465815306893, 0.06068534389069269, 0.7360538824487828, 0.06068534389069269, 0.2669465815306893, 0.06068534389069269, 0.06068534389069269, 0.06068534389069269, 0.06068534389069269, 0.06068534389069269, 0.06068534389069269, 0.06068534389069269, 0.9936366181746473, 0.7360538824487828, 0.9536664944194294, 0.06068534389069269, 0.06068534389069269, 0.7288350858151317, 0.06068534389069269, 0.7850210414201328, 0.7360538824487828, 0.2669465815306893, 0.06068534389069269, 0.06068534389069269, 0.06068534389069269, 0.3309879831220565, 0.2669465815306893, 0.3309879831220565, 0.06068534389069269, 0.06068534389069269, 0.2669465815306893, 0.2669465815306893, 0.06068534389069269, 0.06068534389069269, 0.06068534389069269, 0.06068534389069269, 0.06068534389069269, 0.3309879831220565, 0.06068534389069269, 0.06068534389069269, 0.7360538824487828, 0.3309879831220565, 0.06068534389069269, 0.06068534389069269, 0.06068534389069269, 0.06068534389069269, 0.06068534389069269, 0.2669465815306893, 0.06068534389069269, 0.06068534389069269, 0.06068534389069269, 0.2669465815306893, 0.06068534389069269, 0.06068534389069269, 0.06068534389069269, 0.9936366181746473, 0.7288350858151317, 0.2669465815306893, 0.2669465815306893, 0.06068534389069269, 0.06068534389069269, 0.06068534389069269, 0.3309879831220565, 0.2669465815306893, 0.3309879831220565, 0.06068534389069269, 0.06068534389069269]",41,train,2
0.86,0,86,0,14,100,4,1,1,1,0,0,0,0,0,1,0,1,0,0,"(array([0.47997704, 0.67303014, 0.55220133, 0.50341964]), array([0.89586753, 0.73587251, 0.86717373, 0.88406789]), array([0.11157295, 0.27560037, 0.14288397, 0.12426028]), array([0.50800395, 0.31881684, 0.43763742, 0.48526219]))","['QwenPRM_min_scores (7.63B)', 'EurusPRMStage1_min_scores (7.62B)', 'QwenPRM_avg_scores (7.63B)', 'EurusPRMStage2_avg_scores (7.62B)']","[0.06068534389069269, 0.06068534389069269, 0.06068534389069269, 0.06068534389069269, 0.2669465815306893, 0.06068534389069269, 0.06068534389069269, 0.06068534389069269, 0.06068534389069269, 0.2669465815306893, 0.06068534389069269, 0.06068534389069269, 0.2669465815306893, 0.06068534389069269, 0.06068534389069269, 0.06068534389069269, 0.06068534389069269, 0.06068534389069269, 0.06068534389069269, 0.06068534389069269, 0.06068534389069269, 0.06068534389069269, 0.06068534389069269, 0.06068534389069269, 0.06068534389069269, 0.06068534389069269, 0.06068534389069269, 0.06068534389069269, 0.06068534389069269, 0.06068534389069269, 0.06068534389069269, 0.06068534389069269, 0.06068534389069269, 0.06068534389069269, 0.06068534389069269, 0.06068534389069269, 0.06068534389069269, 0.06068534389069269, 0.06068534389069269, 0.2669465815306893, 0.06068534389069269, 0.06068534389069269, 0.06068534389069269, 0.2669465815306893, 0.06068534389069269, 0.06068534389069269, 0.06068534389069269, 0.06068534389069269, 0.06068534389069269, 0.06068534389069269, 0.06068534389069269, 0.06068534389069269, 0.06068534389069269, 0.06068534389069269, 0.06068534389069269, 0.06068534389069269, 0.2669465815306893, 0.06068534389069269, 0.06068534389069269, 0.06068534389069269, 0.06068534389069269, 0.06068534389069269, 0.06068534389069269, 0.06068534389069269, 0.06068534389069269, 0.06068534389069269, 0.06068534389069269, 0.06068534389069269, 0.06068534389069269, 0.2669465815306893, 0.06068534389069269, 0.06068534389069269, 0.06068534389069269, 0.06068534389069269, 0.2669465815306893, 0.06068534389069269, 0.06068534389069269, 0.06068534389069269, 0.06068534389069269, 0.06068534389069269, 0.06068534389069269, 0.06068534389069269, 0.06068534389069269, 0.06068534389069269, 0.06068534389069269, 0.06068534389069269, 0.2669465815306893, 0.06068534389069269, 0.06068534389069269, 0.2669465815306893, 0.06068534389069269, 0.06068534389069269, 0.06068534389069269, 0.06068534389069269, 0.2669465815306893, 0.06068534389069269, 0.06068534389069269, 0.06068534389069269, 0.06068534389069269, 0.2669465815306893]",42,train,1
0.77,62,15,0,23,100,1,1,1,1,0,0,0,1,1,1,1,0,0,0,"(array([0.47997704, 0.67303014, 0.55220133, 0.50341964]), array([0.89586753, 0.73587251, 0.86717373, 0.88406789]), array([0.11157295, 0.27560037, 0.14288397, 0.12426028]), array([0.50800395, 0.31881684, 0.43763742, 0.48526219]))","['QwenPRM_min_scores (7.63B)', 'EurusPRMStage1_min_scores (7.62B)', 'QwenPRM_avg_scores (7.63B)', 'EurusPRMStage2_avg_scores (7.62B)']","[0.7360538824487828, 0.9936366181746473, 0.9936366181746473, 0.32288213990780334, 0.9548654010884742, 0.2669465815306893, 0.06068534389069269, 0.9936366181746473, 0.7288350858151317, 0.06068534389069269, 0.06068534389069269, 0.9936366181746473, 0.06068534389069269, 0.9548654010884742, 0.9548654010884742, 0.7288350858151317, 0.7360538824487828, 0.9548654010884742, 0.9936366181746473, 0.9936366181746473, 0.3309879831220565, 0.2669465815306893, 0.9936366181746473, 0.06068534389069269, 0.9548654010884742, 0.2669465815306893, 0.3309879831220565, 0.7360538824487828, 0.06068534389069269, 0.9936366181746473, 0.06068534389069269, 0.7360538824487828, 0.9536664944194294, 0.9536664944194294, 0.06068534389069269, 0.7288350858151317, 0.9936366181746473, 0.06068534389069269, 0.3309879831220565, 0.9536664944194294, 0.06068534389069269, 0.9936366181746473, 0.3309879831220565, 0.7360538824487828, 0.2669465815306893, 0.2669465815306893, 0.9536664944194294, 0.9936366181746473, 0.2669465815306893, 0.3309879831220565, 0.9936366181746473, 0.2669465815306893, 0.06068534389069269, 0.06068534389069269, 0.9936366181746473, 0.9536664944194294, 0.7288350858151317, 0.7360538824487828, 0.9936366181746473, 0.7896210935652394, 0.7360538824487828, 0.7896210935652394, 0.2669465815306893, 0.9548654010884742, 0.06068534389069269, 0.9536664944194294, 0.9936366181746473, 0.7288350858151317, 0.06068534389069269, 0.9548654010884742, 0.7288350858151317, 0.9936366181746473, 0.7896210935652394, 0.06068534389069269, 0.9548654010884742, 0.9936366181746473, 0.32891744509640525, 0.7288350858151317, 0.3309879831220565, 0.9536664944194294, 0.7360538824487828, 0.9936366181746473, 0.9936366181746473, 0.9936366181746473, 0.06068534389069269, 0.9548654010884742, 0.9936366181746473, 0.2669465815306893, 0.2669465815306893, 0.2669465815306893, 0.7288350858151317, 0.7360538824487828, 0.9548654010884742, 0.9936366181746473, 0.06068534389069269, 0.06068534389069269, 0.9936366181746473, 0.9548654010884742, 0.3309879831220565, 0.9936366181746473]",43,train,8
0.79,17,62,8,13,100,19,1,1,1,0,0,0,19,1,1,1,0,0,0,"(array([0.47997704, 0.67303014, 0.55220133, 0.50341964]), array([0.89586753, 0.73587251, 0.86717373, 0.88406789]), array([0.11157295, 0.27560037, 0.14288397, 0.12426028]), array([0.50800395, 0.31881684, 0.43763742, 0.48526219]))","['QwenPRM_min_scores (7.63B)', 'EurusPRMStage1_min_scores (7.62B)', 'QwenPRM_avg_scores (7.63B)', 'EurusPRMStage2_avg_scores (7.62B)']","[0.3309879831220565, 0.06068534389069269, 0.06068534389069269, 0.7896210935652394, 0.7896210935652394, 0.06068534389069269, 0.2669465815306893, 0.2669465815306893, 0.7360538824487828, 0.9651601869614111, 0.2669465815306893, 0.06068534389069269, 0.2669465815306893, 0.2669465815306893, 0.06068534389069269, 0.06068534389069269, 0.06068534389069269, 0.06068534389069269, 0.2669465815306893, 0.9936366181746473, 0.2669465815306893, 0.06068534389069269, 0.06068534389069269, 0.7288350858151317, 0.9936366181746473, 0.32288213990780334, 0.3309879831220565, 0.32288213990780334, 0.3309879831220565, 0.2669465815306893, 0.2669465815306893, 0.2669465815306893, 0.32288213990780334, 0.06068534389069269, 0.06068534389069269, 0.06068534389069269, 0.32288213990780334, 0.06068534389069269, 0.2669465815306893, 0.06068534389069269, 0.06068534389069269, 0.06068534389069269, 0.3309879831220565, 0.7288350858151317, 0.06068534389069269, 0.32288213990780334, 0.06068534389069269, 0.7896210935652394, 0.06068534389069269, 0.06068534389069269, 0.06068534389069269, 0.06068534389069269, 0.7360538824487828, 0.3309879831220565, 0.7288350858151317, 0.06068534389069269, 0.06068534389069269, 0.06068534389069269, 0.06068534389069269, 0.3309879831220565, 0.06068534389069269, 0.06068534389069269, 0.2669465815306893, 0.06068534389069269, 0.9936366181746473, 0.7288350858151317, 0.06068534389069269, 0.06068534389069269, 0.2669465815306893, 0.7288350858151317, 0.2669465815306893, 0.2669465815306893, 0.06068534389069269, 0.2669465815306893, 0.2669465815306893, 0.06068534389069269, 0.2669465815306893, 0.2669465815306893, 0.06068534389069269, 0.06068534389069269, 0.9936366181746473, 0.06068534389069269, 0.7288350858151317, 0.06068534389069269, 0.9936366181746473, 0.7288350858151317, 0.06068534389069269, 0.2669465815306893, 0.9536664944194294, 0.2669465815306893, 0.9936366181746473, 0.9936366181746473, 0.7288350858151317, 0.06068534389069269, 0.3309879831220565, 0.9936366181746473, 0.7288350858151317, 0.3309879831220565, 0.9936366181746473, 0.06068534389069269]",44,train,2
0.68,65,3,0,32,100,2,1,1,1,0,0,0,2,1,1,1,0,0,0,"(array([0.47997704, 0.67303014, 0.55220133, 0.50341964]), array([0.89586753, 0.73587251, 0.86717373, 0.88406789]), array([0.11157295, 0.27560037, 0.14288397, 0.12426028]), array([0.50800395, 0.31881684, 0.43763742, 0.48526219]))","['QwenPRM_min_scores (7.63B)', 'EurusPRMStage1_min_scores (7.62B)', 'QwenPRM_avg_scores (7.63B)', 'EurusPRMStage2_avg_scores (7.62B)']","[0.7360538824487828, 0.7288350858151317, 0.9936366181746473, 0.9536664944194294, 0.06068534389069269, 0.06068534389069269, 0.2669465815306893, 0.9548654010884742, 0.9936366181746473, 0.9536664944194294, 0.9536664944194294, 0.7360538824487828, 0.7288350858151317, 0.06068534389069269, 0.7288350858151317, 0.7288350858151317, 0.2669465815306893, 0.7288350858151317, 0.7360538824487828, 0.9936366181746473, 0.9548654010884742, 0.9536664944194294, 0.2669465815306893, 0.06068534389069269, 0.9936366181746473, 0.9936366181746473, 0.7288350858151317, 0.9936366181746473, 0.953250904724538, 0.7288350858151317, 0.06068534389069269, 0.32891744509640525, 0.06068534389069269, 0.7288350858151317, 0.7288350858151317, 0.9936366181746473, 0.7288350858151317, 0.953250904724538, 0.2669465815306893, 0.2669465815306893, 0.9936366181746473, 0.953250904724538, 0.2669465815306893, 0.9936366181746473, 0.7288350858151317, 0.06068534389069269, 0.7288350858151317, 0.7288350858151317, 0.2669465815306893, 0.2669465815306893, 0.9936366181746473, 0.7360538824487828, 0.06068534389069269, 0.7360538824487828, 0.7288350858151317, 0.7360538824487828, 0.7360538824487828, 0.06068534389069269, 0.953250904724538, 0.06068534389069269, 0.2669465815306893, 0.7288350858151317, 0.7288350858151317, 0.06068534389069269, 0.2669465815306893, 0.7288350858151317, 0.2669465815306893, 0.2669465815306893, 0.9536664944194294, 0.7288350858151317, 0.7360538824487828, 0.7896210935652394, 0.2669465815306893, 0.06068534389069269, 0.2669465815306893, 0.2669465815306893, 0.7288350858151317, 0.06068534389069269, 0.2669465815306893, 0.9936366181746473, 0.9936366181746473, 0.2669465815306893, 0.2669465815306893, 0.9536664944194294, 0.7360538824487828, 0.7360538824487828, 0.2669465815306893, 0.7288350858151317, 0.953250904724538, 0.9936366181746473, 0.7360538824487828, 0.2669465815306893, 0.7360538824487828, 0.9936366181746473, 0.9936366181746473, 0.9936366181746473, 0.7896210935652394, 0.06068534389069269, 0.9536664944194294, 0.7360538824487828]",45,train,9
0.32,17,15,0,68,100,24,1,1,1,0,0,0,24,1,1,1,0,0,0,"(array([0.47997704, 0.67303014, 0.55220133, 0.50341964]), array([0.89586753, 0.73587251, 0.86717373, 0.88406789]), array([0.11157295, 0.27560037, 0.14288397, 0.12426028]), array([0.50800395, 0.31881684, 0.43763742, 0.48526219]))","['QwenPRM_min_scores (7.63B)', 'EurusPRMStage1_min_scores (7.62B)', 'QwenPRM_avg_scores (7.63B)', 'EurusPRMStage2_avg_scores (7.62B)']","[0.06068534389069269, 0.06068534389069269, 0.06068534389069269, 0.2669465815306893, 0.06068534389069269, 0.2669465815306893, 0.06068534389069269, 0.06068534389069269, 0.2669465815306893, 0.06068534389069269, 0.2669465815306893, 0.06068534389069269, 0.06068534389069269, 0.06068534389069269, 0.2669465815306893, 0.06068534389069269, 0.06068534389069269, 0.06068534389069269, 0.9548654010884742, 0.7360538824487828, 0.06068534389069269, 0.06068534389069269, 0.2669465815306893, 0.9548654010884742, 0.9936366181746473, 0.2669465815306893, 0.06068534389069269, 0.2669465815306893, 0.06068534389069269, 0.06068534389069269, 0.06068534389069269, 0.06068534389069269, 0.2669465815306893, 0.06068534389069269, 0.7288350858151317, 0.06068534389069269, 0.2669465815306893, 0.9548654010884742, 0.06068534389069269, 0.06068534389069269, 0.06068534389069269, 0.2669465815306893, 0.06068534389069269, 0.2669465815306893, 0.06068534389069269, 0.06068534389069269, 0.06068534389069269, 0.06068534389069269, 0.06068534389069269, 0.2669465815306893, 0.2669465815306893, 0.06068534389069269, 0.06068534389069269, 0.06068534389069269, 0.2669465815306893, 0.953250904724538, 0.9548654010884742, 0.2669465815306893, 0.2669465815306893, 0.2669465815306893, 0.06068534389069269, 0.06068534389069269, 0.7288350858151317, 0.06068534389069269, 0.2669465815306893, 0.06068534389069269, 0.9536664944194294, 0.9548654010884742, 0.7288350858151317, 0.2669465815306893, 0.06068534389069269, 0.06068534389069269, 0.06068534389069269, 0.7360538824487828, 0.06068534389069269, 0.06068534389069269, 0.7288350858151317, 0.06068534389069269, 0.06068534389069269, 0.06068534389069269, 0.06068534389069269, 0.3309879831220565, 0.2669465815306893, 0.2669465815306893, 0.06068534389069269, 0.06068534389069269, 0.7288350858151317, 0.06068534389069269, 0.2669465815306893, 0.06068534389069269, 0.06068534389069269, 0.9936366181746473, 0.06068534389069269, 0.06068534389069269, 0.06068534389069269, 0.7288350858151317, 0.06068534389069269, 0.2669465815306893, 0.06068534389069269, 0.06068534389069269]",46,train,8
0.78,12,66,0,22,100,98,1,1,1,0,0,0,98,1,1,1,0,0,0,"(array([0.47997704, 0.67303014, 0.55220133, 0.50341964]), array([0.89586753, 0.73587251, 0.86717373, 0.88406789]), array([0.11157295, 0.27560037, 0.14288397, 0.12426028]), array([0.50800395, 0.31881684, 0.43763742, 0.48526219]))","['QwenPRM_min_scores (7.63B)', 'EurusPRMStage1_min_scores (7.62B)', 'QwenPRM_avg_scores (7.63B)', 'EurusPRMStage2_avg_scores (7.62B)']","[0.06068534389069269, 0.9548654010884742, 0.06068534389069269, 0.06068534389069269, 0.06068534389069269, 0.06068534389069269, 0.06068534389069269, 0.2669465815306893, 0.06068534389069269, 0.3309879831220565, 0.06068534389069269, 0.06068534389069269, 0.3309879831220565, 0.06068534389069269, 0.06068534389069269, 0.06068534389069269, 0.06068534389069269, 0.06068534389069269, 0.3309879831220565, 0.06068534389069269, 0.06068534389069269, 0.06068534389069269, 0.06068534389069269, 0.06068534389069269, 0.06068534389069269, 0.06068534389069269, 0.06068534389069269, 0.06068534389069269, 0.06068534389069269, 0.06068534389069269, 0.32288213990780334, 0.06068534389069269, 0.06068534389069269, 0.06068534389069269, 0.3309879831220565, 0.06068534389069269, 0.06068534389069269, 0.2669465815306893, 0.06068534389069269, 0.3309879831220565, 0.06068534389069269, 0.06068534389069269, 0.7360538824487828, 0.9548654010884742, 0.06068534389069269, 0.06068534389069269, 0.06068534389069269, 0.06068534389069269, 0.06068534389069269, 0.06068534389069269, 0.06068534389069269, 0.06068534389069269, 0.3309879831220565, 0.06068534389069269, 0.06068534389069269, 0.06068534389069269, 0.06068534389069269, 0.9548654010884742, 0.06068534389069269, 0.3309879831220565, 0.06068534389069269, 0.7896210935652394, 0.06068534389069269, 0.06068534389069269, 0.06068534389069269, 0.7896210935652394, 0.06068534389069269, 0.06068534389069269, 0.06068534389069269, 0.06068534389069269, 0.06068534389069269, 0.06068534389069269, 0.06068534389069269, 0.2669465815306893, 0.06068534389069269, 0.7360538824487828, 0.7360538824487828, 0.3309879831220565, 0.06068534389069269, 0.2669465815306893, 0.06068534389069269, 0.06068534389069269, 0.06068534389069269, 0.06068534389069269, 0.7896210935652394, 0.06068534389069269, 0.06068534389069269, 0.06068534389069269, 0.06068534389069269, 0.06068534389069269, 0.06068534389069269, 0.06068534389069269, 0.2669465815306893, 0.06068534389069269, 0.06068534389069269, 0.7360538824487828, 0.06068534389069269, 0.7360538824487828, 0.9936366181746473, 0.06068534389069269]",47,train,3
0.8,80,0,0,20,100,1,1,1,1,0,0,0,1,1,1,1,0,0,0,"(array([0.47997704, 0.67303014, 0.55220133, 0.50341964]), array([0.89586753, 0.73587251, 0.86717373, 0.88406789]), array([0.11157295, 0.27560037, 0.14288397, 0.12426028]), array([0.50800395, 0.31881684, 0.43763742, 0.48526219]))","['QwenPRM_min_scores (7.63B)', 'EurusPRMStage1_min_scores (7.62B)', 'QwenPRM_avg_scores (7.63B)', 'EurusPRMStage2_avg_scores (7.62B)']","[0.9548654010884742, 0.9936366181746473, 0.9548654010884742, 0.9936366181746473, 0.9536664944194294, 0.2669465815306893, 0.9936366181746473, 0.9936366181746473, 0.9536664944194294, 0.7360538824487828, 0.9936366181746473, 0.7288350858151317, 0.9548654010884742, 0.9936366181746473, 0.9548654010884742, 0.9936366181746473, 0.7360538824487828, 0.9936366181746473, 0.9936366181746473, 0.9936366181746473, 0.9936366181746473, 0.7288350858151317, 0.06068534389069269, 0.2669465815306893, 0.9548654010884742, 0.9536664944194294, 0.9548654010884742, 0.2669465815306893, 0.2669465815306893, 0.9936366181746473, 0.9548654010884742, 0.2669465815306893, 0.9936366181746473, 0.7896210935652394, 0.7850210414201328, 0.9936366181746473, 0.9936366181746473, 0.7360538824487828, 0.9536664944194294, 0.9536664944194294, 0.9936366181746473, 0.7360538824487828, 0.9936366181746473, 0.7288350858151317, 0.2669465815306893, 0.7360538824487828, 0.9536664944194294, 0.7360538824487828, 0.2669465815306893, 0.9936366181746473, 0.2669465815306893, 0.2669465815306893, 0.2669465815306893, 0.7288350858151317, 0.06068534389069269, 0.9536664944194294, 0.9548654010884742, 0.9936366181746473, 0.2669465815306893, 0.06068534389069269, 0.9536664944194294, 0.9548654010884742, 0.7896210935652394, 0.9936366181746473, 0.9536664944194294, 0.9548654010884742, 0.2669465815306893, 0.9936366181746473, 0.2669465815306893, 0.9936366181746473, 0.7360538824487828, 0.9536664944194294, 0.7360538824487828, 0.9936366181746473, 0.9936366181746473, 0.7360538824487828, 0.9936366181746473, 0.7360538824487828, 0.9536664944194294, 0.9936366181746473, 0.7288350858151317, 0.7360538824487828, 0.9548654010884742, 0.9536664944194294, 0.9936366181746473, 0.2669465815306893, 0.9536664944194294, 0.9536664944194294, 0.9536664944194294, 0.9936366181746473, 0.7288350858151317, 0.9536664944194294, 0.9936366181746473, 0.9536664944194294, 0.2669465815306893, 0.9936366181746473, 0.2669465815306893, 0.9936366181746473, 0.9548654010884742, 0.06068534389069269]",48,train,9
0.81,1,80,19,0,100,67,1,1,1,0,0,0,67,1,1,1,0,0,0,"(array([0.47997704, 0.67303014, 0.55220133, 0.50341964]), array([0.89586753, 0.73587251, 0.86717373, 0.88406789]), array([0.11157295, 0.27560037, 0.14288397, 0.12426028]), array([0.50800395, 0.31881684, 0.43763742, 0.48526219]))","['QwenPRM_min_scores (7.63B)', 'EurusPRMStage1_min_scores (7.62B)', 'QwenPRM_avg_scores (7.63B)', 'EurusPRMStage2_avg_scores (7.62B)']","[0.06068534389069269, 0.2669465815306893, 0.06068534389069269, 0.06068534389069269, 0.7288350858151317, 0.2669465815306893, 0.2669465815306893, 0.2669465815306893, 0.7288350858151317, 0.06068534389069269, 0.2669465815306893, 0.06068534389069269, 0.06068534389069269, 0.06068534389069269, 0.7288350858151317, 0.2669465815306893, 0.06068534389069269, 0.2669465815306893, 0.2669465815306893, 0.06068534389069269, 0.7288350858151317, 0.2669465815306893, 0.06068534389069269, 0.06068534389069269, 0.7288350858151317, 0.2669465815306893, 0.2669465815306893, 0.06068534389069269, 0.06068534389069269, 0.7288350858151317, 0.2669465815306893, 0.06068534389069269, 0.2669465815306893, 0.06068534389069269, 0.7288350858151317, 0.2669465815306893, 0.2669465815306893, 0.2669465815306893, 0.32288213990780334, 0.7288350858151317, 0.7288350858151317, 0.2669465815306893, 0.2669465815306893, 0.2669465815306893, 0.2669465815306893, 0.2669465815306893, 0.7288350858151317, 0.7288350858151317, 0.2669465815306893, 0.2669465815306893, 0.7288350858151317, 0.2669465815306893, 0.06068534389069269, 0.06068534389069269, 0.06068534389069269, 0.7288350858151317, 0.2669465815306893, 0.7288350858151317, 0.06068534389069269, 0.2669465815306893, 0.06068534389069269, 0.2669465815306893, 0.2669465815306893, 0.2669465815306893, 0.06068534389069269, 0.2669465815306893, 0.06068534389069269, 0.9548654010884742, 0.2669465815306893, 0.06068534389069269, 0.7288350858151317, 0.2669465815306893, 0.06068534389069269, 0.06068534389069269, 0.2669465815306893, 0.06068534389069269, 0.7288350858151317, 0.06068534389069269, 0.2669465815306893, 0.3309879831220565, 0.2669465815306893, 0.06068534389069269, 0.06068534389069269, 0.2669465815306893, 0.06068534389069269, 0.06068534389069269, 0.2669465815306893, 0.06068534389069269, 0.06068534389069269, 0.2669465815306893, 0.06068534389069269, 0.7288350858151317, 0.7288350858151317, 0.06068534389069269, 0.2669465815306893, 0.2669465815306893, 0.2669465815306893, 0.2669465815306893, 0.7288350858151317, 0.2669465815306893]",49,train,0
