sample_accuracy,sample_tp,sample_tn,sample_fp,sample_fn,num_samples,top1_idx,top1_positive,has_positive,top1_tp,top1_fp,top1_tn,top1_fn,prediction_idx,prediction_class,prediction_accuracy,prediction_tp,prediction_tn,prediction_fp,prediction_fn,model_params,verifier_subset,weaver_sample_scores,problem,set,difficulty
0.34,28,6,0,66,100,89,1,1,1,0,0,0,89,1,1,1,0,0,0,"(array([0.4887358 , 0.47371051, 0.67073143]), array([0.85742426, 0.85782671, 0.71775037]), array([0.14688087, 0.14602019, 0.29068524]), array([0.49967808, 0.51421577, 0.32165208]))","['QwenPRM_min_scores (7.63B)', 'GPM (8B)', 'EurusPRMStage1_min_scores (7.62B)']","[0.4457690732730755, 0.12938684226217387, 0.8137490718345057, 0.12938684226217387, 0.12938684226217387, 0.4334934748184461, 0.8137490718345057, 0.12938684226217387, 0.4334934748184461, 0.12938684226217387, 0.12938684226217387, 0.4334934748184461, 0.12938684226217387, 0.4334934748184461, 0.4334934748184461, 0.12938684226217387, 0.8137490718345057, 0.12938684226217387, 0.12938684226217387, 0.12938684226217387, 0.12938684226217387, 0.8054949494597046, 0.12938684226217387, 0.12938684226217387, 0.4334934748184461, 0.12938684226217387, 0.4457690732730755, 0.12938684226217387, 0.4334934748184461, 0.12938684226217387, 0.8137490718345057, 0.4334934748184461, 0.4334934748184461, 0.12938684226217387, 0.8137490718345057, 0.4334934748184461, 0.4334934748184461, 0.12938684226217387, 0.4334934748184461, 0.4457690732730755, 0.8137490718345057, 0.4334934748184461, 0.8137490718345057, 0.4334934748184461, 0.4457690732730755, 0.4590365249295756, 0.8137490718345057, 0.4334934748184461, 0.8054949494597046, 0.4334934748184461, 0.12938684226217387, 0.8137490718345057, 0.4334934748184461, 0.12938684226217387, 0.4334934748184461, 0.12938684226217387, 0.8137490718345057, 0.4457690732730755, 0.12938684226217387, 0.12938684226217387, 0.8054949494597046, 0.8137490718345057, 0.4457690732730755, 0.8054949494597046, 0.12938684226217387, 0.12938684226217387, 0.12938684226217387, 0.8137490718345057, 0.8137490718345057, 0.4457690732730755, 0.4334934748184461, 0.8137490718345057, 0.4334934748184461, 0.8054949494597046, 0.4334934748184461, 0.4334934748184461, 0.8054949494597046, 0.12938684226217387, 0.4457690732730755, 0.4334934748184461, 0.4334934748184461, 0.8054949494597046, 0.12938684226217387, 0.4334934748184461, 0.8137490718345057, 0.8137490718345057, 0.4457690732730755, 0.4457690732730755, 0.8137490718345057, 0.9594244486497503, 0.4457690732730755, 0.4457690732730755, 0.8054949494597046, 0.4334934748184461, 0.8137490718345057, 0.12938684226217387, 0.4457690732730755, 0.12938684226217387, 0.8137490718345057, 0.4334934748184461]",0,train,9
0.6,52,8,0,40,100,3,1,1,1,0,0,0,3,1,1,1,0,0,0,"(array([0.4887358 , 0.47371051, 0.67073143]), array([0.85742426, 0.85782671, 0.71775037]), array([0.14688087, 0.14602019, 0.29068524]), array([0.49967808, 0.51421577, 0.32165208]))","['QwenPRM_min_scores (7.63B)', 'GPM (8B)', 'EurusPRMStage1_min_scores (7.62B)']","[0.4334934748184461, 0.82118382673388, 0.4334934748184461, 0.9594244486497503, 0.4334934748184461, 0.8137490718345057, 0.8137490718345057, 0.8137490718345057, 0.4334934748184461, 0.8137490718345057, 0.4334934748184461, 0.8137490718345057, 0.8137490718345057, 0.4334934748184461, 0.4334934748184461, 0.8137490718345057, 0.4334934748184461, 0.4334934748184461, 0.8137490718345057, 0.8137490718345057, 0.8137490718345057, 0.8137490718345057, 0.12938684226217387, 0.4334934748184461, 0.8137490718345057, 0.12938684226217387, 0.4334934748184461, 0.82118382673388, 0.8137490718345057, 0.8137490718345057, 0.4457690732730755, 0.4334934748184461, 0.8137490718345057, 0.4334934748184461, 0.8137490718345057, 0.4334934748184461, 0.8137490718345057, 0.4334934748184461, 0.8137490718345057, 0.4334934748184461, 0.8137490718345057, 0.4334934748184461, 0.12938684226217387, 0.8137490718345057, 0.12938684226217387, 0.8054949494597046, 0.8137490718345057, 0.8137490718345057, 0.9594244486497503, 0.4334934748184461, 0.8137490718345057, 0.8137490718345057, 0.8137490718345057, 0.12938684226217387, 0.12938684226217387, 0.4334934748184461, 0.4334934748184461, 0.4334934748184461, 0.8137490718345057, 0.8137490718345057, 0.4334934748184461, 0.4334934748184461, 0.12938684226217387, 0.4334934748184461, 0.8137490718345057, 0.9594244486497503, 0.8137490718345057, 0.4334934748184461, 0.8137490718345057, 0.8137490718345057, 0.12938684226217387, 0.12938684226217387, 0.8054949494597046, 0.9594244486497503, 0.4334934748184461, 0.4334934748184461, 0.4334934748184461, 0.8054949494597046, 0.8137490718345057, 0.8054949494597046, 0.9594244486497503, 0.12938684226217387, 0.4334934748184461, 0.4334934748184461, 0.4334934748184461, 0.8137490718345057, 0.8054949494597046, 0.9594244486497503, 0.9594244486497503, 0.4334934748184461, 0.8137490718345057, 0.4334934748184461, 0.4334934748184461, 0.8054949494597046, 0.12938684226217387, 0.4334934748184461, 0.8137490718345057, 0.8137490718345057, 0.4334934748184461, 0.8137490718345057]",1,train,9
0.33,1,32,0,67,100,17,1,1,1,0,0,0,0,0,1,0,1,0,0,"(array([0.4887358 , 0.47371051, 0.67073143]), array([0.85742426, 0.85782671, 0.71775037]), array([0.14688087, 0.14602019, 0.29068524]), array([0.49967808, 0.51421577, 0.32165208]))","['QwenPRM_min_scores (7.63B)', 'GPM (8B)', 'EurusPRMStage1_min_scores (7.62B)']","[0.12938684226217387, 0.12938684226217387, 0.4334934748184461, 0.12938684226217387, 0.12938684226217387, 0.12938684226217387, 0.12938684226217387, 0.4334934748184461, 0.4334934748184461, 0.4334934748184461, 0.4334934748184461, 0.12938684226217387, 0.12938684226217387, 0.4334934748184461, 0.4334934748184461, 0.4334934748184461, 0.4334934748184461, 0.8137490718345057, 0.4334934748184461, 0.4334934748184461, 0.4334934748184461, 0.4334934748184461, 0.12938684226217387, 0.12938684226217387, 0.12938684226217387, 0.12938684226217387, 0.12938684226217387, 0.12938684226217387, 0.12938684226217387, 0.4334934748184461, 0.12938684226217387, 0.12938684226217387, 0.4334934748184461, 0.12938684226217387, 0.4334934748184461, 0.4334934748184461, 0.4334934748184461, 0.12938684226217387, 0.12938684226217387, 0.12938684226217387, 0.4334934748184461, 0.4334934748184461, 0.4334934748184461, 0.4334934748184461, 0.4334934748184461, 0.12938684226217387, 0.4334934748184461, 0.12938684226217387, 0.4334934748184461, 0.4334934748184461, 0.12938684226217387, 0.4334934748184461, 0.12938684226217387, 0.12938684226217387, 0.4334934748184461, 0.4334934748184461, 0.4334934748184461, 0.12938684226217387, 0.12938684226217387, 0.12938684226217387, 0.4334934748184461, 0.4334934748184461, 0.12938684226217387, 0.4334934748184461, 0.4334934748184461, 0.4334934748184461, 0.4334934748184461, 0.4334934748184461, 0.12938684226217387, 0.4334934748184461, 0.12938684226217387, 0.4334934748184461, 0.4334934748184461, 0.4334934748184461, 0.12938684226217387, 0.12938684226217387, 0.12938684226217387, 0.12938684226217387, 0.4334934748184461, 0.12938684226217387, 0.4334934748184461, 0.4334934748184461, 0.4334934748184461, 0.12938684226217387, 0.12938684226217387, 0.4334934748184461, 0.4334934748184461, 0.4334934748184461, 0.12938684226217387, 0.12938684226217387, 0.4334934748184461, 0.4334934748184461, 0.4334934748184461, 0.12938684226217387, 0.4334934748184461, 0.4334934748184461, 0.4334934748184461, 0.12938684226217387, 0.12938684226217387, 0.4334934748184461]",2,train,6
0.66,37,29,0,34,100,11,1,1,1,0,0,0,11,1,1,1,0,0,0,"(array([0.4887358 , 0.47371051, 0.67073143]), array([0.85742426, 0.85782671, 0.71775037]), array([0.14688087, 0.14602019, 0.29068524]), array([0.49967808, 0.51421577, 0.32165208]))","['QwenPRM_min_scores (7.63B)', 'GPM (8B)', 'EurusPRMStage1_min_scores (7.62B)']","[0.4457690732730755, 0.8054949494597046, 0.8054949494597046, 0.4457690732730755, 0.8054949494597046, 0.8137490718345057, 0.4334934748184461, 0.12938684226217387, 0.8137490718345057, 0.4334934748184461, 0.8054949494597046, 0.9594244486497503, 0.4457690732730755, 0.4334934748184461, 0.8054949494597046, 0.12938684226217387, 0.4457690732730755, 0.12938684226217387, 0.8137490718345057, 0.9594244486497503, 0.8137490718345057, 0.4457690732730755, 0.4334934748184461, 0.4457690732730755, 0.8137490718345057, 0.8137490718345057, 0.4457690732730755, 0.4590365249295756, 0.12938684226217387, 0.8054949494597046, 0.12938684226217387, 0.8054949494597046, 0.9594244486497503, 0.12938684226217387, 0.9594244486497503, 0.8137490718345057, 0.4457690732730755, 0.4457690732730755, 0.4334934748184461, 0.4457690732730755, 0.4334934748184461, 0.12938684226217387, 0.9594244486497503, 0.8137490718345057, 0.12938684226217387, 0.4334934748184461, 0.12938684226217387, 0.12938684226217387, 0.12938684226217387, 0.4334934748184461, 0.12938684226217387, 0.4334934748184461, 0.4457690732730755, 0.8137490718345057, 0.4334934748184461, 0.4590365249295756, 0.12938684226217387, 0.12938684226217387, 0.8137490718345057, 0.9594244486497503, 0.8054949494597046, 0.4457690732730755, 0.4457690732730755, 0.4457690732730755, 0.8054949494597046, 0.12938684226217387, 0.8054949494597046, 0.8137490718345057, 0.4457690732730755, 0.8054949494597046, 0.4457690732730755, 0.4334934748184461, 0.12938684226217387, 0.4457690732730755, 0.9594244486497503, 0.4334934748184461, 0.8137490718345057, 0.4334934748184461, 0.8054949494597046, 0.8137490718345057, 0.8137490718345057, 0.4457690732730755, 0.12938684226217387, 0.4457690732730755, 0.12938684226217387, 0.8137490718345057, 0.4334934748184461, 0.12938684226217387, 0.4334934748184461, 0.4457690732730755, 0.4334934748184461, 0.8137490718345057, 0.4334934748184461, 0.4457690732730755, 0.4457690732730755, 0.9594244486497503, 0.12938684226217387, 0.12938684226217387, 0.4334934748184461, 0.8054949494597046]",3,train,7
0.72,0,72,0,28,100,12,0,1,0,0,0,1,0,0,1,0,1,0,0,"(array([0.4887358 , 0.47371051, 0.67073143]), array([0.85742426, 0.85782671, 0.71775037]), array([0.14688087, 0.14602019, 0.29068524]), array([0.49967808, 0.51421577, 0.32165208]))","['QwenPRM_min_scores (7.63B)', 'GPM (8B)', 'EurusPRMStage1_min_scores (7.62B)']","[0.12938684226217387, 0.12938684226217387, 0.12938684226217387, 0.12938684226217387, 0.12938684226217387, 0.12938684226217387, 0.12938684226217387, 0.12938684226217387, 0.12938684226217387, 0.12938684226217387, 0.12938684226217387, 0.12938684226217387, 0.4334934748184461, 0.12938684226217387, 0.12938684226217387, 0.12938684226217387, 0.12938684226217387, 0.12938684226217387, 0.12938684226217387, 0.12938684226217387, 0.12938684226217387, 0.4334934748184461, 0.4334934748184461, 0.12938684226217387, 0.12938684226217387, 0.4334934748184461, 0.4334934748184461, 0.12938684226217387, 0.12938684226217387, 0.12938684226217387, 0.12938684226217387, 0.12938684226217387, 0.12938684226217387, 0.12938684226217387, 0.12938684226217387, 0.12938684226217387, 0.12938684226217387, 0.12938684226217387, 0.12938684226217387, 0.12938684226217387, 0.4334934748184461, 0.4334934748184461, 0.12938684226217387, 0.12938684226217387, 0.4334934748184461, 0.12938684226217387, 0.12938684226217387, 0.12938684226217387, 0.4334934748184461, 0.4334934748184461, 0.12938684226217387, 0.12938684226217387, 0.4334934748184461, 0.4334934748184461, 0.12938684226217387, 0.4334934748184461, 0.4334934748184461, 0.12938684226217387, 0.12938684226217387, 0.12938684226217387, 0.12938684226217387, 0.12938684226217387, 0.12938684226217387, 0.12938684226217387, 0.12938684226217387, 0.12938684226217387, 0.12938684226217387, 0.4334934748184461, 0.4334934748184461, 0.4334934748184461, 0.12938684226217387, 0.12938684226217387, 0.12938684226217387, 0.12938684226217387, 0.12938684226217387, 0.12938684226217387, 0.12938684226217387, 0.4334934748184461, 0.4334934748184461, 0.12938684226217387, 0.12938684226217387, 0.12938684226217387, 0.12938684226217387, 0.12938684226217387, 0.12938684226217387, 0.12938684226217387, 0.4334934748184461, 0.12938684226217387, 0.4334934748184461, 0.12938684226217387, 0.12938684226217387, 0.12938684226217387, 0.4334934748184461, 0.12938684226217387, 0.12938684226217387, 0.4334934748184461, 0.12938684226217387, 0.12938684226217387, 0.4334934748184461, 0.12938684226217387]",4,train,2
0.58,26,32,5,37,100,6,1,1,1,0,0,0,6,1,1,1,0,0,0,"(array([0.4887358 , 0.47371051, 0.67073143]), array([0.85742426, 0.85782671, 0.71775037]), array([0.14688087, 0.14602019, 0.29068524]), array([0.49967808, 0.51421577, 0.32165208]))","['QwenPRM_min_scores (7.63B)', 'GPM (8B)', 'EurusPRMStage1_min_scores (7.62B)']","[0.4334934748184461, 0.8054949494597046, 0.4457690732730755, 0.8054949494597046, 0.4334934748184461, 0.12938684226217387, 0.9594244486497503, 0.4590365249295756, 0.12938684226217387, 0.8137490718345057, 0.4334934748184461, 0.4334934748184461, 0.4334934748184461, 0.8137490718345057, 0.12938684226217387, 0.8137490718345057, 0.12938684226217387, 0.82118382673388, 0.4334934748184461, 0.4457690732730755, 0.4457690732730755, 0.4334934748184461, 0.8137490718345057, 0.8054949494597046, 0.12938684226217387, 0.82118382673388, 0.12938684226217387, 0.12938684226217387, 0.4457690732730755, 0.12938684226217387, 0.4590365249295756, 0.12938684226217387, 0.12938684226217387, 0.82118382673388, 0.8137490718345057, 0.4334934748184461, 0.12938684226217387, 0.12938684226217387, 0.4457690732730755, 0.8054949494597046, 0.4334934748184461, 0.82118382673388, 0.4457690732730755, 0.4457690732730755, 0.9594244486497503, 0.4334934748184461, 0.4334934748184461, 0.8137490718345057, 0.4334934748184461, 0.12938684226217387, 0.4334934748184461, 0.4334934748184461, 0.82118382673388, 0.4334934748184461, 0.8054949494597046, 0.12938684226217387, 0.4457690732730755, 0.12938684226217387, 0.8137490718345057, 0.12938684226217387, 0.8054949494597046, 0.12938684226217387, 0.4334934748184461, 0.82118382673388, 0.4457690732730755, 0.4334934748184461, 0.4334934748184461, 0.12938684226217387, 0.8054949494597046, 0.4334934748184461, 0.8054949494597046, 0.8054949494597046, 0.4457690732730755, 0.12938684226217387, 0.12938684226217387, 0.4334934748184461, 0.4457690732730755, 0.8054949494597046, 0.8137490718345057, 0.4457690732730755, 0.12938684226217387, 0.8054949494597046, 0.4334934748184461, 0.4334934748184461, 0.8137490718345057, 0.4334934748184461, 0.8137490718345057, 0.4457690732730755, 0.82118382673388, 0.12938684226217387, 0.12938684226217387, 0.4334934748184461, 0.12938684226217387, 0.4334934748184461, 0.12938684226217387, 0.4457690732730755, 0.4334934748184461, 0.8054949494597046, 0.12938684226217387, 0.12938684226217387]",5,train,6
0.95,0,95,3,2,100,13,0,1,0,0,0,1,0,0,1,0,1,0,0,"(array([0.4887358 , 0.47371051, 0.67073143]), array([0.85742426, 0.85782671, 0.71775037]), array([0.14688087, 0.14602019, 0.29068524]), array([0.49967808, 0.51421577, 0.32165208]))","['QwenPRM_min_scores (7.63B)', 'GPM (8B)', 'EurusPRMStage1_min_scores (7.62B)']","[0.12938684226217387, 0.12938684226217387, 0.12938684226217387, 0.4334934748184461, 0.4334934748184461, 0.12938684226217387, 0.4334934748184461, 0.12938684226217387, 0.4334934748184461, 0.12938684226217387, 0.12938684226217387, 0.12938684226217387, 0.12938684226217387, 0.8054949494597046, 0.12938684226217387, 0.4334934748184461, 0.12938684226217387, 0.4334934748184461, 0.12938684226217387, 0.4334934748184461, 0.4457690732730755, 0.4334934748184461, 0.12938684226217387, 0.4334934748184461, 0.12938684226217387, 0.12938684226217387, 0.4334934748184461, 0.12938684226217387, 0.12938684226217387, 0.4457690732730755, 0.4334934748184461, 0.4457690732730755, 0.12938684226217387, 0.12938684226217387, 0.12938684226217387, 0.4457690732730755, 0.4334934748184461, 0.4457690732730755, 0.8054949494597046, 0.12938684226217387, 0.12938684226217387, 0.12938684226217387, 0.4457690732730755, 0.4334934748184461, 0.4334934748184461, 0.12938684226217387, 0.4334934748184461, 0.12938684226217387, 0.12938684226217387, 0.4334934748184461, 0.12938684226217387, 0.4334934748184461, 0.12938684226217387, 0.12938684226217387, 0.12938684226217387, 0.4334934748184461, 0.4334934748184461, 0.12938684226217387, 0.4334934748184461, 0.4334934748184461, 0.4334934748184461, 0.4457690732730755, 0.4334934748184461, 0.12938684226217387, 0.12938684226217387, 0.4457690732730755, 0.12938684226217387, 0.4334934748184461, 0.12938684226217387, 0.8054949494597046, 0.4334934748184461, 0.4334934748184461, 0.12938684226217387, 0.4334934748184461, 0.4334934748184461, 0.4334934748184461, 0.4334934748184461, 0.12938684226217387, 0.4334934748184461, 0.4334934748184461, 0.12938684226217387, 0.12938684226217387, 0.4334934748184461, 0.12938684226217387, 0.4334934748184461, 0.12938684226217387, 0.12938684226217387, 0.4334934748184461, 0.12938684226217387, 0.12938684226217387, 0.4334934748184461, 0.4334934748184461, 0.12938684226217387, 0.12938684226217387, 0.12938684226217387, 0.12938684226217387, 0.12938684226217387, 0.4334934748184461, 0.4334934748184461, 0.4334934748184461]",6,train,0
0.48,44,4,0,52,100,33,1,1,1,0,0,0,33,1,1,1,0,0,0,"(array([0.4887358 , 0.47371051, 0.67073143]), array([0.85742426, 0.85782671, 0.71775037]), array([0.14688087, 0.14602019, 0.29068524]), array([0.49967808, 0.51421577, 0.32165208]))","['QwenPRM_min_scores (7.63B)', 'GPM (8B)', 'EurusPRMStage1_min_scores (7.62B)']","[0.8054949494597046, 0.4334934748184461, 0.4334934748184461, 0.4334934748184461, 0.12938684226217387, 0.12938684226217387, 0.8054949494597046, 0.4334934748184461, 0.8054949494597046, 0.8137490718345057, 0.8054949494597046, 0.4334934748184461, 0.8054949494597046, 0.4334934748184461, 0.4334934748184461, 0.8054949494597046, 0.8054949494597046, 0.8054949494597046, 0.8054949494597046, 0.4334934748184461, 0.8054949494597046, 0.8054949494597046, 0.4334934748184461, 0.4457690732730755, 0.4457690732730755, 0.4334934748184461, 0.8054949494597046, 0.8054949494597046, 0.8054949494597046, 0.4457690732730755, 0.4457690732730755, 0.8054949494597046, 0.8054949494597046, 0.9594244486497503, 0.8054949494597046, 0.4334934748184461, 0.4457690732730755, 0.8054949494597046, 0.4457690732730755, 0.4334934748184461, 0.8054949494597046, 0.4334934748184461, 0.4334934748184461, 0.4334934748184461, 0.12938684226217387, 0.4334934748184461, 0.8054949494597046, 0.4334934748184461, 0.12938684226217387, 0.4334934748184461, 0.4334934748184461, 0.4334934748184461, 0.4334934748184461, 0.8054949494597046, 0.4334934748184461, 0.8054949494597046, 0.8054949494597046, 0.8054949494597046, 0.8137490718345057, 0.8054949494597046, 0.4334934748184461, 0.4457690732730755, 0.8054949494597046, 0.8054949494597046, 0.8054949494597046, 0.4334934748184461, 0.4334934748184461, 0.8054949494597046, 0.4457690732730755, 0.8054949494597046, 0.12938684226217387, 0.4457690732730755, 0.4334934748184461, 0.8137490718345057, 0.4334934748184461, 0.4334934748184461, 0.8054949494597046, 0.4457690732730755, 0.4457690732730755, 0.4334934748184461, 0.4334934748184461, 0.4334934748184461, 0.12938684226217387, 0.8137490718345057, 0.8054949494597046, 0.4457690732730755, 0.4457690732730755, 0.8054949494597046, 0.4334934748184461, 0.8054949494597046, 0.8054949494597046, 0.4334934748184461, 0.4334934748184461, 0.4334934748184461, 0.8054949494597046, 0.8054949494597046, 0.4334934748184461, 0.8054949494597046, 0.4334934748184461, 0.8054949494597046]",7,train,9
0.56,13,43,0,44,100,5,1,1,1,0,0,0,0,0,1,0,1,0,0,"(array([0.4887358 , 0.47371051, 0.67073143]), array([0.85742426, 0.85782671, 0.71775037]), array([0.14688087, 0.14602019, 0.29068524]), array([0.49967808, 0.51421577, 0.32165208]))","['QwenPRM_min_scores (7.63B)', 'GPM (8B)', 'EurusPRMStage1_min_scores (7.62B)']","[0.12938684226217387, 0.4334934748184461, 0.4334934748184461, 0.12938684226217387, 0.4334934748184461, 0.8137490718345057, 0.8137490718345057, 0.12938684226217387, 0.4334934748184461, 0.4334934748184461, 0.4334934748184461, 0.4334934748184461, 0.12938684226217387, 0.4334934748184461, 0.12938684226217387, 0.4334934748184461, 0.4334934748184461, 0.12938684226217387, 0.8137490718345057, 0.4334934748184461, 0.8137490718345057, 0.4334934748184461, 0.4334934748184461, 0.8137490718345057, 0.8137490718345057, 0.8137490718345057, 0.12938684226217387, 0.12938684226217387, 0.4334934748184461, 0.12938684226217387, 0.12938684226217387, 0.12938684226217387, 0.12938684226217387, 0.4334934748184461, 0.12938684226217387, 0.4334934748184461, 0.12938684226217387, 0.12938684226217387, 0.12938684226217387, 0.12938684226217387, 0.12938684226217387, 0.4334934748184461, 0.12938684226217387, 0.4334934748184461, 0.12938684226217387, 0.12938684226217387, 0.4334934748184461, 0.12938684226217387, 0.4334934748184461, 0.4334934748184461, 0.4334934748184461, 0.12938684226217387, 0.4334934748184461, 0.4334934748184461, 0.12938684226217387, 0.12938684226217387, 0.12938684226217387, 0.4334934748184461, 0.12938684226217387, 0.4334934748184461, 0.12938684226217387, 0.4334934748184461, 0.4334934748184461, 0.4334934748184461, 0.12938684226217387, 0.12938684226217387, 0.4334934748184461, 0.12938684226217387, 0.12938684226217387, 0.12938684226217387, 0.8137490718345057, 0.4334934748184461, 0.4334934748184461, 0.4334934748184461, 0.4334934748184461, 0.12938684226217387, 0.12938684226217387, 0.12938684226217387, 0.8137490718345057, 0.12938684226217387, 0.12938684226217387, 0.12938684226217387, 0.12938684226217387, 0.12938684226217387, 0.12938684226217387, 0.4334934748184461, 0.12938684226217387, 0.8137490718345057, 0.8137490718345057, 0.12938684226217387, 0.12938684226217387, 0.4334934748184461, 0.8137490718345057, 0.12938684226217387, 0.12938684226217387, 0.12938684226217387, 0.12938684226217387, 0.4334934748184461, 0.12938684226217387, 0.8137490718345057]",8,train,5
0.79,0,79,0,21,100,16,0,1,0,0,0,1,0,0,1,0,1,0,0,"(array([0.4887358 , 0.47371051, 0.67073143]), array([0.85742426, 0.85782671, 0.71775037]), array([0.14688087, 0.14602019, 0.29068524]), array([0.49967808, 0.51421577, 0.32165208]))","['QwenPRM_min_scores (7.63B)', 'GPM (8B)', 'EurusPRMStage1_min_scores (7.62B)']","[0.12938684226217387, 0.12938684226217387, 0.12938684226217387, 0.12938684226217387, 0.12938684226217387, 0.12938684226217387, 0.12938684226217387, 0.12938684226217387, 0.12938684226217387, 0.12938684226217387, 0.12938684226217387, 0.12938684226217387, 0.12938684226217387, 0.12938684226217387, 0.12938684226217387, 0.12938684226217387, 0.4334934748184461, 0.4334934748184461, 0.4334934748184461, 0.4334934748184461, 0.12938684226217387, 0.12938684226217387, 0.12938684226217387, 0.12938684226217387, 0.12938684226217387, 0.4334934748184461, 0.12938684226217387, 0.12938684226217387, 0.12938684226217387, 0.12938684226217387, 0.12938684226217387, 0.12938684226217387, 0.12938684226217387, 0.12938684226217387, 0.12938684226217387, 0.4334934748184461, 0.12938684226217387, 0.12938684226217387, 0.12938684226217387, 0.4334934748184461, 0.4334934748184461, 0.4334934748184461, 0.12938684226217387, 0.12938684226217387, 0.12938684226217387, 0.12938684226217387, 0.12938684226217387, 0.12938684226217387, 0.12938684226217387, 0.4334934748184461, 0.4334934748184461, 0.12938684226217387, 0.12938684226217387, 0.4334934748184461, 0.4334934748184461, 0.4334934748184461, 0.12938684226217387, 0.4334934748184461, 0.12938684226217387, 0.12938684226217387, 0.12938684226217387, 0.12938684226217387, 0.12938684226217387, 0.12938684226217387, 0.12938684226217387, 0.12938684226217387, 0.12938684226217387, 0.12938684226217387, 0.12938684226217387, 0.12938684226217387, 0.4334934748184461, 0.4334934748184461, 0.12938684226217387, 0.12938684226217387, 0.12938684226217387, 0.12938684226217387, 0.12938684226217387, 0.12938684226217387, 0.12938684226217387, 0.12938684226217387, 0.12938684226217387, 0.12938684226217387, 0.4334934748184461, 0.12938684226217387, 0.12938684226217387, 0.12938684226217387, 0.12938684226217387, 0.4334934748184461, 0.12938684226217387, 0.12938684226217387, 0.12938684226217387, 0.4334934748184461, 0.4334934748184461, 0.4334934748184461, 0.12938684226217387, 0.12938684226217387, 0.4334934748184461, 0.12938684226217387, 0.12938684226217387, 0.12938684226217387]",9,train,2
0.84,1,83,0,16,100,54,1,1,1,0,0,0,0,0,1,0,1,0,0,"(array([0.4887358 , 0.47371051, 0.67073143]), array([0.85742426, 0.85782671, 0.71775037]), array([0.14688087, 0.14602019, 0.29068524]), array([0.49967808, 0.51421577, 0.32165208]))","['QwenPRM_min_scores (7.63B)', 'GPM (8B)', 'EurusPRMStage1_min_scores (7.62B)']","[0.12938684226217387, 0.12938684226217387, 0.12938684226217387, 0.12938684226217387, 0.12938684226217387, 0.12938684226217387, 0.12938684226217387, 0.12938684226217387, 0.12938684226217387, 0.12938684226217387, 0.12938684226217387, 0.12938684226217387, 0.12938684226217387, 0.12938684226217387, 0.12938684226217387, 0.12938684226217387, 0.4334934748184461, 0.12938684226217387, 0.12938684226217387, 0.12938684226217387, 0.12938684226217387, 0.12938684226217387, 0.12938684226217387, 0.12938684226217387, 0.12938684226217387, 0.12938684226217387, 0.12938684226217387, 0.12938684226217387, 0.12938684226217387, 0.12938684226217387, 0.12938684226217387, 0.4334934748184461, 0.12938684226217387, 0.12938684226217387, 0.12938684226217387, 0.4334934748184461, 0.12938684226217387, 0.12938684226217387, 0.12938684226217387, 0.12938684226217387, 0.12938684226217387, 0.12938684226217387, 0.12938684226217387, 0.12938684226217387, 0.12938684226217387, 0.12938684226217387, 0.12938684226217387, 0.12938684226217387, 0.12938684226217387, 0.12938684226217387, 0.12938684226217387, 0.4334934748184461, 0.12938684226217387, 0.12938684226217387, 0.8137490718345057, 0.4334934748184461, 0.4334934748184461, 0.12938684226217387, 0.12938684226217387, 0.12938684226217387, 0.12938684226217387, 0.4334934748184461, 0.12938684226217387, 0.12938684226217387, 0.4334934748184461, 0.12938684226217387, 0.12938684226217387, 0.12938684226217387, 0.12938684226217387, 0.12938684226217387, 0.12938684226217387, 0.12938684226217387, 0.12938684226217387, 0.12938684226217387, 0.12938684226217387, 0.12938684226217387, 0.12938684226217387, 0.12938684226217387, 0.12938684226217387, 0.4334934748184461, 0.4334934748184461, 0.12938684226217387, 0.12938684226217387, 0.12938684226217387, 0.12938684226217387, 0.12938684226217387, 0.12938684226217387, 0.12938684226217387, 0.12938684226217387, 0.12938684226217387, 0.12938684226217387, 0.12938684226217387, 0.12938684226217387, 0.12938684226217387, 0.12938684226217387, 0.12938684226217387, 0.12938684226217387, 0.12938684226217387, 0.12938684226217387, 0.4334934748184461]",10,train,1
0.47,13,34,0,53,100,69,1,1,1,0,0,0,69,1,1,1,0,0,0,"(array([0.4887358 , 0.47371051, 0.67073143]), array([0.85742426, 0.85782671, 0.71775037]), array([0.14688087, 0.14602019, 0.29068524]), array([0.49967808, 0.51421577, 0.32165208]))","['QwenPRM_min_scores (7.63B)', 'GPM (8B)', 'EurusPRMStage1_min_scores (7.62B)']","[0.12938684226217387, 0.8137490718345057, 0.4334934748184461, 0.8137490718345057, 0.4334934748184461, 0.4334934748184461, 0.4334934748184461, 0.4334934748184461, 0.12938684226217387, 0.12938684226217387, 0.4334934748184461, 0.12938684226217387, 0.4334934748184461, 0.4457690732730755, 0.4334934748184461, 0.4334934748184461, 0.4334934748184461, 0.12938684226217387, 0.4334934748184461, 0.12938684226217387, 0.12938684226217387, 0.8137490718345057, 0.4334934748184461, 0.12938684226217387, 0.8137490718345057, 0.4334934748184461, 0.8137490718345057, 0.12938684226217387, 0.12938684226217387, 0.4334934748184461, 0.8137490718345057, 0.4334934748184461, 0.12938684226217387, 0.12938684226217387, 0.4334934748184461, 0.4334934748184461, 0.12938684226217387, 0.4334934748184461, 0.4334934748184461, 0.8137490718345057, 0.12938684226217387, 0.12938684226217387, 0.4334934748184461, 0.4334934748184461, 0.4334934748184461, 0.4334934748184461, 0.8137490718345057, 0.12938684226217387, 0.4334934748184461, 0.12938684226217387, 0.4334934748184461, 0.12938684226217387, 0.4334934748184461, 0.4334934748184461, 0.8137490718345057, 0.12938684226217387, 0.12938684226217387, 0.4334934748184461, 0.12938684226217387, 0.4334934748184461, 0.12938684226217387, 0.12938684226217387, 0.4334934748184461, 0.4334934748184461, 0.12938684226217387, 0.8137490718345057, 0.12938684226217387, 0.12938684226217387, 0.8137490718345057, 0.9594244486497503, 0.8137490718345057, 0.4334934748184461, 0.12938684226217387, 0.12938684226217387, 0.12938684226217387, 0.12938684226217387, 0.4334934748184461, 0.4334934748184461, 0.4334934748184461, 0.4334934748184461, 0.12938684226217387, 0.4334934748184461, 0.12938684226217387, 0.4334934748184461, 0.4334934748184461, 0.12938684226217387, 0.12938684226217387, 0.4334934748184461, 0.4334934748184461, 0.4334934748184461, 0.12938684226217387, 0.12938684226217387, 0.12938684226217387, 0.4334934748184461, 0.12938684226217387, 0.4334934748184461, 0.12938684226217387, 0.12938684226217387, 0.4334934748184461, 0.4334934748184461]",11,train,6
0.53,44,9,0,47,100,3,1,1,1,0,0,0,3,1,1,1,0,0,0,"(array([0.4887358 , 0.47371051, 0.67073143]), array([0.85742426, 0.85782671, 0.71775037]), array([0.14688087, 0.14602019, 0.29068524]), array([0.49967808, 0.51421577, 0.32165208]))","['QwenPRM_min_scores (7.63B)', 'GPM (8B)', 'EurusPRMStage1_min_scores (7.62B)']","[0.8137490718345057, 0.12938684226217387, 0.4334934748184461, 0.9594244486497503, 0.12938684226217387, 0.12938684226217387, 0.4334934748184461, 0.8054949494597046, 0.8054949494597046, 0.8137490718345057, 0.8054949494597046, 0.4334934748184461, 0.4334934748184461, 0.4334934748184461, 0.8137490718345057, 0.4334934748184461, 0.12938684226217387, 0.8054949494597046, 0.82118382673388, 0.12938684226217387, 0.8137490718345057, 0.8137490718345057, 0.4334934748184461, 0.12938684226217387, 0.12938684226217387, 0.9594244486497503, 0.9594244486497503, 0.82118382673388, 0.9594244486497503, 0.4457690732730755, 0.4457690732730755, 0.4334934748184461, 0.8137490718345057, 0.4334934748184461, 0.4334934748184461, 0.4457690732730755, 0.8054949494597046, 0.4590365249295756, 0.8137490718345057, 0.4590365249295756, 0.8054949494597046, 0.8137490718345057, 0.8054949494597046, 0.8137490718345057, 0.8137490718345057, 0.12938684226217387, 0.4590365249295756, 0.9594244486497503, 0.12938684226217387, 0.8054949494597046, 0.8137490718345057, 0.4590365249295756, 0.9594244486497503, 0.4334934748184461, 0.4457690732730755, 0.12938684226217387, 0.8054949494597046, 0.9594244486497503, 0.9594244486497503, 0.4334934748184461, 0.12938684226217387, 0.12938684226217387, 0.4334934748184461, 0.4334934748184461, 0.82118382673388, 0.8137490718345057, 0.9594244486497503, 0.9594244486497503, 0.8054949494597046, 0.12938684226217387, 0.9594244486497503, 0.12938684226217387, 0.4457690732730755, 0.12938684226217387, 0.4457690732730755, 0.4334934748184461, 0.8137490718345057, 0.4457690732730755, 0.82118382673388, 0.4334934748184461, 0.8137490718345057, 0.8137490718345057, 0.12938684226217387, 0.4334934748184461, 0.4334934748184461, 0.8137490718345057, 0.4334934748184461, 0.4590365249295756, 0.4590365249295756, 0.4334934748184461, 0.8054949494597046, 0.4334934748184461, 0.8054949494597046, 0.4457690732730755, 0.12938684226217387, 0.12938684226217387, 0.4457690732730755, 0.4334934748184461, 0.4334934748184461, 0.8137490718345057]",12,train,9
0.76,0,76,0,24,100,0,0,1,0,0,0,1,2,0,1,0,1,0,0,"(array([0.4887358 , 0.47371051, 0.67073143]), array([0.85742426, 0.85782671, 0.71775037]), array([0.14688087, 0.14602019, 0.29068524]), array([0.49967808, 0.51421577, 0.32165208]))","['QwenPRM_min_scores (7.63B)', 'GPM (8B)', 'EurusPRMStage1_min_scores (7.62B)']","[0.4334934748184461, 0.4334934748184461, 0.12938684226217387, 0.4334934748184461, 0.12938684226217387, 0.4334934748184461, 0.4334934748184461, 0.4334934748184461, 0.4334934748184461, 0.12938684226217387, 0.12938684226217387, 0.4334934748184461, 0.12938684226217387, 0.12938684226217387, 0.12938684226217387, 0.12938684226217387, 0.4334934748184461, 0.12938684226217387, 0.12938684226217387, 0.12938684226217387, 0.12938684226217387, 0.12938684226217387, 0.12938684226217387, 0.4334934748184461, 0.4334934748184461, 0.12938684226217387, 0.12938684226217387, 0.12938684226217387, 0.12938684226217387, 0.12938684226217387, 0.12938684226217387, 0.4334934748184461, 0.4334934748184461, 0.4334934748184461, 0.12938684226217387, 0.4334934748184461, 0.12938684226217387, 0.4334934748184461, 0.4334934748184461, 0.4334934748184461, 0.4334934748184461, 0.4334934748184461, 0.12938684226217387, 0.4334934748184461, 0.4334934748184461, 0.12938684226217387, 0.12938684226217387, 0.12938684226217387, 0.12938684226217387, 0.4334934748184461, 0.4334934748184461, 0.4334934748184461, 0.12938684226217387, 0.4334934748184461, 0.12938684226217387, 0.4334934748184461, 0.12938684226217387, 0.12938684226217387, 0.12938684226217387, 0.4334934748184461, 0.4334934748184461, 0.4334934748184461, 0.12938684226217387, 0.4334934748184461, 0.12938684226217387, 0.4334934748184461, 0.4334934748184461, 0.4334934748184461, 0.4334934748184461, 0.4334934748184461, 0.12938684226217387, 0.4334934748184461, 0.12938684226217387, 0.12938684226217387, 0.4334934748184461, 0.4334934748184461, 0.4334934748184461, 0.4334934748184461, 0.4334934748184461, 0.4334934748184461, 0.12938684226217387, 0.4334934748184461, 0.4334934748184461, 0.4334934748184461, 0.12938684226217387, 0.4334934748184461, 0.4334934748184461, 0.12938684226217387, 0.4334934748184461, 0.4334934748184461, 0.12938684226217387, 0.12938684226217387, 0.12938684226217387, 0.12938684226217387, 0.4334934748184461, 0.4334934748184461, 0.4334934748184461, 0.12938684226217387, 0.4334934748184461, 0.4334934748184461]",13,train,2
0.38,1,37,0,62,100,60,1,1,1,0,0,0,0,0,1,0,1,0,0,"(array([0.4887358 , 0.47371051, 0.67073143]), array([0.85742426, 0.85782671, 0.71775037]), array([0.14688087, 0.14602019, 0.29068524]), array([0.49967808, 0.51421577, 0.32165208]))","['QwenPRM_min_scores (7.63B)', 'GPM (8B)', 'EurusPRMStage1_min_scores (7.62B)']","[0.12938684226217387, 0.4334934748184461, 0.12938684226217387, 0.12938684226217387, 0.12938684226217387, 0.12938684226217387, 0.12938684226217387, 0.4334934748184461, 0.12938684226217387, 0.12938684226217387, 0.12938684226217387, 0.4334934748184461, 0.4334934748184461, 0.12938684226217387, 0.4334934748184461, 0.12938684226217387, 0.12938684226217387, 0.12938684226217387, 0.12938684226217387, 0.12938684226217387, 0.12938684226217387, 0.12938684226217387, 0.12938684226217387, 0.4334934748184461, 0.12938684226217387, 0.4334934748184461, 0.4334934748184461, 0.12938684226217387, 0.12938684226217387, 0.4334934748184461, 0.12938684226217387, 0.12938684226217387, 0.4334934748184461, 0.12938684226217387, 0.12938684226217387, 0.12938684226217387, 0.4334934748184461, 0.12938684226217387, 0.12938684226217387, 0.12938684226217387, 0.12938684226217387, 0.4334934748184461, 0.12938684226217387, 0.4334934748184461, 0.12938684226217387, 0.12938684226217387, 0.4334934748184461, 0.4334934748184461, 0.12938684226217387, 0.4334934748184461, 0.4334934748184461, 0.12938684226217387, 0.12938684226217387, 0.12938684226217387, 0.4457690732730755, 0.4334934748184461, 0.4334934748184461, 0.4334934748184461, 0.12938684226217387, 0.12938684226217387, 0.8054949494597046, 0.4334934748184461, 0.12938684226217387, 0.4334934748184461, 0.12938684226217387, 0.12938684226217387, 0.12938684226217387, 0.12938684226217387, 0.12938684226217387, 0.12938684226217387, 0.4334934748184461, 0.12938684226217387, 0.4334934748184461, 0.4334934748184461, 0.12938684226217387, 0.4334934748184461, 0.4334934748184461, 0.4334934748184461, 0.12938684226217387, 0.12938684226217387, 0.4457690732730755, 0.4334934748184461, 0.4334934748184461, 0.12938684226217387, 0.4334934748184461, 0.12938684226217387, 0.12938684226217387, 0.12938684226217387, 0.12938684226217387, 0.4334934748184461, 0.4334934748184461, 0.4334934748184461, 0.12938684226217387, 0.4334934748184461, 0.12938684226217387, 0.12938684226217387, 0.12938684226217387, 0.4334934748184461, 0.12938684226217387, 0.12938684226217387]",14,train,6
0.54,17,37,0,46,100,0,1,1,1,0,0,0,1,0,1,0,1,0,0,"(array([0.4887358 , 0.47371051, 0.67073143]), array([0.85742426, 0.85782671, 0.71775037]), array([0.14688087, 0.14602019, 0.29068524]), array([0.49967808, 0.51421577, 0.32165208]))","['QwenPRM_min_scores (7.63B)', 'GPM (8B)', 'EurusPRMStage1_min_scores (7.62B)']","[0.8137490718345057, 0.12938684226217387, 0.4334934748184461, 0.8137490718345057, 0.12938684226217387, 0.4334934748184461, 0.12938684226217387, 0.8137490718345057, 0.4334934748184461, 0.4334934748184461, 0.4334934748184461, 0.12938684226217387, 0.8137490718345057, 0.8137490718345057, 0.4334934748184461, 0.12938684226217387, 0.12938684226217387, 0.12938684226217387, 0.12938684226217387, 0.4334934748184461, 0.12938684226217387, 0.4334934748184461, 0.12938684226217387, 0.12938684226217387, 0.12938684226217387, 0.12938684226217387, 0.12938684226217387, 0.8137490718345057, 0.4334934748184461, 0.4334934748184461, 0.4334934748184461, 0.12938684226217387, 0.4334934748184461, 0.12938684226217387, 0.4334934748184461, 0.4457690732730755, 0.12938684226217387, 0.8137490718345057, 0.12938684226217387, 0.12938684226217387, 0.4334934748184461, 0.12938684226217387, 0.4334934748184461, 0.12938684226217387, 0.4334934748184461, 0.4334934748184461, 0.12938684226217387, 0.12938684226217387, 0.8137490718345057, 0.8137490718345057, 0.8137490718345057, 0.4334934748184461, 0.4334934748184461, 0.8137490718345057, 0.12938684226217387, 0.4334934748184461, 0.12938684226217387, 0.4334934748184461, 0.4334934748184461, 0.8137490718345057, 0.12938684226217387, 0.12938684226217387, 0.12938684226217387, 0.4334934748184461, 0.8137490718345057, 0.4334934748184461, 0.4334934748184461, 0.8137490718345057, 0.12938684226217387, 0.4334934748184461, 0.4334934748184461, 0.12938684226217387, 0.12938684226217387, 0.12938684226217387, 0.4334934748184461, 0.12938684226217387, 0.4334934748184461, 0.4334934748184461, 0.8137490718345057, 0.12938684226217387, 0.4334934748184461, 0.4334934748184461, 0.12938684226217387, 0.4334934748184461, 0.4334934748184461, 0.8137490718345057, 0.4334934748184461, 0.4334934748184461, 0.12938684226217387, 0.8137490718345057, 0.4334934748184461, 0.12938684226217387, 0.12938684226217387, 0.4334934748184461, 0.12938684226217387, 0.12938684226217387, 0.12938684226217387, 0.4334934748184461, 0.12938684226217387, 0.12938684226217387]",15,train,6
0.5,28,22,0,50,100,3,1,1,1,0,0,0,1,0,0,0,0,0,1,"(array([0.4887358 , 0.47371051, 0.67073143]), array([0.85742426, 0.85782671, 0.71775037]), array([0.14688087, 0.14602019, 0.29068524]), array([0.49967808, 0.51421577, 0.32165208]))","['QwenPRM_min_scores (7.63B)', 'GPM (8B)', 'EurusPRMStage1_min_scores (7.62B)']","[0.4334934748184461, 0.12938684226217387, 0.4334934748184461, 0.8137490718345057, 0.4334934748184461, 0.8137490718345057, 0.12938684226217387, 0.12938684226217387, 0.4334934748184461, 0.12938684226217387, 0.4334934748184461, 0.4334934748184461, 0.8137490718345057, 0.8137490718345057, 0.12938684226217387, 0.8137490718345057, 0.8137490718345057, 0.4334934748184461, 0.8137490718345057, 0.8137490718345057, 0.4334934748184461, 0.4334934748184461, 0.4334934748184461, 0.12938684226217387, 0.8137490718345057, 0.4334934748184461, 0.12938684226217387, 0.8137490718345057, 0.12938684226217387, 0.8137490718345057, 0.12938684226217387, 0.4334934748184461, 0.4334934748184461, 0.12938684226217387, 0.4334934748184461, 0.4334934748184461, 0.4334934748184461, 0.12938684226217387, 0.4334934748184461, 0.4334934748184461, 0.4334934748184461, 0.4590365249295756, 0.4334934748184461, 0.12938684226217387, 0.4334934748184461, 0.8137490718345057, 0.8137490718345057, 0.4457690732730755, 0.4334934748184461, 0.8137490718345057, 0.12938684226217387, 0.12938684226217387, 0.8137490718345057, 0.8137490718345057, 0.8137490718345057, 0.8137490718345057, 0.8137490718345057, 0.8137490718345057, 0.4334934748184461, 0.8137490718345057, 0.4334934748184461, 0.12938684226217387, 0.8137490718345057, 0.8137490718345057, 0.4334934748184461, 0.12938684226217387, 0.12938684226217387, 0.4334934748184461, 0.8137490718345057, 0.12938684226217387, 0.4334934748184461, 0.12938684226217387, 0.4334934748184461, 0.4334934748184461, 0.12938684226217387, 0.4334934748184461, 0.12938684226217387, 0.12938684226217387, 0.4334934748184461, 0.4334934748184461, 0.4334934748184461, 0.4334934748184461, 0.12938684226217387, 0.4590365249295756, 0.12938684226217387, 0.12938684226217387, 0.12938684226217387, 0.12938684226217387, 0.4334934748184461, 0.8137490718345057, 0.8137490718345057, 0.12938684226217387, 0.12938684226217387, 0.8137490718345057, 0.4334934748184461, 0.4334934748184461, 0.12938684226217387, 0.4334934748184461, 0.4334934748184461, 0.8137490718345057]",16,train,7
0.42,41,1,0,58,100,9,1,1,1,0,0,0,9,1,1,1,0,0,0,"(array([0.4887358 , 0.47371051, 0.67073143]), array([0.85742426, 0.85782671, 0.71775037]), array([0.14688087, 0.14602019, 0.29068524]), array([0.49967808, 0.51421577, 0.32165208]))","['QwenPRM_min_scores (7.63B)', 'GPM (8B)', 'EurusPRMStage1_min_scores (7.62B)']","[0.4334934748184461, 0.4334934748184461, 0.4334934748184461, 0.4334934748184461, 0.4334934748184461, 0.8137490718345057, 0.4334934748184461, 0.8137490718345057, 0.12938684226217387, 0.9594244486497503, 0.8137490718345057, 0.8137490718345057, 0.4334934748184461, 0.4334934748184461, 0.4334934748184461, 0.4334934748184461, 0.8137490718345057, 0.4334934748184461, 0.4334934748184461, 0.4334934748184461, 0.8137490718345057, 0.9594244486497503, 0.4334934748184461, 0.8137490718345057, 0.12938684226217387, 0.4334934748184461, 0.4590365249295756, 0.4334934748184461, 0.8137490718345057, 0.8137490718345057, 0.4334934748184461, 0.4334934748184461, 0.8137490718345057, 0.4334934748184461, 0.4334934748184461, 0.4334934748184461, 0.4334934748184461, 0.4334934748184461, 0.8054949494597046, 0.4334934748184461, 0.4334934748184461, 0.8137490718345057, 0.4334934748184461, 0.4334934748184461, 0.8137490718345057, 0.8137490718345057, 0.8137490718345057, 0.4334934748184461, 0.4334934748184461, 0.9594244486497503, 0.8137490718345057, 0.4334934748184461, 0.8137490718345057, 0.9594244486497503, 0.8137490718345057, 0.8054949494597046, 0.12938684226217387, 0.8054949494597046, 0.8137490718345057, 0.8137490718345057, 0.4334934748184461, 0.8137490718345057, 0.4334934748184461, 0.4334934748184461, 0.4334934748184461, 0.4334934748184461, 0.9594244486497503, 0.4334934748184461, 0.4334934748184461, 0.4334934748184461, 0.4334934748184461, 0.4334934748184461, 0.8137490718345057, 0.4334934748184461, 0.8137490718345057, 0.4334934748184461, 0.4334934748184461, 0.4334934748184461, 0.4334934748184461, 0.8137490718345057, 0.9594244486497503, 0.4334934748184461, 0.12938684226217387, 0.4457690732730755, 0.8137490718345057, 0.8137490718345057, 0.8137490718345057, 0.4334934748184461, 0.8137490718345057, 0.8137490718345057, 0.4334934748184461, 0.8137490718345057, 0.4334934748184461, 0.4334934748184461, 0.12938684226217387, 0.12938684226217387, 0.4334934748184461, 0.8137490718345057, 0.8137490718345057, 0.8137490718345057]",17,train,9
0.99,0,99,0,1,100,10,0,1,0,0,0,1,1,0,1,0,1,0,0,"(array([0.4887358 , 0.47371051, 0.67073143]), array([0.85742426, 0.85782671, 0.71775037]), array([0.14688087, 0.14602019, 0.29068524]), array([0.49967808, 0.51421577, 0.32165208]))","['QwenPRM_min_scores (7.63B)', 'GPM (8B)', 'EurusPRMStage1_min_scores (7.62B)']","[0.4334934748184461, 0.12938684226217387, 0.12938684226217387, 0.12938684226217387, 0.12938684226217387, 0.12938684226217387, 0.12938684226217387, 0.12938684226217387, 0.4334934748184461, 0.12938684226217387, 0.4457690732730755, 0.12938684226217387, 0.4334934748184461, 0.12938684226217387, 0.12938684226217387, 0.12938684226217387, 0.4334934748184461, 0.12938684226217387, 0.12938684226217387, 0.12938684226217387, 0.12938684226217387, 0.12938684226217387, 0.12938684226217387, 0.12938684226217387, 0.12938684226217387, 0.12938684226217387, 0.12938684226217387, 0.12938684226217387, 0.4334934748184461, 0.12938684226217387, 0.4334934748184461, 0.4334934748184461, 0.12938684226217387, 0.4334934748184461, 0.12938684226217387, 0.12938684226217387, 0.4334934748184461, 0.12938684226217387, 0.12938684226217387, 0.12938684226217387, 0.4334934748184461, 0.12938684226217387, 0.12938684226217387, 0.12938684226217387, 0.12938684226217387, 0.4334934748184461, 0.4334934748184461, 0.4334934748184461, 0.12938684226217387, 0.4334934748184461, 0.12938684226217387, 0.12938684226217387, 0.12938684226217387, 0.12938684226217387, 0.12938684226217387, 0.12938684226217387, 0.12938684226217387, 0.12938684226217387, 0.12938684226217387, 0.12938684226217387, 0.12938684226217387, 0.4334934748184461, 0.12938684226217387, 0.4334934748184461, 0.12938684226217387, 0.12938684226217387, 0.12938684226217387, 0.12938684226217387, 0.4334934748184461, 0.12938684226217387, 0.4334934748184461, 0.12938684226217387, 0.12938684226217387, 0.12938684226217387, 0.4334934748184461, 0.12938684226217387, 0.12938684226217387, 0.12938684226217387, 0.4334934748184461, 0.12938684226217387, 0.12938684226217387, 0.12938684226217387, 0.12938684226217387, 0.12938684226217387, 0.12938684226217387, 0.12938684226217387, 0.4334934748184461, 0.12938684226217387, 0.4334934748184461, 0.12938684226217387, 0.12938684226217387, 0.4334934748184461, 0.4334934748184461, 0.12938684226217387, 0.12938684226217387, 0.12938684226217387, 0.12938684226217387, 0.4334934748184461, 0.4334934748184461, 0.12938684226217387]",18,train,0
0.3,26,4,1,69,100,0,1,1,1,0,0,0,17,0,1,0,1,0,0,"(array([0.4887358 , 0.47371051, 0.67073143]), array([0.85742426, 0.85782671, 0.71775037]), array([0.14688087, 0.14602019, 0.29068524]), array([0.49967808, 0.51421577, 0.32165208]))","['QwenPRM_min_scores (7.63B)', 'GPM (8B)', 'EurusPRMStage1_min_scores (7.62B)']","[0.8137490718345057, 0.4334934748184461, 0.4334934748184461, 0.8137490718345057, 0.8137490718345057, 0.4334934748184461, 0.4334934748184461, 0.4334934748184461, 0.4334934748184461, 0.8137490718345057, 0.8137490718345057, 0.4334934748184461, 0.8054949494597046, 0.8137490718345057, 0.8137490718345057, 0.4334934748184461, 0.8137490718345057, 0.12938684226217387, 0.12938684226217387, 0.4334934748184461, 0.12938684226217387, 0.4334934748184461, 0.4334934748184461, 0.4334934748184461, 0.8137490718345057, 0.8137490718345057, 0.4334934748184461, 0.8137490718345057, 0.8137490718345057, 0.4334934748184461, 0.4334934748184461, 0.12938684226217387, 0.4334934748184461, 0.4334934748184461, 0.4334934748184461, 0.4334934748184461, 0.8137490718345057, 0.4334934748184461, 0.4334934748184461, 0.4334934748184461, 0.4334934748184461, 0.4334934748184461, 0.12938684226217387, 0.4334934748184461, 0.8137490718345057, 0.8054949494597046, 0.8137490718345057, 0.4334934748184461, 0.4334934748184461, 0.12938684226217387, 0.8137490718345057, 0.4334934748184461, 0.4334934748184461, 0.4334934748184461, 0.12938684226217387, 0.4334934748184461, 0.4334934748184461, 0.4334934748184461, 0.12938684226217387, 0.4334934748184461, 0.4334934748184461, 0.4334934748184461, 0.12938684226217387, 0.8137490718345057, 0.4334934748184461, 0.4334934748184461, 0.4334934748184461, 0.8137490718345057, 0.4334934748184461, 0.12938684226217387, 0.8137490718345057, 0.4334934748184461, 0.12938684226217387, 0.12938684226217387, 0.4334934748184461, 0.8137490718345057, 0.4334934748184461, 0.8137490718345057, 0.4334934748184461, 0.4334934748184461, 0.4334934748184461, 0.8137490718345057, 0.4334934748184461, 0.12938684226217387, 0.4334934748184461, 0.4334934748184461, 0.4334934748184461, 0.8137490718345057, 0.4334934748184461, 0.4334934748184461, 0.4334934748184461, 0.8137490718345057, 0.8137490718345057, 0.4334934748184461, 0.12938684226217387, 0.4334934748184461, 0.4334934748184461, 0.4334934748184461, 0.4334934748184461, 0.4334934748184461]",19,train,9
0.52,5,47,0,48,100,21,1,1,1,0,0,0,0,0,1,0,1,0,0,"(array([0.4887358 , 0.47371051, 0.67073143]), array([0.85742426, 0.85782671, 0.71775037]), array([0.14688087, 0.14602019, 0.29068524]), array([0.49967808, 0.51421577, 0.32165208]))","['QwenPRM_min_scores (7.63B)', 'GPM (8B)', 'EurusPRMStage1_min_scores (7.62B)']","[0.12938684226217387, 0.12938684226217387, 0.12938684226217387, 0.12938684226217387, 0.12938684226217387, 0.4334934748184461, 0.12938684226217387, 0.12938684226217387, 0.12938684226217387, 0.12938684226217387, 0.12938684226217387, 0.4334934748184461, 0.4334934748184461, 0.4334934748184461, 0.12938684226217387, 0.12938684226217387, 0.12938684226217387, 0.12938684226217387, 0.12938684226217387, 0.12938684226217387, 0.12938684226217387, 0.8137490718345057, 0.12938684226217387, 0.12938684226217387, 0.4334934748184461, 0.8137490718345057, 0.4334934748184461, 0.12938684226217387, 0.12938684226217387, 0.4334934748184461, 0.4334934748184461, 0.12938684226217387, 0.4334934748184461, 0.12938684226217387, 0.4334934748184461, 0.4334934748184461, 0.12938684226217387, 0.12938684226217387, 0.12938684226217387, 0.12938684226217387, 0.12938684226217387, 0.12938684226217387, 0.12938684226217387, 0.12938684226217387, 0.4334934748184461, 0.12938684226217387, 0.12938684226217387, 0.4334934748184461, 0.12938684226217387, 0.12938684226217387, 0.12938684226217387, 0.12938684226217387, 0.4334934748184461, 0.4334934748184461, 0.12938684226217387, 0.12938684226217387, 0.4590365249295756, 0.4334934748184461, 0.12938684226217387, 0.4334934748184461, 0.12938684226217387, 0.12938684226217387, 0.4334934748184461, 0.4334934748184461, 0.4334934748184461, 0.12938684226217387, 0.12938684226217387, 0.12938684226217387, 0.12938684226217387, 0.12938684226217387, 0.12938684226217387, 0.4590365249295756, 0.12938684226217387, 0.12938684226217387, 0.4334934748184461, 0.4334934748184461, 0.12938684226217387, 0.8137490718345057, 0.4334934748184461, 0.4334934748184461, 0.4334934748184461, 0.4334934748184461, 0.4334934748184461, 0.4334934748184461, 0.8137490718345057, 0.4334934748184461, 0.4334934748184461, 0.12938684226217387, 0.4334934748184461, 0.12938684226217387, 0.12938684226217387, 0.12938684226217387, 0.12938684226217387, 0.12938684226217387, 0.4334934748184461, 0.12938684226217387, 0.8137490718345057, 0.4334934748184461, 0.12938684226217387, 0.12938684226217387]",20,train,5
0.5,43,7,0,50,100,22,1,1,1,0,0,0,22,1,1,1,0,0,0,"(array([0.4887358 , 0.47371051, 0.67073143]), array([0.85742426, 0.85782671, 0.71775037]), array([0.14688087, 0.14602019, 0.29068524]), array([0.49967808, 0.51421577, 0.32165208]))","['QwenPRM_min_scores (7.63B)', 'GPM (8B)', 'EurusPRMStage1_min_scores (7.62B)']","[0.12938684226217387, 0.8054949494597046, 0.4334934748184461, 0.4334934748184461, 0.4457690732730755, 0.8054949494597046, 0.4334934748184461, 0.8054949494597046, 0.12938684226217387, 0.4334934748184461, 0.4334934748184461, 0.8054949494597046, 0.4334934748184461, 0.12938684226217387, 0.4457690732730755, 0.4457690732730755, 0.4334934748184461, 0.8054949494597046, 0.4334934748184461, 0.4457690732730755, 0.12938684226217387, 0.8054949494597046, 0.9594244486497503, 0.8054949494597046, 0.4334934748184461, 0.8137490718345057, 0.8054949494597046, 0.9594244486497503, 0.4334934748184461, 0.4334934748184461, 0.4457690732730755, 0.4334934748184461, 0.8054949494597046, 0.4457690732730755, 0.4334934748184461, 0.8054949494597046, 0.4457690732730755, 0.4457690732730755, 0.12938684226217387, 0.8054949494597046, 0.9594244486497503, 0.4334934748184461, 0.8054949494597046, 0.8054949494597046, 0.8054949494597046, 0.12938684226217387, 0.9594244486497503, 0.4334934748184461, 0.8054949494597046, 0.8054949494597046, 0.12938684226217387, 0.4334934748184461, 0.4334934748184461, 0.4334934748184461, 0.8054949494597046, 0.4334934748184461, 0.4334934748184461, 0.8054949494597046, 0.8054949494597046, 0.4334934748184461, 0.4457690732730755, 0.8054949494597046, 0.12938684226217387, 0.12938684226217387, 0.8054949494597046, 0.8054949494597046, 0.8054949494597046, 0.4334934748184461, 0.8054949494597046, 0.4334934748184461, 0.8054949494597046, 0.8054949494597046, 0.8054949494597046, 0.12938684226217387, 0.8054949494597046, 0.4334934748184461, 0.4334934748184461, 0.4334934748184461, 0.4457690732730755, 0.8054949494597046, 0.4457690732730755, 0.8054949494597046, 0.4334934748184461, 0.4334934748184461, 0.4334934748184461, 0.8054949494597046, 0.12938684226217387, 0.4457690732730755, 0.4457690732730755, 0.4334934748184461, 0.8054949494597046, 0.4334934748184461, 0.4334934748184461, 0.8054949494597046, 0.8137490718345057, 0.8054949494597046, 0.4334934748184461, 0.8054949494597046, 0.8054949494597046, 0.8054949494597046]",21,train,9
0.92,3,89,0,8,100,1,1,1,1,0,0,0,2,0,1,0,1,0,0,"(array([0.4887358 , 0.47371051, 0.67073143]), array([0.85742426, 0.85782671, 0.71775037]), array([0.14688087, 0.14602019, 0.29068524]), array([0.49967808, 0.51421577, 0.32165208]))","['QwenPRM_min_scores (7.63B)', 'GPM (8B)', 'EurusPRMStage1_min_scores (7.62B)']","[0.4334934748184461, 0.8137490718345057, 0.12938684226217387, 0.12938684226217387, 0.4334934748184461, 0.12938684226217387, 0.12938684226217387, 0.12938684226217387, 0.12938684226217387, 0.12938684226217387, 0.12938684226217387, 0.12938684226217387, 0.12938684226217387, 0.12938684226217387, 0.12938684226217387, 0.12938684226217387, 0.12938684226217387, 0.12938684226217387, 0.12938684226217387, 0.12938684226217387, 0.12938684226217387, 0.12938684226217387, 0.12938684226217387, 0.12938684226217387, 0.12938684226217387, 0.12938684226217387, 0.4334934748184461, 0.8137490718345057, 0.12938684226217387, 0.12938684226217387, 0.12938684226217387, 0.12938684226217387, 0.12938684226217387, 0.12938684226217387, 0.12938684226217387, 0.12938684226217387, 0.4334934748184461, 0.12938684226217387, 0.12938684226217387, 0.12938684226217387, 0.12938684226217387, 0.12938684226217387, 0.12938684226217387, 0.12938684226217387, 0.12938684226217387, 0.12938684226217387, 0.12938684226217387, 0.4334934748184461, 0.12938684226217387, 0.12938684226217387, 0.12938684226217387, 0.12938684226217387, 0.12938684226217387, 0.12938684226217387, 0.12938684226217387, 0.12938684226217387, 0.8137490718345057, 0.12938684226217387, 0.12938684226217387, 0.12938684226217387, 0.4334934748184461, 0.12938684226217387, 0.12938684226217387, 0.12938684226217387, 0.12938684226217387, 0.12938684226217387, 0.12938684226217387, 0.12938684226217387, 0.12938684226217387, 0.12938684226217387, 0.4334934748184461, 0.12938684226217387, 0.12938684226217387, 0.4334934748184461, 0.12938684226217387, 0.12938684226217387, 0.12938684226217387, 0.12938684226217387, 0.4334934748184461, 0.4334934748184461, 0.12938684226217387, 0.12938684226217387, 0.12938684226217387, 0.12938684226217387, 0.12938684226217387, 0.12938684226217387, 0.12938684226217387, 0.12938684226217387, 0.4457690732730755, 0.12938684226217387, 0.12938684226217387, 0.12938684226217387, 0.12938684226217387, 0.12938684226217387, 0.12938684226217387, 0.12938684226217387, 0.4334934748184461, 0.12938684226217387, 0.12938684226217387, 0.12938684226217387]",22,train,1
0.99,0,99,1,0,100,64,0,0,0,0,1,0,2,0,1,0,1,0,0,"(array([0.4887358 , 0.47371051, 0.67073143]), array([0.85742426, 0.85782671, 0.71775037]), array([0.14688087, 0.14602019, 0.29068524]), array([0.49967808, 0.51421577, 0.32165208]))","['QwenPRM_min_scores (7.63B)', 'GPM (8B)', 'EurusPRMStage1_min_scores (7.62B)']","[0.4457690732730755, 0.4457690732730755, 0.12938684226217387, 0.12938684226217387, 0.12938684226217387, 0.12938684226217387, 0.12938684226217387, 0.12938684226217387, 0.12938684226217387, 0.12938684226217387, 0.4334934748184461, 0.12938684226217387, 0.12938684226217387, 0.4457690732730755, 0.12938684226217387, 0.12938684226217387, 0.4457690732730755, 0.4457690732730755, 0.12938684226217387, 0.12938684226217387, 0.12938684226217387, 0.12938684226217387, 0.12938684226217387, 0.12938684226217387, 0.12938684226217387, 0.12938684226217387, 0.12938684226217387, 0.4334934748184461, 0.12938684226217387, 0.12938684226217387, 0.12938684226217387, 0.4334934748184461, 0.12938684226217387, 0.4457690732730755, 0.12938684226217387, 0.12938684226217387, 0.12938684226217387, 0.4457690732730755, 0.12938684226217387, 0.12938684226217387, 0.4334934748184461, 0.12938684226217387, 0.12938684226217387, 0.12938684226217387, 0.12938684226217387, 0.12938684226217387, 0.12938684226217387, 0.12938684226217387, 0.12938684226217387, 0.12938684226217387, 0.12938684226217387, 0.12938684226217387, 0.12938684226217387, 0.12938684226217387, 0.12938684226217387, 0.12938684226217387, 0.12938684226217387, 0.4334934748184461, 0.12938684226217387, 0.4457690732730755, 0.12938684226217387, 0.12938684226217387, 0.12938684226217387, 0.4457690732730755, 0.8054949494597046, 0.12938684226217387, 0.12938684226217387, 0.12938684226217387, 0.12938684226217387, 0.12938684226217387, 0.12938684226217387, 0.12938684226217387, 0.12938684226217387, 0.12938684226217387, 0.4334934748184461, 0.12938684226217387, 0.12938684226217387, 0.12938684226217387, 0.12938684226217387, 0.12938684226217387, 0.4457690732730755, 0.12938684226217387, 0.4457690732730755, 0.12938684226217387, 0.12938684226217387, 0.12938684226217387, 0.4334934748184461, 0.12938684226217387, 0.12938684226217387, 0.12938684226217387, 0.12938684226217387, 0.4334934748184461, 0.12938684226217387, 0.12938684226217387, 0.12938684226217387, 0.12938684226217387, 0.12938684226217387, 0.12938684226217387, 0.12938684226217387, 0.12938684226217387]",23,train,0
0.41,37,4,0,59,100,4,1,1,1,0,0,0,0,0,0,0,0,0,1,"(array([0.4887358 , 0.47371051, 0.67073143]), array([0.85742426, 0.85782671, 0.71775037]), array([0.14688087, 0.14602019, 0.29068524]), array([0.49967808, 0.51421577, 0.32165208]))","['QwenPRM_min_scores (7.63B)', 'GPM (8B)', 'EurusPRMStage1_min_scores (7.62B)']","[0.12938684226217387, 0.4457690732730755, 0.4334934748184461, 0.4334934748184461, 0.8137490718345057, 0.8137490718345057, 0.8137490718345057, 0.12938684226217387, 0.4334934748184461, 0.4334934748184461, 0.4334934748184461, 0.8137490718345057, 0.8137490718345057, 0.4334934748184461, 0.8054949494597046, 0.4334934748184461, 0.12938684226217387, 0.8054949494597046, 0.12938684226217387, 0.8137490718345057, 0.8054949494597046, 0.8137490718345057, 0.4334934748184461, 0.4334934748184461, 0.8137490718345057, 0.8137490718345057, 0.8137490718345057, 0.4334934748184461, 0.4334934748184461, 0.8137490718345057, 0.8137490718345057, 0.8137490718345057, 0.8137490718345057, 0.4334934748184461, 0.8137490718345057, 0.8137490718345057, 0.4334934748184461, 0.8137490718345057, 0.12938684226217387, 0.4334934748184461, 0.12938684226217387, 0.4334934748184461, 0.4334934748184461, 0.8137490718345057, 0.4334934748184461, 0.4334934748184461, 0.4457690732730755, 0.4334934748184461, 0.8137490718345057, 0.4334934748184461, 0.4334934748184461, 0.4334934748184461, 0.8137490718345057, 0.4334934748184461, 0.4334934748184461, 0.8054949494597046, 0.4334934748184461, 0.4457690732730755, 0.8054949494597046, 0.12938684226217387, 0.4334934748184461, 0.4334934748184461, 0.4457690732730755, 0.4334934748184461, 0.12938684226217387, 0.4334934748184461, 0.8137490718345057, 0.12938684226217387, 0.8137490718345057, 0.4334934748184461, 0.4590365249295756, 0.8137490718345057, 0.4334934748184461, 0.8137490718345057, 0.4334934748184461, 0.12938684226217387, 0.8137490718345057, 0.8137490718345057, 0.4457690732730755, 0.4334934748184461, 0.4334934748184461, 0.8137490718345057, 0.8137490718345057, 0.8137490718345057, 0.8054949494597046, 0.12938684226217387, 0.8137490718345057, 0.8137490718345057, 0.12938684226217387, 0.12938684226217387, 0.4334934748184461, 0.12938684226217387, 0.4334934748184461, 0.4334934748184461, 0.4334934748184461, 0.4334934748184461, 0.4334934748184461, 0.4590365249295756, 0.12938684226217387, 0.4334934748184461]",24,train,9
0.9,0,90,0,10,100,4,1,1,1,0,0,0,0,0,1,0,1,0,0,"(array([0.4887358 , 0.47371051, 0.67073143]), array([0.85742426, 0.85782671, 0.71775037]), array([0.14688087, 0.14602019, 0.29068524]), array([0.49967808, 0.51421577, 0.32165208]))","['QwenPRM_min_scores (7.63B)', 'GPM (8B)', 'EurusPRMStage1_min_scores (7.62B)']","[0.12938684226217387, 0.12938684226217387, 0.12938684226217387, 0.12938684226217387, 0.4457690732730755, 0.12938684226217387, 0.12938684226217387, 0.12938684226217387, 0.12938684226217387, 0.12938684226217387, 0.4334934748184461, 0.12938684226217387, 0.12938684226217387, 0.4334934748184461, 0.12938684226217387, 0.12938684226217387, 0.4334934748184461, 0.12938684226217387, 0.12938684226217387, 0.12938684226217387, 0.12938684226217387, 0.4334934748184461, 0.4334934748184461, 0.12938684226217387, 0.12938684226217387, 0.12938684226217387, 0.12938684226217387, 0.12938684226217387, 0.12938684226217387, 0.12938684226217387, 0.4334934748184461, 0.12938684226217387, 0.12938684226217387, 0.4334934748184461, 0.12938684226217387, 0.4334934748184461, 0.4334934748184461, 0.12938684226217387, 0.12938684226217387, 0.4457690732730755, 0.12938684226217387, 0.12938684226217387, 0.4334934748184461, 0.12938684226217387, 0.12938684226217387, 0.4334934748184461, 0.12938684226217387, 0.12938684226217387, 0.12938684226217387, 0.4334934748184461, 0.4334934748184461, 0.12938684226217387, 0.12938684226217387, 0.12938684226217387, 0.4334934748184461, 0.12938684226217387, 0.12938684226217387, 0.12938684226217387, 0.12938684226217387, 0.12938684226217387, 0.12938684226217387, 0.4334934748184461, 0.12938684226217387, 0.12938684226217387, 0.12938684226217387, 0.12938684226217387, 0.12938684226217387, 0.12938684226217387, 0.4334934748184461, 0.12938684226217387, 0.12938684226217387, 0.12938684226217387, 0.12938684226217387, 0.12938684226217387, 0.12938684226217387, 0.12938684226217387, 0.12938684226217387, 0.4334934748184461, 0.4334934748184461, 0.12938684226217387, 0.4334934748184461, 0.12938684226217387, 0.12938684226217387, 0.12938684226217387, 0.12938684226217387, 0.12938684226217387, 0.12938684226217387, 0.12938684226217387, 0.4334934748184461, 0.12938684226217387, 0.12938684226217387, 0.12938684226217387, 0.12938684226217387, 0.12938684226217387, 0.12938684226217387, 0.12938684226217387, 0.12938684226217387, 0.12938684226217387, 0.12938684226217387, 0.4334934748184461]",25,train,1
0.9,0,90,8,2,100,0,0,1,0,0,0,1,2,0,1,0,1,0,0,"(array([0.4887358 , 0.47371051, 0.67073143]), array([0.85742426, 0.85782671, 0.71775037]), array([0.14688087, 0.14602019, 0.29068524]), array([0.49967808, 0.51421577, 0.32165208]))","['QwenPRM_min_scores (7.63B)', 'GPM (8B)', 'EurusPRMStage1_min_scores (7.62B)']","[0.8054949494597046, 0.8054949494597046, 0.12938684226217387, 0.4334934748184461, 0.12938684226217387, 0.4334934748184461, 0.12938684226217387, 0.12938684226217387, 0.12938684226217387, 0.4334934748184461, 0.12938684226217387, 0.12938684226217387, 0.4334934748184461, 0.4334934748184461, 0.4334934748184461, 0.4334934748184461, 0.4334934748184461, 0.12938684226217387, 0.4334934748184461, 0.12938684226217387, 0.4334934748184461, 0.4334934748184461, 0.12938684226217387, 0.12938684226217387, 0.8054949494597046, 0.12938684226217387, 0.4334934748184461, 0.12938684226217387, 0.4334934748184461, 0.12938684226217387, 0.12938684226217387, 0.12938684226217387, 0.4334934748184461, 0.12938684226217387, 0.4334934748184461, 0.4334934748184461, 0.4334934748184461, 0.4334934748184461, 0.12938684226217387, 0.4334934748184461, 0.12938684226217387, 0.12938684226217387, 0.4457690732730755, 0.4334934748184461, 0.12938684226217387, 0.12938684226217387, 0.4457690732730755, 0.12938684226217387, 0.12938684226217387, 0.12938684226217387, 0.4334934748184461, 0.4334934748184461, 0.4334934748184461, 0.12938684226217387, 0.4334934748184461, 0.4334934748184461, 0.12938684226217387, 0.4334934748184461, 0.4334934748184461, 0.4334934748184461, 0.8054949494597046, 0.12938684226217387, 0.4334934748184461, 0.12938684226217387, 0.12938684226217387, 0.4334934748184461, 0.12938684226217387, 0.4334934748184461, 0.4457690732730755, 0.12938684226217387, 0.4334934748184461, 0.4334934748184461, 0.4334934748184461, 0.12938684226217387, 0.4334934748184461, 0.4334934748184461, 0.12938684226217387, 0.4457690732730755, 0.12938684226217387, 0.8054949494597046, 0.8054949494597046, 0.4334934748184461, 0.12938684226217387, 0.12938684226217387, 0.12938684226217387, 0.8054949494597046, 0.12938684226217387, 0.4334934748184461, 0.12938684226217387, 0.4334934748184461, 0.4334934748184461, 0.4457690732730755, 0.4334934748184461, 0.12938684226217387, 0.12938684226217387, 0.12938684226217387, 0.8054949494597046, 0.4334934748184461, 0.12938684226217387, 0.4334934748184461]",26,train,0
0.47,28,19,0,53,100,1,1,1,1,0,0,0,11,0,0,0,0,0,1,"(array([0.4887358 , 0.47371051, 0.67073143]), array([0.85742426, 0.85782671, 0.71775037]), array([0.14688087, 0.14602019, 0.29068524]), array([0.49967808, 0.51421577, 0.32165208]))","['QwenPRM_min_scores (7.63B)', 'GPM (8B)', 'EurusPRMStage1_min_scores (7.62B)']","[0.4334934748184461, 0.8137490718345057, 0.4334934748184461, 0.4334934748184461, 0.8137490718345057, 0.8137490718345057, 0.4334934748184461, 0.4334934748184461, 0.4334934748184461, 0.4334934748184461, 0.4334934748184461, 0.12938684226217387, 0.4590365249295756, 0.4334934748184461, 0.12938684226217387, 0.8137490718345057, 0.12938684226217387, 0.4334934748184461, 0.4334934748184461, 0.12938684226217387, 0.8137490718345057, 0.12938684226217387, 0.4334934748184461, 0.4334934748184461, 0.4334934748184461, 0.8137490718345057, 0.4334934748184461, 0.12938684226217387, 0.8137490718345057, 0.4334934748184461, 0.4334934748184461, 0.8137490718345057, 0.4334934748184461, 0.4334934748184461, 0.12938684226217387, 0.4590365249295756, 0.8137490718345057, 0.8137490718345057, 0.4590365249295756, 0.4334934748184461, 0.4334934748184461, 0.4334934748184461, 0.12938684226217387, 0.8137490718345057, 0.4334934748184461, 0.8137490718345057, 0.4334934748184461, 0.4334934748184461, 0.8137490718345057, 0.8137490718345057, 0.8137490718345057, 0.8137490718345057, 0.4334934748184461, 0.4334934748184461, 0.12938684226217387, 0.12938684226217387, 0.4334934748184461, 0.8137490718345057, 0.4334934748184461, 0.4334934748184461, 0.12938684226217387, 0.8137490718345057, 0.4334934748184461, 0.8137490718345057, 0.4590365249295756, 0.8137490718345057, 0.12938684226217387, 0.8137490718345057, 0.4334934748184461, 0.4334934748184461, 0.4334934748184461, 0.8137490718345057, 0.8137490718345057, 0.4334934748184461, 0.4334934748184461, 0.8137490718345057, 0.12938684226217387, 0.12938684226217387, 0.4334934748184461, 0.12938684226217387, 0.4334934748184461, 0.12938684226217387, 0.12938684226217387, 0.4334934748184461, 0.4334934748184461, 0.4334934748184461, 0.8137490718345057, 0.8137490718345057, 0.4334934748184461, 0.12938684226217387, 0.4334934748184461, 0.4334934748184461, 0.4334934748184461, 0.12938684226217387, 0.8137490718345057, 0.4334934748184461, 0.4334934748184461, 0.8137490718345057, 0.4334934748184461, 0.4334934748184461]",27,train,8
0.98,0,98,0,2,100,1,0,1,0,0,0,1,0,0,1,0,1,0,0,"(array([0.4887358 , 0.47371051, 0.67073143]), array([0.85742426, 0.85782671, 0.71775037]), array([0.14688087, 0.14602019, 0.29068524]), array([0.49967808, 0.51421577, 0.32165208]))","['QwenPRM_min_scores (7.63B)', 'GPM (8B)', 'EurusPRMStage1_min_scores (7.62B)']","[0.12938684226217387, 0.4334934748184461, 0.12938684226217387, 0.12938684226217387, 0.12938684226217387, 0.4334934748184461, 0.12938684226217387, 0.4334934748184461, 0.12938684226217387, 0.12938684226217387, 0.12938684226217387, 0.12938684226217387, 0.12938684226217387, 0.4334934748184461, 0.12938684226217387, 0.12938684226217387, 0.4334934748184461, 0.12938684226217387, 0.12938684226217387, 0.12938684226217387, 0.4334934748184461, 0.12938684226217387, 0.12938684226217387, 0.12938684226217387, 0.12938684226217387, 0.12938684226217387, 0.4334934748184461, 0.12938684226217387, 0.12938684226217387, 0.12938684226217387, 0.12938684226217387, 0.12938684226217387, 0.12938684226217387, 0.12938684226217387, 0.12938684226217387, 0.12938684226217387, 0.12938684226217387, 0.4334934748184461, 0.12938684226217387, 0.4334934748184461, 0.12938684226217387, 0.12938684226217387, 0.12938684226217387, 0.12938684226217387, 0.12938684226217387, 0.12938684226217387, 0.12938684226217387, 0.12938684226217387, 0.12938684226217387, 0.12938684226217387, 0.12938684226217387, 0.12938684226217387, 0.12938684226217387, 0.12938684226217387, 0.12938684226217387, 0.12938684226217387, 0.4334934748184461, 0.12938684226217387, 0.12938684226217387, 0.12938684226217387, 0.12938684226217387, 0.12938684226217387, 0.12938684226217387, 0.12938684226217387, 0.12938684226217387, 0.4334934748184461, 0.4334934748184461, 0.12938684226217387, 0.12938684226217387, 0.12938684226217387, 0.12938684226217387, 0.12938684226217387, 0.12938684226217387, 0.4334934748184461, 0.12938684226217387, 0.12938684226217387, 0.4334934748184461, 0.12938684226217387, 0.12938684226217387, 0.12938684226217387, 0.4334934748184461, 0.12938684226217387, 0.12938684226217387, 0.4334934748184461, 0.12938684226217387, 0.12938684226217387, 0.12938684226217387, 0.12938684226217387, 0.12938684226217387, 0.12938684226217387, 0.12938684226217387, 0.12938684226217387, 0.12938684226217387, 0.12938684226217387, 0.12938684226217387, 0.12938684226217387, 0.4334934748184461, 0.12938684226217387, 0.12938684226217387, 0.12938684226217387]",28,train,0
0.7,5,65,0,30,100,3,1,1,1,0,0,0,0,0,1,0,1,0,0,"(array([0.4887358 , 0.47371051, 0.67073143]), array([0.85742426, 0.85782671, 0.71775037]), array([0.14688087, 0.14602019, 0.29068524]), array([0.49967808, 0.51421577, 0.32165208]))","['QwenPRM_min_scores (7.63B)', 'GPM (8B)', 'EurusPRMStage1_min_scores (7.62B)']","[0.12938684226217387, 0.12938684226217387, 0.4334934748184461, 0.8137490718345057, 0.8137490718345057, 0.12938684226217387, 0.12938684226217387, 0.12938684226217387, 0.12938684226217387, 0.4334934748184461, 0.12938684226217387, 0.12938684226217387, 0.12938684226217387, 0.12938684226217387, 0.12938684226217387, 0.12938684226217387, 0.12938684226217387, 0.4334934748184461, 0.12938684226217387, 0.12938684226217387, 0.12938684226217387, 0.12938684226217387, 0.12938684226217387, 0.12938684226217387, 0.12938684226217387, 0.12938684226217387, 0.12938684226217387, 0.12938684226217387, 0.12938684226217387, 0.12938684226217387, 0.4334934748184461, 0.4334934748184461, 0.12938684226217387, 0.12938684226217387, 0.4334934748184461, 0.4334934748184461, 0.12938684226217387, 0.4334934748184461, 0.12938684226217387, 0.12938684226217387, 0.12938684226217387, 0.12938684226217387, 0.4334934748184461, 0.4334934748184461, 0.12938684226217387, 0.12938684226217387, 0.12938684226217387, 0.4334934748184461, 0.12938684226217387, 0.8137490718345057, 0.12938684226217387, 0.12938684226217387, 0.12938684226217387, 0.12938684226217387, 0.4334934748184461, 0.12938684226217387, 0.4334934748184461, 0.8137490718345057, 0.12938684226217387, 0.12938684226217387, 0.12938684226217387, 0.12938684226217387, 0.12938684226217387, 0.12938684226217387, 0.8137490718345057, 0.4334934748184461, 0.12938684226217387, 0.12938684226217387, 0.4334934748184461, 0.12938684226217387, 0.12938684226217387, 0.4334934748184461, 0.12938684226217387, 0.12938684226217387, 0.4334934748184461, 0.4334934748184461, 0.12938684226217387, 0.4334934748184461, 0.12938684226217387, 0.12938684226217387, 0.12938684226217387, 0.12938684226217387, 0.4334934748184461, 0.12938684226217387, 0.4334934748184461, 0.4334934748184461, 0.12938684226217387, 0.12938684226217387, 0.12938684226217387, 0.4334934748184461, 0.12938684226217387, 0.12938684226217387, 0.12938684226217387, 0.12938684226217387, 0.12938684226217387, 0.12938684226217387, 0.12938684226217387, 0.12938684226217387, 0.12938684226217387, 0.4334934748184461]",29,train,3
0.96,0,96,1,3,100,24,0,1,0,0,0,1,0,0,1,0,1,0,0,"(array([0.4887358 , 0.47371051, 0.67073143]), array([0.85742426, 0.85782671, 0.71775037]), array([0.14688087, 0.14602019, 0.29068524]), array([0.49967808, 0.51421577, 0.32165208]))","['QwenPRM_min_scores (7.63B)', 'GPM (8B)', 'EurusPRMStage1_min_scores (7.62B)']","[0.12938684226217387, 0.12938684226217387, 0.12938684226217387, 0.12938684226217387, 0.12938684226217387, 0.12938684226217387, 0.12938684226217387, 0.12938684226217387, 0.12938684226217387, 0.12938684226217387, 0.12938684226217387, 0.12938684226217387, 0.12938684226217387, 0.12938684226217387, 0.12938684226217387, 0.12938684226217387, 0.12938684226217387, 0.12938684226217387, 0.12938684226217387, 0.12938684226217387, 0.12938684226217387, 0.12938684226217387, 0.4334934748184461, 0.12938684226217387, 0.8054949494597046, 0.4334934748184461, 0.4334934748184461, 0.4334934748184461, 0.12938684226217387, 0.12938684226217387, 0.12938684226217387, 0.12938684226217387, 0.12938684226217387, 0.12938684226217387, 0.12938684226217387, 0.4457690732730755, 0.4334934748184461, 0.12938684226217387, 0.12938684226217387, 0.4334934748184461, 0.12938684226217387, 0.12938684226217387, 0.12938684226217387, 0.12938684226217387, 0.12938684226217387, 0.12938684226217387, 0.12938684226217387, 0.12938684226217387, 0.12938684226217387, 0.12938684226217387, 0.4334934748184461, 0.12938684226217387, 0.12938684226217387, 0.12938684226217387, 0.12938684226217387, 0.12938684226217387, 0.12938684226217387, 0.12938684226217387, 0.12938684226217387, 0.12938684226217387, 0.12938684226217387, 0.12938684226217387, 0.12938684226217387, 0.12938684226217387, 0.12938684226217387, 0.12938684226217387, 0.12938684226217387, 0.12938684226217387, 0.12938684226217387, 0.12938684226217387, 0.12938684226217387, 0.12938684226217387, 0.12938684226217387, 0.12938684226217387, 0.12938684226217387, 0.12938684226217387, 0.12938684226217387, 0.12938684226217387, 0.12938684226217387, 0.12938684226217387, 0.4334934748184461, 0.12938684226217387, 0.12938684226217387, 0.12938684226217387, 0.12938684226217387, 0.12938684226217387, 0.12938684226217387, 0.12938684226217387, 0.4334934748184461, 0.4334934748184461, 0.12938684226217387, 0.12938684226217387, 0.12938684226217387, 0.12938684226217387, 0.12938684226217387, 0.4334934748184461, 0.12938684226217387, 0.12938684226217387, 0.12938684226217387, 0.12938684226217387]",30,train,0
0.81,8,73,1,18,100,5,1,1,1,0,0,0,5,1,1,1,0,0,0,"(array([0.4887358 , 0.47371051, 0.67073143]), array([0.85742426, 0.85782671, 0.71775037]), array([0.14688087, 0.14602019, 0.29068524]), array([0.49967808, 0.51421577, 0.32165208]))","['QwenPRM_min_scores (7.63B)', 'GPM (8B)', 'EurusPRMStage1_min_scores (7.62B)']","[0.12938684226217387, 0.12938684226217387, 0.4334934748184461, 0.12938684226217387, 0.8137490718345057, 0.9594244486497503, 0.12938684226217387, 0.12938684226217387, 0.12938684226217387, 0.12938684226217387, 0.4334934748184461, 0.12938684226217387, 0.8137490718345057, 0.12938684226217387, 0.12938684226217387, 0.12938684226217387, 0.12938684226217387, 0.12938684226217387, 0.12938684226217387, 0.12938684226217387, 0.4334934748184461, 0.12938684226217387, 0.4334934748184461, 0.4457690732730755, 0.12938684226217387, 0.12938684226217387, 0.12938684226217387, 0.4457690732730755, 0.12938684226217387, 0.12938684226217387, 0.12938684226217387, 0.12938684226217387, 0.12938684226217387, 0.4334934748184461, 0.4457690732730755, 0.12938684226217387, 0.12938684226217387, 0.4334934748184461, 0.4334934748184461, 0.12938684226217387, 0.12938684226217387, 0.12938684226217387, 0.12938684226217387, 0.12938684226217387, 0.8054949494597046, 0.12938684226217387, 0.12938684226217387, 0.12938684226217387, 0.12938684226217387, 0.12938684226217387, 0.12938684226217387, 0.12938684226217387, 0.12938684226217387, 0.12938684226217387, 0.12938684226217387, 0.12938684226217387, 0.12938684226217387, 0.4334934748184461, 0.4457690732730755, 0.12938684226217387, 0.4334934748184461, 0.12938684226217387, 0.12938684226217387, 0.8137490718345057, 0.12938684226217387, 0.12938684226217387, 0.12938684226217387, 0.4334934748184461, 0.4334934748184461, 0.12938684226217387, 0.12938684226217387, 0.12938684226217387, 0.4457690732730755, 0.4334934748184461, 0.12938684226217387, 0.12938684226217387, 0.12938684226217387, 0.4457690732730755, 0.12938684226217387, 0.4334934748184461, 0.12938684226217387, 0.12938684226217387, 0.12938684226217387, 0.12938684226217387, 0.12938684226217387, 0.12938684226217387, 0.12938684226217387, 0.12938684226217387, 0.12938684226217387, 0.8137490718345057, 0.4457690732730755, 0.12938684226217387, 0.8137490718345057, 0.12938684226217387, 0.12938684226217387, 0.12938684226217387, 0.8054949494597046, 0.12938684226217387, 0.8137490718345057, 0.12938684226217387]",31,train,2
0.67,4,63,0,33,100,44,1,1,1,0,0,0,0,0,1,0,1,0,0,"(array([0.4887358 , 0.47371051, 0.67073143]), array([0.85742426, 0.85782671, 0.71775037]), array([0.14688087, 0.14602019, 0.29068524]), array([0.49967808, 0.51421577, 0.32165208]))","['QwenPRM_min_scores (7.63B)', 'GPM (8B)', 'EurusPRMStage1_min_scores (7.62B)']","[0.12938684226217387, 0.12938684226217387, 0.12938684226217387, 0.4334934748184461, 0.4457690732730755, 0.12938684226217387, 0.4334934748184461, 0.4334934748184461, 0.12938684226217387, 0.4334934748184461, 0.4334934748184461, 0.12938684226217387, 0.12938684226217387, 0.12938684226217387, 0.4334934748184461, 0.12938684226217387, 0.4334934748184461, 0.12938684226217387, 0.12938684226217387, 0.12938684226217387, 0.4457690732730755, 0.8054949494597046, 0.12938684226217387, 0.12938684226217387, 0.4457690732730755, 0.12938684226217387, 0.4334934748184461, 0.12938684226217387, 0.4334934748184461, 0.12938684226217387, 0.4334934748184461, 0.4334934748184461, 0.12938684226217387, 0.12938684226217387, 0.12938684226217387, 0.12938684226217387, 0.12938684226217387, 0.12938684226217387, 0.12938684226217387, 0.12938684226217387, 0.12938684226217387, 0.12938684226217387, 0.12938684226217387, 0.12938684226217387, 0.8137490718345057, 0.12938684226217387, 0.12938684226217387, 0.12938684226217387, 0.8137490718345057, 0.12938684226217387, 0.4334934748184461, 0.4457690732730755, 0.12938684226217387, 0.12938684226217387, 0.12938684226217387, 0.4457690732730755, 0.12938684226217387, 0.12938684226217387, 0.12938684226217387, 0.12938684226217387, 0.12938684226217387, 0.12938684226217387, 0.4334934748184461, 0.4457690732730755, 0.12938684226217387, 0.12938684226217387, 0.8137490718345057, 0.4334934748184461, 0.12938684226217387, 0.12938684226217387, 0.4334934748184461, 0.4457690732730755, 0.4334934748184461, 0.12938684226217387, 0.12938684226217387, 0.4457690732730755, 0.12938684226217387, 0.4334934748184461, 0.12938684226217387, 0.12938684226217387, 0.4457690732730755, 0.12938684226217387, 0.12938684226217387, 0.12938684226217387, 0.12938684226217387, 0.12938684226217387, 0.4457690732730755, 0.12938684226217387, 0.12938684226217387, 0.4457690732730755, 0.4457690732730755, 0.12938684226217387, 0.4457690732730755, 0.4334934748184461, 0.12938684226217387, 0.4334934748184461, 0.12938684226217387, 0.4457690732730755, 0.12938684226217387, 0.4334934748184461]",32,train,3
0.53,48,5,0,47,100,1,1,1,1,0,0,0,1,1,1,1,0,0,0,"(array([0.4887358 , 0.47371051, 0.67073143]), array([0.85742426, 0.85782671, 0.71775037]), array([0.14688087, 0.14602019, 0.29068524]), array([0.49967808, 0.51421577, 0.32165208]))","['QwenPRM_min_scores (7.63B)', 'GPM (8B)', 'EurusPRMStage1_min_scores (7.62B)']","[0.8137490718345057, 0.9594244486497503, 0.4457690732730755, 0.8054949494597046, 0.12938684226217387, 0.9594244486497503, 0.4590365249295756, 0.4334934748184461, 0.8054949494597046, 0.8137490718345057, 0.8137490718345057, 0.4334934748184461, 0.4590365249295756, 0.12938684226217387, 0.8054949494597046, 0.8137490718345057, 0.8137490718345057, 0.12938684226217387, 0.8137490718345057, 0.8137490718345057, 0.8137490718345057, 0.8137490718345057, 0.8137490718345057, 0.4334934748184461, 0.12938684226217387, 0.8137490718345057, 0.8137490718345057, 0.8137490718345057, 0.4334934748184461, 0.8054949494597046, 0.8137490718345057, 0.12938684226217387, 0.8137490718345057, 0.12938684226217387, 0.8054949494597046, 0.12938684226217387, 0.4334934748184461, 0.4334934748184461, 0.4334934748184461, 0.8137490718345057, 0.8137490718345057, 0.4334934748184461, 0.4457690732730755, 0.4334934748184461, 0.8137490718345057, 0.8137490718345057, 0.12938684226217387, 0.8137490718345057, 0.4334934748184461, 0.12938684226217387, 0.8137490718345057, 0.12938684226217387, 0.8137490718345057, 0.12938684226217387, 0.8054949494597046, 0.4334934748184461, 0.8054949494597046, 0.12938684226217387, 0.9594244486497503, 0.8137490718345057, 0.4334934748184461, 0.8137490718345057, 0.8137490718345057, 0.12938684226217387, 0.12938684226217387, 0.8054949494597046, 0.4334934748184461, 0.4334934748184461, 0.4334934748184461, 0.4334934748184461, 0.12938684226217387, 0.12938684226217387, 0.4590365249295756, 0.4334934748184461, 0.8137490718345057, 0.8137490718345057, 0.82118382673388, 0.4457690732730755, 0.4590365249295756, 0.8137490718345057, 0.4334934748184461, 0.4334934748184461, 0.4590365249295756, 0.4457690732730755, 0.8054949494597046, 0.8054949494597046, 0.8137490718345057, 0.8137490718345057, 0.4334934748184461, 0.12938684226217387, 0.9594244486497503, 0.8054949494597046, 0.9594244486497503, 0.4457690732730755, 0.12938684226217387, 0.4334934748184461, 0.12938684226217387, 0.9594244486497503, 0.4334934748184461, 0.4334934748184461]",33,train,9
0.98,0,98,0,2,100,39,0,1,0,0,0,1,0,0,1,0,1,0,0,"(array([0.4887358 , 0.47371051, 0.67073143]), array([0.85742426, 0.85782671, 0.71775037]), array([0.14688087, 0.14602019, 0.29068524]), array([0.49967808, 0.51421577, 0.32165208]))","['QwenPRM_min_scores (7.63B)', 'GPM (8B)', 'EurusPRMStage1_min_scores (7.62B)']","[0.12938684226217387, 0.12938684226217387, 0.12938684226217387, 0.12938684226217387, 0.12938684226217387, 0.12938684226217387, 0.12938684226217387, 0.12938684226217387, 0.12938684226217387, 0.12938684226217387, 0.12938684226217387, 0.12938684226217387, 0.12938684226217387, 0.12938684226217387, 0.12938684226217387, 0.12938684226217387, 0.12938684226217387, 0.12938684226217387, 0.12938684226217387, 0.12938684226217387, 0.12938684226217387, 0.12938684226217387, 0.12938684226217387, 0.12938684226217387, 0.12938684226217387, 0.12938684226217387, 0.12938684226217387, 0.12938684226217387, 0.12938684226217387, 0.12938684226217387, 0.12938684226217387, 0.12938684226217387, 0.12938684226217387, 0.12938684226217387, 0.12938684226217387, 0.12938684226217387, 0.12938684226217387, 0.12938684226217387, 0.12938684226217387, 0.4334934748184461, 0.12938684226217387, 0.12938684226217387, 0.12938684226217387, 0.12938684226217387, 0.12938684226217387, 0.12938684226217387, 0.4334934748184461, 0.12938684226217387, 0.12938684226217387, 0.12938684226217387, 0.4334934748184461, 0.12938684226217387, 0.12938684226217387, 0.12938684226217387, 0.12938684226217387, 0.12938684226217387, 0.12938684226217387, 0.4334934748184461, 0.12938684226217387, 0.12938684226217387, 0.12938684226217387, 0.12938684226217387, 0.12938684226217387, 0.12938684226217387, 0.12938684226217387, 0.12938684226217387, 0.12938684226217387, 0.12938684226217387, 0.12938684226217387, 0.4334934748184461, 0.12938684226217387, 0.12938684226217387, 0.12938684226217387, 0.12938684226217387, 0.12938684226217387, 0.12938684226217387, 0.12938684226217387, 0.4334934748184461, 0.12938684226217387, 0.4334934748184461, 0.12938684226217387, 0.12938684226217387, 0.12938684226217387, 0.12938684226217387, 0.4334934748184461, 0.12938684226217387, 0.12938684226217387, 0.4334934748184461, 0.12938684226217387, 0.12938684226217387, 0.12938684226217387, 0.12938684226217387, 0.12938684226217387, 0.4334934748184461, 0.12938684226217387, 0.12938684226217387, 0.12938684226217387, 0.4334934748184461, 0.12938684226217387, 0.12938684226217387]",34,train,0
0.43,13,30,1,56,100,4,1,1,1,0,0,0,0,0,1,0,1,0,0,"(array([0.4887358 , 0.47371051, 0.67073143]), array([0.85742426, 0.85782671, 0.71775037]), array([0.14688087, 0.14602019, 0.29068524]), array([0.49967808, 0.51421577, 0.32165208]))","['QwenPRM_min_scores (7.63B)', 'GPM (8B)', 'EurusPRMStage1_min_scores (7.62B)']","[0.12938684226217387, 0.12938684226217387, 0.12938684226217387, 0.4334934748184461, 0.8137490718345057, 0.4590365249295756, 0.8137490718345057, 0.12938684226217387, 0.12938684226217387, 0.4334934748184461, 0.4334934748184461, 0.4590365249295756, 0.4334934748184461, 0.8137490718345057, 0.8054949494597046, 0.4334934748184461, 0.12938684226217387, 0.12938684226217387, 0.4334934748184461, 0.4334934748184461, 0.12938684226217387, 0.12938684226217387, 0.12938684226217387, 0.4334934748184461, 0.8137490718345057, 0.12938684226217387, 0.12938684226217387, 0.12938684226217387, 0.4334934748184461, 0.4334934748184461, 0.12938684226217387, 0.12938684226217387, 0.12938684226217387, 0.12938684226217387, 0.8137490718345057, 0.4334934748184461, 0.12938684226217387, 0.4334934748184461, 0.4334934748184461, 0.12938684226217387, 0.12938684226217387, 0.4590365249295756, 0.8137490718345057, 0.8137490718345057, 0.4334934748184461, 0.12938684226217387, 0.12938684226217387, 0.12938684226217387, 0.4334934748184461, 0.12938684226217387, 0.4334934748184461, 0.12938684226217387, 0.12938684226217387, 0.12938684226217387, 0.4457690732730755, 0.8137490718345057, 0.12938684226217387, 0.4334934748184461, 0.12938684226217387, 0.4334934748184461, 0.12938684226217387, 0.4457690732730755, 0.4457690732730755, 0.4334934748184461, 0.8054949494597046, 0.12938684226217387, 0.12938684226217387, 0.4334934748184461, 0.4334934748184461, 0.4334934748184461, 0.12938684226217387, 0.12938684226217387, 0.4334934748184461, 0.4334934748184461, 0.12938684226217387, 0.8137490718345057, 0.12938684226217387, 0.12938684226217387, 0.12938684226217387, 0.4334934748184461, 0.8137490718345057, 0.4457690732730755, 0.4457690732730755, 0.12938684226217387, 0.12938684226217387, 0.4334934748184461, 0.12938684226217387, 0.4334934748184461, 0.12938684226217387, 0.12938684226217387, 0.4334934748184461, 0.4334934748184461, 0.12938684226217387, 0.4334934748184461, 0.4334934748184461, 0.12938684226217387, 0.4590365249295756, 0.8137490718345057, 0.4334934748184461, 0.8054949494597046]",35,train,6
0.75,10,65,0,25,100,6,1,1,1,0,0,0,6,1,1,1,0,0,0,"(array([0.4887358 , 0.47371051, 0.67073143]), array([0.85742426, 0.85782671, 0.71775037]), array([0.14688087, 0.14602019, 0.29068524]), array([0.49967808, 0.51421577, 0.32165208]))","['QwenPRM_min_scores (7.63B)', 'GPM (8B)', 'EurusPRMStage1_min_scores (7.62B)']","[0.8137490718345057, 0.12938684226217387, 0.4334934748184461, 0.4334934748184461, 0.12938684226217387, 0.4334934748184461, 0.9594244486497503, 0.4334934748184461, 0.12938684226217387, 0.8137490718345057, 0.12938684226217387, 0.4334934748184461, 0.12938684226217387, 0.12938684226217387, 0.12938684226217387, 0.12938684226217387, 0.4334934748184461, 0.8137490718345057, 0.8137490718345057, 0.12938684226217387, 0.12938684226217387, 0.12938684226217387, 0.12938684226217387, 0.12938684226217387, 0.4334934748184461, 0.12938684226217387, 0.12938684226217387, 0.4334934748184461, 0.12938684226217387, 0.12938684226217387, 0.12938684226217387, 0.12938684226217387, 0.12938684226217387, 0.12938684226217387, 0.4334934748184461, 0.4334934748184461, 0.12938684226217387, 0.4334934748184461, 0.12938684226217387, 0.4334934748184461, 0.12938684226217387, 0.4334934748184461, 0.4334934748184461, 0.12938684226217387, 0.4334934748184461, 0.12938684226217387, 0.12938684226217387, 0.12938684226217387, 0.12938684226217387, 0.12938684226217387, 0.4334934748184461, 0.12938684226217387, 0.12938684226217387, 0.12938684226217387, 0.4334934748184461, 0.12938684226217387, 0.12938684226217387, 0.12938684226217387, 0.4334934748184461, 0.4334934748184461, 0.9594244486497503, 0.12938684226217387, 0.4334934748184461, 0.8137490718345057, 0.12938684226217387, 0.4334934748184461, 0.12938684226217387, 0.12938684226217387, 0.8137490718345057, 0.12938684226217387, 0.4334934748184461, 0.12938684226217387, 0.12938684226217387, 0.4334934748184461, 0.12938684226217387, 0.4334934748184461, 0.12938684226217387, 0.4334934748184461, 0.12938684226217387, 0.12938684226217387, 0.12938684226217387, 0.12938684226217387, 0.8137490718345057, 0.12938684226217387, 0.12938684226217387, 0.12938684226217387, 0.12938684226217387, 0.4334934748184461, 0.4334934748184461, 0.4334934748184461, 0.4334934748184461, 0.12938684226217387, 0.8137490718345057, 0.12938684226217387, 0.12938684226217387, 0.12938684226217387, 0.4334934748184461, 0.12938684226217387, 0.12938684226217387, 0.4334934748184461]",36,train,3
0.69,0,69,0,31,100,0,1,1,1,0,0,0,2,0,1,0,1,0,0,"(array([0.4887358 , 0.47371051, 0.67073143]), array([0.85742426, 0.85782671, 0.71775037]), array([0.14688087, 0.14602019, 0.29068524]), array([0.49967808, 0.51421577, 0.32165208]))","['QwenPRM_min_scores (7.63B)', 'GPM (8B)', 'EurusPRMStage1_min_scores (7.62B)']","[0.4334934748184461, 0.4334934748184461, 0.12938684226217387, 0.4334934748184461, 0.12938684226217387, 0.12938684226217387, 0.12938684226217387, 0.12938684226217387, 0.12938684226217387, 0.4334934748184461, 0.12938684226217387, 0.12938684226217387, 0.12938684226217387, 0.12938684226217387, 0.12938684226217387, 0.12938684226217387, 0.12938684226217387, 0.12938684226217387, 0.12938684226217387, 0.12938684226217387, 0.12938684226217387, 0.12938684226217387, 0.12938684226217387, 0.4334934748184461, 0.12938684226217387, 0.4334934748184461, 0.4334934748184461, 0.12938684226217387, 0.12938684226217387, 0.4334934748184461, 0.4334934748184461, 0.12938684226217387, 0.12938684226217387, 0.12938684226217387, 0.4334934748184461, 0.12938684226217387, 0.12938684226217387, 0.12938684226217387, 0.12938684226217387, 0.12938684226217387, 0.12938684226217387, 0.4334934748184461, 0.12938684226217387, 0.12938684226217387, 0.12938684226217387, 0.12938684226217387, 0.12938684226217387, 0.12938684226217387, 0.12938684226217387, 0.12938684226217387, 0.4334934748184461, 0.12938684226217387, 0.12938684226217387, 0.12938684226217387, 0.12938684226217387, 0.12938684226217387, 0.12938684226217387, 0.12938684226217387, 0.12938684226217387, 0.12938684226217387, 0.12938684226217387, 0.12938684226217387, 0.12938684226217387, 0.12938684226217387, 0.12938684226217387, 0.4334934748184461, 0.12938684226217387, 0.4334934748184461, 0.12938684226217387, 0.12938684226217387, 0.12938684226217387, 0.12938684226217387, 0.4334934748184461, 0.12938684226217387, 0.12938684226217387, 0.12938684226217387, 0.4334934748184461, 0.12938684226217387, 0.4334934748184461, 0.4334934748184461, 0.12938684226217387, 0.12938684226217387, 0.4334934748184461, 0.4334934748184461, 0.12938684226217387, 0.12938684226217387, 0.12938684226217387, 0.4334934748184461, 0.12938684226217387, 0.12938684226217387, 0.12938684226217387, 0.12938684226217387, 0.12938684226217387, 0.12938684226217387, 0.4334934748184461, 0.12938684226217387, 0.12938684226217387, 0.12938684226217387, 0.4334934748184461, 0.12938684226217387]",37,train,3
0.73,5,68,0,27,100,16,1,1,1,0,0,0,0,0,1,0,1,0,0,"(array([0.4887358 , 0.47371051, 0.67073143]), array([0.85742426, 0.85782671, 0.71775037]), array([0.14688087, 0.14602019, 0.29068524]), array([0.49967808, 0.51421577, 0.32165208]))","['QwenPRM_min_scores (7.63B)', 'GPM (8B)', 'EurusPRMStage1_min_scores (7.62B)']","[0.12938684226217387, 0.12938684226217387, 0.12938684226217387, 0.12938684226217387, 0.4334934748184461, 0.12938684226217387, 0.12938684226217387, 0.12938684226217387, 0.12938684226217387, 0.12938684226217387, 0.12938684226217387, 0.4334934748184461, 0.4334934748184461, 0.12938684226217387, 0.12938684226217387, 0.12938684226217387, 0.8137490718345057, 0.12938684226217387, 0.12938684226217387, 0.12938684226217387, 0.12938684226217387, 0.12938684226217387, 0.4334934748184461, 0.12938684226217387, 0.12938684226217387, 0.12938684226217387, 0.12938684226217387, 0.12938684226217387, 0.12938684226217387, 0.12938684226217387, 0.4334934748184461, 0.12938684226217387, 0.4334934748184461, 0.12938684226217387, 0.12938684226217387, 0.12938684226217387, 0.12938684226217387, 0.12938684226217387, 0.12938684226217387, 0.12938684226217387, 0.12938684226217387, 0.12938684226217387, 0.8137490718345057, 0.12938684226217387, 0.12938684226217387, 0.12938684226217387, 0.12938684226217387, 0.4334934748184461, 0.12938684226217387, 0.12938684226217387, 0.12938684226217387, 0.4334934748184461, 0.12938684226217387, 0.4334934748184461, 0.12938684226217387, 0.12938684226217387, 0.12938684226217387, 0.12938684226217387, 0.12938684226217387, 0.12938684226217387, 0.12938684226217387, 0.12938684226217387, 0.4334934748184461, 0.12938684226217387, 0.12938684226217387, 0.8137490718345057, 0.4334934748184461, 0.12938684226217387, 0.4334934748184461, 0.12938684226217387, 0.4334934748184461, 0.12938684226217387, 0.12938684226217387, 0.12938684226217387, 0.12938684226217387, 0.12938684226217387, 0.12938684226217387, 0.12938684226217387, 0.4334934748184461, 0.12938684226217387, 0.12938684226217387, 0.12938684226217387, 0.12938684226217387, 0.12938684226217387, 0.12938684226217387, 0.12938684226217387, 0.8137490718345057, 0.12938684226217387, 0.12938684226217387, 0.12938684226217387, 0.8137490718345057, 0.12938684226217387, 0.4334934748184461, 0.12938684226217387, 0.12938684226217387, 0.12938684226217387, 0.4334934748184461, 0.12938684226217387, 0.12938684226217387, 0.12938684226217387]",38,train,3
0.95,0,95,0,5,100,28,0,1,0,0,0,1,0,0,1,0,1,0,0,"(array([0.4887358 , 0.47371051, 0.67073143]), array([0.85742426, 0.85782671, 0.71775037]), array([0.14688087, 0.14602019, 0.29068524]), array([0.49967808, 0.51421577, 0.32165208]))","['QwenPRM_min_scores (7.63B)', 'GPM (8B)', 'EurusPRMStage1_min_scores (7.62B)']","[0.12938684226217387, 0.4334934748184461, 0.12938684226217387, 0.12938684226217387, 0.12938684226217387, 0.12938684226217387, 0.12938684226217387, 0.12938684226217387, 0.12938684226217387, 0.12938684226217387, 0.12938684226217387, 0.12938684226217387, 0.12938684226217387, 0.12938684226217387, 0.12938684226217387, 0.12938684226217387, 0.12938684226217387, 0.12938684226217387, 0.4334934748184461, 0.12938684226217387, 0.12938684226217387, 0.12938684226217387, 0.12938684226217387, 0.12938684226217387, 0.4334934748184461, 0.4334934748184461, 0.12938684226217387, 0.12938684226217387, 0.4590365249295756, 0.4334934748184461, 0.12938684226217387, 0.12938684226217387, 0.12938684226217387, 0.4334934748184461, 0.12938684226217387, 0.12938684226217387, 0.12938684226217387, 0.12938684226217387, 0.12938684226217387, 0.4334934748184461, 0.4334934748184461, 0.12938684226217387, 0.4334934748184461, 0.12938684226217387, 0.12938684226217387, 0.12938684226217387, 0.12938684226217387, 0.12938684226217387, 0.4334934748184461, 0.12938684226217387, 0.4334934748184461, 0.4334934748184461, 0.12938684226217387, 0.12938684226217387, 0.12938684226217387, 0.12938684226217387, 0.12938684226217387, 0.12938684226217387, 0.4334934748184461, 0.4334934748184461, 0.12938684226217387, 0.12938684226217387, 0.12938684226217387, 0.12938684226217387, 0.12938684226217387, 0.12938684226217387, 0.12938684226217387, 0.12938684226217387, 0.12938684226217387, 0.12938684226217387, 0.4590365249295756, 0.12938684226217387, 0.12938684226217387, 0.4334934748184461, 0.12938684226217387, 0.12938684226217387, 0.12938684226217387, 0.12938684226217387, 0.12938684226217387, 0.12938684226217387, 0.12938684226217387, 0.12938684226217387, 0.4334934748184461, 0.12938684226217387, 0.12938684226217387, 0.4334934748184461, 0.12938684226217387, 0.12938684226217387, 0.12938684226217387, 0.4334934748184461, 0.12938684226217387, 0.12938684226217387, 0.4334934748184461, 0.4334934748184461, 0.12938684226217387, 0.12938684226217387, 0.12938684226217387, 0.12938684226217387, 0.4590365249295756, 0.4334934748184461]",39,train,0
0.6,17,43,0,40,100,88,1,1,1,0,0,0,88,1,1,1,0,0,0,"(array([0.4887358 , 0.47371051, 0.67073143]), array([0.85742426, 0.85782671, 0.71775037]), array([0.14688087, 0.14602019, 0.29068524]), array([0.49967808, 0.51421577, 0.32165208]))","['QwenPRM_min_scores (7.63B)', 'GPM (8B)', 'EurusPRMStage1_min_scores (7.62B)']","[0.12938684226217387, 0.12938684226217387, 0.4334934748184461, 0.4334934748184461, 0.12938684226217387, 0.4334934748184461, 0.4457690732730755, 0.4334934748184461, 0.4334934748184461, 0.12938684226217387, 0.4334934748184461, 0.4457690732730755, 0.4334934748184461, 0.12938684226217387, 0.12938684226217387, 0.4334934748184461, 0.4334934748184461, 0.4334934748184461, 0.4334934748184461, 0.4334934748184461, 0.12938684226217387, 0.4334934748184461, 0.12938684226217387, 0.4334934748184461, 0.4334934748184461, 0.8137490718345057, 0.12938684226217387, 0.4334934748184461, 0.12938684226217387, 0.12938684226217387, 0.4334934748184461, 0.12938684226217387, 0.12938684226217387, 0.12938684226217387, 0.8137490718345057, 0.4334934748184461, 0.4334934748184461, 0.8137490718345057, 0.4334934748184461, 0.8137490718345057, 0.4334934748184461, 0.8054949494597046, 0.8137490718345057, 0.4334934748184461, 0.12938684226217387, 0.12938684226217387, 0.12938684226217387, 0.4457690732730755, 0.12938684226217387, 0.8137490718345057, 0.12938684226217387, 0.12938684226217387, 0.12938684226217387, 0.12938684226217387, 0.8137490718345057, 0.12938684226217387, 0.12938684226217387, 0.4334934748184461, 0.4334934748184461, 0.8137490718345057, 0.12938684226217387, 0.12938684226217387, 0.12938684226217387, 0.4334934748184461, 0.4457690732730755, 0.12938684226217387, 0.12938684226217387, 0.12938684226217387, 0.12938684226217387, 0.12938684226217387, 0.12938684226217387, 0.12938684226217387, 0.12938684226217387, 0.4334934748184461, 0.4334934748184461, 0.12938684226217387, 0.8137490718345057, 0.12938684226217387, 0.4334934748184461, 0.12938684226217387, 0.12938684226217387, 0.4334934748184461, 0.4334934748184461, 0.8137490718345057, 0.12938684226217387, 0.8054949494597046, 0.4334934748184461, 0.8137490718345057, 0.9594244486497503, 0.12938684226217387, 0.4334934748184461, 0.9594244486497503, 0.8137490718345057, 0.4457690732730755, 0.4334934748184461, 0.4457690732730755, 0.8137490718345057, 0.4334934748184461, 0.12938684226217387, 0.4334934748184461]",40,train,5
0.8,5,75,0,20,100,12,1,1,1,0,0,0,0,0,1,0,1,0,0,"(array([0.4887358 , 0.47371051, 0.67073143]), array([0.85742426, 0.85782671, 0.71775037]), array([0.14688087, 0.14602019, 0.29068524]), array([0.49967808, 0.51421577, 0.32165208]))","['QwenPRM_min_scores (7.63B)', 'GPM (8B)', 'EurusPRMStage1_min_scores (7.62B)']","[0.12938684226217387, 0.12938684226217387, 0.12938684226217387, 0.12938684226217387, 0.12938684226217387, 0.12938684226217387, 0.12938684226217387, 0.12938684226217387, 0.4457690732730755, 0.12938684226217387, 0.12938684226217387, 0.12938684226217387, 0.8137490718345057, 0.12938684226217387, 0.12938684226217387, 0.12938684226217387, 0.4457690732730755, 0.4334934748184461, 0.12938684226217387, 0.4457690732730755, 0.4334934748184461, 0.12938684226217387, 0.12938684226217387, 0.8137490718345057, 0.4334934748184461, 0.12938684226217387, 0.12938684226217387, 0.12938684226217387, 0.12938684226217387, 0.12938684226217387, 0.4457690732730755, 0.4334934748184461, 0.12938684226217387, 0.4334934748184461, 0.12938684226217387, 0.4334934748184461, 0.12938684226217387, 0.4334934748184461, 0.12938684226217387, 0.12938684226217387, 0.12938684226217387, 0.12938684226217387, 0.12938684226217387, 0.12938684226217387, 0.12938684226217387, 0.8137490718345057, 0.4334934748184461, 0.4334934748184461, 0.12938684226217387, 0.12938684226217387, 0.4334934748184461, 0.12938684226217387, 0.12938684226217387, 0.4334934748184461, 0.4334934748184461, 0.12938684226217387, 0.12938684226217387, 0.12938684226217387, 0.12938684226217387, 0.4334934748184461, 0.12938684226217387, 0.12938684226217387, 0.12938684226217387, 0.4334934748184461, 0.4334934748184461, 0.12938684226217387, 0.12938684226217387, 0.12938684226217387, 0.12938684226217387, 0.12938684226217387, 0.12938684226217387, 0.12938684226217387, 0.12938684226217387, 0.4334934748184461, 0.12938684226217387, 0.12938684226217387, 0.12938684226217387, 0.12938684226217387, 0.12938684226217387, 0.12938684226217387, 0.4334934748184461, 0.12938684226217387, 0.12938684226217387, 0.12938684226217387, 0.4334934748184461, 0.12938684226217387, 0.12938684226217387, 0.12938684226217387, 0.8137490718345057, 0.4334934748184461, 0.4334934748184461, 0.4334934748184461, 0.12938684226217387, 0.12938684226217387, 0.12938684226217387, 0.12938684226217387, 0.8054949494597046, 0.12938684226217387, 0.12938684226217387, 0.12938684226217387]",41,train,2
0.86,0,86,0,14,100,4,1,1,1,0,0,0,0,0,1,0,1,0,0,"(array([0.4887358 , 0.47371051, 0.67073143]), array([0.85742426, 0.85782671, 0.71775037]), array([0.14688087, 0.14602019, 0.29068524]), array([0.49967808, 0.51421577, 0.32165208]))","['QwenPRM_min_scores (7.63B)', 'GPM (8B)', 'EurusPRMStage1_min_scores (7.62B)']","[0.12938684226217387, 0.12938684226217387, 0.12938684226217387, 0.12938684226217387, 0.4334934748184461, 0.12938684226217387, 0.12938684226217387, 0.12938684226217387, 0.12938684226217387, 0.4334934748184461, 0.12938684226217387, 0.12938684226217387, 0.4334934748184461, 0.12938684226217387, 0.12938684226217387, 0.12938684226217387, 0.12938684226217387, 0.12938684226217387, 0.12938684226217387, 0.12938684226217387, 0.12938684226217387, 0.12938684226217387, 0.12938684226217387, 0.12938684226217387, 0.12938684226217387, 0.12938684226217387, 0.12938684226217387, 0.12938684226217387, 0.12938684226217387, 0.12938684226217387, 0.12938684226217387, 0.12938684226217387, 0.12938684226217387, 0.12938684226217387, 0.12938684226217387, 0.12938684226217387, 0.12938684226217387, 0.12938684226217387, 0.12938684226217387, 0.4334934748184461, 0.12938684226217387, 0.12938684226217387, 0.12938684226217387, 0.4334934748184461, 0.12938684226217387, 0.12938684226217387, 0.12938684226217387, 0.12938684226217387, 0.12938684226217387, 0.12938684226217387, 0.12938684226217387, 0.12938684226217387, 0.12938684226217387, 0.12938684226217387, 0.12938684226217387, 0.12938684226217387, 0.4334934748184461, 0.12938684226217387, 0.12938684226217387, 0.12938684226217387, 0.12938684226217387, 0.12938684226217387, 0.12938684226217387, 0.12938684226217387, 0.12938684226217387, 0.12938684226217387, 0.12938684226217387, 0.12938684226217387, 0.12938684226217387, 0.4334934748184461, 0.12938684226217387, 0.12938684226217387, 0.12938684226217387, 0.12938684226217387, 0.4334934748184461, 0.12938684226217387, 0.12938684226217387, 0.12938684226217387, 0.12938684226217387, 0.12938684226217387, 0.12938684226217387, 0.12938684226217387, 0.12938684226217387, 0.12938684226217387, 0.12938684226217387, 0.12938684226217387, 0.4334934748184461, 0.12938684226217387, 0.12938684226217387, 0.4334934748184461, 0.12938684226217387, 0.12938684226217387, 0.12938684226217387, 0.12938684226217387, 0.4334934748184461, 0.12938684226217387, 0.12938684226217387, 0.12938684226217387, 0.12938684226217387, 0.4334934748184461]",42,train,1
0.52,37,15,0,48,100,13,1,1,1,0,0,0,13,1,1,1,0,0,0,"(array([0.4887358 , 0.47371051, 0.67073143]), array([0.85742426, 0.85782671, 0.71775037]), array([0.14688087, 0.14602019, 0.29068524]), array([0.49967808, 0.51421577, 0.32165208]))","['QwenPRM_min_scores (7.63B)', 'GPM (8B)', 'EurusPRMStage1_min_scores (7.62B)']","[0.4334934748184461, 0.8137490718345057, 0.8137490718345057, 0.12938684226217387, 0.8137490718345057, 0.4334934748184461, 0.12938684226217387, 0.8137490718345057, 0.4334934748184461, 0.12938684226217387, 0.12938684226217387, 0.8137490718345057, 0.12938684226217387, 0.9594244486497503, 0.8137490718345057, 0.4334934748184461, 0.4334934748184461, 0.8137490718345057, 0.8137490718345057, 0.8137490718345057, 0.12938684226217387, 0.4334934748184461, 0.9594244486497503, 0.12938684226217387, 0.8137490718345057, 0.4334934748184461, 0.12938684226217387, 0.4334934748184461, 0.12938684226217387, 0.8137490718345057, 0.12938684226217387, 0.4334934748184461, 0.4334934748184461, 0.4334934748184461, 0.12938684226217387, 0.4334934748184461, 0.8137490718345057, 0.12938684226217387, 0.12938684226217387, 0.8054949494597046, 0.12938684226217387, 0.8137490718345057, 0.12938684226217387, 0.4334934748184461, 0.4334934748184461, 0.4334934748184461, 0.4334934748184461, 0.9594244486497503, 0.4334934748184461, 0.12938684226217387, 0.8137490718345057, 0.4334934748184461, 0.12938684226217387, 0.12938684226217387, 0.8137490718345057, 0.4334934748184461, 0.4334934748184461, 0.4334934748184461, 0.8137490718345057, 0.4590365249295756, 0.4334934748184461, 0.4590365249295756, 0.4334934748184461, 0.8137490718345057, 0.12938684226217387, 0.4334934748184461, 0.8137490718345057, 0.4334934748184461, 0.4457690732730755, 0.8137490718345057, 0.4334934748184461, 0.8137490718345057, 0.4590365249295756, 0.12938684226217387, 0.8137490718345057, 0.8137490718345057, 0.4590365249295756, 0.4334934748184461, 0.4457690732730755, 0.8054949494597046, 0.4334934748184461, 0.8137490718345057, 0.8137490718345057, 0.8137490718345057, 0.4457690732730755, 0.9594244486497503, 0.8137490718345057, 0.4334934748184461, 0.4334934748184461, 0.4334934748184461, 0.4334934748184461, 0.4334934748184461, 0.8137490718345057, 0.8137490718345057, 0.12938684226217387, 0.12938684226217387, 0.8137490718345057, 0.8137490718345057, 0.12938684226217387, 0.8137490718345057]",43,train,8
0.79,9,70,0,21,100,19,1,1,1,0,0,0,0,0,1,0,1,0,0,"(array([0.4887358 , 0.47371051, 0.67073143]), array([0.85742426, 0.85782671, 0.71775037]), array([0.14688087, 0.14602019, 0.29068524]), array([0.49967808, 0.51421577, 0.32165208]))","['QwenPRM_min_scores (7.63B)', 'GPM (8B)', 'EurusPRMStage1_min_scores (7.62B)']","[0.12938684226217387, 0.12938684226217387, 0.12938684226217387, 0.4590365249295756, 0.4590365249295756, 0.12938684226217387, 0.4334934748184461, 0.4334934748184461, 0.4334934748184461, 0.4590365249295756, 0.4334934748184461, 0.12938684226217387, 0.4334934748184461, 0.4334934748184461, 0.12938684226217387, 0.12938684226217387, 0.12938684226217387, 0.12938684226217387, 0.4334934748184461, 0.8137490718345057, 0.4334934748184461, 0.12938684226217387, 0.12938684226217387, 0.4334934748184461, 0.8137490718345057, 0.12938684226217387, 0.12938684226217387, 0.12938684226217387, 0.12938684226217387, 0.4334934748184461, 0.4334934748184461, 0.4334934748184461, 0.12938684226217387, 0.12938684226217387, 0.12938684226217387, 0.12938684226217387, 0.12938684226217387, 0.12938684226217387, 0.4334934748184461, 0.12938684226217387, 0.12938684226217387, 0.12938684226217387, 0.12938684226217387, 0.4334934748184461, 0.12938684226217387, 0.12938684226217387, 0.12938684226217387, 0.4590365249295756, 0.12938684226217387, 0.12938684226217387, 0.12938684226217387, 0.12938684226217387, 0.4334934748184461, 0.12938684226217387, 0.4334934748184461, 0.12938684226217387, 0.12938684226217387, 0.12938684226217387, 0.12938684226217387, 0.12938684226217387, 0.12938684226217387, 0.12938684226217387, 0.4334934748184461, 0.12938684226217387, 0.8137490718345057, 0.4334934748184461, 0.12938684226217387, 0.12938684226217387, 0.4334934748184461, 0.4334934748184461, 0.4334934748184461, 0.4334934748184461, 0.12938684226217387, 0.4334934748184461, 0.4334934748184461, 0.12938684226217387, 0.4334934748184461, 0.4334934748184461, 0.12938684226217387, 0.12938684226217387, 0.8137490718345057, 0.12938684226217387, 0.4334934748184461, 0.12938684226217387, 0.8137490718345057, 0.4334934748184461, 0.12938684226217387, 0.4334934748184461, 0.4334934748184461, 0.4334934748184461, 0.8137490718345057, 0.8137490718345057, 0.4334934748184461, 0.12938684226217387, 0.12938684226217387, 0.8137490718345057, 0.4334934748184461, 0.12938684226217387, 0.8137490718345057, 0.12938684226217387]",44,train,2
0.39,36,3,0,61,100,8,1,1,1,0,0,0,8,1,1,1,0,0,0,"(array([0.4887358 , 0.47371051, 0.67073143]), array([0.85742426, 0.85782671, 0.71775037]), array([0.14688087, 0.14602019, 0.29068524]), array([0.49967808, 0.51421577, 0.32165208]))","['QwenPRM_min_scores (7.63B)', 'GPM (8B)', 'EurusPRMStage1_min_scores (7.62B)']","[0.4334934748184461, 0.4334934748184461, 0.8137490718345057, 0.8054949494597046, 0.12938684226217387, 0.12938684226217387, 0.4334934748184461, 0.8137490718345057, 0.9594244486497503, 0.4334934748184461, 0.4334934748184461, 0.4334934748184461, 0.4334934748184461, 0.4457690732730755, 0.4334934748184461, 0.4334934748184461, 0.4334934748184461, 0.4334934748184461, 0.8054949494597046, 0.8137490718345057, 0.9594244486497503, 0.8054949494597046, 0.8054949494597046, 0.12938684226217387, 0.8137490718345057, 0.8137490718345057, 0.4334934748184461, 0.8137490718345057, 0.8137490718345057, 0.4334934748184461, 0.12938684226217387, 0.4590365249295756, 0.12938684226217387, 0.4334934748184461, 0.8054949494597046, 0.8137490718345057, 0.4334934748184461, 0.8137490718345057, 0.4334934748184461, 0.4334934748184461, 0.8137490718345057, 0.8137490718345057, 0.4334934748184461, 0.9594244486497503, 0.8054949494597046, 0.4457690732730755, 0.8054949494597046, 0.4334934748184461, 0.8054949494597046, 0.4334934748184461, 0.9594244486497503, 0.8054949494597046, 0.12938684226217387, 0.4334934748184461, 0.4334934748184461, 0.4334934748184461, 0.4334934748184461, 0.4457690732730755, 0.8137490718345057, 0.12938684226217387, 0.8054949494597046, 0.4334934748184461, 0.4334934748184461, 0.4457690732730755, 0.4334934748184461, 0.4334934748184461, 0.8054949494597046, 0.4334934748184461, 0.4334934748184461, 0.4334934748184461, 0.4334934748184461, 0.4590365249295756, 0.4334934748184461, 0.12938684226217387, 0.8054949494597046, 0.4334934748184461, 0.4334934748184461, 0.4457690732730755, 0.4334934748184461, 0.9594244486497503, 0.8137490718345057, 0.4334934748184461, 0.4334934748184461, 0.4334934748184461, 0.8054949494597046, 0.4334934748184461, 0.4334934748184461, 0.4334934748184461, 0.8137490718345057, 0.9594244486497503, 0.4334934748184461, 0.4334934748184461, 0.4334934748184461, 0.8137490718345057, 0.9594244486497503, 0.8137490718345057, 0.4590365249295756, 0.12938684226217387, 0.4334934748184461, 0.4334934748184461]",45,train,9
0.47,32,15,0,53,100,23,1,1,1,0,0,0,23,1,1,1,0,0,0,"(array([0.4887358 , 0.47371051, 0.67073143]), array([0.85742426, 0.85782671, 0.71775037]), array([0.14688087, 0.14602019, 0.29068524]), array([0.49967808, 0.51421577, 0.32165208]))","['QwenPRM_min_scores (7.63B)', 'GPM (8B)', 'EurusPRMStage1_min_scores (7.62B)']","[0.12938684226217387, 0.4457690732730755, 0.4457690732730755, 0.4334934748184461, 0.4457690732730755, 0.8054949494597046, 0.12938684226217387, 0.4457690732730755, 0.8054949494597046, 0.4457690732730755, 0.4334934748184461, 0.12938684226217387, 0.4457690732730755, 0.12938684226217387, 0.4334934748184461, 0.12938684226217387, 0.4457690732730755, 0.4457690732730755, 0.8137490718345057, 0.4334934748184461, 0.4457690732730755, 0.4457690732730755, 0.8054949494597046, 0.9594244486497503, 0.8137490718345057, 0.8054949494597046, 0.12938684226217387, 0.8054949494597046, 0.4457690732730755, 0.12938684226217387, 0.4457690732730755, 0.12938684226217387, 0.8054949494597046, 0.4457690732730755, 0.8054949494597046, 0.12938684226217387, 0.8054949494597046, 0.9594244486497503, 0.4457690732730755, 0.4457690732730755, 0.4457690732730755, 0.8054949494597046, 0.4457690732730755, 0.8054949494597046, 0.4457690732730755, 0.4457690732730755, 0.12938684226217387, 0.4457690732730755, 0.12938684226217387, 0.4334934748184461, 0.8054949494597046, 0.4457690732730755, 0.4457690732730755, 0.4457690732730755, 0.8054949494597046, 0.9594244486497503, 0.8137490718345057, 0.8054949494597046, 0.8054949494597046, 0.8054949494597046, 0.4457690732730755, 0.4457690732730755, 0.8054949494597046, 0.4457690732730755, 0.8054949494597046, 0.4457690732730755, 0.8054949494597046, 0.8137490718345057, 0.4334934748184461, 0.4334934748184461, 0.4457690732730755, 0.4457690732730755, 0.12938684226217387, 0.8054949494597046, 0.12938684226217387, 0.4457690732730755, 0.8054949494597046, 0.4457690732730755, 0.4457690732730755, 0.4457690732730755, 0.12938684226217387, 0.12938684226217387, 0.8054949494597046, 0.4334934748184461, 0.12938684226217387, 0.4457690732730755, 0.4334934748184461, 0.12938684226217387, 0.8054949494597046, 0.4457690732730755, 0.12938684226217387, 0.8137490718345057, 0.12938684226217387, 0.12938684226217387, 0.4457690732730755, 0.8054949494597046, 0.4457690732730755, 0.8054949494597046, 0.12938684226217387, 0.12938684226217387]",46,train,8
0.71,5,66,0,29,100,84,1,1,1,0,0,0,0,0,1,0,1,0,0,"(array([0.4887358 , 0.47371051, 0.67073143]), array([0.85742426, 0.85782671, 0.71775037]), array([0.14688087, 0.14602019, 0.29068524]), array([0.49967808, 0.51421577, 0.32165208]))","['QwenPRM_min_scores (7.63B)', 'GPM (8B)', 'EurusPRMStage1_min_scores (7.62B)']","[0.12938684226217387, 0.8137490718345057, 0.12938684226217387, 0.12938684226217387, 0.12938684226217387, 0.12938684226217387, 0.12938684226217387, 0.4334934748184461, 0.12938684226217387, 0.12938684226217387, 0.12938684226217387, 0.4457690732730755, 0.12938684226217387, 0.12938684226217387, 0.4457690732730755, 0.12938684226217387, 0.12938684226217387, 0.12938684226217387, 0.12938684226217387, 0.12938684226217387, 0.12938684226217387, 0.12938684226217387, 0.12938684226217387, 0.12938684226217387, 0.12938684226217387, 0.12938684226217387, 0.12938684226217387, 0.12938684226217387, 0.12938684226217387, 0.12938684226217387, 0.12938684226217387, 0.12938684226217387, 0.12938684226217387, 0.12938684226217387, 0.12938684226217387, 0.12938684226217387, 0.12938684226217387, 0.4334934748184461, 0.12938684226217387, 0.12938684226217387, 0.12938684226217387, 0.12938684226217387, 0.4334934748184461, 0.8137490718345057, 0.12938684226217387, 0.12938684226217387, 0.12938684226217387, 0.12938684226217387, 0.12938684226217387, 0.12938684226217387, 0.12938684226217387, 0.12938684226217387, 0.12938684226217387, 0.12938684226217387, 0.12938684226217387, 0.12938684226217387, 0.12938684226217387, 0.8137490718345057, 0.12938684226217387, 0.12938684226217387, 0.12938684226217387, 0.4590365249295756, 0.12938684226217387, 0.12938684226217387, 0.12938684226217387, 0.4590365249295756, 0.12938684226217387, 0.12938684226217387, 0.12938684226217387, 0.12938684226217387, 0.12938684226217387, 0.12938684226217387, 0.12938684226217387, 0.4334934748184461, 0.12938684226217387, 0.4334934748184461, 0.4334934748184461, 0.4457690732730755, 0.12938684226217387, 0.4334934748184461, 0.12938684226217387, 0.12938684226217387, 0.12938684226217387, 0.12938684226217387, 0.82118382673388, 0.12938684226217387, 0.12938684226217387, 0.12938684226217387, 0.12938684226217387, 0.12938684226217387, 0.12938684226217387, 0.12938684226217387, 0.4334934748184461, 0.12938684226217387, 0.12938684226217387, 0.4334934748184461, 0.4457690732730755, 0.4334934748184461, 0.8137490718345057, 0.12938684226217387]",47,train,3
0.45,45,0,0,55,100,15,1,1,1,0,0,0,15,1,1,1,0,0,0,"(array([0.4887358 , 0.47371051, 0.67073143]), array([0.85742426, 0.85782671, 0.71775037]), array([0.14688087, 0.14602019, 0.29068524]), array([0.49967808, 0.51421577, 0.32165208]))","['QwenPRM_min_scores (7.63B)', 'GPM (8B)', 'EurusPRMStage1_min_scores (7.62B)']","[0.8137490718345057, 0.8137490718345057, 0.8137490718345057, 0.8137490718345057, 0.4334934748184461, 0.8054949494597046, 0.8137490718345057, 0.8137490718345057, 0.4334934748184461, 0.4334934748184461, 0.8137490718345057, 0.4334934748184461, 0.8137490718345057, 0.8137490718345057, 0.8137490718345057, 0.9594244486497503, 0.8054949494597046, 0.8137490718345057, 0.8137490718345057, 0.8137490718345057, 0.8137490718345057, 0.4334934748184461, 0.12938684226217387, 0.4334934748184461, 0.8137490718345057, 0.4334934748184461, 0.8137490718345057, 0.4334934748184461, 0.4334934748184461, 0.8137490718345057, 0.8137490718345057, 0.4334934748184461, 0.8137490718345057, 0.4590365249295756, 0.12938684226217387, 0.8137490718345057, 0.8137490718345057, 0.4334934748184461, 0.4334934748184461, 0.4334934748184461, 0.8137490718345057, 0.4334934748184461, 0.8137490718345057, 0.4334934748184461, 0.4334934748184461, 0.4334934748184461, 0.4334934748184461, 0.4334934748184461, 0.4334934748184461, 0.8137490718345057, 0.4334934748184461, 0.4334934748184461, 0.4334934748184461, 0.4334934748184461, 0.12938684226217387, 0.4334934748184461, 0.8137490718345057, 0.8137490718345057, 0.4334934748184461, 0.12938684226217387, 0.4334934748184461, 0.8137490718345057, 0.4590365249295756, 0.8137490718345057, 0.4334934748184461, 0.8137490718345057, 0.4334934748184461, 0.8137490718345057, 0.4334934748184461, 0.8137490718345057, 0.4334934748184461, 0.4334934748184461, 0.4334934748184461, 0.8137490718345057, 0.8137490718345057, 0.4334934748184461, 0.8137490718345057, 0.4334934748184461, 0.4334934748184461, 0.8137490718345057, 0.4334934748184461, 0.4334934748184461, 0.8137490718345057, 0.4334934748184461, 0.8137490718345057, 0.4334934748184461, 0.4334934748184461, 0.4334934748184461, 0.4334934748184461, 0.8137490718345057, 0.4334934748184461, 0.4334934748184461, 0.8137490718345057, 0.4334934748184461, 0.4334934748184461, 0.8137490718345057, 0.4334934748184461, 0.8137490718345057, 0.8137490718345057, 0.12938684226217387]",48,train,9
0.96,1,95,4,0,100,67,1,1,1,0,0,0,0,0,1,0,1,0,0,"(array([0.4887358 , 0.47371051, 0.67073143]), array([0.85742426, 0.85782671, 0.71775037]), array([0.14688087, 0.14602019, 0.29068524]), array([0.49967808, 0.51421577, 0.32165208]))","['QwenPRM_min_scores (7.63B)', 'GPM (8B)', 'EurusPRMStage1_min_scores (7.62B)']","[0.12938684226217387, 0.4334934748184461, 0.12938684226217387, 0.12938684226217387, 0.4334934748184461, 0.8054949494597046, 0.4334934748184461, 0.4334934748184461, 0.4334934748184461, 0.12938684226217387, 0.4334934748184461, 0.12938684226217387, 0.12938684226217387, 0.12938684226217387, 0.4334934748184461, 0.4334934748184461, 0.4457690732730755, 0.4334934748184461, 0.4334934748184461, 0.12938684226217387, 0.4334934748184461, 0.4334934748184461, 0.12938684226217387, 0.4457690732730755, 0.4334934748184461, 0.4334934748184461, 0.4334934748184461, 0.12938684226217387, 0.12938684226217387, 0.4334934748184461, 0.4334934748184461, 0.12938684226217387, 0.4334934748184461, 0.4457690732730755, 0.4334934748184461, 0.4334934748184461, 0.4334934748184461, 0.4334934748184461, 0.12938684226217387, 0.4334934748184461, 0.4334934748184461, 0.4334934748184461, 0.4334934748184461, 0.4334934748184461, 0.4334934748184461, 0.4334934748184461, 0.4334934748184461, 0.4334934748184461, 0.8054949494597046, 0.4334934748184461, 0.4334934748184461, 0.4334934748184461, 0.12938684226217387, 0.12938684226217387, 0.12938684226217387, 0.4334934748184461, 0.4334934748184461, 0.4334934748184461, 0.4457690732730755, 0.4334934748184461, 0.12938684226217387, 0.4334934748184461, 0.4334934748184461, 0.4334934748184461, 0.12938684226217387, 0.4334934748184461, 0.12938684226217387, 0.8137490718345057, 0.4334934748184461, 0.12938684226217387, 0.4334934748184461, 0.4334934748184461, 0.12938684226217387, 0.4457690732730755, 0.8054949494597046, 0.12938684226217387, 0.4334934748184461, 0.12938684226217387, 0.4334934748184461, 0.12938684226217387, 0.4334934748184461, 0.12938684226217387, 0.4457690732730755, 0.4334934748184461, 0.12938684226217387, 0.12938684226217387, 0.8054949494597046, 0.4457690732730755, 0.12938684226217387, 0.4334934748184461, 0.12938684226217387, 0.4334934748184461, 0.4334934748184461, 0.12938684226217387, 0.4334934748184461, 0.4334934748184461, 0.4334934748184461, 0.4334934748184461, 0.4334934748184461, 0.4334934748184461]",49,train,0
