sample_accuracy,sample_tp,sample_tn,sample_fp,sample_fn,num_samples,top1_idx,top1_positive,has_positive,top1_tp,top1_fp,top1_tn,top1_fn,prediction_idx,prediction_class,prediction_accuracy,prediction_tp,prediction_tn,prediction_fp,prediction_fn,model_params,verifier_subset,weaver_sample_scores,problem,set,difficulty
0.6,55,5,1,39,100,2,1,1,1,0,0,0,2,1,1,1,0,0,0,"(array([0.50270683, 0.67156065]), array([0.82131118, 0.71305126]), array([0.17444761, 0.28702798]), array([0.48480329, 0.31982562]))","['QwenPRM_min_scores (7.63B)', 'EurusPRMStage1_min_scores (7.62B)']","[0.2008567945887737, 0.2008567945887737, 0.8648762629869087, 0.2008567945887737, 0.2008567945887737, 0.5673025419876959, 0.8648762629869087, 0.2008567945887737, 0.5673025419876959, 0.2008567945887737, 0.2008567945887737, 0.5673025419876959, 0.2008567945887737, 0.5673025419876959, 0.5673025419876959, 0.2008567945887737, 0.8648762629869087, 0.2008567945887737, 0.2008567945887737, 0.2008567945887737, 0.2008567945887737, 0.5673025419876959, 0.2008567945887737, 0.2008567945887737, 0.5673025419876959, 0.2008567945887737, 0.2008567945887737, 0.2008567945887737, 0.5673025419876959, 0.2008567945887737, 0.8648762629869087, 0.5673025419876959, 0.5673025419876959, 0.2008567945887737, 0.8648762629869087, 0.5673025419876959, 0.5673025419876959, 0.2008567945887737, 0.5673025419876959, 0.2008567945887737, 0.8648762629869087, 0.5673025419876959, 0.8648762629869087, 0.5673025419876959, 0.2008567945887737, 0.5509707210987601, 0.8648762629869087, 0.5673025419876959, 0.5673025419876959, 0.5673025419876959, 0.2008567945887737, 0.8648762629869087, 0.5673025419876959, 0.2008567945887737, 0.5673025419876959, 0.2008567945887737, 0.8648762629869087, 0.2008567945887737, 0.2008567945887737, 0.2008567945887737, 0.5673025419876959, 0.8648762629869087, 0.2008567945887737, 0.5673025419876959, 0.2008567945887737, 0.2008567945887737, 0.2008567945887737, 0.8648762629869087, 0.8648762629869087, 0.2008567945887737, 0.5673025419876959, 0.8648762629869087, 0.5673025419876959, 0.5673025419876959, 0.5673025419876959, 0.5673025419876959, 0.5673025419876959, 0.2008567945887737, 0.2008567945887737, 0.5673025419876959, 0.5673025419876959, 0.5673025419876959, 0.2008567945887737, 0.5673025419876959, 0.8648762629869087, 0.8648762629869087, 0.2008567945887737, 0.2008567945887737, 0.8648762629869087, 0.8648762629869087, 0.2008567945887737, 0.2008567945887737, 0.5673025419876959, 0.5673025419876959, 0.8648762629869087, 0.2008567945887737, 0.2008567945887737, 0.2008567945887737, 0.8648762629869087, 0.5673025419876959]",0,train,9
0.94,87,7,1,5,100,3,1,1,1,0,0,0,3,1,1,1,0,0,0,"(array([0.50270683, 0.67156065]), array([0.82131118, 0.71305126]), array([0.17444761, 0.28702798]), array([0.48480329, 0.31982562]))","['QwenPRM_min_scores (7.63B)', 'EurusPRMStage1_min_scores (7.62B)']","[0.5673025419876959, 0.5509707210987601, 0.5673025419876959, 0.8648762629869087, 0.5673025419876959, 0.8648762629869087, 0.8648762629869087, 0.8648762629869087, 0.5673025419876959, 0.8648762629869087, 0.5673025419876959, 0.8648762629869087, 0.8648762629869087, 0.5673025419876959, 0.5673025419876959, 0.8648762629869087, 0.5673025419876959, 0.5673025419876959, 0.8648762629869087, 0.8648762629869087, 0.8648762629869087, 0.8648762629869087, 0.2008567945887737, 0.5673025419876959, 0.8648762629869087, 0.2008567945887737, 0.5673025419876959, 0.5509707210987601, 0.8648762629869087, 0.8648762629869087, 0.2008567945887737, 0.5673025419876959, 0.8648762629869087, 0.5673025419876959, 0.8648762629869087, 0.5673025419876959, 0.8648762629869087, 0.5673025419876959, 0.8648762629869087, 0.5673025419876959, 0.8648762629869087, 0.5673025419876959, 0.2008567945887737, 0.8648762629869087, 0.2008567945887737, 0.5673025419876959, 0.8648762629869087, 0.8648762629869087, 0.8648762629869087, 0.5673025419876959, 0.8648762629869087, 0.8648762629869087, 0.8648762629869087, 0.2008567945887737, 0.2008567945887737, 0.5673025419876959, 0.5673025419876959, 0.5673025419876959, 0.8648762629869087, 0.8648762629869087, 0.5673025419876959, 0.5673025419876959, 0.2008567945887737, 0.5673025419876959, 0.8648762629869087, 0.8648762629869087, 0.8648762629869087, 0.5673025419876959, 0.8648762629869087, 0.8648762629869087, 0.2008567945887737, 0.2008567945887737, 0.5673025419876959, 0.8648762629869087, 0.5673025419876959, 0.5673025419876959, 0.5673025419876959, 0.5673025419876959, 0.8648762629869087, 0.5673025419876959, 0.8648762629869087, 0.2008567945887737, 0.5673025419876959, 0.5673025419876959, 0.5673025419876959, 0.8648762629869087, 0.5673025419876959, 0.8648762629869087, 0.8648762629869087, 0.5673025419876959, 0.8648762629869087, 0.5673025419876959, 0.5673025419876959, 0.5673025419876959, 0.2008567945887737, 0.5673025419876959, 0.8648762629869087, 0.8648762629869087, 0.5673025419876959, 0.8648762629869087]",1,train,9
0.88,56,32,0,12,100,17,1,1,1,0,0,0,17,1,1,1,0,0,0,"(array([0.50270683, 0.67156065]), array([0.82131118, 0.71305126]), array([0.17444761, 0.28702798]), array([0.48480329, 0.31982562]))","['QwenPRM_min_scores (7.63B)', 'EurusPRMStage1_min_scores (7.62B)']","[0.2008567945887737, 0.2008567945887737, 0.5673025419876959, 0.2008567945887737, 0.2008567945887737, 0.2008567945887737, 0.2008567945887737, 0.5673025419876959, 0.5673025419876959, 0.5673025419876959, 0.5673025419876959, 0.2008567945887737, 0.2008567945887737, 0.5673025419876959, 0.5673025419876959, 0.5673025419876959, 0.5673025419876959, 0.8648762629869087, 0.5673025419876959, 0.5673025419876959, 0.5673025419876959, 0.5673025419876959, 0.2008567945887737, 0.2008567945887737, 0.2008567945887737, 0.2008567945887737, 0.2008567945887737, 0.2008567945887737, 0.2008567945887737, 0.5673025419876959, 0.2008567945887737, 0.2008567945887737, 0.5673025419876959, 0.2008567945887737, 0.5673025419876959, 0.5673025419876959, 0.5673025419876959, 0.2008567945887737, 0.2008567945887737, 0.2008567945887737, 0.5673025419876959, 0.5673025419876959, 0.5673025419876959, 0.5673025419876959, 0.5673025419876959, 0.2008567945887737, 0.5673025419876959, 0.2008567945887737, 0.5673025419876959, 0.5673025419876959, 0.2008567945887737, 0.5673025419876959, 0.2008567945887737, 0.2008567945887737, 0.5673025419876959, 0.5673025419876959, 0.5673025419876959, 0.2008567945887737, 0.2008567945887737, 0.2008567945887737, 0.5673025419876959, 0.5673025419876959, 0.2008567945887737, 0.5673025419876959, 0.5673025419876959, 0.5673025419876959, 0.5673025419876959, 0.5673025419876959, 0.2008567945887737, 0.5673025419876959, 0.2008567945887737, 0.5673025419876959, 0.5673025419876959, 0.5673025419876959, 0.2008567945887737, 0.2008567945887737, 0.2008567945887737, 0.2008567945887737, 0.5673025419876959, 0.2008567945887737, 0.5673025419876959, 0.5673025419876959, 0.5673025419876959, 0.2008567945887737, 0.2008567945887737, 0.5673025419876959, 0.5673025419876959, 0.5673025419876959, 0.2008567945887737, 0.2008567945887737, 0.5673025419876959, 0.5673025419876959, 0.5673025419876959, 0.2008567945887737, 0.5673025419876959, 0.5673025419876959, 0.5673025419876959, 0.2008567945887737, 0.2008567945887737, 0.5673025419876959]",2,train,6
0.86,57,29,0,14,100,5,1,1,1,0,0,0,5,1,1,1,0,0,0,"(array([0.50270683, 0.67156065]), array([0.82131118, 0.71305126]), array([0.17444761, 0.28702798]), array([0.48480329, 0.31982562]))","['QwenPRM_min_scores (7.63B)', 'EurusPRMStage1_min_scores (7.62B)']","[0.2008567945887737, 0.5673025419876959, 0.5673025419876959, 0.2008567945887737, 0.5673025419876959, 0.8648762629869087, 0.5673025419876959, 0.2008567945887737, 0.8648762629869087, 0.5673025419876959, 0.5673025419876959, 0.8648762629869087, 0.2008567945887737, 0.5673025419876959, 0.5673025419876959, 0.2008567945887737, 0.2008567945887737, 0.2008567945887737, 0.8648762629869087, 0.8648762629869087, 0.8648762629869087, 0.2008567945887737, 0.5673025419876959, 0.2008567945887737, 0.8648762629869087, 0.8648762629869087, 0.2008567945887737, 0.5509707210987601, 0.2008567945887737, 0.5673025419876959, 0.2008567945887737, 0.5673025419876959, 0.8648762629869087, 0.2008567945887737, 0.8648762629869087, 0.8648762629869087, 0.2008567945887737, 0.2008567945887737, 0.5673025419876959, 0.2008567945887737, 0.5673025419876959, 0.2008567945887737, 0.8648762629869087, 0.8648762629869087, 0.2008567945887737, 0.5673025419876959, 0.2008567945887737, 0.2008567945887737, 0.2008567945887737, 0.5673025419876959, 0.2008567945887737, 0.5673025419876959, 0.2008567945887737, 0.8648762629869087, 0.5673025419876959, 0.5509707210987601, 0.2008567945887737, 0.2008567945887737, 0.8648762629869087, 0.8648762629869087, 0.5673025419876959, 0.2008567945887737, 0.2008567945887737, 0.2008567945887737, 0.5673025419876959, 0.2008567945887737, 0.5673025419876959, 0.8648762629869087, 0.2008567945887737, 0.5673025419876959, 0.2008567945887737, 0.5673025419876959, 0.2008567945887737, 0.2008567945887737, 0.8648762629869087, 0.5673025419876959, 0.8648762629869087, 0.5673025419876959, 0.5673025419876959, 0.8648762629869087, 0.8648762629869087, 0.2008567945887737, 0.2008567945887737, 0.2008567945887737, 0.2008567945887737, 0.8648762629869087, 0.5673025419876959, 0.2008567945887737, 0.5673025419876959, 0.2008567945887737, 0.5673025419876959, 0.8648762629869087, 0.5673025419876959, 0.2008567945887737, 0.2008567945887737, 0.8648762629869087, 0.2008567945887737, 0.2008567945887737, 0.5673025419876959, 0.5673025419876959]",3,train,7
0.7,11,59,13,17,100,12,0,1,0,0,0,1,0,0,1,0,1,0,0,"(array([0.50270683, 0.67156065]), array([0.82131118, 0.71305126]), array([0.17444761, 0.28702798]), array([0.48480329, 0.31982562]))","['QwenPRM_min_scores (7.63B)', 'EurusPRMStage1_min_scores (7.62B)']","[0.2008567945887737, 0.2008567945887737, 0.2008567945887737, 0.2008567945887737, 0.2008567945887737, 0.2008567945887737, 0.2008567945887737, 0.2008567945887737, 0.2008567945887737, 0.2008567945887737, 0.2008567945887737, 0.2008567945887737, 0.5673025419876959, 0.2008567945887737, 0.2008567945887737, 0.2008567945887737, 0.2008567945887737, 0.2008567945887737, 0.2008567945887737, 0.2008567945887737, 0.2008567945887737, 0.5673025419876959, 0.5673025419876959, 0.2008567945887737, 0.2008567945887737, 0.5673025419876959, 0.5673025419876959, 0.2008567945887737, 0.2008567945887737, 0.2008567945887737, 0.2008567945887737, 0.2008567945887737, 0.2008567945887737, 0.2008567945887737, 0.2008567945887737, 0.2008567945887737, 0.2008567945887737, 0.2008567945887737, 0.2008567945887737, 0.2008567945887737, 0.5673025419876959, 0.5673025419876959, 0.2008567945887737, 0.2008567945887737, 0.5673025419876959, 0.2008567945887737, 0.2008567945887737, 0.2008567945887737, 0.5673025419876959, 0.5673025419876959, 0.2008567945887737, 0.2008567945887737, 0.5673025419876959, 0.5673025419876959, 0.2008567945887737, 0.5673025419876959, 0.5673025419876959, 0.2008567945887737, 0.2008567945887737, 0.2008567945887737, 0.2008567945887737, 0.2008567945887737, 0.2008567945887737, 0.2008567945887737, 0.2008567945887737, 0.2008567945887737, 0.2008567945887737, 0.5673025419876959, 0.5673025419876959, 0.5673025419876959, 0.2008567945887737, 0.2008567945887737, 0.2008567945887737, 0.2008567945887737, 0.2008567945887737, 0.2008567945887737, 0.2008567945887737, 0.5673025419876959, 0.5673025419876959, 0.2008567945887737, 0.2008567945887737, 0.2008567945887737, 0.2008567945887737, 0.2008567945887737, 0.2008567945887737, 0.2008567945887737, 0.5673025419876959, 0.2008567945887737, 0.5673025419876959, 0.2008567945887737, 0.2008567945887737, 0.2008567945887737, 0.5673025419876959, 0.2008567945887737, 0.2008567945887737, 0.5673025419876959, 0.2008567945887737, 0.2008567945887737, 0.5673025419876959, 0.2008567945887737]",4,train,2
0.84,53,31,6,10,100,6,1,1,1,0,0,0,6,1,1,1,0,0,0,"(array([0.50270683, 0.67156065]), array([0.82131118, 0.71305126]), array([0.17444761, 0.28702798]), array([0.48480329, 0.31982562]))","['QwenPRM_min_scores (7.63B)', 'EurusPRMStage1_min_scores (7.62B)']","[0.5673025419876959, 0.5673025419876959, 0.2008567945887737, 0.5673025419876959, 0.5673025419876959, 0.2008567945887737, 0.8648762629869087, 0.5509707210987601, 0.2008567945887737, 0.8648762629869087, 0.5673025419876959, 0.5673025419876959, 0.5673025419876959, 0.8648762629869087, 0.2008567945887737, 0.8648762629869087, 0.2008567945887737, 0.5509707210987601, 0.5673025419876959, 0.2008567945887737, 0.2008567945887737, 0.5673025419876959, 0.8648762629869087, 0.5673025419876959, 0.2008567945887737, 0.5509707210987601, 0.2008567945887737, 0.2008567945887737, 0.2008567945887737, 0.2008567945887737, 0.5509707210987601, 0.2008567945887737, 0.2008567945887737, 0.5509707210987601, 0.8648762629869087, 0.5673025419876959, 0.2008567945887737, 0.2008567945887737, 0.2008567945887737, 0.5673025419876959, 0.5673025419876959, 0.5509707210987601, 0.2008567945887737, 0.2008567945887737, 0.8648762629869087, 0.5673025419876959, 0.5673025419876959, 0.8648762629869087, 0.5673025419876959, 0.2008567945887737, 0.5673025419876959, 0.5673025419876959, 0.5509707210987601, 0.5673025419876959, 0.5673025419876959, 0.2008567945887737, 0.2008567945887737, 0.2008567945887737, 0.8648762629869087, 0.2008567945887737, 0.5673025419876959, 0.2008567945887737, 0.5673025419876959, 0.5509707210987601, 0.2008567945887737, 0.5673025419876959, 0.5673025419876959, 0.2008567945887737, 0.5673025419876959, 0.5673025419876959, 0.5673025419876959, 0.5673025419876959, 0.2008567945887737, 0.2008567945887737, 0.2008567945887737, 0.5673025419876959, 0.2008567945887737, 0.5673025419876959, 0.8648762629869087, 0.2008567945887737, 0.2008567945887737, 0.5673025419876959, 0.5673025419876959, 0.5673025419876959, 0.8648762629869087, 0.5673025419876959, 0.8648762629869087, 0.2008567945887737, 0.5509707210987601, 0.2008567945887737, 0.2008567945887737, 0.5673025419876959, 0.2008567945887737, 0.5673025419876959, 0.2008567945887737, 0.2008567945887737, 0.5673025419876959, 0.5673025419876959, 0.2008567945887737, 0.2008567945887737]",5,train,6
0.59,2,57,41,0,100,3,0,1,0,0,0,1,0,0,1,0,1,0,0,"(array([0.50270683, 0.67156065]), array([0.82131118, 0.71305126]), array([0.17444761, 0.28702798]), array([0.48480329, 0.31982562]))","['QwenPRM_min_scores (7.63B)', 'EurusPRMStage1_min_scores (7.62B)']","[0.2008567945887737, 0.2008567945887737, 0.2008567945887737, 0.5673025419876959, 0.5673025419876959, 0.2008567945887737, 0.5673025419876959, 0.2008567945887737, 0.5673025419876959, 0.2008567945887737, 0.2008567945887737, 0.2008567945887737, 0.2008567945887737, 0.5673025419876959, 0.2008567945887737, 0.5673025419876959, 0.2008567945887737, 0.5673025419876959, 0.2008567945887737, 0.5673025419876959, 0.2008567945887737, 0.5673025419876959, 0.2008567945887737, 0.5673025419876959, 0.2008567945887737, 0.2008567945887737, 0.5673025419876959, 0.2008567945887737, 0.2008567945887737, 0.2008567945887737, 0.5673025419876959, 0.2008567945887737, 0.2008567945887737, 0.2008567945887737, 0.2008567945887737, 0.2008567945887737, 0.5673025419876959, 0.2008567945887737, 0.5673025419876959, 0.2008567945887737, 0.2008567945887737, 0.2008567945887737, 0.2008567945887737, 0.5673025419876959, 0.5673025419876959, 0.2008567945887737, 0.5673025419876959, 0.2008567945887737, 0.2008567945887737, 0.5673025419876959, 0.2008567945887737, 0.5673025419876959, 0.2008567945887737, 0.2008567945887737, 0.2008567945887737, 0.5673025419876959, 0.5673025419876959, 0.2008567945887737, 0.5673025419876959, 0.5673025419876959, 0.5673025419876959, 0.2008567945887737, 0.5673025419876959, 0.2008567945887737, 0.2008567945887737, 0.2008567945887737, 0.2008567945887737, 0.5673025419876959, 0.2008567945887737, 0.5673025419876959, 0.5673025419876959, 0.5673025419876959, 0.2008567945887737, 0.5673025419876959, 0.5673025419876959, 0.5673025419876959, 0.5673025419876959, 0.2008567945887737, 0.5673025419876959, 0.5673025419876959, 0.2008567945887737, 0.2008567945887737, 0.5673025419876959, 0.2008567945887737, 0.5673025419876959, 0.2008567945887737, 0.2008567945887737, 0.5673025419876959, 0.2008567945887737, 0.2008567945887737, 0.5673025419876959, 0.5673025419876959, 0.2008567945887737, 0.2008567945887737, 0.2008567945887737, 0.2008567945887737, 0.2008567945887737, 0.5673025419876959, 0.5673025419876959, 0.5673025419876959]",6,train,0
0.85,81,4,0,15,100,9,1,1,1,0,0,0,9,1,1,1,0,0,0,"(array([0.50270683, 0.67156065]), array([0.82131118, 0.71305126]), array([0.17444761, 0.28702798]), array([0.48480329, 0.31982562]))","['QwenPRM_min_scores (7.63B)', 'EurusPRMStage1_min_scores (7.62B)']","[0.5673025419876959, 0.5673025419876959, 0.5673025419876959, 0.5673025419876959, 0.2008567945887737, 0.2008567945887737, 0.5673025419876959, 0.5673025419876959, 0.5673025419876959, 0.8648762629869087, 0.5673025419876959, 0.5673025419876959, 0.5673025419876959, 0.5673025419876959, 0.5673025419876959, 0.5673025419876959, 0.5673025419876959, 0.5673025419876959, 0.5673025419876959, 0.5673025419876959, 0.5673025419876959, 0.5673025419876959, 0.5673025419876959, 0.2008567945887737, 0.2008567945887737, 0.5673025419876959, 0.5673025419876959, 0.5673025419876959, 0.5673025419876959, 0.2008567945887737, 0.2008567945887737, 0.5673025419876959, 0.5673025419876959, 0.8648762629869087, 0.5673025419876959, 0.5673025419876959, 0.2008567945887737, 0.5673025419876959, 0.2008567945887737, 0.5673025419876959, 0.5673025419876959, 0.5673025419876959, 0.5673025419876959, 0.5673025419876959, 0.2008567945887737, 0.5673025419876959, 0.5673025419876959, 0.5673025419876959, 0.2008567945887737, 0.5673025419876959, 0.5673025419876959, 0.5673025419876959, 0.5673025419876959, 0.5673025419876959, 0.5673025419876959, 0.5673025419876959, 0.5673025419876959, 0.5673025419876959, 0.8648762629869087, 0.5673025419876959, 0.5673025419876959, 0.2008567945887737, 0.5673025419876959, 0.5673025419876959, 0.5673025419876959, 0.5673025419876959, 0.5673025419876959, 0.5673025419876959, 0.2008567945887737, 0.5673025419876959, 0.2008567945887737, 0.2008567945887737, 0.5673025419876959, 0.8648762629869087, 0.5673025419876959, 0.5673025419876959, 0.5673025419876959, 0.2008567945887737, 0.2008567945887737, 0.5673025419876959, 0.5673025419876959, 0.5673025419876959, 0.2008567945887737, 0.8648762629869087, 0.5673025419876959, 0.2008567945887737, 0.2008567945887737, 0.5673025419876959, 0.5673025419876959, 0.5673025419876959, 0.5673025419876959, 0.5673025419876959, 0.5673025419876959, 0.5673025419876959, 0.5673025419876959, 0.5673025419876959, 0.5673025419876959, 0.5673025419876959, 0.5673025419876959, 0.5673025419876959]",7,train,9
0.93,50,43,0,7,100,5,1,1,1,0,0,0,5,1,1,1,0,0,0,"(array([0.50270683, 0.67156065]), array([0.82131118, 0.71305126]), array([0.17444761, 0.28702798]), array([0.48480329, 0.31982562]))","['QwenPRM_min_scores (7.63B)', 'EurusPRMStage1_min_scores (7.62B)']","[0.2008567945887737, 0.5673025419876959, 0.5673025419876959, 0.2008567945887737, 0.5673025419876959, 0.8648762629869087, 0.8648762629869087, 0.2008567945887737, 0.5673025419876959, 0.5673025419876959, 0.5673025419876959, 0.5673025419876959, 0.2008567945887737, 0.5673025419876959, 0.2008567945887737, 0.5673025419876959, 0.5673025419876959, 0.2008567945887737, 0.8648762629869087, 0.5673025419876959, 0.8648762629869087, 0.5673025419876959, 0.5673025419876959, 0.8648762629869087, 0.8648762629869087, 0.8648762629869087, 0.2008567945887737, 0.2008567945887737, 0.5673025419876959, 0.2008567945887737, 0.2008567945887737, 0.2008567945887737, 0.2008567945887737, 0.5673025419876959, 0.2008567945887737, 0.5673025419876959, 0.2008567945887737, 0.2008567945887737, 0.2008567945887737, 0.2008567945887737, 0.2008567945887737, 0.5673025419876959, 0.2008567945887737, 0.5673025419876959, 0.2008567945887737, 0.2008567945887737, 0.5673025419876959, 0.2008567945887737, 0.5673025419876959, 0.5673025419876959, 0.5673025419876959, 0.2008567945887737, 0.5673025419876959, 0.5673025419876959, 0.2008567945887737, 0.2008567945887737, 0.2008567945887737, 0.5673025419876959, 0.2008567945887737, 0.5673025419876959, 0.2008567945887737, 0.5673025419876959, 0.5673025419876959, 0.5673025419876959, 0.2008567945887737, 0.2008567945887737, 0.5673025419876959, 0.2008567945887737, 0.2008567945887737, 0.2008567945887737, 0.8648762629869087, 0.5673025419876959, 0.5673025419876959, 0.5673025419876959, 0.5673025419876959, 0.2008567945887737, 0.2008567945887737, 0.2008567945887737, 0.8648762629869087, 0.2008567945887737, 0.2008567945887737, 0.2008567945887737, 0.2008567945887737, 0.2008567945887737, 0.2008567945887737, 0.5673025419876959, 0.2008567945887737, 0.8648762629869087, 0.8648762629869087, 0.2008567945887737, 0.2008567945887737, 0.5673025419876959, 0.8648762629869087, 0.2008567945887737, 0.2008567945887737, 0.2008567945887737, 0.2008567945887737, 0.5673025419876959, 0.2008567945887737, 0.8648762629869087]",8,train,5
0.76,10,66,13,11,100,16,0,1,0,0,0,1,0,0,1,0,1,0,0,"(array([0.50270683, 0.67156065]), array([0.82131118, 0.71305126]), array([0.17444761, 0.28702798]), array([0.48480329, 0.31982562]))","['QwenPRM_min_scores (7.63B)', 'EurusPRMStage1_min_scores (7.62B)']","[0.2008567945887737, 0.2008567945887737, 0.2008567945887737, 0.2008567945887737, 0.2008567945887737, 0.2008567945887737, 0.2008567945887737, 0.2008567945887737, 0.2008567945887737, 0.2008567945887737, 0.2008567945887737, 0.2008567945887737, 0.2008567945887737, 0.2008567945887737, 0.2008567945887737, 0.2008567945887737, 0.5673025419876959, 0.5673025419876959, 0.5673025419876959, 0.5673025419876959, 0.2008567945887737, 0.2008567945887737, 0.2008567945887737, 0.2008567945887737, 0.2008567945887737, 0.5673025419876959, 0.2008567945887737, 0.2008567945887737, 0.2008567945887737, 0.2008567945887737, 0.2008567945887737, 0.2008567945887737, 0.2008567945887737, 0.2008567945887737, 0.2008567945887737, 0.5673025419876959, 0.2008567945887737, 0.2008567945887737, 0.2008567945887737, 0.5673025419876959, 0.5673025419876959, 0.5673025419876959, 0.2008567945887737, 0.2008567945887737, 0.2008567945887737, 0.2008567945887737, 0.2008567945887737, 0.2008567945887737, 0.2008567945887737, 0.5673025419876959, 0.5673025419876959, 0.2008567945887737, 0.2008567945887737, 0.5673025419876959, 0.5673025419876959, 0.5673025419876959, 0.2008567945887737, 0.5673025419876959, 0.2008567945887737, 0.2008567945887737, 0.2008567945887737, 0.2008567945887737, 0.2008567945887737, 0.2008567945887737, 0.2008567945887737, 0.2008567945887737, 0.2008567945887737, 0.2008567945887737, 0.2008567945887737, 0.2008567945887737, 0.5673025419876959, 0.5673025419876959, 0.2008567945887737, 0.2008567945887737, 0.2008567945887737, 0.2008567945887737, 0.2008567945887737, 0.2008567945887737, 0.2008567945887737, 0.2008567945887737, 0.2008567945887737, 0.2008567945887737, 0.5673025419876959, 0.2008567945887737, 0.2008567945887737, 0.2008567945887737, 0.2008567945887737, 0.5673025419876959, 0.2008567945887737, 0.2008567945887737, 0.2008567945887737, 0.5673025419876959, 0.5673025419876959, 0.5673025419876959, 0.2008567945887737, 0.2008567945887737, 0.5673025419876959, 0.2008567945887737, 0.2008567945887737, 0.2008567945887737]",9,train,2
0.81,5,76,7,12,100,54,1,1,1,0,0,0,54,1,1,1,0,0,0,"(array([0.50270683, 0.67156065]), array([0.82131118, 0.71305126]), array([0.17444761, 0.28702798]), array([0.48480329, 0.31982562]))","['QwenPRM_min_scores (7.63B)', 'EurusPRMStage1_min_scores (7.62B)']","[0.2008567945887737, 0.2008567945887737, 0.2008567945887737, 0.2008567945887737, 0.2008567945887737, 0.2008567945887737, 0.2008567945887737, 0.2008567945887737, 0.2008567945887737, 0.2008567945887737, 0.2008567945887737, 0.2008567945887737, 0.2008567945887737, 0.2008567945887737, 0.2008567945887737, 0.2008567945887737, 0.5673025419876959, 0.2008567945887737, 0.2008567945887737, 0.2008567945887737, 0.2008567945887737, 0.2008567945887737, 0.2008567945887737, 0.2008567945887737, 0.2008567945887737, 0.2008567945887737, 0.2008567945887737, 0.2008567945887737, 0.2008567945887737, 0.2008567945887737, 0.2008567945887737, 0.5673025419876959, 0.2008567945887737, 0.2008567945887737, 0.2008567945887737, 0.5673025419876959, 0.2008567945887737, 0.2008567945887737, 0.2008567945887737, 0.2008567945887737, 0.2008567945887737, 0.2008567945887737, 0.2008567945887737, 0.2008567945887737, 0.2008567945887737, 0.2008567945887737, 0.2008567945887737, 0.2008567945887737, 0.2008567945887737, 0.2008567945887737, 0.2008567945887737, 0.5673025419876959, 0.2008567945887737, 0.2008567945887737, 0.8648762629869087, 0.5673025419876959, 0.5673025419876959, 0.2008567945887737, 0.2008567945887737, 0.2008567945887737, 0.2008567945887737, 0.5673025419876959, 0.2008567945887737, 0.2008567945887737, 0.5673025419876959, 0.2008567945887737, 0.2008567945887737, 0.2008567945887737, 0.2008567945887737, 0.2008567945887737, 0.2008567945887737, 0.2008567945887737, 0.2008567945887737, 0.2008567945887737, 0.2008567945887737, 0.2008567945887737, 0.2008567945887737, 0.2008567945887737, 0.2008567945887737, 0.5673025419876959, 0.5673025419876959, 0.2008567945887737, 0.2008567945887737, 0.2008567945887737, 0.2008567945887737, 0.2008567945887737, 0.2008567945887737, 0.2008567945887737, 0.2008567945887737, 0.2008567945887737, 0.2008567945887737, 0.2008567945887737, 0.2008567945887737, 0.2008567945887737, 0.2008567945887737, 0.2008567945887737, 0.2008567945887737, 0.2008567945887737, 0.2008567945887737, 0.5673025419876959]",10,train,1
0.93,59,34,0,7,100,1,1,1,1,0,0,0,1,1,1,1,0,0,0,"(array([0.50270683, 0.67156065]), array([0.82131118, 0.71305126]), array([0.17444761, 0.28702798]), array([0.48480329, 0.31982562]))","['QwenPRM_min_scores (7.63B)', 'EurusPRMStage1_min_scores (7.62B)']","[0.2008567945887737, 0.8648762629869087, 0.5673025419876959, 0.8648762629869087, 0.5673025419876959, 0.5673025419876959, 0.5673025419876959, 0.5673025419876959, 0.2008567945887737, 0.2008567945887737, 0.5673025419876959, 0.2008567945887737, 0.5673025419876959, 0.2008567945887737, 0.5673025419876959, 0.5673025419876959, 0.5673025419876959, 0.2008567945887737, 0.5673025419876959, 0.2008567945887737, 0.2008567945887737, 0.8648762629869087, 0.5673025419876959, 0.2008567945887737, 0.8648762629869087, 0.5673025419876959, 0.8648762629869087, 0.2008567945887737, 0.2008567945887737, 0.5673025419876959, 0.8648762629869087, 0.5673025419876959, 0.2008567945887737, 0.2008567945887737, 0.5673025419876959, 0.5673025419876959, 0.2008567945887737, 0.5673025419876959, 0.5673025419876959, 0.8648762629869087, 0.2008567945887737, 0.2008567945887737, 0.5673025419876959, 0.5673025419876959, 0.5673025419876959, 0.5673025419876959, 0.8648762629869087, 0.2008567945887737, 0.5673025419876959, 0.2008567945887737, 0.5673025419876959, 0.2008567945887737, 0.5673025419876959, 0.5673025419876959, 0.8648762629869087, 0.2008567945887737, 0.2008567945887737, 0.5673025419876959, 0.2008567945887737, 0.5673025419876959, 0.2008567945887737, 0.2008567945887737, 0.5673025419876959, 0.5673025419876959, 0.2008567945887737, 0.8648762629869087, 0.2008567945887737, 0.2008567945887737, 0.8648762629869087, 0.8648762629869087, 0.8648762629869087, 0.5673025419876959, 0.2008567945887737, 0.2008567945887737, 0.2008567945887737, 0.2008567945887737, 0.5673025419876959, 0.5673025419876959, 0.5673025419876959, 0.5673025419876959, 0.2008567945887737, 0.5673025419876959, 0.2008567945887737, 0.5673025419876959, 0.5673025419876959, 0.2008567945887737, 0.2008567945887737, 0.5673025419876959, 0.5673025419876959, 0.5673025419876959, 0.2008567945887737, 0.2008567945887737, 0.2008567945887737, 0.5673025419876959, 0.2008567945887737, 0.5673025419876959, 0.2008567945887737, 0.2008567945887737, 0.5673025419876959, 0.5673025419876959]",11,train,6
0.82,73,9,0,18,100,0,1,1,1,0,0,0,0,1,1,1,0,0,0,"(array([0.50270683, 0.67156065]), array([0.82131118, 0.71305126]), array([0.17444761, 0.28702798]), array([0.48480329, 0.31982562]))","['QwenPRM_min_scores (7.63B)', 'EurusPRMStage1_min_scores (7.62B)']","[0.8648762629869087, 0.2008567945887737, 0.5673025419876959, 0.8648762629869087, 0.2008567945887737, 0.2008567945887737, 0.5673025419876959, 0.5673025419876959, 0.5673025419876959, 0.8648762629869087, 0.5673025419876959, 0.5673025419876959, 0.5673025419876959, 0.5673025419876959, 0.8648762629869087, 0.5673025419876959, 0.2008567945887737, 0.5673025419876959, 0.5509707210987601, 0.2008567945887737, 0.8648762629869087, 0.8648762629869087, 0.5673025419876959, 0.2008567945887737, 0.2008567945887737, 0.8648762629869087, 0.8648762629869087, 0.5509707210987601, 0.8648762629869087, 0.2008567945887737, 0.2008567945887737, 0.5673025419876959, 0.8648762629869087, 0.5673025419876959, 0.5673025419876959, 0.2008567945887737, 0.5673025419876959, 0.5509707210987601, 0.8648762629869087, 0.5509707210987601, 0.5673025419876959, 0.8648762629869087, 0.5673025419876959, 0.8648762629869087, 0.8648762629869087, 0.2008567945887737, 0.5509707210987601, 0.8648762629869087, 0.2008567945887737, 0.5673025419876959, 0.8648762629869087, 0.5509707210987601, 0.8648762629869087, 0.5673025419876959, 0.2008567945887737, 0.2008567945887737, 0.5673025419876959, 0.8648762629869087, 0.8648762629869087, 0.5673025419876959, 0.2008567945887737, 0.2008567945887737, 0.5673025419876959, 0.5673025419876959, 0.5509707210987601, 0.8648762629869087, 0.8648762629869087, 0.8648762629869087, 0.5673025419876959, 0.2008567945887737, 0.8648762629869087, 0.2008567945887737, 0.2008567945887737, 0.2008567945887737, 0.2008567945887737, 0.5673025419876959, 0.8648762629869087, 0.2008567945887737, 0.5509707210987601, 0.5673025419876959, 0.8648762629869087, 0.8648762629869087, 0.2008567945887737, 0.5673025419876959, 0.5673025419876959, 0.8648762629869087, 0.5673025419876959, 0.5509707210987601, 0.5509707210987601, 0.5673025419876959, 0.5673025419876959, 0.5673025419876959, 0.5673025419876959, 0.2008567945887737, 0.2008567945887737, 0.2008567945887737, 0.2008567945887737, 0.5673025419876959, 0.5673025419876959, 0.8648762629869087]",12,train,9
0.59,19,40,36,5,100,0,0,1,0,0,0,1,2,0,1,0,1,0,0,"(array([0.50270683, 0.67156065]), array([0.82131118, 0.71305126]), array([0.17444761, 0.28702798]), array([0.48480329, 0.31982562]))","['QwenPRM_min_scores (7.63B)', 'EurusPRMStage1_min_scores (7.62B)']","[0.5673025419876959, 0.5673025419876959, 0.2008567945887737, 0.5673025419876959, 0.2008567945887737, 0.5673025419876959, 0.5673025419876959, 0.5673025419876959, 0.5673025419876959, 0.2008567945887737, 0.2008567945887737, 0.5673025419876959, 0.2008567945887737, 0.2008567945887737, 0.2008567945887737, 0.2008567945887737, 0.5673025419876959, 0.2008567945887737, 0.2008567945887737, 0.2008567945887737, 0.2008567945887737, 0.2008567945887737, 0.2008567945887737, 0.5673025419876959, 0.5673025419876959, 0.2008567945887737, 0.2008567945887737, 0.2008567945887737, 0.2008567945887737, 0.2008567945887737, 0.2008567945887737, 0.5673025419876959, 0.5673025419876959, 0.5673025419876959, 0.2008567945887737, 0.5673025419876959, 0.2008567945887737, 0.5673025419876959, 0.5673025419876959, 0.5673025419876959, 0.5673025419876959, 0.5673025419876959, 0.2008567945887737, 0.5673025419876959, 0.5673025419876959, 0.2008567945887737, 0.2008567945887737, 0.2008567945887737, 0.2008567945887737, 0.5673025419876959, 0.5673025419876959, 0.5673025419876959, 0.2008567945887737, 0.5673025419876959, 0.2008567945887737, 0.5673025419876959, 0.2008567945887737, 0.2008567945887737, 0.2008567945887737, 0.5673025419876959, 0.5673025419876959, 0.5673025419876959, 0.2008567945887737, 0.5673025419876959, 0.2008567945887737, 0.5673025419876959, 0.5673025419876959, 0.5673025419876959, 0.5673025419876959, 0.5673025419876959, 0.2008567945887737, 0.5673025419876959, 0.2008567945887737, 0.2008567945887737, 0.5673025419876959, 0.5673025419876959, 0.5673025419876959, 0.5673025419876959, 0.5673025419876959, 0.5673025419876959, 0.2008567945887737, 0.5673025419876959, 0.5673025419876959, 0.5673025419876959, 0.2008567945887737, 0.5673025419876959, 0.5673025419876959, 0.2008567945887737, 0.5673025419876959, 0.5673025419876959, 0.2008567945887737, 0.2008567945887737, 0.2008567945887737, 0.2008567945887737, 0.5673025419876959, 0.5673025419876959, 0.5673025419876959, 0.2008567945887737, 0.5673025419876959, 0.5673025419876959]",13,train,2
0.52,26,26,11,37,100,1,0,1,0,0,0,1,0,0,1,0,1,0,0,"(array([0.50270683, 0.67156065]), array([0.82131118, 0.71305126]), array([0.17444761, 0.28702798]), array([0.48480329, 0.31982562]))","['QwenPRM_min_scores (7.63B)', 'EurusPRMStage1_min_scores (7.62B)']","[0.2008567945887737, 0.5673025419876959, 0.2008567945887737, 0.2008567945887737, 0.2008567945887737, 0.2008567945887737, 0.2008567945887737, 0.5673025419876959, 0.2008567945887737, 0.2008567945887737, 0.2008567945887737, 0.5673025419876959, 0.5673025419876959, 0.2008567945887737, 0.5673025419876959, 0.2008567945887737, 0.2008567945887737, 0.2008567945887737, 0.2008567945887737, 0.2008567945887737, 0.2008567945887737, 0.2008567945887737, 0.2008567945887737, 0.5673025419876959, 0.2008567945887737, 0.5673025419876959, 0.5673025419876959, 0.2008567945887737, 0.2008567945887737, 0.5673025419876959, 0.2008567945887737, 0.2008567945887737, 0.5673025419876959, 0.2008567945887737, 0.2008567945887737, 0.2008567945887737, 0.5673025419876959, 0.2008567945887737, 0.2008567945887737, 0.2008567945887737, 0.2008567945887737, 0.5673025419876959, 0.2008567945887737, 0.5673025419876959, 0.2008567945887737, 0.2008567945887737, 0.5673025419876959, 0.5673025419876959, 0.2008567945887737, 0.5673025419876959, 0.5673025419876959, 0.2008567945887737, 0.2008567945887737, 0.2008567945887737, 0.2008567945887737, 0.5673025419876959, 0.5673025419876959, 0.5673025419876959, 0.2008567945887737, 0.2008567945887737, 0.5673025419876959, 0.5673025419876959, 0.2008567945887737, 0.5673025419876959, 0.2008567945887737, 0.2008567945887737, 0.2008567945887737, 0.2008567945887737, 0.2008567945887737, 0.2008567945887737, 0.5673025419876959, 0.2008567945887737, 0.5673025419876959, 0.5673025419876959, 0.2008567945887737, 0.5673025419876959, 0.5673025419876959, 0.5673025419876959, 0.2008567945887737, 0.2008567945887737, 0.2008567945887737, 0.5673025419876959, 0.5673025419876959, 0.2008567945887737, 0.5673025419876959, 0.2008567945887737, 0.2008567945887737, 0.2008567945887737, 0.2008567945887737, 0.5673025419876959, 0.5673025419876959, 0.5673025419876959, 0.2008567945887737, 0.5673025419876959, 0.2008567945887737, 0.2008567945887737, 0.2008567945887737, 0.5673025419876959, 0.2008567945887737, 0.2008567945887737]",14,train,6
0.93,56,37,0,7,100,0,1,1,1,0,0,0,0,1,1,1,0,0,0,"(array([0.50270683, 0.67156065]), array([0.82131118, 0.71305126]), array([0.17444761, 0.28702798]), array([0.48480329, 0.31982562]))","['QwenPRM_min_scores (7.63B)', 'EurusPRMStage1_min_scores (7.62B)']","[0.8648762629869087, 0.2008567945887737, 0.5673025419876959, 0.8648762629869087, 0.2008567945887737, 0.5673025419876959, 0.2008567945887737, 0.8648762629869087, 0.5673025419876959, 0.5673025419876959, 0.5673025419876959, 0.2008567945887737, 0.8648762629869087, 0.8648762629869087, 0.5673025419876959, 0.2008567945887737, 0.2008567945887737, 0.2008567945887737, 0.2008567945887737, 0.5673025419876959, 0.2008567945887737, 0.5673025419876959, 0.2008567945887737, 0.2008567945887737, 0.2008567945887737, 0.2008567945887737, 0.2008567945887737, 0.8648762629869087, 0.5673025419876959, 0.5673025419876959, 0.5673025419876959, 0.2008567945887737, 0.5673025419876959, 0.2008567945887737, 0.5673025419876959, 0.2008567945887737, 0.2008567945887737, 0.8648762629869087, 0.2008567945887737, 0.2008567945887737, 0.5673025419876959, 0.2008567945887737, 0.5673025419876959, 0.2008567945887737, 0.5673025419876959, 0.5673025419876959, 0.2008567945887737, 0.2008567945887737, 0.8648762629869087, 0.8648762629869087, 0.8648762629869087, 0.5673025419876959, 0.5673025419876959, 0.8648762629869087, 0.2008567945887737, 0.5673025419876959, 0.2008567945887737, 0.5673025419876959, 0.5673025419876959, 0.8648762629869087, 0.2008567945887737, 0.2008567945887737, 0.2008567945887737, 0.5673025419876959, 0.8648762629869087, 0.5673025419876959, 0.5673025419876959, 0.8648762629869087, 0.2008567945887737, 0.5673025419876959, 0.5673025419876959, 0.2008567945887737, 0.2008567945887737, 0.2008567945887737, 0.5673025419876959, 0.2008567945887737, 0.5673025419876959, 0.5673025419876959, 0.8648762629869087, 0.2008567945887737, 0.5673025419876959, 0.5673025419876959, 0.2008567945887737, 0.5673025419876959, 0.5673025419876959, 0.8648762629869087, 0.5673025419876959, 0.5673025419876959, 0.2008567945887737, 0.8648762629869087, 0.5673025419876959, 0.2008567945887737, 0.2008567945887737, 0.5673025419876959, 0.2008567945887737, 0.2008567945887737, 0.2008567945887737, 0.5673025419876959, 0.2008567945887737, 0.2008567945887737]",15,train,6
0.91,69,22,0,9,100,3,1,1,1,0,0,0,3,1,1,1,0,0,0,"(array([0.50270683, 0.67156065]), array([0.82131118, 0.71305126]), array([0.17444761, 0.28702798]), array([0.48480329, 0.31982562]))","['QwenPRM_min_scores (7.63B)', 'EurusPRMStage1_min_scores (7.62B)']","[0.5673025419876959, 0.2008567945887737, 0.5673025419876959, 0.8648762629869087, 0.5673025419876959, 0.8648762629869087, 0.2008567945887737, 0.2008567945887737, 0.5673025419876959, 0.2008567945887737, 0.5673025419876959, 0.5673025419876959, 0.8648762629869087, 0.8648762629869087, 0.2008567945887737, 0.8648762629869087, 0.8648762629869087, 0.5673025419876959, 0.8648762629869087, 0.8648762629869087, 0.5673025419876959, 0.5673025419876959, 0.5673025419876959, 0.2008567945887737, 0.8648762629869087, 0.5673025419876959, 0.2008567945887737, 0.8648762629869087, 0.2008567945887737, 0.8648762629869087, 0.2008567945887737, 0.5673025419876959, 0.5673025419876959, 0.2008567945887737, 0.5673025419876959, 0.5673025419876959, 0.5673025419876959, 0.2008567945887737, 0.5673025419876959, 0.5673025419876959, 0.5673025419876959, 0.5509707210987601, 0.5673025419876959, 0.2008567945887737, 0.5673025419876959, 0.8648762629869087, 0.8648762629869087, 0.2008567945887737, 0.5673025419876959, 0.8648762629869087, 0.2008567945887737, 0.2008567945887737, 0.8648762629869087, 0.8648762629869087, 0.8648762629869087, 0.8648762629869087, 0.8648762629869087, 0.8648762629869087, 0.5673025419876959, 0.8648762629869087, 0.5673025419876959, 0.2008567945887737, 0.8648762629869087, 0.8648762629869087, 0.5673025419876959, 0.2008567945887737, 0.2008567945887737, 0.5673025419876959, 0.8648762629869087, 0.2008567945887737, 0.5673025419876959, 0.2008567945887737, 0.5673025419876959, 0.5673025419876959, 0.2008567945887737, 0.5673025419876959, 0.2008567945887737, 0.2008567945887737, 0.5673025419876959, 0.5673025419876959, 0.5673025419876959, 0.5673025419876959, 0.2008567945887737, 0.5509707210987601, 0.2008567945887737, 0.2008567945887737, 0.2008567945887737, 0.2008567945887737, 0.5673025419876959, 0.8648762629869087, 0.8648762629869087, 0.2008567945887737, 0.2008567945887737, 0.8648762629869087, 0.5673025419876959, 0.5673025419876959, 0.2008567945887737, 0.5673025419876959, 0.5673025419876959, 0.8648762629869087]",16,train,7
0.94,93,1,0,6,100,5,1,1,1,0,0,0,5,1,1,1,0,0,0,"(array([0.50270683, 0.67156065]), array([0.82131118, 0.71305126]), array([0.17444761, 0.28702798]), array([0.48480329, 0.31982562]))","['QwenPRM_min_scores (7.63B)', 'EurusPRMStage1_min_scores (7.62B)']","[0.5673025419876959, 0.5673025419876959, 0.5673025419876959, 0.5673025419876959, 0.5673025419876959, 0.8648762629869087, 0.5673025419876959, 0.8648762629869087, 0.2008567945887737, 0.8648762629869087, 0.8648762629869087, 0.8648762629869087, 0.5673025419876959, 0.5673025419876959, 0.5673025419876959, 0.5673025419876959, 0.8648762629869087, 0.5673025419876959, 0.5673025419876959, 0.5673025419876959, 0.8648762629869087, 0.8648762629869087, 0.5673025419876959, 0.8648762629869087, 0.2008567945887737, 0.5673025419876959, 0.5509707210987601, 0.5673025419876959, 0.8648762629869087, 0.8648762629869087, 0.5673025419876959, 0.5673025419876959, 0.8648762629869087, 0.5673025419876959, 0.5673025419876959, 0.5673025419876959, 0.5673025419876959, 0.5673025419876959, 0.5673025419876959, 0.5673025419876959, 0.5673025419876959, 0.8648762629869087, 0.5673025419876959, 0.5673025419876959, 0.8648762629869087, 0.8648762629869087, 0.8648762629869087, 0.5673025419876959, 0.5673025419876959, 0.8648762629869087, 0.8648762629869087, 0.5673025419876959, 0.8648762629869087, 0.8648762629869087, 0.8648762629869087, 0.5673025419876959, 0.2008567945887737, 0.5673025419876959, 0.8648762629869087, 0.8648762629869087, 0.5673025419876959, 0.8648762629869087, 0.5673025419876959, 0.5673025419876959, 0.5673025419876959, 0.5673025419876959, 0.8648762629869087, 0.5673025419876959, 0.5673025419876959, 0.5673025419876959, 0.5673025419876959, 0.5673025419876959, 0.8648762629869087, 0.5673025419876959, 0.8648762629869087, 0.5673025419876959, 0.5673025419876959, 0.5673025419876959, 0.5673025419876959, 0.8648762629869087, 0.8648762629869087, 0.5673025419876959, 0.2008567945887737, 0.2008567945887737, 0.8648762629869087, 0.8648762629869087, 0.8648762629869087, 0.5673025419876959, 0.8648762629869087, 0.8648762629869087, 0.5673025419876959, 0.8648762629869087, 0.5673025419876959, 0.5673025419876959, 0.2008567945887737, 0.2008567945887737, 0.5673025419876959, 0.8648762629869087, 0.8648762629869087, 0.8648762629869087]",17,train,9
0.73,0,73,26,1,100,0,0,1,0,0,0,1,1,0,1,0,1,0,0,"(array([0.50270683, 0.67156065]), array([0.82131118, 0.71305126]), array([0.17444761, 0.28702798]), array([0.48480329, 0.31982562]))","['QwenPRM_min_scores (7.63B)', 'EurusPRMStage1_min_scores (7.62B)']","[0.5673025419876959, 0.2008567945887737, 0.2008567945887737, 0.2008567945887737, 0.2008567945887737, 0.2008567945887737, 0.2008567945887737, 0.2008567945887737, 0.5673025419876959, 0.2008567945887737, 0.2008567945887737, 0.2008567945887737, 0.5673025419876959, 0.2008567945887737, 0.2008567945887737, 0.2008567945887737, 0.5673025419876959, 0.2008567945887737, 0.2008567945887737, 0.2008567945887737, 0.2008567945887737, 0.2008567945887737, 0.2008567945887737, 0.2008567945887737, 0.2008567945887737, 0.2008567945887737, 0.2008567945887737, 0.2008567945887737, 0.5673025419876959, 0.2008567945887737, 0.5673025419876959, 0.5673025419876959, 0.2008567945887737, 0.5673025419876959, 0.2008567945887737, 0.2008567945887737, 0.5673025419876959, 0.2008567945887737, 0.2008567945887737, 0.2008567945887737, 0.5673025419876959, 0.2008567945887737, 0.2008567945887737, 0.2008567945887737, 0.2008567945887737, 0.5673025419876959, 0.5673025419876959, 0.5673025419876959, 0.2008567945887737, 0.5673025419876959, 0.2008567945887737, 0.2008567945887737, 0.2008567945887737, 0.2008567945887737, 0.2008567945887737, 0.2008567945887737, 0.2008567945887737, 0.2008567945887737, 0.2008567945887737, 0.2008567945887737, 0.2008567945887737, 0.5673025419876959, 0.2008567945887737, 0.5673025419876959, 0.2008567945887737, 0.2008567945887737, 0.2008567945887737, 0.2008567945887737, 0.5673025419876959, 0.2008567945887737, 0.5673025419876959, 0.2008567945887737, 0.2008567945887737, 0.2008567945887737, 0.5673025419876959, 0.2008567945887737, 0.2008567945887737, 0.2008567945887737, 0.5673025419876959, 0.2008567945887737, 0.2008567945887737, 0.2008567945887737, 0.2008567945887737, 0.2008567945887737, 0.2008567945887737, 0.2008567945887737, 0.5673025419876959, 0.2008567945887737, 0.5673025419876959, 0.2008567945887737, 0.2008567945887737, 0.5673025419876959, 0.5673025419876959, 0.2008567945887737, 0.2008567945887737, 0.2008567945887737, 0.2008567945887737, 0.5673025419876959, 0.5673025419876959, 0.2008567945887737]",18,train,0
0.89,85,4,1,10,100,0,1,1,1,0,0,0,0,1,1,1,0,0,0,"(array([0.50270683, 0.67156065]), array([0.82131118, 0.71305126]), array([0.17444761, 0.28702798]), array([0.48480329, 0.31982562]))","['QwenPRM_min_scores (7.63B)', 'EurusPRMStage1_min_scores (7.62B)']","[0.8648762629869087, 0.5673025419876959, 0.5673025419876959, 0.8648762629869087, 0.8648762629869087, 0.5673025419876959, 0.5673025419876959, 0.5673025419876959, 0.5673025419876959, 0.8648762629869087, 0.8648762629869087, 0.5673025419876959, 0.5673025419876959, 0.8648762629869087, 0.8648762629869087, 0.5673025419876959, 0.8648762629869087, 0.2008567945887737, 0.2008567945887737, 0.5673025419876959, 0.2008567945887737, 0.5673025419876959, 0.5673025419876959, 0.5673025419876959, 0.8648762629869087, 0.8648762629869087, 0.5673025419876959, 0.8648762629869087, 0.8648762629869087, 0.5673025419876959, 0.5673025419876959, 0.2008567945887737, 0.5673025419876959, 0.5673025419876959, 0.5673025419876959, 0.5673025419876959, 0.8648762629869087, 0.5673025419876959, 0.5673025419876959, 0.5673025419876959, 0.5673025419876959, 0.5673025419876959, 0.2008567945887737, 0.5673025419876959, 0.8648762629869087, 0.5673025419876959, 0.8648762629869087, 0.5673025419876959, 0.5673025419876959, 0.2008567945887737, 0.8648762629869087, 0.5673025419876959, 0.5673025419876959, 0.5673025419876959, 0.2008567945887737, 0.5673025419876959, 0.5673025419876959, 0.5673025419876959, 0.2008567945887737, 0.5673025419876959, 0.5673025419876959, 0.5673025419876959, 0.2008567945887737, 0.8648762629869087, 0.5673025419876959, 0.5673025419876959, 0.5673025419876959, 0.8648762629869087, 0.5673025419876959, 0.2008567945887737, 0.8648762629869087, 0.5673025419876959, 0.2008567945887737, 0.2008567945887737, 0.5673025419876959, 0.8648762629869087, 0.5673025419876959, 0.8648762629869087, 0.5673025419876959, 0.5673025419876959, 0.5673025419876959, 0.8648762629869087, 0.5673025419876959, 0.2008567945887737, 0.5673025419876959, 0.5673025419876959, 0.5673025419876959, 0.8648762629869087, 0.5673025419876959, 0.5673025419876959, 0.5673025419876959, 0.8648762629869087, 0.8648762629869087, 0.5673025419876959, 0.2008567945887737, 0.5673025419876959, 0.5673025419876959, 0.5673025419876959, 0.5673025419876959, 0.5673025419876959]",19,train,9
0.75,34,41,6,19,100,21,1,1,1,0,0,0,21,1,1,1,0,0,0,"(array([0.50270683, 0.67156065]), array([0.82131118, 0.71305126]), array([0.17444761, 0.28702798]), array([0.48480329, 0.31982562]))","['QwenPRM_min_scores (7.63B)', 'EurusPRMStage1_min_scores (7.62B)']","[0.2008567945887737, 0.2008567945887737, 0.2008567945887737, 0.2008567945887737, 0.2008567945887737, 0.5673025419876959, 0.2008567945887737, 0.2008567945887737, 0.2008567945887737, 0.2008567945887737, 0.2008567945887737, 0.5673025419876959, 0.5673025419876959, 0.5673025419876959, 0.2008567945887737, 0.2008567945887737, 0.2008567945887737, 0.2008567945887737, 0.2008567945887737, 0.2008567945887737, 0.2008567945887737, 0.8648762629869087, 0.2008567945887737, 0.2008567945887737, 0.5673025419876959, 0.8648762629869087, 0.5673025419876959, 0.2008567945887737, 0.2008567945887737, 0.5673025419876959, 0.5673025419876959, 0.2008567945887737, 0.5673025419876959, 0.2008567945887737, 0.5673025419876959, 0.5673025419876959, 0.2008567945887737, 0.2008567945887737, 0.2008567945887737, 0.2008567945887737, 0.2008567945887737, 0.2008567945887737, 0.2008567945887737, 0.2008567945887737, 0.5673025419876959, 0.2008567945887737, 0.2008567945887737, 0.5673025419876959, 0.2008567945887737, 0.2008567945887737, 0.2008567945887737, 0.2008567945887737, 0.5673025419876959, 0.5673025419876959, 0.2008567945887737, 0.2008567945887737, 0.5509707210987601, 0.5673025419876959, 0.2008567945887737, 0.5673025419876959, 0.2008567945887737, 0.2008567945887737, 0.5673025419876959, 0.5673025419876959, 0.5673025419876959, 0.2008567945887737, 0.2008567945887737, 0.2008567945887737, 0.2008567945887737, 0.2008567945887737, 0.2008567945887737, 0.5509707210987601, 0.2008567945887737, 0.2008567945887737, 0.5673025419876959, 0.5673025419876959, 0.2008567945887737, 0.8648762629869087, 0.5673025419876959, 0.5673025419876959, 0.5673025419876959, 0.5673025419876959, 0.5673025419876959, 0.5673025419876959, 0.8648762629869087, 0.5673025419876959, 0.5673025419876959, 0.2008567945887737, 0.5673025419876959, 0.2008567945887737, 0.2008567945887737, 0.2008567945887737, 0.2008567945887737, 0.2008567945887737, 0.5673025419876959, 0.2008567945887737, 0.8648762629869087, 0.5673025419876959, 0.2008567945887737, 0.2008567945887737]",20,train,5
0.81,75,6,1,18,100,22,1,1,1,0,0,0,22,1,1,1,0,0,0,"(array([0.50270683, 0.67156065]), array([0.82131118, 0.71305126]), array([0.17444761, 0.28702798]), array([0.48480329, 0.31982562]))","['QwenPRM_min_scores (7.63B)', 'EurusPRMStage1_min_scores (7.62B)']","[0.2008567945887737, 0.5673025419876959, 0.5673025419876959, 0.5673025419876959, 0.2008567945887737, 0.5673025419876959, 0.5673025419876959, 0.5673025419876959, 0.2008567945887737, 0.5673025419876959, 0.5673025419876959, 0.5673025419876959, 0.5673025419876959, 0.2008567945887737, 0.2008567945887737, 0.2008567945887737, 0.5673025419876959, 0.5673025419876959, 0.5673025419876959, 0.2008567945887737, 0.2008567945887737, 0.5673025419876959, 0.8648762629869087, 0.5673025419876959, 0.5673025419876959, 0.8648762629869087, 0.5673025419876959, 0.8648762629869087, 0.5673025419876959, 0.5673025419876959, 0.2008567945887737, 0.5673025419876959, 0.5673025419876959, 0.2008567945887737, 0.5673025419876959, 0.5673025419876959, 0.2008567945887737, 0.2008567945887737, 0.2008567945887737, 0.5673025419876959, 0.8648762629869087, 0.5673025419876959, 0.5673025419876959, 0.5673025419876959, 0.5673025419876959, 0.2008567945887737, 0.8648762629869087, 0.5673025419876959, 0.5673025419876959, 0.5673025419876959, 0.2008567945887737, 0.5673025419876959, 0.5673025419876959, 0.5673025419876959, 0.5673025419876959, 0.5673025419876959, 0.5673025419876959, 0.5673025419876959, 0.5673025419876959, 0.5673025419876959, 0.2008567945887737, 0.5673025419876959, 0.2008567945887737, 0.2008567945887737, 0.5673025419876959, 0.5673025419876959, 0.5673025419876959, 0.5673025419876959, 0.5673025419876959, 0.5673025419876959, 0.5673025419876959, 0.5673025419876959, 0.5673025419876959, 0.2008567945887737, 0.5673025419876959, 0.5673025419876959, 0.5673025419876959, 0.5673025419876959, 0.2008567945887737, 0.5673025419876959, 0.2008567945887737, 0.5673025419876959, 0.5673025419876959, 0.5673025419876959, 0.5673025419876959, 0.5673025419876959, 0.2008567945887737, 0.2008567945887737, 0.2008567945887737, 0.5673025419876959, 0.5673025419876959, 0.5673025419876959, 0.5673025419876959, 0.5673025419876959, 0.8648762629869087, 0.5673025419876959, 0.5673025419876959, 0.5673025419876959, 0.5673025419876959, 0.5673025419876959]",21,train,9
0.97,11,86,3,0,100,1,1,1,1,0,0,0,1,1,1,1,0,0,0,"(array([0.50270683, 0.67156065]), array([0.82131118, 0.71305126]), array([0.17444761, 0.28702798]), array([0.48480329, 0.31982562]))","['QwenPRM_min_scores (7.63B)', 'EurusPRMStage1_min_scores (7.62B)']","[0.5673025419876959, 0.8648762629869087, 0.2008567945887737, 0.2008567945887737, 0.5673025419876959, 0.2008567945887737, 0.2008567945887737, 0.2008567945887737, 0.2008567945887737, 0.2008567945887737, 0.2008567945887737, 0.2008567945887737, 0.2008567945887737, 0.2008567945887737, 0.2008567945887737, 0.2008567945887737, 0.2008567945887737, 0.2008567945887737, 0.2008567945887737, 0.2008567945887737, 0.2008567945887737, 0.2008567945887737, 0.2008567945887737, 0.2008567945887737, 0.2008567945887737, 0.2008567945887737, 0.5673025419876959, 0.8648762629869087, 0.2008567945887737, 0.2008567945887737, 0.2008567945887737, 0.2008567945887737, 0.2008567945887737, 0.2008567945887737, 0.2008567945887737, 0.2008567945887737, 0.5673025419876959, 0.2008567945887737, 0.2008567945887737, 0.2008567945887737, 0.2008567945887737, 0.2008567945887737, 0.2008567945887737, 0.2008567945887737, 0.2008567945887737, 0.2008567945887737, 0.2008567945887737, 0.5673025419876959, 0.2008567945887737, 0.2008567945887737, 0.2008567945887737, 0.2008567945887737, 0.2008567945887737, 0.2008567945887737, 0.2008567945887737, 0.2008567945887737, 0.8648762629869087, 0.2008567945887737, 0.2008567945887737, 0.2008567945887737, 0.5673025419876959, 0.2008567945887737, 0.2008567945887737, 0.2008567945887737, 0.2008567945887737, 0.2008567945887737, 0.2008567945887737, 0.2008567945887737, 0.2008567945887737, 0.2008567945887737, 0.5673025419876959, 0.2008567945887737, 0.2008567945887737, 0.5673025419876959, 0.2008567945887737, 0.2008567945887737, 0.2008567945887737, 0.2008567945887737, 0.5673025419876959, 0.5673025419876959, 0.2008567945887737, 0.2008567945887737, 0.2008567945887737, 0.2008567945887737, 0.2008567945887737, 0.2008567945887737, 0.2008567945887737, 0.2008567945887737, 0.2008567945887737, 0.2008567945887737, 0.2008567945887737, 0.2008567945887737, 0.2008567945887737, 0.2008567945887737, 0.2008567945887737, 0.2008567945887737, 0.5673025419876959, 0.2008567945887737, 0.2008567945887737, 0.2008567945887737]",22,train,1
0.91,0,91,9,0,100,10,0,0,0,0,1,0,0,0,1,0,1,0,0,"(array([0.50270683, 0.67156065]), array([0.82131118, 0.71305126]), array([0.17444761, 0.28702798]), array([0.48480329, 0.31982562]))","['QwenPRM_min_scores (7.63B)', 'EurusPRMStage1_min_scores (7.62B)']","[0.2008567945887737, 0.2008567945887737, 0.2008567945887737, 0.2008567945887737, 0.2008567945887737, 0.2008567945887737, 0.2008567945887737, 0.2008567945887737, 0.2008567945887737, 0.2008567945887737, 0.5673025419876959, 0.2008567945887737, 0.2008567945887737, 0.2008567945887737, 0.2008567945887737, 0.2008567945887737, 0.2008567945887737, 0.2008567945887737, 0.2008567945887737, 0.2008567945887737, 0.2008567945887737, 0.2008567945887737, 0.2008567945887737, 0.2008567945887737, 0.2008567945887737, 0.2008567945887737, 0.2008567945887737, 0.5673025419876959, 0.2008567945887737, 0.2008567945887737, 0.2008567945887737, 0.5673025419876959, 0.2008567945887737, 0.2008567945887737, 0.2008567945887737, 0.2008567945887737, 0.2008567945887737, 0.2008567945887737, 0.2008567945887737, 0.2008567945887737, 0.5673025419876959, 0.2008567945887737, 0.2008567945887737, 0.2008567945887737, 0.2008567945887737, 0.2008567945887737, 0.2008567945887737, 0.2008567945887737, 0.2008567945887737, 0.2008567945887737, 0.2008567945887737, 0.2008567945887737, 0.2008567945887737, 0.2008567945887737, 0.2008567945887737, 0.2008567945887737, 0.2008567945887737, 0.5673025419876959, 0.2008567945887737, 0.2008567945887737, 0.2008567945887737, 0.2008567945887737, 0.2008567945887737, 0.2008567945887737, 0.5673025419876959, 0.2008567945887737, 0.2008567945887737, 0.2008567945887737, 0.2008567945887737, 0.2008567945887737, 0.2008567945887737, 0.2008567945887737, 0.2008567945887737, 0.2008567945887737, 0.5673025419876959, 0.2008567945887737, 0.2008567945887737, 0.2008567945887737, 0.2008567945887737, 0.2008567945887737, 0.2008567945887737, 0.2008567945887737, 0.2008567945887737, 0.2008567945887737, 0.2008567945887737, 0.2008567945887737, 0.5673025419876959, 0.2008567945887737, 0.2008567945887737, 0.2008567945887737, 0.2008567945887737, 0.5673025419876959, 0.2008567945887737, 0.2008567945887737, 0.2008567945887737, 0.2008567945887737, 0.2008567945887737, 0.2008567945887737, 0.2008567945887737, 0.2008567945887737]",23,train,0
0.78,77,1,3,19,100,4,1,1,1,0,0,0,4,1,1,1,0,0,0,"(array([0.50270683, 0.67156065]), array([0.82131118, 0.71305126]), array([0.17444761, 0.28702798]), array([0.48480329, 0.31982562]))","['QwenPRM_min_scores (7.63B)', 'EurusPRMStage1_min_scores (7.62B)']","[0.2008567945887737, 0.2008567945887737, 0.5673025419876959, 0.5673025419876959, 0.8648762629869087, 0.8648762629869087, 0.8648762629869087, 0.2008567945887737, 0.5673025419876959, 0.5673025419876959, 0.5673025419876959, 0.8648762629869087, 0.8648762629869087, 0.5673025419876959, 0.5673025419876959, 0.5673025419876959, 0.2008567945887737, 0.5673025419876959, 0.2008567945887737, 0.8648762629869087, 0.5673025419876959, 0.8648762629869087, 0.5673025419876959, 0.5673025419876959, 0.8648762629869087, 0.8648762629869087, 0.8648762629869087, 0.5673025419876959, 0.5673025419876959, 0.8648762629869087, 0.8648762629869087, 0.8648762629869087, 0.8648762629869087, 0.5673025419876959, 0.8648762629869087, 0.8648762629869087, 0.5673025419876959, 0.8648762629869087, 0.2008567945887737, 0.5673025419876959, 0.2008567945887737, 0.5673025419876959, 0.5673025419876959, 0.8648762629869087, 0.5673025419876959, 0.5673025419876959, 0.2008567945887737, 0.5673025419876959, 0.8648762629869087, 0.5673025419876959, 0.5673025419876959, 0.5673025419876959, 0.8648762629869087, 0.5673025419876959, 0.5673025419876959, 0.5673025419876959, 0.5673025419876959, 0.2008567945887737, 0.5673025419876959, 0.2008567945887737, 0.5673025419876959, 0.5673025419876959, 0.2008567945887737, 0.5673025419876959, 0.2008567945887737, 0.5673025419876959, 0.8648762629869087, 0.2008567945887737, 0.8648762629869087, 0.5673025419876959, 0.5509707210987601, 0.8648762629869087, 0.5673025419876959, 0.8648762629869087, 0.5673025419876959, 0.2008567945887737, 0.8648762629869087, 0.8648762629869087, 0.2008567945887737, 0.5673025419876959, 0.5673025419876959, 0.8648762629869087, 0.8648762629869087, 0.8648762629869087, 0.5673025419876959, 0.2008567945887737, 0.8648762629869087, 0.8648762629869087, 0.2008567945887737, 0.2008567945887737, 0.5673025419876959, 0.2008567945887737, 0.5673025419876959, 0.5673025419876959, 0.5673025419876959, 0.5673025419876959, 0.5673025419876959, 0.5509707210987601, 0.2008567945887737, 0.5673025419876959]",24,train,9
0.77,4,73,17,6,100,10,1,1,1,0,0,0,0,0,1,0,1,0,0,"(array([0.50270683, 0.67156065]), array([0.82131118, 0.71305126]), array([0.17444761, 0.28702798]), array([0.48480329, 0.31982562]))","['QwenPRM_min_scores (7.63B)', 'EurusPRMStage1_min_scores (7.62B)']","[0.2008567945887737, 0.2008567945887737, 0.2008567945887737, 0.2008567945887737, 0.2008567945887737, 0.2008567945887737, 0.2008567945887737, 0.2008567945887737, 0.2008567945887737, 0.2008567945887737, 0.5673025419876959, 0.2008567945887737, 0.2008567945887737, 0.5673025419876959, 0.2008567945887737, 0.2008567945887737, 0.5673025419876959, 0.2008567945887737, 0.2008567945887737, 0.2008567945887737, 0.2008567945887737, 0.5673025419876959, 0.5673025419876959, 0.2008567945887737, 0.2008567945887737, 0.2008567945887737, 0.2008567945887737, 0.2008567945887737, 0.2008567945887737, 0.2008567945887737, 0.5673025419876959, 0.2008567945887737, 0.2008567945887737, 0.5673025419876959, 0.2008567945887737, 0.5673025419876959, 0.5673025419876959, 0.2008567945887737, 0.2008567945887737, 0.2008567945887737, 0.2008567945887737, 0.2008567945887737, 0.5673025419876959, 0.2008567945887737, 0.2008567945887737, 0.5673025419876959, 0.2008567945887737, 0.2008567945887737, 0.2008567945887737, 0.5673025419876959, 0.5673025419876959, 0.2008567945887737, 0.2008567945887737, 0.2008567945887737, 0.5673025419876959, 0.2008567945887737, 0.2008567945887737, 0.2008567945887737, 0.2008567945887737, 0.2008567945887737, 0.2008567945887737, 0.5673025419876959, 0.2008567945887737, 0.2008567945887737, 0.2008567945887737, 0.2008567945887737, 0.2008567945887737, 0.2008567945887737, 0.5673025419876959, 0.2008567945887737, 0.2008567945887737, 0.2008567945887737, 0.2008567945887737, 0.2008567945887737, 0.2008567945887737, 0.2008567945887737, 0.2008567945887737, 0.5673025419876959, 0.5673025419876959, 0.2008567945887737, 0.5673025419876959, 0.2008567945887737, 0.2008567945887737, 0.2008567945887737, 0.2008567945887737, 0.2008567945887737, 0.2008567945887737, 0.2008567945887737, 0.5673025419876959, 0.2008567945887737, 0.2008567945887737, 0.2008567945887737, 0.2008567945887737, 0.2008567945887737, 0.2008567945887737, 0.2008567945887737, 0.2008567945887737, 0.2008567945887737, 0.2008567945887737, 0.5673025419876959]",25,train,1
0.49,1,48,50,1,100,0,0,1,0,0,0,1,2,0,1,0,1,0,0,"(array([0.50270683, 0.67156065]), array([0.82131118, 0.71305126]), array([0.17444761, 0.28702798]), array([0.48480329, 0.31982562]))","['QwenPRM_min_scores (7.63B)', 'EurusPRMStage1_min_scores (7.62B)']","[0.5673025419876959, 0.5673025419876959, 0.2008567945887737, 0.5673025419876959, 0.2008567945887737, 0.5673025419876959, 0.2008567945887737, 0.2008567945887737, 0.2008567945887737, 0.5673025419876959, 0.2008567945887737, 0.2008567945887737, 0.5673025419876959, 0.5673025419876959, 0.5673025419876959, 0.5673025419876959, 0.5673025419876959, 0.2008567945887737, 0.5673025419876959, 0.2008567945887737, 0.5673025419876959, 0.5673025419876959, 0.2008567945887737, 0.2008567945887737, 0.5673025419876959, 0.2008567945887737, 0.5673025419876959, 0.2008567945887737, 0.5673025419876959, 0.2008567945887737, 0.2008567945887737, 0.2008567945887737, 0.5673025419876959, 0.2008567945887737, 0.5673025419876959, 0.5673025419876959, 0.5673025419876959, 0.5673025419876959, 0.2008567945887737, 0.5673025419876959, 0.2008567945887737, 0.2008567945887737, 0.2008567945887737, 0.5673025419876959, 0.2008567945887737, 0.2008567945887737, 0.2008567945887737, 0.2008567945887737, 0.2008567945887737, 0.2008567945887737, 0.5673025419876959, 0.5673025419876959, 0.5673025419876959, 0.2008567945887737, 0.5673025419876959, 0.5673025419876959, 0.2008567945887737, 0.5673025419876959, 0.5673025419876959, 0.5673025419876959, 0.5673025419876959, 0.2008567945887737, 0.5673025419876959, 0.2008567945887737, 0.2008567945887737, 0.5673025419876959, 0.2008567945887737, 0.5673025419876959, 0.2008567945887737, 0.2008567945887737, 0.5673025419876959, 0.5673025419876959, 0.5673025419876959, 0.2008567945887737, 0.5673025419876959, 0.5673025419876959, 0.2008567945887737, 0.2008567945887737, 0.2008567945887737, 0.5673025419876959, 0.5673025419876959, 0.5673025419876959, 0.2008567945887737, 0.2008567945887737, 0.2008567945887737, 0.5673025419876959, 0.2008567945887737, 0.5673025419876959, 0.2008567945887737, 0.5673025419876959, 0.5673025419876959, 0.2008567945887737, 0.5673025419876959, 0.2008567945887737, 0.2008567945887737, 0.2008567945887737, 0.5673025419876959, 0.5673025419876959, 0.2008567945887737, 0.5673025419876959]",26,train,0
0.94,78,16,3,3,100,1,1,1,1,0,0,0,1,1,1,1,0,0,0,"(array([0.50270683, 0.67156065]), array([0.82131118, 0.71305126]), array([0.17444761, 0.28702798]), array([0.48480329, 0.31982562]))","['QwenPRM_min_scores (7.63B)', 'EurusPRMStage1_min_scores (7.62B)']","[0.5673025419876959, 0.8648762629869087, 0.5673025419876959, 0.5673025419876959, 0.8648762629869087, 0.8648762629869087, 0.5673025419876959, 0.5673025419876959, 0.5673025419876959, 0.5673025419876959, 0.5673025419876959, 0.2008567945887737, 0.5509707210987601, 0.5673025419876959, 0.2008567945887737, 0.8648762629869087, 0.2008567945887737, 0.5673025419876959, 0.5673025419876959, 0.2008567945887737, 0.8648762629869087, 0.2008567945887737, 0.5673025419876959, 0.5673025419876959, 0.5673025419876959, 0.8648762629869087, 0.5673025419876959, 0.2008567945887737, 0.8648762629869087, 0.5673025419876959, 0.5673025419876959, 0.8648762629869087, 0.5673025419876959, 0.5673025419876959, 0.2008567945887737, 0.5509707210987601, 0.8648762629869087, 0.8648762629869087, 0.5509707210987601, 0.5673025419876959, 0.5673025419876959, 0.5673025419876959, 0.2008567945887737, 0.8648762629869087, 0.5673025419876959, 0.8648762629869087, 0.5673025419876959, 0.5673025419876959, 0.8648762629869087, 0.8648762629869087, 0.8648762629869087, 0.8648762629869087, 0.5673025419876959, 0.5673025419876959, 0.2008567945887737, 0.2008567945887737, 0.5673025419876959, 0.8648762629869087, 0.5673025419876959, 0.5673025419876959, 0.2008567945887737, 0.8648762629869087, 0.5673025419876959, 0.8648762629869087, 0.5509707210987601, 0.8648762629869087, 0.2008567945887737, 0.8648762629869087, 0.5673025419876959, 0.5673025419876959, 0.5673025419876959, 0.8648762629869087, 0.8648762629869087, 0.5673025419876959, 0.5673025419876959, 0.8648762629869087, 0.2008567945887737, 0.2008567945887737, 0.5673025419876959, 0.2008567945887737, 0.5673025419876959, 0.2008567945887737, 0.2008567945887737, 0.5673025419876959, 0.5673025419876959, 0.5673025419876959, 0.8648762629869087, 0.8648762629869087, 0.5673025419876959, 0.2008567945887737, 0.5673025419876959, 0.5673025419876959, 0.5673025419876959, 0.2008567945887737, 0.8648762629869087, 0.5673025419876959, 0.5673025419876959, 0.8648762629869087, 0.5673025419876959, 0.5673025419876959]",27,train,8
0.83,1,82,16,1,100,1,0,1,0,0,0,1,0,0,1,0,1,0,0,"(array([0.50270683, 0.67156065]), array([0.82131118, 0.71305126]), array([0.17444761, 0.28702798]), array([0.48480329, 0.31982562]))","['QwenPRM_min_scores (7.63B)', 'EurusPRMStage1_min_scores (7.62B)']","[0.2008567945887737, 0.5673025419876959, 0.2008567945887737, 0.2008567945887737, 0.2008567945887737, 0.5673025419876959, 0.2008567945887737, 0.5673025419876959, 0.2008567945887737, 0.2008567945887737, 0.2008567945887737, 0.2008567945887737, 0.2008567945887737, 0.5673025419876959, 0.2008567945887737, 0.2008567945887737, 0.5673025419876959, 0.2008567945887737, 0.2008567945887737, 0.2008567945887737, 0.5673025419876959, 0.2008567945887737, 0.2008567945887737, 0.2008567945887737, 0.2008567945887737, 0.2008567945887737, 0.5673025419876959, 0.2008567945887737, 0.2008567945887737, 0.2008567945887737, 0.2008567945887737, 0.2008567945887737, 0.2008567945887737, 0.2008567945887737, 0.2008567945887737, 0.2008567945887737, 0.2008567945887737, 0.5673025419876959, 0.2008567945887737, 0.5673025419876959, 0.2008567945887737, 0.2008567945887737, 0.2008567945887737, 0.2008567945887737, 0.2008567945887737, 0.2008567945887737, 0.2008567945887737, 0.2008567945887737, 0.2008567945887737, 0.2008567945887737, 0.2008567945887737, 0.2008567945887737, 0.2008567945887737, 0.2008567945887737, 0.2008567945887737, 0.2008567945887737, 0.5673025419876959, 0.2008567945887737, 0.2008567945887737, 0.2008567945887737, 0.2008567945887737, 0.2008567945887737, 0.2008567945887737, 0.2008567945887737, 0.2008567945887737, 0.5673025419876959, 0.5673025419876959, 0.2008567945887737, 0.2008567945887737, 0.2008567945887737, 0.2008567945887737, 0.2008567945887737, 0.2008567945887737, 0.5673025419876959, 0.2008567945887737, 0.2008567945887737, 0.5673025419876959, 0.2008567945887737, 0.2008567945887737, 0.2008567945887737, 0.5673025419876959, 0.2008567945887737, 0.2008567945887737, 0.5673025419876959, 0.2008567945887737, 0.2008567945887737, 0.2008567945887737, 0.2008567945887737, 0.2008567945887737, 0.2008567945887737, 0.2008567945887737, 0.2008567945887737, 0.2008567945887737, 0.2008567945887737, 0.2008567945887737, 0.2008567945887737, 0.5673025419876959, 0.2008567945887737, 0.2008567945887737, 0.2008567945887737]",28,train,0
0.9,27,63,2,8,100,3,1,1,1,0,0,0,3,1,1,1,0,0,0,"(array([0.50270683, 0.67156065]), array([0.82131118, 0.71305126]), array([0.17444761, 0.28702798]), array([0.48480329, 0.31982562]))","['QwenPRM_min_scores (7.63B)', 'EurusPRMStage1_min_scores (7.62B)']","[0.2008567945887737, 0.2008567945887737, 0.5673025419876959, 0.8648762629869087, 0.8648762629869087, 0.2008567945887737, 0.2008567945887737, 0.2008567945887737, 0.2008567945887737, 0.5673025419876959, 0.2008567945887737, 0.2008567945887737, 0.2008567945887737, 0.2008567945887737, 0.2008567945887737, 0.2008567945887737, 0.2008567945887737, 0.5673025419876959, 0.2008567945887737, 0.2008567945887737, 0.2008567945887737, 0.2008567945887737, 0.2008567945887737, 0.2008567945887737, 0.2008567945887737, 0.2008567945887737, 0.2008567945887737, 0.2008567945887737, 0.2008567945887737, 0.2008567945887737, 0.5673025419876959, 0.5673025419876959, 0.2008567945887737, 0.2008567945887737, 0.5673025419876959, 0.5673025419876959, 0.2008567945887737, 0.5673025419876959, 0.2008567945887737, 0.2008567945887737, 0.2008567945887737, 0.2008567945887737, 0.5673025419876959, 0.5673025419876959, 0.2008567945887737, 0.2008567945887737, 0.2008567945887737, 0.5673025419876959, 0.2008567945887737, 0.8648762629869087, 0.2008567945887737, 0.2008567945887737, 0.2008567945887737, 0.2008567945887737, 0.5673025419876959, 0.2008567945887737, 0.5673025419876959, 0.8648762629869087, 0.2008567945887737, 0.2008567945887737, 0.2008567945887737, 0.2008567945887737, 0.2008567945887737, 0.2008567945887737, 0.8648762629869087, 0.5673025419876959, 0.2008567945887737, 0.2008567945887737, 0.5673025419876959, 0.2008567945887737, 0.2008567945887737, 0.5673025419876959, 0.2008567945887737, 0.2008567945887737, 0.5673025419876959, 0.5673025419876959, 0.2008567945887737, 0.5673025419876959, 0.2008567945887737, 0.2008567945887737, 0.2008567945887737, 0.2008567945887737, 0.5673025419876959, 0.2008567945887737, 0.5673025419876959, 0.5673025419876959, 0.2008567945887737, 0.2008567945887737, 0.2008567945887737, 0.5673025419876959, 0.2008567945887737, 0.2008567945887737, 0.2008567945887737, 0.2008567945887737, 0.2008567945887737, 0.2008567945887737, 0.2008567945887737, 0.2008567945887737, 0.2008567945887737, 0.5673025419876959]",29,train,3
0.91,3,88,9,0,100,22,1,1,1,0,0,0,0,0,1,0,1,0,0,"(array([0.50270683, 0.67156065]), array([0.82131118, 0.71305126]), array([0.17444761, 0.28702798]), array([0.48480329, 0.31982562]))","['QwenPRM_min_scores (7.63B)', 'EurusPRMStage1_min_scores (7.62B)']","[0.2008567945887737, 0.2008567945887737, 0.2008567945887737, 0.2008567945887737, 0.2008567945887737, 0.2008567945887737, 0.2008567945887737, 0.2008567945887737, 0.2008567945887737, 0.2008567945887737, 0.2008567945887737, 0.2008567945887737, 0.2008567945887737, 0.2008567945887737, 0.2008567945887737, 0.2008567945887737, 0.2008567945887737, 0.2008567945887737, 0.2008567945887737, 0.2008567945887737, 0.2008567945887737, 0.2008567945887737, 0.5673025419876959, 0.2008567945887737, 0.5673025419876959, 0.5673025419876959, 0.5673025419876959, 0.5673025419876959, 0.2008567945887737, 0.2008567945887737, 0.2008567945887737, 0.2008567945887737, 0.2008567945887737, 0.2008567945887737, 0.2008567945887737, 0.2008567945887737, 0.5673025419876959, 0.2008567945887737, 0.2008567945887737, 0.5673025419876959, 0.2008567945887737, 0.2008567945887737, 0.2008567945887737, 0.2008567945887737, 0.2008567945887737, 0.2008567945887737, 0.2008567945887737, 0.2008567945887737, 0.2008567945887737, 0.2008567945887737, 0.5673025419876959, 0.2008567945887737, 0.2008567945887737, 0.2008567945887737, 0.2008567945887737, 0.2008567945887737, 0.2008567945887737, 0.2008567945887737, 0.2008567945887737, 0.2008567945887737, 0.2008567945887737, 0.2008567945887737, 0.2008567945887737, 0.2008567945887737, 0.2008567945887737, 0.2008567945887737, 0.2008567945887737, 0.2008567945887737, 0.2008567945887737, 0.2008567945887737, 0.2008567945887737, 0.2008567945887737, 0.2008567945887737, 0.2008567945887737, 0.2008567945887737, 0.2008567945887737, 0.2008567945887737, 0.2008567945887737, 0.2008567945887737, 0.2008567945887737, 0.5673025419876959, 0.2008567945887737, 0.2008567945887737, 0.2008567945887737, 0.2008567945887737, 0.2008567945887737, 0.2008567945887737, 0.2008567945887737, 0.5673025419876959, 0.5673025419876959, 0.2008567945887737, 0.2008567945887737, 0.2008567945887737, 0.2008567945887737, 0.2008567945887737, 0.5673025419876959, 0.2008567945887737, 0.2008567945887737, 0.2008567945887737, 0.2008567945887737]",30,train,0
0.86,17,69,5,9,100,4,1,1,1,0,0,0,4,1,1,1,0,0,0,"(array([0.50270683, 0.67156065]), array([0.82131118, 0.71305126]), array([0.17444761, 0.28702798]), array([0.48480329, 0.31982562]))","['QwenPRM_min_scores (7.63B)', 'EurusPRMStage1_min_scores (7.62B)']","[0.2008567945887737, 0.2008567945887737, 0.5673025419876959, 0.2008567945887737, 0.8648762629869087, 0.8648762629869087, 0.2008567945887737, 0.2008567945887737, 0.2008567945887737, 0.2008567945887737, 0.5673025419876959, 0.2008567945887737, 0.8648762629869087, 0.2008567945887737, 0.2008567945887737, 0.2008567945887737, 0.2008567945887737, 0.2008567945887737, 0.2008567945887737, 0.2008567945887737, 0.5673025419876959, 0.2008567945887737, 0.5673025419876959, 0.2008567945887737, 0.2008567945887737, 0.2008567945887737, 0.2008567945887737, 0.2008567945887737, 0.2008567945887737, 0.2008567945887737, 0.2008567945887737, 0.2008567945887737, 0.2008567945887737, 0.5673025419876959, 0.2008567945887737, 0.2008567945887737, 0.2008567945887737, 0.5673025419876959, 0.5673025419876959, 0.2008567945887737, 0.2008567945887737, 0.2008567945887737, 0.2008567945887737, 0.2008567945887737, 0.5673025419876959, 0.2008567945887737, 0.2008567945887737, 0.2008567945887737, 0.2008567945887737, 0.2008567945887737, 0.2008567945887737, 0.2008567945887737, 0.2008567945887737, 0.2008567945887737, 0.2008567945887737, 0.2008567945887737, 0.2008567945887737, 0.5673025419876959, 0.2008567945887737, 0.2008567945887737, 0.5673025419876959, 0.2008567945887737, 0.2008567945887737, 0.8648762629869087, 0.2008567945887737, 0.2008567945887737, 0.2008567945887737, 0.5673025419876959, 0.5673025419876959, 0.2008567945887737, 0.2008567945887737, 0.2008567945887737, 0.2008567945887737, 0.5673025419876959, 0.2008567945887737, 0.2008567945887737, 0.2008567945887737, 0.2008567945887737, 0.2008567945887737, 0.5673025419876959, 0.2008567945887737, 0.2008567945887737, 0.2008567945887737, 0.2008567945887737, 0.2008567945887737, 0.2008567945887737, 0.2008567945887737, 0.2008567945887737, 0.2008567945887737, 0.8648762629869087, 0.2008567945887737, 0.2008567945887737, 0.8648762629869087, 0.2008567945887737, 0.2008567945887737, 0.2008567945887737, 0.5673025419876959, 0.2008567945887737, 0.8648762629869087, 0.2008567945887737]",31,train,2
0.87,24,63,0,13,100,44,1,1,1,0,0,0,44,1,1,1,0,0,0,"(array([0.50270683, 0.67156065]), array([0.82131118, 0.71305126]), array([0.17444761, 0.28702798]), array([0.48480329, 0.31982562]))","['QwenPRM_min_scores (7.63B)', 'EurusPRMStage1_min_scores (7.62B)']","[0.2008567945887737, 0.2008567945887737, 0.2008567945887737, 0.5673025419876959, 0.2008567945887737, 0.2008567945887737, 0.5673025419876959, 0.5673025419876959, 0.2008567945887737, 0.5673025419876959, 0.5673025419876959, 0.2008567945887737, 0.2008567945887737, 0.2008567945887737, 0.5673025419876959, 0.2008567945887737, 0.5673025419876959, 0.2008567945887737, 0.2008567945887737, 0.2008567945887737, 0.2008567945887737, 0.5673025419876959, 0.2008567945887737, 0.2008567945887737, 0.2008567945887737, 0.2008567945887737, 0.5673025419876959, 0.2008567945887737, 0.5673025419876959, 0.2008567945887737, 0.5673025419876959, 0.5673025419876959, 0.2008567945887737, 0.2008567945887737, 0.2008567945887737, 0.2008567945887737, 0.2008567945887737, 0.2008567945887737, 0.2008567945887737, 0.2008567945887737, 0.2008567945887737, 0.2008567945887737, 0.2008567945887737, 0.2008567945887737, 0.8648762629869087, 0.2008567945887737, 0.2008567945887737, 0.2008567945887737, 0.8648762629869087, 0.2008567945887737, 0.5673025419876959, 0.2008567945887737, 0.2008567945887737, 0.2008567945887737, 0.2008567945887737, 0.2008567945887737, 0.2008567945887737, 0.2008567945887737, 0.2008567945887737, 0.2008567945887737, 0.2008567945887737, 0.2008567945887737, 0.5673025419876959, 0.2008567945887737, 0.2008567945887737, 0.2008567945887737, 0.8648762629869087, 0.5673025419876959, 0.2008567945887737, 0.2008567945887737, 0.5673025419876959, 0.2008567945887737, 0.5673025419876959, 0.2008567945887737, 0.2008567945887737, 0.2008567945887737, 0.2008567945887737, 0.5673025419876959, 0.2008567945887737, 0.2008567945887737, 0.2008567945887737, 0.2008567945887737, 0.2008567945887737, 0.2008567945887737, 0.2008567945887737, 0.2008567945887737, 0.2008567945887737, 0.2008567945887737, 0.2008567945887737, 0.2008567945887737, 0.2008567945887737, 0.2008567945887737, 0.2008567945887737, 0.5673025419876959, 0.2008567945887737, 0.5673025419876959, 0.2008567945887737, 0.2008567945887737, 0.2008567945887737, 0.5673025419876959]",32,train,3
0.81,76,5,0,19,100,0,1,1,1,0,0,0,0,1,1,1,0,0,0,"(array([0.50270683, 0.67156065]), array([0.82131118, 0.71305126]), array([0.17444761, 0.28702798]), array([0.48480329, 0.31982562]))","['QwenPRM_min_scores (7.63B)', 'EurusPRMStage1_min_scores (7.62B)']","[0.8648762629869087, 0.8648762629869087, 0.2008567945887737, 0.5673025419876959, 0.2008567945887737, 0.8648762629869087, 0.5509707210987601, 0.5673025419876959, 0.5673025419876959, 0.8648762629869087, 0.8648762629869087, 0.5673025419876959, 0.5509707210987601, 0.2008567945887737, 0.5673025419876959, 0.8648762629869087, 0.8648762629869087, 0.2008567945887737, 0.8648762629869087, 0.8648762629869087, 0.8648762629869087, 0.8648762629869087, 0.8648762629869087, 0.5673025419876959, 0.2008567945887737, 0.8648762629869087, 0.8648762629869087, 0.8648762629869087, 0.5673025419876959, 0.5673025419876959, 0.8648762629869087, 0.2008567945887737, 0.8648762629869087, 0.2008567945887737, 0.5673025419876959, 0.2008567945887737, 0.5673025419876959, 0.5673025419876959, 0.5673025419876959, 0.8648762629869087, 0.8648762629869087, 0.5673025419876959, 0.2008567945887737, 0.5673025419876959, 0.8648762629869087, 0.8648762629869087, 0.2008567945887737, 0.8648762629869087, 0.5673025419876959, 0.2008567945887737, 0.8648762629869087, 0.2008567945887737, 0.8648762629869087, 0.2008567945887737, 0.5673025419876959, 0.5673025419876959, 0.5673025419876959, 0.2008567945887737, 0.8648762629869087, 0.8648762629869087, 0.5673025419876959, 0.8648762629869087, 0.8648762629869087, 0.2008567945887737, 0.2008567945887737, 0.5673025419876959, 0.5673025419876959, 0.5673025419876959, 0.5673025419876959, 0.5673025419876959, 0.2008567945887737, 0.2008567945887737, 0.5509707210987601, 0.5673025419876959, 0.8648762629869087, 0.8648762629869087, 0.5509707210987601, 0.2008567945887737, 0.5509707210987601, 0.8648762629869087, 0.5673025419876959, 0.5673025419876959, 0.5509707210987601, 0.2008567945887737, 0.5673025419876959, 0.5673025419876959, 0.8648762629869087, 0.8648762629869087, 0.5673025419876959, 0.2008567945887737, 0.8648762629869087, 0.5673025419876959, 0.8648762629869087, 0.2008567945887737, 0.2008567945887737, 0.5673025419876959, 0.2008567945887737, 0.8648762629869087, 0.5673025419876959, 0.5673025419876959]",33,train,9
0.89,1,88,10,1,100,39,0,1,0,0,0,1,0,0,1,0,1,0,0,"(array([0.50270683, 0.67156065]), array([0.82131118, 0.71305126]), array([0.17444761, 0.28702798]), array([0.48480329, 0.31982562]))","['QwenPRM_min_scores (7.63B)', 'EurusPRMStage1_min_scores (7.62B)']","[0.2008567945887737, 0.2008567945887737, 0.2008567945887737, 0.2008567945887737, 0.2008567945887737, 0.2008567945887737, 0.2008567945887737, 0.2008567945887737, 0.2008567945887737, 0.2008567945887737, 0.2008567945887737, 0.2008567945887737, 0.2008567945887737, 0.2008567945887737, 0.2008567945887737, 0.2008567945887737, 0.2008567945887737, 0.2008567945887737, 0.2008567945887737, 0.2008567945887737, 0.2008567945887737, 0.2008567945887737, 0.2008567945887737, 0.2008567945887737, 0.2008567945887737, 0.2008567945887737, 0.2008567945887737, 0.2008567945887737, 0.2008567945887737, 0.2008567945887737, 0.2008567945887737, 0.2008567945887737, 0.2008567945887737, 0.2008567945887737, 0.2008567945887737, 0.2008567945887737, 0.2008567945887737, 0.2008567945887737, 0.2008567945887737, 0.5673025419876959, 0.2008567945887737, 0.2008567945887737, 0.2008567945887737, 0.2008567945887737, 0.2008567945887737, 0.2008567945887737, 0.5673025419876959, 0.2008567945887737, 0.2008567945887737, 0.2008567945887737, 0.5673025419876959, 0.2008567945887737, 0.2008567945887737, 0.2008567945887737, 0.2008567945887737, 0.2008567945887737, 0.2008567945887737, 0.5673025419876959, 0.2008567945887737, 0.2008567945887737, 0.2008567945887737, 0.2008567945887737, 0.2008567945887737, 0.2008567945887737, 0.2008567945887737, 0.2008567945887737, 0.2008567945887737, 0.2008567945887737, 0.2008567945887737, 0.5673025419876959, 0.2008567945887737, 0.2008567945887737, 0.2008567945887737, 0.2008567945887737, 0.2008567945887737, 0.2008567945887737, 0.2008567945887737, 0.5673025419876959, 0.2008567945887737, 0.5673025419876959, 0.2008567945887737, 0.2008567945887737, 0.2008567945887737, 0.2008567945887737, 0.5673025419876959, 0.2008567945887737, 0.2008567945887737, 0.5673025419876959, 0.2008567945887737, 0.2008567945887737, 0.2008567945887737, 0.2008567945887737, 0.2008567945887737, 0.5673025419876959, 0.2008567945887737, 0.2008567945887737, 0.2008567945887737, 0.5673025419876959, 0.2008567945887737, 0.2008567945887737]",34,train,0
0.71,45,26,5,24,100,4,1,1,1,0,0,0,4,1,1,1,0,0,0,"(array([0.50270683, 0.67156065]), array([0.82131118, 0.71305126]), array([0.17444761, 0.28702798]), array([0.48480329, 0.31982562]))","['QwenPRM_min_scores (7.63B)', 'EurusPRMStage1_min_scores (7.62B)']","[0.2008567945887737, 0.2008567945887737, 0.2008567945887737, 0.5673025419876959, 0.8648762629869087, 0.5509707210987601, 0.8648762629869087, 0.2008567945887737, 0.2008567945887737, 0.5673025419876959, 0.5673025419876959, 0.5509707210987601, 0.5673025419876959, 0.8648762629869087, 0.5673025419876959, 0.5673025419876959, 0.2008567945887737, 0.2008567945887737, 0.5673025419876959, 0.5673025419876959, 0.2008567945887737, 0.2008567945887737, 0.2008567945887737, 0.5673025419876959, 0.8648762629869087, 0.2008567945887737, 0.2008567945887737, 0.2008567945887737, 0.5673025419876959, 0.5673025419876959, 0.2008567945887737, 0.2008567945887737, 0.2008567945887737, 0.2008567945887737, 0.8648762629869087, 0.5673025419876959, 0.2008567945887737, 0.5673025419876959, 0.5673025419876959, 0.2008567945887737, 0.2008567945887737, 0.5509707210987601, 0.8648762629869087, 0.8648762629869087, 0.5673025419876959, 0.2008567945887737, 0.2008567945887737, 0.2008567945887737, 0.5673025419876959, 0.2008567945887737, 0.5673025419876959, 0.2008567945887737, 0.2008567945887737, 0.2008567945887737, 0.2008567945887737, 0.8648762629869087, 0.2008567945887737, 0.5673025419876959, 0.2008567945887737, 0.5673025419876959, 0.2008567945887737, 0.2008567945887737, 0.2008567945887737, 0.5673025419876959, 0.5673025419876959, 0.2008567945887737, 0.2008567945887737, 0.5673025419876959, 0.5673025419876959, 0.5673025419876959, 0.2008567945887737, 0.2008567945887737, 0.5673025419876959, 0.5673025419876959, 0.2008567945887737, 0.8648762629869087, 0.2008567945887737, 0.2008567945887737, 0.2008567945887737, 0.5673025419876959, 0.8648762629869087, 0.2008567945887737, 0.2008567945887737, 0.2008567945887737, 0.2008567945887737, 0.5673025419876959, 0.2008567945887737, 0.5673025419876959, 0.2008567945887737, 0.2008567945887737, 0.5673025419876959, 0.5673025419876959, 0.2008567945887737, 0.5673025419876959, 0.5673025419876959, 0.2008567945887737, 0.5509707210987601, 0.8648762629869087, 0.5673025419876959, 0.5673025419876959]",35,train,6
0.88,32,56,9,3,100,0,1,1,1,0,0,0,0,1,1,1,0,0,0,"(array([0.50270683, 0.67156065]), array([0.82131118, 0.71305126]), array([0.17444761, 0.28702798]), array([0.48480329, 0.31982562]))","['QwenPRM_min_scores (7.63B)', 'EurusPRMStage1_min_scores (7.62B)']","[0.8648762629869087, 0.2008567945887737, 0.5673025419876959, 0.5673025419876959, 0.2008567945887737, 0.5673025419876959, 0.8648762629869087, 0.5673025419876959, 0.2008567945887737, 0.8648762629869087, 0.2008567945887737, 0.5673025419876959, 0.2008567945887737, 0.2008567945887737, 0.2008567945887737, 0.2008567945887737, 0.5673025419876959, 0.8648762629869087, 0.8648762629869087, 0.2008567945887737, 0.2008567945887737, 0.2008567945887737, 0.2008567945887737, 0.2008567945887737, 0.5673025419876959, 0.2008567945887737, 0.2008567945887737, 0.5673025419876959, 0.2008567945887737, 0.2008567945887737, 0.2008567945887737, 0.2008567945887737, 0.2008567945887737, 0.2008567945887737, 0.5673025419876959, 0.5673025419876959, 0.2008567945887737, 0.5673025419876959, 0.2008567945887737, 0.5673025419876959, 0.2008567945887737, 0.5673025419876959, 0.5673025419876959, 0.2008567945887737, 0.5673025419876959, 0.2008567945887737, 0.2008567945887737, 0.2008567945887737, 0.2008567945887737, 0.2008567945887737, 0.5673025419876959, 0.2008567945887737, 0.2008567945887737, 0.2008567945887737, 0.5673025419876959, 0.2008567945887737, 0.2008567945887737, 0.2008567945887737, 0.5673025419876959, 0.5673025419876959, 0.8648762629869087, 0.2008567945887737, 0.5673025419876959, 0.8648762629869087, 0.2008567945887737, 0.5673025419876959, 0.2008567945887737, 0.2008567945887737, 0.8648762629869087, 0.2008567945887737, 0.5673025419876959, 0.2008567945887737, 0.2008567945887737, 0.5673025419876959, 0.2008567945887737, 0.5673025419876959, 0.2008567945887737, 0.5673025419876959, 0.2008567945887737, 0.2008567945887737, 0.2008567945887737, 0.2008567945887737, 0.8648762629869087, 0.2008567945887737, 0.2008567945887737, 0.2008567945887737, 0.2008567945887737, 0.5673025419876959, 0.5673025419876959, 0.5673025419876959, 0.5673025419876959, 0.2008567945887737, 0.8648762629869087, 0.2008567945887737, 0.2008567945887737, 0.2008567945887737, 0.5673025419876959, 0.2008567945887737, 0.2008567945887737, 0.5673025419876959]",36,train,3
0.76,15,61,8,16,100,0,1,1,1,0,0,0,2,0,1,0,1,0,0,"(array([0.50270683, 0.67156065]), array([0.82131118, 0.71305126]), array([0.17444761, 0.28702798]), array([0.48480329, 0.31982562]))","['QwenPRM_min_scores (7.63B)', 'EurusPRMStage1_min_scores (7.62B)']","[0.5673025419876959, 0.5673025419876959, 0.2008567945887737, 0.5673025419876959, 0.2008567945887737, 0.2008567945887737, 0.2008567945887737, 0.2008567945887737, 0.2008567945887737, 0.5673025419876959, 0.2008567945887737, 0.2008567945887737, 0.2008567945887737, 0.2008567945887737, 0.2008567945887737, 0.2008567945887737, 0.2008567945887737, 0.2008567945887737, 0.2008567945887737, 0.2008567945887737, 0.2008567945887737, 0.2008567945887737, 0.2008567945887737, 0.5673025419876959, 0.2008567945887737, 0.5673025419876959, 0.5673025419876959, 0.2008567945887737, 0.2008567945887737, 0.5673025419876959, 0.5673025419876959, 0.2008567945887737, 0.2008567945887737, 0.2008567945887737, 0.5673025419876959, 0.2008567945887737, 0.2008567945887737, 0.2008567945887737, 0.2008567945887737, 0.2008567945887737, 0.2008567945887737, 0.5673025419876959, 0.2008567945887737, 0.2008567945887737, 0.2008567945887737, 0.2008567945887737, 0.2008567945887737, 0.2008567945887737, 0.2008567945887737, 0.2008567945887737, 0.5673025419876959, 0.2008567945887737, 0.2008567945887737, 0.2008567945887737, 0.2008567945887737, 0.2008567945887737, 0.2008567945887737, 0.2008567945887737, 0.2008567945887737, 0.2008567945887737, 0.2008567945887737, 0.2008567945887737, 0.2008567945887737, 0.2008567945887737, 0.2008567945887737, 0.5673025419876959, 0.2008567945887737, 0.5673025419876959, 0.2008567945887737, 0.2008567945887737, 0.2008567945887737, 0.2008567945887737, 0.5673025419876959, 0.2008567945887737, 0.2008567945887737, 0.2008567945887737, 0.5673025419876959, 0.2008567945887737, 0.5673025419876959, 0.5673025419876959, 0.2008567945887737, 0.2008567945887737, 0.5673025419876959, 0.5673025419876959, 0.2008567945887737, 0.2008567945887737, 0.2008567945887737, 0.5673025419876959, 0.2008567945887737, 0.2008567945887737, 0.2008567945887737, 0.2008567945887737, 0.2008567945887737, 0.2008567945887737, 0.5673025419876959, 0.2008567945887737, 0.2008567945887737, 0.2008567945887737, 0.5673025419876959, 0.2008567945887737]",37,train,3
0.87,20,67,1,12,100,16,1,1,1,0,0,0,16,1,1,1,0,0,0,"(array([0.50270683, 0.67156065]), array([0.82131118, 0.71305126]), array([0.17444761, 0.28702798]), array([0.48480329, 0.31982562]))","['QwenPRM_min_scores (7.63B)', 'EurusPRMStage1_min_scores (7.62B)']","[0.2008567945887737, 0.2008567945887737, 0.2008567945887737, 0.2008567945887737, 0.5673025419876959, 0.2008567945887737, 0.2008567945887737, 0.2008567945887737, 0.2008567945887737, 0.2008567945887737, 0.2008567945887737, 0.5673025419876959, 0.5673025419876959, 0.2008567945887737, 0.2008567945887737, 0.2008567945887737, 0.8648762629869087, 0.2008567945887737, 0.2008567945887737, 0.2008567945887737, 0.2008567945887737, 0.2008567945887737, 0.5673025419876959, 0.2008567945887737, 0.2008567945887737, 0.2008567945887737, 0.2008567945887737, 0.2008567945887737, 0.2008567945887737, 0.2008567945887737, 0.5673025419876959, 0.2008567945887737, 0.5673025419876959, 0.2008567945887737, 0.2008567945887737, 0.2008567945887737, 0.2008567945887737, 0.2008567945887737, 0.2008567945887737, 0.2008567945887737, 0.2008567945887737, 0.2008567945887737, 0.8648762629869087, 0.2008567945887737, 0.2008567945887737, 0.2008567945887737, 0.2008567945887737, 0.5673025419876959, 0.2008567945887737, 0.2008567945887737, 0.2008567945887737, 0.5673025419876959, 0.2008567945887737, 0.5673025419876959, 0.2008567945887737, 0.2008567945887737, 0.2008567945887737, 0.2008567945887737, 0.2008567945887737, 0.2008567945887737, 0.2008567945887737, 0.2008567945887737, 0.5673025419876959, 0.2008567945887737, 0.2008567945887737, 0.8648762629869087, 0.5673025419876959, 0.2008567945887737, 0.5673025419876959, 0.2008567945887737, 0.5673025419876959, 0.2008567945887737, 0.2008567945887737, 0.2008567945887737, 0.2008567945887737, 0.2008567945887737, 0.2008567945887737, 0.2008567945887737, 0.5673025419876959, 0.2008567945887737, 0.2008567945887737, 0.2008567945887737, 0.2008567945887737, 0.2008567945887737, 0.2008567945887737, 0.2008567945887737, 0.8648762629869087, 0.2008567945887737, 0.2008567945887737, 0.2008567945887737, 0.8648762629869087, 0.2008567945887737, 0.5673025419876959, 0.2008567945887737, 0.2008567945887737, 0.2008567945887737, 0.5673025419876959, 0.2008567945887737, 0.2008567945887737, 0.2008567945887737]",38,train,3
0.79,4,75,20,1,100,1,0,1,0,0,0,1,0,0,1,0,1,0,0,"(array([0.50270683, 0.67156065]), array([0.82131118, 0.71305126]), array([0.17444761, 0.28702798]), array([0.48480329, 0.31982562]))","['QwenPRM_min_scores (7.63B)', 'EurusPRMStage1_min_scores (7.62B)']","[0.2008567945887737, 0.5673025419876959, 0.2008567945887737, 0.2008567945887737, 0.2008567945887737, 0.2008567945887737, 0.2008567945887737, 0.2008567945887737, 0.2008567945887737, 0.2008567945887737, 0.2008567945887737, 0.2008567945887737, 0.2008567945887737, 0.2008567945887737, 0.2008567945887737, 0.2008567945887737, 0.2008567945887737, 0.2008567945887737, 0.5673025419876959, 0.2008567945887737, 0.2008567945887737, 0.2008567945887737, 0.2008567945887737, 0.2008567945887737, 0.5673025419876959, 0.5673025419876959, 0.2008567945887737, 0.2008567945887737, 0.5509707210987601, 0.5673025419876959, 0.2008567945887737, 0.2008567945887737, 0.2008567945887737, 0.5673025419876959, 0.2008567945887737, 0.2008567945887737, 0.2008567945887737, 0.2008567945887737, 0.2008567945887737, 0.5673025419876959, 0.5673025419876959, 0.2008567945887737, 0.5673025419876959, 0.2008567945887737, 0.2008567945887737, 0.2008567945887737, 0.2008567945887737, 0.2008567945887737, 0.5673025419876959, 0.2008567945887737, 0.5673025419876959, 0.5673025419876959, 0.2008567945887737, 0.2008567945887737, 0.2008567945887737, 0.2008567945887737, 0.2008567945887737, 0.2008567945887737, 0.5673025419876959, 0.5673025419876959, 0.2008567945887737, 0.2008567945887737, 0.2008567945887737, 0.2008567945887737, 0.2008567945887737, 0.2008567945887737, 0.2008567945887737, 0.2008567945887737, 0.2008567945887737, 0.2008567945887737, 0.5509707210987601, 0.2008567945887737, 0.2008567945887737, 0.5673025419876959, 0.2008567945887737, 0.2008567945887737, 0.2008567945887737, 0.2008567945887737, 0.2008567945887737, 0.2008567945887737, 0.2008567945887737, 0.2008567945887737, 0.5673025419876959, 0.2008567945887737, 0.2008567945887737, 0.5673025419876959, 0.2008567945887737, 0.2008567945887737, 0.2008567945887737, 0.5673025419876959, 0.2008567945887737, 0.2008567945887737, 0.5673025419876959, 0.5673025419876959, 0.2008567945887737, 0.2008567945887737, 0.2008567945887737, 0.2008567945887737, 0.5509707210987601, 0.5673025419876959]",39,train,0
0.95,52,43,0,5,100,25,1,1,1,0,0,0,25,1,1,1,0,0,0,"(array([0.50270683, 0.67156065]), array([0.82131118, 0.71305126]), array([0.17444761, 0.28702798]), array([0.48480329, 0.31982562]))","['QwenPRM_min_scores (7.63B)', 'EurusPRMStage1_min_scores (7.62B)']","[0.2008567945887737, 0.2008567945887737, 0.5673025419876959, 0.5673025419876959, 0.2008567945887737, 0.5673025419876959, 0.2008567945887737, 0.5673025419876959, 0.5673025419876959, 0.2008567945887737, 0.5673025419876959, 0.2008567945887737, 0.5673025419876959, 0.2008567945887737, 0.2008567945887737, 0.5673025419876959, 0.5673025419876959, 0.5673025419876959, 0.5673025419876959, 0.5673025419876959, 0.2008567945887737, 0.5673025419876959, 0.2008567945887737, 0.5673025419876959, 0.5673025419876959, 0.8648762629869087, 0.2008567945887737, 0.5673025419876959, 0.2008567945887737, 0.2008567945887737, 0.5673025419876959, 0.2008567945887737, 0.2008567945887737, 0.2008567945887737, 0.8648762629869087, 0.5673025419876959, 0.5673025419876959, 0.8648762629869087, 0.5673025419876959, 0.8648762629869087, 0.5673025419876959, 0.5673025419876959, 0.8648762629869087, 0.5673025419876959, 0.2008567945887737, 0.2008567945887737, 0.2008567945887737, 0.2008567945887737, 0.2008567945887737, 0.8648762629869087, 0.2008567945887737, 0.2008567945887737, 0.2008567945887737, 0.2008567945887737, 0.8648762629869087, 0.2008567945887737, 0.2008567945887737, 0.5673025419876959, 0.5673025419876959, 0.8648762629869087, 0.2008567945887737, 0.2008567945887737, 0.2008567945887737, 0.5673025419876959, 0.2008567945887737, 0.2008567945887737, 0.2008567945887737, 0.2008567945887737, 0.2008567945887737, 0.2008567945887737, 0.2008567945887737, 0.2008567945887737, 0.2008567945887737, 0.5673025419876959, 0.5673025419876959, 0.2008567945887737, 0.8648762629869087, 0.2008567945887737, 0.5673025419876959, 0.2008567945887737, 0.2008567945887737, 0.5673025419876959, 0.5673025419876959, 0.8648762629869087, 0.2008567945887737, 0.5673025419876959, 0.5673025419876959, 0.8648762629869087, 0.8648762629869087, 0.2008567945887737, 0.5673025419876959, 0.8648762629869087, 0.8648762629869087, 0.2008567945887737, 0.5673025419876959, 0.2008567945887737, 0.8648762629869087, 0.5673025419876959, 0.2008567945887737, 0.5673025419876959]",40,train,5
0.83,17,66,9,8,100,12,1,1,1,0,0,0,12,1,1,1,0,0,0,"(array([0.50270683, 0.67156065]), array([0.82131118, 0.71305126]), array([0.17444761, 0.28702798]), array([0.48480329, 0.31982562]))","['QwenPRM_min_scores (7.63B)', 'EurusPRMStage1_min_scores (7.62B)']","[0.2008567945887737, 0.2008567945887737, 0.2008567945887737, 0.2008567945887737, 0.2008567945887737, 0.2008567945887737, 0.2008567945887737, 0.2008567945887737, 0.2008567945887737, 0.2008567945887737, 0.2008567945887737, 0.2008567945887737, 0.8648762629869087, 0.2008567945887737, 0.2008567945887737, 0.2008567945887737, 0.2008567945887737, 0.5673025419876959, 0.2008567945887737, 0.2008567945887737, 0.5673025419876959, 0.2008567945887737, 0.2008567945887737, 0.8648762629869087, 0.5673025419876959, 0.2008567945887737, 0.2008567945887737, 0.2008567945887737, 0.2008567945887737, 0.2008567945887737, 0.2008567945887737, 0.5673025419876959, 0.2008567945887737, 0.5673025419876959, 0.2008567945887737, 0.5673025419876959, 0.2008567945887737, 0.5673025419876959, 0.2008567945887737, 0.2008567945887737, 0.2008567945887737, 0.2008567945887737, 0.2008567945887737, 0.2008567945887737, 0.2008567945887737, 0.8648762629869087, 0.5673025419876959, 0.5673025419876959, 0.2008567945887737, 0.2008567945887737, 0.5673025419876959, 0.2008567945887737, 0.2008567945887737, 0.5673025419876959, 0.5673025419876959, 0.2008567945887737, 0.2008567945887737, 0.2008567945887737, 0.2008567945887737, 0.5673025419876959, 0.2008567945887737, 0.2008567945887737, 0.2008567945887737, 0.5673025419876959, 0.5673025419876959, 0.2008567945887737, 0.2008567945887737, 0.2008567945887737, 0.2008567945887737, 0.2008567945887737, 0.2008567945887737, 0.2008567945887737, 0.2008567945887737, 0.5673025419876959, 0.2008567945887737, 0.2008567945887737, 0.2008567945887737, 0.2008567945887737, 0.2008567945887737, 0.2008567945887737, 0.5673025419876959, 0.2008567945887737, 0.2008567945887737, 0.2008567945887737, 0.5673025419876959, 0.2008567945887737, 0.2008567945887737, 0.2008567945887737, 0.8648762629869087, 0.5673025419876959, 0.5673025419876959, 0.5673025419876959, 0.2008567945887737, 0.2008567945887737, 0.2008567945887737, 0.2008567945887737, 0.5673025419876959, 0.2008567945887737, 0.2008567945887737, 0.2008567945887737]",41,train,2
0.9,8,82,4,6,100,4,1,1,1,0,0,0,0,0,1,0,1,0,0,"(array([0.50270683, 0.67156065]), array([0.82131118, 0.71305126]), array([0.17444761, 0.28702798]), array([0.48480329, 0.31982562]))","['QwenPRM_min_scores (7.63B)', 'EurusPRMStage1_min_scores (7.62B)']","[0.2008567945887737, 0.2008567945887737, 0.2008567945887737, 0.2008567945887737, 0.5673025419876959, 0.2008567945887737, 0.2008567945887737, 0.2008567945887737, 0.2008567945887737, 0.5673025419876959, 0.2008567945887737, 0.2008567945887737, 0.5673025419876959, 0.2008567945887737, 0.2008567945887737, 0.2008567945887737, 0.2008567945887737, 0.2008567945887737, 0.2008567945887737, 0.2008567945887737, 0.2008567945887737, 0.2008567945887737, 0.2008567945887737, 0.2008567945887737, 0.2008567945887737, 0.2008567945887737, 0.2008567945887737, 0.2008567945887737, 0.2008567945887737, 0.2008567945887737, 0.2008567945887737, 0.2008567945887737, 0.2008567945887737, 0.2008567945887737, 0.2008567945887737, 0.2008567945887737, 0.2008567945887737, 0.2008567945887737, 0.2008567945887737, 0.5673025419876959, 0.2008567945887737, 0.2008567945887737, 0.2008567945887737, 0.5673025419876959, 0.2008567945887737, 0.2008567945887737, 0.2008567945887737, 0.2008567945887737, 0.2008567945887737, 0.2008567945887737, 0.2008567945887737, 0.2008567945887737, 0.2008567945887737, 0.2008567945887737, 0.2008567945887737, 0.2008567945887737, 0.5673025419876959, 0.2008567945887737, 0.2008567945887737, 0.2008567945887737, 0.2008567945887737, 0.2008567945887737, 0.2008567945887737, 0.2008567945887737, 0.2008567945887737, 0.2008567945887737, 0.2008567945887737, 0.2008567945887737, 0.2008567945887737, 0.5673025419876959, 0.2008567945887737, 0.2008567945887737, 0.2008567945887737, 0.2008567945887737, 0.5673025419876959, 0.2008567945887737, 0.2008567945887737, 0.2008567945887737, 0.2008567945887737, 0.2008567945887737, 0.2008567945887737, 0.2008567945887737, 0.2008567945887737, 0.2008567945887737, 0.2008567945887737, 0.2008567945887737, 0.5673025419876959, 0.2008567945887737, 0.2008567945887737, 0.5673025419876959, 0.2008567945887737, 0.2008567945887737, 0.2008567945887737, 0.2008567945887737, 0.5673025419876959, 0.2008567945887737, 0.2008567945887737, 0.2008567945887737, 0.2008567945887737, 0.5673025419876959]",42,train,1
0.89,74,15,0,11,100,1,1,1,1,0,0,0,1,1,1,1,0,0,0,"(array([0.50270683, 0.67156065]), array([0.82131118, 0.71305126]), array([0.17444761, 0.28702798]), array([0.48480329, 0.31982562]))","['QwenPRM_min_scores (7.63B)', 'EurusPRMStage1_min_scores (7.62B)']","[0.5673025419876959, 0.8648762629869087, 0.8648762629869087, 0.2008567945887737, 0.8648762629869087, 0.5673025419876959, 0.2008567945887737, 0.8648762629869087, 0.5673025419876959, 0.2008567945887737, 0.2008567945887737, 0.8648762629869087, 0.2008567945887737, 0.8648762629869087, 0.8648762629869087, 0.5673025419876959, 0.5673025419876959, 0.8648762629869087, 0.8648762629869087, 0.8648762629869087, 0.2008567945887737, 0.5673025419876959, 0.8648762629869087, 0.2008567945887737, 0.8648762629869087, 0.5673025419876959, 0.2008567945887737, 0.5673025419876959, 0.2008567945887737, 0.8648762629869087, 0.2008567945887737, 0.5673025419876959, 0.5673025419876959, 0.5673025419876959, 0.2008567945887737, 0.5673025419876959, 0.8648762629869087, 0.2008567945887737, 0.2008567945887737, 0.5673025419876959, 0.2008567945887737, 0.8648762629869087, 0.2008567945887737, 0.5673025419876959, 0.5673025419876959, 0.5673025419876959, 0.5673025419876959, 0.8648762629869087, 0.5673025419876959, 0.2008567945887737, 0.8648762629869087, 0.5673025419876959, 0.2008567945887737, 0.2008567945887737, 0.8648762629869087, 0.5673025419876959, 0.5673025419876959, 0.5673025419876959, 0.8648762629869087, 0.5509707210987601, 0.5673025419876959, 0.5509707210987601, 0.5673025419876959, 0.8648762629869087, 0.2008567945887737, 0.5673025419876959, 0.8648762629869087, 0.5673025419876959, 0.2008567945887737, 0.8648762629869087, 0.5673025419876959, 0.8648762629869087, 0.5509707210987601, 0.2008567945887737, 0.8648762629869087, 0.8648762629869087, 0.5509707210987601, 0.5673025419876959, 0.2008567945887737, 0.5673025419876959, 0.5673025419876959, 0.8648762629869087, 0.8648762629869087, 0.8648762629869087, 0.2008567945887737, 0.8648762629869087, 0.8648762629869087, 0.5673025419876959, 0.5673025419876959, 0.5673025419876959, 0.5673025419876959, 0.5673025419876959, 0.8648762629869087, 0.8648762629869087, 0.2008567945887737, 0.2008567945887737, 0.8648762629869087, 0.8648762629869087, 0.2008567945887737, 0.8648762629869087]",43,train,8
0.8,28,52,18,2,100,19,1,1,1,0,0,0,19,1,1,1,0,0,0,"(array([0.50270683, 0.67156065]), array([0.82131118, 0.71305126]), array([0.17444761, 0.28702798]), array([0.48480329, 0.31982562]))","['QwenPRM_min_scores (7.63B)', 'EurusPRMStage1_min_scores (7.62B)']","[0.2008567945887737, 0.2008567945887737, 0.2008567945887737, 0.5509707210987601, 0.5509707210987601, 0.2008567945887737, 0.5673025419876959, 0.5673025419876959, 0.5673025419876959, 0.5509707210987601, 0.5673025419876959, 0.2008567945887737, 0.5673025419876959, 0.5673025419876959, 0.2008567945887737, 0.2008567945887737, 0.2008567945887737, 0.2008567945887737, 0.5673025419876959, 0.8648762629869087, 0.5673025419876959, 0.2008567945887737, 0.2008567945887737, 0.5673025419876959, 0.8648762629869087, 0.2008567945887737, 0.2008567945887737, 0.2008567945887737, 0.2008567945887737, 0.5673025419876959, 0.5673025419876959, 0.5673025419876959, 0.2008567945887737, 0.2008567945887737, 0.2008567945887737, 0.2008567945887737, 0.2008567945887737, 0.2008567945887737, 0.5673025419876959, 0.2008567945887737, 0.2008567945887737, 0.2008567945887737, 0.2008567945887737, 0.5673025419876959, 0.2008567945887737, 0.2008567945887737, 0.2008567945887737, 0.5509707210987601, 0.2008567945887737, 0.2008567945887737, 0.2008567945887737, 0.2008567945887737, 0.5673025419876959, 0.2008567945887737, 0.5673025419876959, 0.2008567945887737, 0.2008567945887737, 0.2008567945887737, 0.2008567945887737, 0.2008567945887737, 0.2008567945887737, 0.2008567945887737, 0.5673025419876959, 0.2008567945887737, 0.8648762629869087, 0.5673025419876959, 0.2008567945887737, 0.2008567945887737, 0.5673025419876959, 0.5673025419876959, 0.5673025419876959, 0.5673025419876959, 0.2008567945887737, 0.5673025419876959, 0.5673025419876959, 0.2008567945887737, 0.5673025419876959, 0.5673025419876959, 0.2008567945887737, 0.2008567945887737, 0.8648762629869087, 0.2008567945887737, 0.5673025419876959, 0.2008567945887737, 0.8648762629869087, 0.5673025419876959, 0.2008567945887737, 0.5673025419876959, 0.5673025419876959, 0.5673025419876959, 0.8648762629869087, 0.8648762629869087, 0.5673025419876959, 0.2008567945887737, 0.2008567945887737, 0.8648762629869087, 0.5673025419876959, 0.2008567945887737, 0.8648762629869087, 0.2008567945887737]",44,train,2
0.87,85,2,1,12,100,2,1,1,1,0,0,0,2,1,1,1,0,0,0,"(array([0.50270683, 0.67156065]), array([0.82131118, 0.71305126]), array([0.17444761, 0.28702798]), array([0.48480329, 0.31982562]))","['QwenPRM_min_scores (7.63B)', 'EurusPRMStage1_min_scores (7.62B)']","[0.5673025419876959, 0.5673025419876959, 0.8648762629869087, 0.5673025419876959, 0.2008567945887737, 0.2008567945887737, 0.5673025419876959, 0.8648762629869087, 0.8648762629869087, 0.5673025419876959, 0.5673025419876959, 0.5673025419876959, 0.5673025419876959, 0.2008567945887737, 0.5673025419876959, 0.5673025419876959, 0.5673025419876959, 0.5673025419876959, 0.5673025419876959, 0.8648762629869087, 0.8648762629869087, 0.5673025419876959, 0.5673025419876959, 0.2008567945887737, 0.8648762629869087, 0.8648762629869087, 0.5673025419876959, 0.8648762629869087, 0.8648762629869087, 0.5673025419876959, 0.2008567945887737, 0.5509707210987601, 0.2008567945887737, 0.5673025419876959, 0.5673025419876959, 0.8648762629869087, 0.5673025419876959, 0.8648762629869087, 0.5673025419876959, 0.5673025419876959, 0.8648762629869087, 0.8648762629869087, 0.5673025419876959, 0.8648762629869087, 0.5673025419876959, 0.2008567945887737, 0.5673025419876959, 0.5673025419876959, 0.5673025419876959, 0.5673025419876959, 0.8648762629869087, 0.5673025419876959, 0.2008567945887737, 0.5673025419876959, 0.5673025419876959, 0.5673025419876959, 0.5673025419876959, 0.2008567945887737, 0.8648762629869087, 0.2008567945887737, 0.5673025419876959, 0.5673025419876959, 0.5673025419876959, 0.2008567945887737, 0.5673025419876959, 0.5673025419876959, 0.5673025419876959, 0.5673025419876959, 0.5673025419876959, 0.5673025419876959, 0.5673025419876959, 0.5509707210987601, 0.5673025419876959, 0.2008567945887737, 0.5673025419876959, 0.5673025419876959, 0.5673025419876959, 0.2008567945887737, 0.5673025419876959, 0.8648762629869087, 0.8648762629869087, 0.5673025419876959, 0.5673025419876959, 0.5673025419876959, 0.5673025419876959, 0.5673025419876959, 0.5673025419876959, 0.5673025419876959, 0.8648762629869087, 0.8648762629869087, 0.5673025419876959, 0.5673025419876959, 0.5673025419876959, 0.8648762629869087, 0.8648762629869087, 0.8648762629869087, 0.5509707210987601, 0.2008567945887737, 0.5673025419876959, 0.5673025419876959]",45,train,9
0.56,41,15,0,44,100,18,1,1,1,0,0,0,18,1,1,1,0,0,0,"(array([0.50270683, 0.67156065]), array([0.82131118, 0.71305126]), array([0.17444761, 0.28702798]), array([0.48480329, 0.31982562]))","['QwenPRM_min_scores (7.63B)', 'EurusPRMStage1_min_scores (7.62B)']","[0.2008567945887737, 0.2008567945887737, 0.2008567945887737, 0.5673025419876959, 0.2008567945887737, 0.5673025419876959, 0.2008567945887737, 0.2008567945887737, 0.5673025419876959, 0.2008567945887737, 0.5673025419876959, 0.2008567945887737, 0.2008567945887737, 0.2008567945887737, 0.5673025419876959, 0.2008567945887737, 0.2008567945887737, 0.2008567945887737, 0.8648762629869087, 0.5673025419876959, 0.2008567945887737, 0.2008567945887737, 0.5673025419876959, 0.8648762629869087, 0.8648762629869087, 0.5673025419876959, 0.2008567945887737, 0.5673025419876959, 0.2008567945887737, 0.2008567945887737, 0.2008567945887737, 0.2008567945887737, 0.5673025419876959, 0.2008567945887737, 0.5673025419876959, 0.2008567945887737, 0.5673025419876959, 0.8648762629869087, 0.2008567945887737, 0.2008567945887737, 0.2008567945887737, 0.5673025419876959, 0.2008567945887737, 0.5673025419876959, 0.2008567945887737, 0.2008567945887737, 0.2008567945887737, 0.2008567945887737, 0.2008567945887737, 0.5673025419876959, 0.5673025419876959, 0.2008567945887737, 0.2008567945887737, 0.2008567945887737, 0.5673025419876959, 0.8648762629869087, 0.8648762629869087, 0.5673025419876959, 0.5673025419876959, 0.5673025419876959, 0.2008567945887737, 0.2008567945887737, 0.5673025419876959, 0.2008567945887737, 0.5673025419876959, 0.2008567945887737, 0.5673025419876959, 0.8648762629869087, 0.5673025419876959, 0.5673025419876959, 0.2008567945887737, 0.2008567945887737, 0.2008567945887737, 0.5673025419876959, 0.2008567945887737, 0.2008567945887737, 0.5673025419876959, 0.2008567945887737, 0.2008567945887737, 0.2008567945887737, 0.2008567945887737, 0.2008567945887737, 0.5673025419876959, 0.5673025419876959, 0.2008567945887737, 0.2008567945887737, 0.5673025419876959, 0.2008567945887737, 0.5673025419876959, 0.2008567945887737, 0.2008567945887737, 0.8648762629869087, 0.2008567945887737, 0.2008567945887737, 0.2008567945887737, 0.5673025419876959, 0.2008567945887737, 0.5673025419876959, 0.2008567945887737, 0.2008567945887737]",46,train,8
0.77,14,63,3,20,100,1,1,1,1,0,0,0,1,1,1,1,0,0,0,"(array([0.50270683, 0.67156065]), array([0.82131118, 0.71305126]), array([0.17444761, 0.28702798]), array([0.48480329, 0.31982562]))","['QwenPRM_min_scores (7.63B)', 'EurusPRMStage1_min_scores (7.62B)']","[0.2008567945887737, 0.8648762629869087, 0.2008567945887737, 0.2008567945887737, 0.2008567945887737, 0.2008567945887737, 0.2008567945887737, 0.5673025419876959, 0.2008567945887737, 0.2008567945887737, 0.2008567945887737, 0.2008567945887737, 0.2008567945887737, 0.2008567945887737, 0.2008567945887737, 0.2008567945887737, 0.2008567945887737, 0.2008567945887737, 0.2008567945887737, 0.2008567945887737, 0.2008567945887737, 0.2008567945887737, 0.2008567945887737, 0.2008567945887737, 0.2008567945887737, 0.2008567945887737, 0.2008567945887737, 0.2008567945887737, 0.2008567945887737, 0.2008567945887737, 0.2008567945887737, 0.2008567945887737, 0.2008567945887737, 0.2008567945887737, 0.2008567945887737, 0.2008567945887737, 0.2008567945887737, 0.5673025419876959, 0.2008567945887737, 0.2008567945887737, 0.2008567945887737, 0.2008567945887737, 0.5673025419876959, 0.8648762629869087, 0.2008567945887737, 0.2008567945887737, 0.2008567945887737, 0.2008567945887737, 0.2008567945887737, 0.2008567945887737, 0.2008567945887737, 0.2008567945887737, 0.2008567945887737, 0.2008567945887737, 0.2008567945887737, 0.2008567945887737, 0.2008567945887737, 0.8648762629869087, 0.2008567945887737, 0.2008567945887737, 0.2008567945887737, 0.5509707210987601, 0.2008567945887737, 0.2008567945887737, 0.2008567945887737, 0.5509707210987601, 0.2008567945887737, 0.2008567945887737, 0.2008567945887737, 0.2008567945887737, 0.2008567945887737, 0.2008567945887737, 0.2008567945887737, 0.5673025419876959, 0.2008567945887737, 0.5673025419876959, 0.5673025419876959, 0.2008567945887737, 0.2008567945887737, 0.5673025419876959, 0.2008567945887737, 0.2008567945887737, 0.2008567945887737, 0.2008567945887737, 0.5509707210987601, 0.2008567945887737, 0.2008567945887737, 0.2008567945887737, 0.2008567945887737, 0.2008567945887737, 0.2008567945887737, 0.2008567945887737, 0.5673025419876959, 0.2008567945887737, 0.2008567945887737, 0.5673025419876959, 0.2008567945887737, 0.5673025419876959, 0.8648762629869087, 0.2008567945887737]",47,train,3
0.95,95,0,0,5,100,0,1,1,1,0,0,0,0,1,1,1,0,0,0,"(array([0.50270683, 0.67156065]), array([0.82131118, 0.71305126]), array([0.17444761, 0.28702798]), array([0.48480329, 0.31982562]))","['QwenPRM_min_scores (7.63B)', 'EurusPRMStage1_min_scores (7.62B)']","[0.8648762629869087, 0.8648762629869087, 0.8648762629869087, 0.8648762629869087, 0.5673025419876959, 0.5673025419876959, 0.8648762629869087, 0.8648762629869087, 0.5673025419876959, 0.5673025419876959, 0.8648762629869087, 0.5673025419876959, 0.8648762629869087, 0.8648762629869087, 0.8648762629869087, 0.8648762629869087, 0.5673025419876959, 0.8648762629869087, 0.8648762629869087, 0.8648762629869087, 0.8648762629869087, 0.5673025419876959, 0.2008567945887737, 0.5673025419876959, 0.8648762629869087, 0.5673025419876959, 0.8648762629869087, 0.5673025419876959, 0.5673025419876959, 0.8648762629869087, 0.8648762629869087, 0.5673025419876959, 0.8648762629869087, 0.5509707210987601, 0.2008567945887737, 0.8648762629869087, 0.8648762629869087, 0.5673025419876959, 0.5673025419876959, 0.5673025419876959, 0.8648762629869087, 0.5673025419876959, 0.8648762629869087, 0.5673025419876959, 0.5673025419876959, 0.5673025419876959, 0.5673025419876959, 0.5673025419876959, 0.5673025419876959, 0.8648762629869087, 0.5673025419876959, 0.5673025419876959, 0.5673025419876959, 0.5673025419876959, 0.2008567945887737, 0.5673025419876959, 0.8648762629869087, 0.8648762629869087, 0.5673025419876959, 0.2008567945887737, 0.5673025419876959, 0.8648762629869087, 0.5509707210987601, 0.8648762629869087, 0.5673025419876959, 0.8648762629869087, 0.5673025419876959, 0.8648762629869087, 0.5673025419876959, 0.8648762629869087, 0.5673025419876959, 0.5673025419876959, 0.5673025419876959, 0.8648762629869087, 0.8648762629869087, 0.5673025419876959, 0.8648762629869087, 0.5673025419876959, 0.5673025419876959, 0.8648762629869087, 0.5673025419876959, 0.5673025419876959, 0.8648762629869087, 0.5673025419876959, 0.8648762629869087, 0.5673025419876959, 0.5673025419876959, 0.5673025419876959, 0.5673025419876959, 0.8648762629869087, 0.5673025419876959, 0.5673025419876959, 0.8648762629869087, 0.5673025419876959, 0.5673025419876959, 0.8648762629869087, 0.5673025419876959, 0.8648762629869087, 0.8648762629869087, 0.2008567945887737]",48,train,9
0.38,1,37,62,0,100,67,1,1,1,0,0,0,67,1,1,1,0,0,0,"(array([0.50270683, 0.67156065]), array([0.82131118, 0.71305126]), array([0.17444761, 0.28702798]), array([0.48480329, 0.31982562]))","['QwenPRM_min_scores (7.63B)', 'EurusPRMStage1_min_scores (7.62B)']","[0.2008567945887737, 0.5673025419876959, 0.2008567945887737, 0.2008567945887737, 0.5673025419876959, 0.5673025419876959, 0.5673025419876959, 0.5673025419876959, 0.5673025419876959, 0.2008567945887737, 0.5673025419876959, 0.2008567945887737, 0.2008567945887737, 0.2008567945887737, 0.5673025419876959, 0.5673025419876959, 0.2008567945887737, 0.5673025419876959, 0.5673025419876959, 0.2008567945887737, 0.5673025419876959, 0.5673025419876959, 0.2008567945887737, 0.2008567945887737, 0.5673025419876959, 0.5673025419876959, 0.5673025419876959, 0.2008567945887737, 0.2008567945887737, 0.5673025419876959, 0.5673025419876959, 0.2008567945887737, 0.5673025419876959, 0.2008567945887737, 0.5673025419876959, 0.5673025419876959, 0.5673025419876959, 0.5673025419876959, 0.2008567945887737, 0.5673025419876959, 0.5673025419876959, 0.5673025419876959, 0.5673025419876959, 0.5673025419876959, 0.5673025419876959, 0.5673025419876959, 0.5673025419876959, 0.5673025419876959, 0.5673025419876959, 0.5673025419876959, 0.5673025419876959, 0.5673025419876959, 0.2008567945887737, 0.2008567945887737, 0.2008567945887737, 0.5673025419876959, 0.5673025419876959, 0.5673025419876959, 0.2008567945887737, 0.5673025419876959, 0.2008567945887737, 0.5673025419876959, 0.5673025419876959, 0.5673025419876959, 0.2008567945887737, 0.5673025419876959, 0.2008567945887737, 0.8648762629869087, 0.5673025419876959, 0.2008567945887737, 0.5673025419876959, 0.5673025419876959, 0.2008567945887737, 0.2008567945887737, 0.5673025419876959, 0.2008567945887737, 0.5673025419876959, 0.2008567945887737, 0.5673025419876959, 0.2008567945887737, 0.5673025419876959, 0.2008567945887737, 0.2008567945887737, 0.5673025419876959, 0.2008567945887737, 0.2008567945887737, 0.5673025419876959, 0.2008567945887737, 0.2008567945887737, 0.5673025419876959, 0.2008567945887737, 0.5673025419876959, 0.5673025419876959, 0.2008567945887737, 0.5673025419876959, 0.5673025419876959, 0.5673025419876959, 0.5673025419876959, 0.5673025419876959, 0.5673025419876959]",49,train,0
