sample_accuracy,sample_tp,sample_tn,sample_fp,sample_fn,num_samples,top1_idx,top1_positive,has_positive,top1_tp,top1_fp,top1_tn,top1_fn,prediction_idx,prediction_class,prediction_accuracy,prediction_tp,prediction_tn,prediction_fp,prediction_fn,model_params,verifier_subset,weaver_sample_scores,problem,set,difficulty
0.58,53,5,1,41,100,63,1,1,1,0,0,0,63,1,1,1,0,0,0,"(array([0.4923251 , 0.56380147]), array([0.83098012, 0.81286216]), array([0.16867831, 0.18998617]), array([0.49411666, 0.42501032]))","['GPM (8B)', 'QwenPRM_avg_scores (7.63B)']","[0.5916247156102313, 0.22788470175741593, 0.6261897066849236, 0.6261897066849236, 0.22788470175741593, 0.22788470175741593, 0.6261897066849236, 0.22788470175741593, 0.22788470175741593, 0.22788470175741593, 0.22788470175741593, 0.22788470175741593, 0.22788470175741593, 0.22788470175741593, 0.22788470175741593, 0.22788470175741593, 0.6261897066849236, 0.6261897066849236, 0.6261897066849236, 0.6261897066849236, 0.22788470175741593, 0.5916247156102313, 0.6261897066849236, 0.22788470175741593, 0.22788470175741593, 0.6261897066849236, 0.5916247156102313, 0.22788470175741593, 0.22788470175741593, 0.22788470175741593, 0.6261897066849236, 0.22788470175741593, 0.22788470175741593, 0.6261897066849236, 0.6261897066849236, 0.22788470175741593, 0.6261897066849236, 0.22788470175741593, 0.22788470175741593, 0.5916247156102313, 0.6261897066849236, 0.22788470175741593, 0.6261897066849236, 0.22788470175741593, 0.5916247156102313, 0.6261897066849236, 0.6261897066849236, 0.22788470175741593, 0.5916247156102313, 0.22788470175741593, 0.22788470175741593, 0.6261897066849236, 0.22788470175741593, 0.22788470175741593, 0.22788470175741593, 0.22788470175741593, 0.6261897066849236, 0.5916247156102313, 0.22788470175741593, 0.6261897066849236, 0.5916247156102313, 0.6261897066849236, 0.5916247156102313, 0.8915705619074875, 0.22788470175741593, 0.22788470175741593, 0.22788470175741593, 0.6261897066849236, 0.6261897066849236, 0.5916247156102313, 0.22788470175741593, 0.6261897066849236, 0.22788470175741593, 0.5916247156102313, 0.22788470175741593, 0.6261897066849236, 0.8915705619074875, 0.22788470175741593, 0.5916247156102313, 0.22788470175741593, 0.22788470175741593, 0.5916247156102313, 0.22788470175741593, 0.22788470175741593, 0.6261897066849236, 0.6261897066849236, 0.5916247156102313, 0.5916247156102313, 0.6261897066849236, 0.8915705619074875, 0.5916247156102313, 0.5916247156102313, 0.5916247156102313, 0.22788470175741593, 0.6261897066849236, 0.6261897066849236, 0.5916247156102313, 0.22788470175741593, 0.6261897066849236, 0.6261897066849236]",0,train,9
0.79,71,8,0,21,100,1,1,1,1,0,0,0,1,1,1,1,0,0,0,"(array([0.4923251 , 0.56380147]), array([0.83098012, 0.81286216]), array([0.16867831, 0.18998617]), array([0.49411666, 0.42501032]))","['GPM (8B)', 'QwenPRM_avg_scores (7.63B)']","[0.6261897066849236, 0.8915705619074875, 0.22788470175741593, 0.8915705619074875, 0.6261897066849236, 0.6261897066849236, 0.6261897066849236, 0.6261897066849236, 0.6261897066849236, 0.6261897066849236, 0.6261897066849236, 0.6261897066849236, 0.6261897066849236, 0.22788470175741593, 0.22788470175741593, 0.6261897066849236, 0.6261897066849236, 0.6261897066849236, 0.6261897066849236, 0.6261897066849236, 0.6261897066849236, 0.6261897066849236, 0.22788470175741593, 0.22788470175741593, 0.6261897066849236, 0.22788470175741593, 0.22788470175741593, 0.8915705619074875, 0.6261897066849236, 0.6261897066849236, 0.8915705619074875, 0.22788470175741593, 0.6261897066849236, 0.22788470175741593, 0.6261897066849236, 0.6261897066849236, 0.22788470175741593, 0.22788470175741593, 0.6261897066849236, 0.22788470175741593, 0.6261897066849236, 0.6261897066849236, 0.22788470175741593, 0.6261897066849236, 0.22788470175741593, 0.5916247156102313, 0.6261897066849236, 0.6261897066849236, 0.8915705619074875, 0.6261897066849236, 0.6261897066849236, 0.6261897066849236, 0.6261897066849236, 0.6261897066849236, 0.22788470175741593, 0.6261897066849236, 0.22788470175741593, 0.6261897066849236, 0.6261897066849236, 0.6261897066849236, 0.22788470175741593, 0.22788470175741593, 0.22788470175741593, 0.6261897066849236, 0.6261897066849236, 0.8915705619074875, 0.6261897066849236, 0.6261897066849236, 0.6261897066849236, 0.6261897066849236, 0.22788470175741593, 0.22788470175741593, 0.5916247156102313, 0.8915705619074875, 0.22788470175741593, 0.6261897066849236, 0.22788470175741593, 0.5916247156102313, 0.6261897066849236, 0.8915705619074875, 0.8915705619074875, 0.22788470175741593, 0.22788470175741593, 0.6261897066849236, 0.6261897066849236, 0.6261897066849236, 0.5916247156102313, 0.8915705619074875, 0.5916247156102313, 0.22788470175741593, 0.6261897066849236, 0.6261897066849236, 0.22788470175741593, 0.8915705619074875, 0.22788470175741593, 0.6261897066849236, 0.6261897066849236, 0.6261897066849236, 0.22788470175741593, 0.6261897066849236]",1,train,9
0.33,1,32,0,67,100,17,1,1,1,0,0,0,0,0,1,0,1,0,0,"(array([0.4923251 , 0.56380147]), array([0.83098012, 0.81286216]), array([0.16867831, 0.18998617]), array([0.49411666, 0.42501032]))","['GPM (8B)', 'QwenPRM_avg_scores (7.63B)']","[0.22788470175741593, 0.22788470175741593, 0.22788470175741593, 0.22788470175741593, 0.22788470175741593, 0.22788470175741593, 0.22788470175741593, 0.22788470175741593, 0.22788470175741593, 0.22788470175741593, 0.22788470175741593, 0.22788470175741593, 0.22788470175741593, 0.22788470175741593, 0.22788470175741593, 0.22788470175741593, 0.22788470175741593, 0.6261897066849236, 0.22788470175741593, 0.22788470175741593, 0.22788470175741593, 0.22788470175741593, 0.22788470175741593, 0.22788470175741593, 0.22788470175741593, 0.22788470175741593, 0.22788470175741593, 0.22788470175741593, 0.22788470175741593, 0.22788470175741593, 0.22788470175741593, 0.22788470175741593, 0.22788470175741593, 0.22788470175741593, 0.22788470175741593, 0.22788470175741593, 0.22788470175741593, 0.22788470175741593, 0.22788470175741593, 0.22788470175741593, 0.22788470175741593, 0.22788470175741593, 0.22788470175741593, 0.22788470175741593, 0.22788470175741593, 0.22788470175741593, 0.22788470175741593, 0.22788470175741593, 0.22788470175741593, 0.22788470175741593, 0.22788470175741593, 0.22788470175741593, 0.22788470175741593, 0.22788470175741593, 0.22788470175741593, 0.22788470175741593, 0.22788470175741593, 0.22788470175741593, 0.22788470175741593, 0.22788470175741593, 0.22788470175741593, 0.22788470175741593, 0.22788470175741593, 0.22788470175741593, 0.22788470175741593, 0.22788470175741593, 0.22788470175741593, 0.22788470175741593, 0.22788470175741593, 0.22788470175741593, 0.22788470175741593, 0.22788470175741593, 0.22788470175741593, 0.22788470175741593, 0.22788470175741593, 0.22788470175741593, 0.22788470175741593, 0.22788470175741593, 0.22788470175741593, 0.22788470175741593, 0.22788470175741593, 0.22788470175741593, 0.22788470175741593, 0.22788470175741593, 0.22788470175741593, 0.22788470175741593, 0.22788470175741593, 0.22788470175741593, 0.22788470175741593, 0.22788470175741593, 0.22788470175741593, 0.22788470175741593, 0.22788470175741593, 0.22788470175741593, 0.22788470175741593, 0.22788470175741593, 0.22788470175741593, 0.22788470175741593, 0.22788470175741593, 0.22788470175741593]",2,train,6
0.72,56,16,13,15,100,10,1,1,1,0,0,0,10,1,1,1,0,0,0,"(array([0.4923251 , 0.56380147]), array([0.83098012, 0.81286216]), array([0.16867831, 0.18998617]), array([0.49411666, 0.42501032]))","['GPM (8B)', 'QwenPRM_avg_scores (7.63B)']","[0.5916247156102313, 0.5916247156102313, 0.5916247156102313, 0.5916247156102313, 0.5916247156102313, 0.6261897066849236, 0.22788470175741593, 0.22788470175741593, 0.6261897066849236, 0.6261897066849236, 0.8915705619074875, 0.8915705619074875, 0.5916247156102313, 0.6261897066849236, 0.8915705619074875, 0.22788470175741593, 0.5916247156102313, 0.22788470175741593, 0.6261897066849236, 0.8915705619074875, 0.6261897066849236, 0.5916247156102313, 0.22788470175741593, 0.5916247156102313, 0.6261897066849236, 0.6261897066849236, 0.5916247156102313, 0.6261897066849236, 0.22788470175741593, 0.5916247156102313, 0.22788470175741593, 0.5916247156102313, 0.8915705619074875, 0.22788470175741593, 0.8915705619074875, 0.6261897066849236, 0.5916247156102313, 0.5916247156102313, 0.22788470175741593, 0.5916247156102313, 0.6261897066849236, 0.22788470175741593, 0.8915705619074875, 0.6261897066849236, 0.22788470175741593, 0.22788470175741593, 0.22788470175741593, 0.22788470175741593, 0.22788470175741593, 0.22788470175741593, 0.22788470175741593, 0.22788470175741593, 0.5916247156102313, 0.6261897066849236, 0.6261897066849236, 0.6261897066849236, 0.22788470175741593, 0.22788470175741593, 0.6261897066849236, 0.8915705619074875, 0.5916247156102313, 0.5916247156102313, 0.5916247156102313, 0.5916247156102313, 0.5916247156102313, 0.22788470175741593, 0.8915705619074875, 0.6261897066849236, 0.5916247156102313, 0.5916247156102313, 0.5916247156102313, 0.6261897066849236, 0.22788470175741593, 0.5916247156102313, 0.8915705619074875, 0.6261897066849236, 0.6261897066849236, 0.22788470175741593, 0.5916247156102313, 0.6261897066849236, 0.6261897066849236, 0.8915705619074875, 0.22788470175741593, 0.5916247156102313, 0.22788470175741593, 0.6261897066849236, 0.22788470175741593, 0.22788470175741593, 0.22788470175741593, 0.5916247156102313, 0.6261897066849236, 0.6261897066849236, 0.22788470175741593, 0.5916247156102313, 0.5916247156102313, 0.8915705619074875, 0.22788470175741593, 0.22788470175741593, 0.6261897066849236, 0.5916247156102313]",3,train,7
0.73,1,72,0,27,100,82,1,1,1,0,0,0,0,0,1,0,1,0,0,"(array([0.4923251 , 0.56380147]), array([0.83098012, 0.81286216]), array([0.16867831, 0.18998617]), array([0.49411666, 0.42501032]))","['GPM (8B)', 'QwenPRM_avg_scores (7.63B)']","[0.22788470175741593, 0.22788470175741593, 0.22788470175741593, 0.22788470175741593, 0.22788470175741593, 0.22788470175741593, 0.22788470175741593, 0.22788470175741593, 0.22788470175741593, 0.22788470175741593, 0.22788470175741593, 0.22788470175741593, 0.22788470175741593, 0.22788470175741593, 0.22788470175741593, 0.22788470175741593, 0.22788470175741593, 0.22788470175741593, 0.22788470175741593, 0.22788470175741593, 0.22788470175741593, 0.22788470175741593, 0.22788470175741593, 0.22788470175741593, 0.22788470175741593, 0.22788470175741593, 0.22788470175741593, 0.22788470175741593, 0.22788470175741593, 0.22788470175741593, 0.22788470175741593, 0.22788470175741593, 0.22788470175741593, 0.22788470175741593, 0.22788470175741593, 0.22788470175741593, 0.22788470175741593, 0.22788470175741593, 0.22788470175741593, 0.22788470175741593, 0.22788470175741593, 0.22788470175741593, 0.22788470175741593, 0.22788470175741593, 0.22788470175741593, 0.22788470175741593, 0.22788470175741593, 0.22788470175741593, 0.22788470175741593, 0.22788470175741593, 0.22788470175741593, 0.22788470175741593, 0.22788470175741593, 0.22788470175741593, 0.22788470175741593, 0.22788470175741593, 0.22788470175741593, 0.22788470175741593, 0.22788470175741593, 0.22788470175741593, 0.22788470175741593, 0.22788470175741593, 0.22788470175741593, 0.22788470175741593, 0.22788470175741593, 0.22788470175741593, 0.22788470175741593, 0.22788470175741593, 0.22788470175741593, 0.22788470175741593, 0.22788470175741593, 0.22788470175741593, 0.22788470175741593, 0.22788470175741593, 0.22788470175741593, 0.22788470175741593, 0.22788470175741593, 0.22788470175741593, 0.22788470175741593, 0.22788470175741593, 0.22788470175741593, 0.22788470175741593, 0.6261897066849236, 0.22788470175741593, 0.22788470175741593, 0.22788470175741593, 0.22788470175741593, 0.22788470175741593, 0.22788470175741593, 0.22788470175741593, 0.22788470175741593, 0.22788470175741593, 0.22788470175741593, 0.22788470175741593, 0.22788470175741593, 0.22788470175741593, 0.22788470175741593, 0.22788470175741593, 0.22788470175741593, 0.22788470175741593]",4,train,2
0.55,41,14,23,22,100,3,1,1,1,0,0,0,3,1,1,1,0,0,0,"(array([0.4923251 , 0.56380147]), array([0.83098012, 0.81286216]), array([0.16867831, 0.18998617]), array([0.49411666, 0.42501032]))","['GPM (8B)', 'QwenPRM_avg_scores (7.63B)']","[0.6261897066849236, 0.5916247156102313, 0.5916247156102313, 0.8915705619074875, 0.6261897066849236, 0.22788470175741593, 0.8915705619074875, 0.6261897066849236, 0.22788470175741593, 0.6261897066849236, 0.6261897066849236, 0.6261897066849236, 0.22788470175741593, 0.6261897066849236, 0.22788470175741593, 0.6261897066849236, 0.22788470175741593, 0.8915705619074875, 0.6261897066849236, 0.5916247156102313, 0.8915705619074875, 0.22788470175741593, 0.6261897066849236, 0.5916247156102313, 0.22788470175741593, 0.8915705619074875, 0.6261897066849236, 0.22788470175741593, 0.5916247156102313, 0.22788470175741593, 0.6261897066849236, 0.22788470175741593, 0.22788470175741593, 0.8915705619074875, 0.6261897066849236, 0.6261897066849236, 0.22788470175741593, 0.22788470175741593, 0.5916247156102313, 0.8915705619074875, 0.22788470175741593, 0.8915705619074875, 0.5916247156102313, 0.8915705619074875, 0.8915705619074875, 0.22788470175741593, 0.22788470175741593, 0.6261897066849236, 0.22788470175741593, 0.6261897066849236, 0.22788470175741593, 0.6261897066849236, 0.8915705619074875, 0.22788470175741593, 0.8915705619074875, 0.22788470175741593, 0.5916247156102313, 0.6261897066849236, 0.6261897066849236, 0.22788470175741593, 0.5916247156102313, 0.22788470175741593, 0.22788470175741593, 0.8915705619074875, 0.5916247156102313, 0.22788470175741593, 0.22788470175741593, 0.22788470175741593, 0.8915705619074875, 0.6261897066849236, 0.5916247156102313, 0.5916247156102313, 0.5916247156102313, 0.6261897066849236, 0.22788470175741593, 0.22788470175741593, 0.5916247156102313, 0.5916247156102313, 0.6261897066849236, 0.5916247156102313, 0.22788470175741593, 0.5916247156102313, 0.6261897066849236, 0.6261897066849236, 0.6261897066849236, 0.22788470175741593, 0.6261897066849236, 0.5916247156102313, 0.5916247156102313, 0.22788470175741593, 0.22788470175741593, 0.22788470175741593, 0.6261897066849236, 0.22788470175741593, 0.22788470175741593, 0.5916247156102313, 0.6261897066849236, 0.8915705619074875, 0.22788470175741593, 0.6261897066849236]",5,train,6
0.88,2,86,12,0,100,23,1,1,1,0,0,0,0,0,1,0,1,0,0,"(array([0.4923251 , 0.56380147]), array([0.83098012, 0.81286216]), array([0.16867831, 0.18998617]), array([0.49411666, 0.42501032]))","['GPM (8B)', 'QwenPRM_avg_scores (7.63B)']","[0.22788470175741593, 0.22788470175741593, 0.22788470175741593, 0.22788470175741593, 0.22788470175741593, 0.22788470175741593, 0.22788470175741593, 0.22788470175741593, 0.22788470175741593, 0.22788470175741593, 0.22788470175741593, 0.22788470175741593, 0.22788470175741593, 0.5916247156102313, 0.22788470175741593, 0.22788470175741593, 0.22788470175741593, 0.22788470175741593, 0.22788470175741593, 0.22788470175741593, 0.5916247156102313, 0.22788470175741593, 0.22788470175741593, 0.6261897066849236, 0.22788470175741593, 0.22788470175741593, 0.22788470175741593, 0.22788470175741593, 0.22788470175741593, 0.5916247156102313, 0.22788470175741593, 0.5916247156102313, 0.22788470175741593, 0.22788470175741593, 0.22788470175741593, 0.5916247156102313, 0.22788470175741593, 0.5916247156102313, 0.5916247156102313, 0.22788470175741593, 0.22788470175741593, 0.22788470175741593, 0.5916247156102313, 0.22788470175741593, 0.22788470175741593, 0.22788470175741593, 0.22788470175741593, 0.22788470175741593, 0.22788470175741593, 0.22788470175741593, 0.22788470175741593, 0.22788470175741593, 0.22788470175741593, 0.22788470175741593, 0.22788470175741593, 0.22788470175741593, 0.22788470175741593, 0.22788470175741593, 0.22788470175741593, 0.22788470175741593, 0.22788470175741593, 0.5916247156102313, 0.22788470175741593, 0.22788470175741593, 0.22788470175741593, 0.5916247156102313, 0.22788470175741593, 0.22788470175741593, 0.22788470175741593, 0.5916247156102313, 0.22788470175741593, 0.6261897066849236, 0.22788470175741593, 0.22788470175741593, 0.22788470175741593, 0.22788470175741593, 0.22788470175741593, 0.22788470175741593, 0.22788470175741593, 0.22788470175741593, 0.22788470175741593, 0.22788470175741593, 0.22788470175741593, 0.22788470175741593, 0.22788470175741593, 0.22788470175741593, 0.22788470175741593, 0.6261897066849236, 0.22788470175741593, 0.22788470175741593, 0.22788470175741593, 0.22788470175741593, 0.22788470175741593, 0.22788470175741593, 0.22788470175741593, 0.22788470175741593, 0.22788470175741593, 0.22788470175741593, 0.22788470175741593, 0.22788470175741593]",6,train,0
0.6,58,2,2,38,100,0,1,1,1,0,0,0,0,1,1,1,0,0,0,"(array([0.4923251 , 0.56380147]), array([0.83098012, 0.81286216]), array([0.16867831, 0.18998617]), array([0.49411666, 0.42501032]))","['GPM (8B)', 'QwenPRM_avg_scores (7.63B)']","[0.8915705619074875, 0.22788470175741593, 0.22788470175741593, 0.22788470175741593, 0.22788470175741593, 0.22788470175741593, 0.5916247156102313, 0.22788470175741593, 0.5916247156102313, 0.22788470175741593, 0.5916247156102313, 0.22788470175741593, 0.8915705619074875, 0.22788470175741593, 0.22788470175741593, 0.5916247156102313, 0.5916247156102313, 0.5916247156102313, 0.5916247156102313, 0.22788470175741593, 0.5916247156102313, 0.8915705619074875, 0.22788470175741593, 0.5916247156102313, 0.5916247156102313, 0.22788470175741593, 0.5916247156102313, 0.5916247156102313, 0.5916247156102313, 0.5916247156102313, 0.8915705619074875, 0.5916247156102313, 0.5916247156102313, 0.8915705619074875, 0.5916247156102313, 0.22788470175741593, 0.5916247156102313, 0.5916247156102313, 0.5916247156102313, 0.22788470175741593, 0.8915705619074875, 0.6261897066849236, 0.22788470175741593, 0.22788470175741593, 0.22788470175741593, 0.22788470175741593, 0.5916247156102313, 0.22788470175741593, 0.22788470175741593, 0.6261897066849236, 0.22788470175741593, 0.6261897066849236, 0.22788470175741593, 0.5916247156102313, 0.22788470175741593, 0.5916247156102313, 0.5916247156102313, 0.5916247156102313, 0.6261897066849236, 0.5916247156102313, 0.22788470175741593, 0.5916247156102313, 0.5916247156102313, 0.5916247156102313, 0.5916247156102313, 0.22788470175741593, 0.22788470175741593, 0.5916247156102313, 0.5916247156102313, 0.5916247156102313, 0.22788470175741593, 0.5916247156102313, 0.22788470175741593, 0.6261897066849236, 0.22788470175741593, 0.22788470175741593, 0.5916247156102313, 0.5916247156102313, 0.5916247156102313, 0.22788470175741593, 0.22788470175741593, 0.6261897066849236, 0.22788470175741593, 0.6261897066849236, 0.5916247156102313, 0.5916247156102313, 0.5916247156102313, 0.5916247156102313, 0.22788470175741593, 0.5916247156102313, 0.5916247156102313, 0.22788470175741593, 0.22788470175741593, 0.22788470175741593, 0.5916247156102313, 0.5916247156102313, 0.22788470175741593, 0.5916247156102313, 0.22788470175741593, 0.5916247156102313]",7,train,9
0.74,31,43,0,26,100,1,1,1,1,0,0,0,0,0,1,0,1,0,0,"(array([0.4923251 , 0.56380147]), array([0.83098012, 0.81286216]), array([0.16867831, 0.18998617]), array([0.49411666, 0.42501032]))","['GPM (8B)', 'QwenPRM_avg_scores (7.63B)']","[0.22788470175741593, 0.6261897066849236, 0.22788470175741593, 0.22788470175741593, 0.6261897066849236, 0.6261897066849236, 0.6261897066849236, 0.22788470175741593, 0.22788470175741593, 0.22788470175741593, 0.6261897066849236, 0.22788470175741593, 0.22788470175741593, 0.6261897066849236, 0.22788470175741593, 0.6261897066849236, 0.22788470175741593, 0.22788470175741593, 0.6261897066849236, 0.22788470175741593, 0.6261897066849236, 0.22788470175741593, 0.6261897066849236, 0.6261897066849236, 0.6261897066849236, 0.6261897066849236, 0.22788470175741593, 0.22788470175741593, 0.22788470175741593, 0.22788470175741593, 0.22788470175741593, 0.22788470175741593, 0.22788470175741593, 0.22788470175741593, 0.22788470175741593, 0.6261897066849236, 0.22788470175741593, 0.22788470175741593, 0.22788470175741593, 0.22788470175741593, 0.22788470175741593, 0.22788470175741593, 0.22788470175741593, 0.6261897066849236, 0.22788470175741593, 0.22788470175741593, 0.6261897066849236, 0.22788470175741593, 0.6261897066849236, 0.22788470175741593, 0.22788470175741593, 0.22788470175741593, 0.6261897066849236, 0.6261897066849236, 0.22788470175741593, 0.22788470175741593, 0.22788470175741593, 0.6261897066849236, 0.22788470175741593, 0.22788470175741593, 0.22788470175741593, 0.22788470175741593, 0.22788470175741593, 0.6261897066849236, 0.22788470175741593, 0.22788470175741593, 0.6261897066849236, 0.22788470175741593, 0.22788470175741593, 0.22788470175741593, 0.6261897066849236, 0.22788470175741593, 0.22788470175741593, 0.6261897066849236, 0.22788470175741593, 0.22788470175741593, 0.22788470175741593, 0.22788470175741593, 0.6261897066849236, 0.22788470175741593, 0.22788470175741593, 0.22788470175741593, 0.22788470175741593, 0.22788470175741593, 0.22788470175741593, 0.22788470175741593, 0.22788470175741593, 0.6261897066849236, 0.6261897066849236, 0.22788470175741593, 0.22788470175741593, 0.6261897066849236, 0.6261897066849236, 0.22788470175741593, 0.22788470175741593, 0.22788470175741593, 0.22788470175741593, 0.6261897066849236, 0.22788470175741593, 0.6261897066849236]",8,train,5
0.79,0,79,0,21,100,0,0,1,0,0,0,1,0,0,1,0,1,0,0,"(array([0.4923251 , 0.56380147]), array([0.83098012, 0.81286216]), array([0.16867831, 0.18998617]), array([0.49411666, 0.42501032]))","['GPM (8B)', 'QwenPRM_avg_scores (7.63B)']","[0.22788470175741593, 0.22788470175741593, 0.22788470175741593, 0.22788470175741593, 0.22788470175741593, 0.22788470175741593, 0.22788470175741593, 0.22788470175741593, 0.22788470175741593, 0.22788470175741593, 0.22788470175741593, 0.22788470175741593, 0.22788470175741593, 0.22788470175741593, 0.22788470175741593, 0.22788470175741593, 0.22788470175741593, 0.22788470175741593, 0.22788470175741593, 0.22788470175741593, 0.22788470175741593, 0.22788470175741593, 0.22788470175741593, 0.22788470175741593, 0.22788470175741593, 0.22788470175741593, 0.22788470175741593, 0.22788470175741593, 0.22788470175741593, 0.22788470175741593, 0.22788470175741593, 0.22788470175741593, 0.22788470175741593, 0.22788470175741593, 0.22788470175741593, 0.22788470175741593, 0.22788470175741593, 0.22788470175741593, 0.22788470175741593, 0.22788470175741593, 0.22788470175741593, 0.22788470175741593, 0.22788470175741593, 0.22788470175741593, 0.22788470175741593, 0.22788470175741593, 0.22788470175741593, 0.22788470175741593, 0.22788470175741593, 0.22788470175741593, 0.22788470175741593, 0.22788470175741593, 0.22788470175741593, 0.22788470175741593, 0.22788470175741593, 0.22788470175741593, 0.22788470175741593, 0.22788470175741593, 0.22788470175741593, 0.22788470175741593, 0.22788470175741593, 0.22788470175741593, 0.22788470175741593, 0.22788470175741593, 0.22788470175741593, 0.22788470175741593, 0.22788470175741593, 0.22788470175741593, 0.22788470175741593, 0.22788470175741593, 0.22788470175741593, 0.22788470175741593, 0.22788470175741593, 0.22788470175741593, 0.22788470175741593, 0.22788470175741593, 0.22788470175741593, 0.22788470175741593, 0.22788470175741593, 0.22788470175741593, 0.22788470175741593, 0.22788470175741593, 0.22788470175741593, 0.22788470175741593, 0.22788470175741593, 0.22788470175741593, 0.22788470175741593, 0.22788470175741593, 0.22788470175741593, 0.22788470175741593, 0.22788470175741593, 0.22788470175741593, 0.22788470175741593, 0.22788470175741593, 0.22788470175741593, 0.22788470175741593, 0.22788470175741593, 0.22788470175741593, 0.22788470175741593, 0.22788470175741593]",9,train,2
0.83,2,81,2,15,100,31,0,1,0,0,0,1,0,0,1,0,1,0,0,"(array([0.4923251 , 0.56380147]), array([0.83098012, 0.81286216]), array([0.16867831, 0.18998617]), array([0.49411666, 0.42501032]))","['GPM (8B)', 'QwenPRM_avg_scores (7.63B)']","[0.22788470175741593, 0.22788470175741593, 0.22788470175741593, 0.22788470175741593, 0.22788470175741593, 0.22788470175741593, 0.22788470175741593, 0.22788470175741593, 0.22788470175741593, 0.22788470175741593, 0.22788470175741593, 0.22788470175741593, 0.22788470175741593, 0.22788470175741593, 0.22788470175741593, 0.22788470175741593, 0.22788470175741593, 0.22788470175741593, 0.22788470175741593, 0.22788470175741593, 0.22788470175741593, 0.22788470175741593, 0.22788470175741593, 0.22788470175741593, 0.22788470175741593, 0.22788470175741593, 0.22788470175741593, 0.22788470175741593, 0.22788470175741593, 0.22788470175741593, 0.22788470175741593, 0.6261897066849236, 0.22788470175741593, 0.22788470175741593, 0.22788470175741593, 0.22788470175741593, 0.22788470175741593, 0.22788470175741593, 0.22788470175741593, 0.22788470175741593, 0.22788470175741593, 0.22788470175741593, 0.22788470175741593, 0.22788470175741593, 0.22788470175741593, 0.22788470175741593, 0.22788470175741593, 0.22788470175741593, 0.22788470175741593, 0.22788470175741593, 0.22788470175741593, 0.22788470175741593, 0.22788470175741593, 0.22788470175741593, 0.6261897066849236, 0.22788470175741593, 0.22788470175741593, 0.22788470175741593, 0.22788470175741593, 0.22788470175741593, 0.22788470175741593, 0.22788470175741593, 0.22788470175741593, 0.22788470175741593, 0.22788470175741593, 0.22788470175741593, 0.22788470175741593, 0.22788470175741593, 0.22788470175741593, 0.22788470175741593, 0.22788470175741593, 0.22788470175741593, 0.22788470175741593, 0.22788470175741593, 0.22788470175741593, 0.22788470175741593, 0.22788470175741593, 0.22788470175741593, 0.6261897066849236, 0.6261897066849236, 0.22788470175741593, 0.22788470175741593, 0.22788470175741593, 0.22788470175741593, 0.22788470175741593, 0.22788470175741593, 0.22788470175741593, 0.22788470175741593, 0.22788470175741593, 0.22788470175741593, 0.22788470175741593, 0.22788470175741593, 0.22788470175741593, 0.22788470175741593, 0.22788470175741593, 0.22788470175741593, 0.22788470175741593, 0.22788470175741593, 0.22788470175741593, 0.22788470175741593]",10,train,1
0.61,28,33,1,38,100,69,1,1,1,0,0,0,69,1,1,1,0,0,0,"(array([0.4923251 , 0.56380147]), array([0.83098012, 0.81286216]), array([0.16867831, 0.18998617]), array([0.49411666, 0.42501032]))","['GPM (8B)', 'QwenPRM_avg_scores (7.63B)']","[0.22788470175741593, 0.6261897066849236, 0.6261897066849236, 0.6261897066849236, 0.6261897066849236, 0.22788470175741593, 0.22788470175741593, 0.6261897066849236, 0.22788470175741593, 0.22788470175741593, 0.22788470175741593, 0.22788470175741593, 0.22788470175741593, 0.5916247156102313, 0.6261897066849236, 0.6261897066849236, 0.22788470175741593, 0.22788470175741593, 0.22788470175741593, 0.22788470175741593, 0.22788470175741593, 0.6261897066849236, 0.6261897066849236, 0.22788470175741593, 0.6261897066849236, 0.6261897066849236, 0.6261897066849236, 0.22788470175741593, 0.22788470175741593, 0.22788470175741593, 0.6261897066849236, 0.22788470175741593, 0.22788470175741593, 0.22788470175741593, 0.22788470175741593, 0.22788470175741593, 0.22788470175741593, 0.22788470175741593, 0.22788470175741593, 0.6261897066849236, 0.22788470175741593, 0.22788470175741593, 0.22788470175741593, 0.22788470175741593, 0.6261897066849236, 0.22788470175741593, 0.6261897066849236, 0.22788470175741593, 0.22788470175741593, 0.22788470175741593, 0.6261897066849236, 0.22788470175741593, 0.22788470175741593, 0.22788470175741593, 0.6261897066849236, 0.22788470175741593, 0.22788470175741593, 0.6261897066849236, 0.22788470175741593, 0.22788470175741593, 0.22788470175741593, 0.22788470175741593, 0.22788470175741593, 0.6261897066849236, 0.22788470175741593, 0.6261897066849236, 0.22788470175741593, 0.22788470175741593, 0.6261897066849236, 0.8915705619074875, 0.6261897066849236, 0.22788470175741593, 0.22788470175741593, 0.22788470175741593, 0.22788470175741593, 0.22788470175741593, 0.22788470175741593, 0.6261897066849236, 0.6261897066849236, 0.22788470175741593, 0.22788470175741593, 0.22788470175741593, 0.22788470175741593, 0.22788470175741593, 0.22788470175741593, 0.22788470175741593, 0.22788470175741593, 0.22788470175741593, 0.6261897066849236, 0.22788470175741593, 0.22788470175741593, 0.22788470175741593, 0.22788470175741593, 0.6261897066849236, 0.22788470175741593, 0.22788470175741593, 0.22788470175741593, 0.22788470175741593, 0.22788470175741593, 0.22788470175741593]",11,train,6
0.77,71,6,3,20,100,3,1,1,1,0,0,0,3,1,1,1,0,0,0,"(array([0.4923251 , 0.56380147]), array([0.83098012, 0.81286216]), array([0.16867831, 0.18998617]), array([0.49411666, 0.42501032]))","['GPM (8B)', 'QwenPRM_avg_scores (7.63B)']","[0.6261897066849236, 0.22788470175741593, 0.22788470175741593, 0.8915705619074875, 0.22788470175741593, 0.22788470175741593, 0.6261897066849236, 0.8915705619074875, 0.8915705619074875, 0.6261897066849236, 0.8915705619074875, 0.6261897066849236, 0.22788470175741593, 0.22788470175741593, 0.6261897066849236, 0.6261897066849236, 0.6261897066849236, 0.5916247156102313, 0.8915705619074875, 0.22788470175741593, 0.6261897066849236, 0.6261897066849236, 0.6261897066849236, 0.22788470175741593, 0.22788470175741593, 0.8915705619074875, 0.8915705619074875, 0.8915705619074875, 0.8915705619074875, 0.8915705619074875, 0.5916247156102313, 0.22788470175741593, 0.6261897066849236, 0.22788470175741593, 0.6261897066849236, 0.5916247156102313, 0.5916247156102313, 0.6261897066849236, 0.6261897066849236, 0.6261897066849236, 0.8915705619074875, 0.6261897066849236, 0.8915705619074875, 0.6261897066849236, 0.6261897066849236, 0.22788470175741593, 0.6261897066849236, 0.8915705619074875, 0.22788470175741593, 0.8915705619074875, 0.6261897066849236, 0.6261897066849236, 0.8915705619074875, 0.22788470175741593, 0.8915705619074875, 0.22788470175741593, 0.8915705619074875, 0.8915705619074875, 0.8915705619074875, 0.6261897066849236, 0.22788470175741593, 0.6261897066849236, 0.6261897066849236, 0.22788470175741593, 0.8915705619074875, 0.6261897066849236, 0.8915705619074875, 0.8915705619074875, 0.8915705619074875, 0.22788470175741593, 0.8915705619074875, 0.22788470175741593, 0.5916247156102313, 0.22788470175741593, 0.5916247156102313, 0.6261897066849236, 0.6261897066849236, 0.5916247156102313, 0.8915705619074875, 0.22788470175741593, 0.6261897066849236, 0.6261897066849236, 0.22788470175741593, 0.6261897066849236, 0.6261897066849236, 0.6261897066849236, 0.22788470175741593, 0.6261897066849236, 0.6261897066849236, 0.6261897066849236, 0.8915705619074875, 0.22788470175741593, 0.5916247156102313, 0.8915705619074875, 0.6261897066849236, 0.6261897066849236, 0.5916247156102313, 0.22788470175741593, 0.22788470175741593, 0.6261897066849236]",12,train,9
0.74,0,74,2,24,100,18,0,1,0,0,0,1,0,0,1,0,1,0,0,"(array([0.4923251 , 0.56380147]), array([0.83098012, 0.81286216]), array([0.16867831, 0.18998617]), array([0.49411666, 0.42501032]))","['GPM (8B)', 'QwenPRM_avg_scores (7.63B)']","[0.22788470175741593, 0.22788470175741593, 0.22788470175741593, 0.22788470175741593, 0.22788470175741593, 0.22788470175741593, 0.22788470175741593, 0.22788470175741593, 0.22788470175741593, 0.22788470175741593, 0.22788470175741593, 0.22788470175741593, 0.22788470175741593, 0.22788470175741593, 0.22788470175741593, 0.22788470175741593, 0.22788470175741593, 0.22788470175741593, 0.6261897066849236, 0.22788470175741593, 0.22788470175741593, 0.22788470175741593, 0.22788470175741593, 0.22788470175741593, 0.22788470175741593, 0.22788470175741593, 0.22788470175741593, 0.22788470175741593, 0.22788470175741593, 0.22788470175741593, 0.22788470175741593, 0.22788470175741593, 0.22788470175741593, 0.22788470175741593, 0.22788470175741593, 0.22788470175741593, 0.22788470175741593, 0.22788470175741593, 0.22788470175741593, 0.22788470175741593, 0.22788470175741593, 0.22788470175741593, 0.22788470175741593, 0.22788470175741593, 0.22788470175741593, 0.22788470175741593, 0.22788470175741593, 0.22788470175741593, 0.22788470175741593, 0.22788470175741593, 0.6261897066849236, 0.22788470175741593, 0.22788470175741593, 0.22788470175741593, 0.22788470175741593, 0.22788470175741593, 0.22788470175741593, 0.22788470175741593, 0.22788470175741593, 0.22788470175741593, 0.22788470175741593, 0.22788470175741593, 0.22788470175741593, 0.22788470175741593, 0.22788470175741593, 0.22788470175741593, 0.22788470175741593, 0.22788470175741593, 0.22788470175741593, 0.22788470175741593, 0.22788470175741593, 0.22788470175741593, 0.22788470175741593, 0.22788470175741593, 0.22788470175741593, 0.22788470175741593, 0.22788470175741593, 0.22788470175741593, 0.22788470175741593, 0.22788470175741593, 0.22788470175741593, 0.22788470175741593, 0.22788470175741593, 0.22788470175741593, 0.22788470175741593, 0.22788470175741593, 0.22788470175741593, 0.22788470175741593, 0.22788470175741593, 0.22788470175741593, 0.22788470175741593, 0.22788470175741593, 0.22788470175741593, 0.22788470175741593, 0.22788470175741593, 0.22788470175741593, 0.22788470175741593, 0.22788470175741593, 0.22788470175741593, 0.22788470175741593]",13,train,2
0.41,4,37,0,59,100,12,1,1,1,0,0,0,0,0,1,0,1,0,0,"(array([0.4923251 , 0.56380147]), array([0.83098012, 0.81286216]), array([0.16867831, 0.18998617]), array([0.49411666, 0.42501032]))","['GPM (8B)', 'QwenPRM_avg_scores (7.63B)']","[0.22788470175741593, 0.22788470175741593, 0.22788470175741593, 0.22788470175741593, 0.22788470175741593, 0.22788470175741593, 0.22788470175741593, 0.22788470175741593, 0.22788470175741593, 0.22788470175741593, 0.22788470175741593, 0.22788470175741593, 0.6261897066849236, 0.22788470175741593, 0.22788470175741593, 0.22788470175741593, 0.22788470175741593, 0.22788470175741593, 0.22788470175741593, 0.22788470175741593, 0.22788470175741593, 0.22788470175741593, 0.22788470175741593, 0.22788470175741593, 0.22788470175741593, 0.22788470175741593, 0.22788470175741593, 0.22788470175741593, 0.22788470175741593, 0.22788470175741593, 0.22788470175741593, 0.22788470175741593, 0.22788470175741593, 0.22788470175741593, 0.22788470175741593, 0.22788470175741593, 0.22788470175741593, 0.22788470175741593, 0.22788470175741593, 0.22788470175741593, 0.22788470175741593, 0.22788470175741593, 0.22788470175741593, 0.22788470175741593, 0.22788470175741593, 0.22788470175741593, 0.22788470175741593, 0.22788470175741593, 0.22788470175741593, 0.22788470175741593, 0.22788470175741593, 0.22788470175741593, 0.22788470175741593, 0.22788470175741593, 0.5916247156102313, 0.22788470175741593, 0.22788470175741593, 0.22788470175741593, 0.22788470175741593, 0.22788470175741593, 0.5916247156102313, 0.22788470175741593, 0.22788470175741593, 0.22788470175741593, 0.22788470175741593, 0.22788470175741593, 0.22788470175741593, 0.22788470175741593, 0.22788470175741593, 0.22788470175741593, 0.22788470175741593, 0.22788470175741593, 0.22788470175741593, 0.22788470175741593, 0.22788470175741593, 0.22788470175741593, 0.22788470175741593, 0.22788470175741593, 0.22788470175741593, 0.22788470175741593, 0.5916247156102313, 0.22788470175741593, 0.22788470175741593, 0.22788470175741593, 0.22788470175741593, 0.22788470175741593, 0.22788470175741593, 0.22788470175741593, 0.22788470175741593, 0.22788470175741593, 0.22788470175741593, 0.22788470175741593, 0.22788470175741593, 0.22788470175741593, 0.22788470175741593, 0.22788470175741593, 0.22788470175741593, 0.22788470175741593, 0.22788470175741593, 0.22788470175741593]",14,train,6
0.61,25,36,1,38,100,3,1,1,1,0,0,0,0,0,0,0,0,0,1,"(array([0.4923251 , 0.56380147]), array([0.83098012, 0.81286216]), array([0.16867831, 0.18998617]), array([0.49411666, 0.42501032]))","['GPM (8B)', 'QwenPRM_avg_scores (7.63B)']","[0.22788470175741593, 0.22788470175741593, 0.22788470175741593, 0.6261897066849236, 0.22788470175741593, 0.6261897066849236, 0.22788470175741593, 0.6261897066849236, 0.22788470175741593, 0.22788470175741593, 0.22788470175741593, 0.22788470175741593, 0.6261897066849236, 0.6261897066849236, 0.22788470175741593, 0.22788470175741593, 0.22788470175741593, 0.22788470175741593, 0.22788470175741593, 0.22788470175741593, 0.22788470175741593, 0.22788470175741593, 0.22788470175741593, 0.22788470175741593, 0.22788470175741593, 0.22788470175741593, 0.22788470175741593, 0.6261897066849236, 0.22788470175741593, 0.22788470175741593, 0.22788470175741593, 0.22788470175741593, 0.22788470175741593, 0.22788470175741593, 0.22788470175741593, 0.5916247156102313, 0.22788470175741593, 0.6261897066849236, 0.22788470175741593, 0.22788470175741593, 0.6261897066849236, 0.22788470175741593, 0.22788470175741593, 0.22788470175741593, 0.22788470175741593, 0.6261897066849236, 0.22788470175741593, 0.22788470175741593, 0.22788470175741593, 0.6261897066849236, 0.6261897066849236, 0.22788470175741593, 0.22788470175741593, 0.6261897066849236, 0.22788470175741593, 0.22788470175741593, 0.22788470175741593, 0.22788470175741593, 0.22788470175741593, 0.6261897066849236, 0.22788470175741593, 0.22788470175741593, 0.22788470175741593, 0.22788470175741593, 0.6261897066849236, 0.22788470175741593, 0.22788470175741593, 0.6261897066849236, 0.22788470175741593, 0.22788470175741593, 0.6261897066849236, 0.6261897066849236, 0.22788470175741593, 0.22788470175741593, 0.22788470175741593, 0.22788470175741593, 0.6261897066849236, 0.22788470175741593, 0.22788470175741593, 0.22788470175741593, 0.6261897066849236, 0.6261897066849236, 0.22788470175741593, 0.22788470175741593, 0.22788470175741593, 0.6261897066849236, 0.6261897066849236, 0.6261897066849236, 0.22788470175741593, 0.6261897066849236, 0.22788470175741593, 0.22788470175741593, 0.22788470175741593, 0.6261897066849236, 0.22788470175741593, 0.22788470175741593, 0.22788470175741593, 0.22788470175741593, 0.22788470175741593, 0.22788470175741593]",15,train,6
0.74,52,22,0,26,100,2,1,1,1,0,0,0,0,0,0,0,0,0,1,"(array([0.4923251 , 0.56380147]), array([0.83098012, 0.81286216]), array([0.16867831, 0.18998617]), array([0.49411666, 0.42501032]))","['GPM (8B)', 'QwenPRM_avg_scores (7.63B)']","[0.22788470175741593, 0.22788470175741593, 0.6261897066849236, 0.6261897066849236, 0.6261897066849236, 0.6261897066849236, 0.22788470175741593, 0.22788470175741593, 0.22788470175741593, 0.22788470175741593, 0.6261897066849236, 0.6261897066849236, 0.6261897066849236, 0.6261897066849236, 0.22788470175741593, 0.6261897066849236, 0.6261897066849236, 0.6261897066849236, 0.6261897066849236, 0.6261897066849236, 0.22788470175741593, 0.6261897066849236, 0.22788470175741593, 0.22788470175741593, 0.6261897066849236, 0.6261897066849236, 0.22788470175741593, 0.6261897066849236, 0.22788470175741593, 0.6261897066849236, 0.22788470175741593, 0.22788470175741593, 0.22788470175741593, 0.22788470175741593, 0.22788470175741593, 0.6261897066849236, 0.6261897066849236, 0.22788470175741593, 0.22788470175741593, 0.22788470175741593, 0.6261897066849236, 0.6261897066849236, 0.6261897066849236, 0.22788470175741593, 0.6261897066849236, 0.6261897066849236, 0.6261897066849236, 0.5916247156102313, 0.22788470175741593, 0.6261897066849236, 0.22788470175741593, 0.22788470175741593, 0.6261897066849236, 0.6261897066849236, 0.6261897066849236, 0.6261897066849236, 0.6261897066849236, 0.6261897066849236, 0.22788470175741593, 0.6261897066849236, 0.6261897066849236, 0.22788470175741593, 0.6261897066849236, 0.6261897066849236, 0.22788470175741593, 0.22788470175741593, 0.22788470175741593, 0.6261897066849236, 0.6261897066849236, 0.22788470175741593, 0.22788470175741593, 0.22788470175741593, 0.22788470175741593, 0.6261897066849236, 0.22788470175741593, 0.6261897066849236, 0.22788470175741593, 0.22788470175741593, 0.22788470175741593, 0.22788470175741593, 0.6261897066849236, 0.22788470175741593, 0.22788470175741593, 0.6261897066849236, 0.6261897066849236, 0.22788470175741593, 0.22788470175741593, 0.22788470175741593, 0.22788470175741593, 0.6261897066849236, 0.6261897066849236, 0.22788470175741593, 0.22788470175741593, 0.6261897066849236, 0.6261897066849236, 0.22788470175741593, 0.22788470175741593, 0.6261897066849236, 0.6261897066849236, 0.6261897066849236]",16,train,7
0.8,79,1,0,20,100,9,1,1,1,0,0,0,9,1,1,1,0,0,0,"(array([0.4923251 , 0.56380147]), array([0.83098012, 0.81286216]), array([0.16867831, 0.18998617]), array([0.49411666, 0.42501032]))","['GPM (8B)', 'QwenPRM_avg_scores (7.63B)']","[0.6261897066849236, 0.6261897066849236, 0.22788470175741593, 0.22788470175741593, 0.6261897066849236, 0.6261897066849236, 0.6261897066849236, 0.6261897066849236, 0.6261897066849236, 0.8915705619074875, 0.6261897066849236, 0.6261897066849236, 0.6261897066849236, 0.22788470175741593, 0.6261897066849236, 0.6261897066849236, 0.6261897066849236, 0.6261897066849236, 0.22788470175741593, 0.22788470175741593, 0.6261897066849236, 0.8915705619074875, 0.6261897066849236, 0.6261897066849236, 0.22788470175741593, 0.6261897066849236, 0.6261897066849236, 0.22788470175741593, 0.6261897066849236, 0.6261897066849236, 0.22788470175741593, 0.6261897066849236, 0.6261897066849236, 0.6261897066849236, 0.6261897066849236, 0.6261897066849236, 0.22788470175741593, 0.6261897066849236, 0.5916247156102313, 0.6261897066849236, 0.22788470175741593, 0.6261897066849236, 0.6261897066849236, 0.22788470175741593, 0.6261897066849236, 0.6261897066849236, 0.6261897066849236, 0.6261897066849236, 0.22788470175741593, 0.8915705619074875, 0.6261897066849236, 0.6261897066849236, 0.6261897066849236, 0.8915705619074875, 0.6261897066849236, 0.8915705619074875, 0.22788470175741593, 0.8915705619074875, 0.6261897066849236, 0.6261897066849236, 0.6261897066849236, 0.6261897066849236, 0.22788470175741593, 0.6261897066849236, 0.6261897066849236, 0.22788470175741593, 0.8915705619074875, 0.22788470175741593, 0.6261897066849236, 0.6261897066849236, 0.6261897066849236, 0.6261897066849236, 0.6261897066849236, 0.6261897066849236, 0.6261897066849236, 0.6261897066849236, 0.22788470175741593, 0.6261897066849236, 0.6261897066849236, 0.6261897066849236, 0.8915705619074875, 0.6261897066849236, 0.6261897066849236, 0.5916247156102313, 0.6261897066849236, 0.6261897066849236, 0.6261897066849236, 0.6261897066849236, 0.6261897066849236, 0.6261897066849236, 0.6261897066849236, 0.6261897066849236, 0.22788470175741593, 0.6261897066849236, 0.22788470175741593, 0.22788470175741593, 0.22788470175741593, 0.6261897066849236, 0.6261897066849236, 0.6261897066849236]",17,train,9
0.98,0,98,1,1,100,10,0,1,0,0,0,1,0,0,1,0,1,0,0,"(array([0.4923251 , 0.56380147]), array([0.83098012, 0.81286216]), array([0.16867831, 0.18998617]), array([0.49411666, 0.42501032]))","['GPM (8B)', 'QwenPRM_avg_scores (7.63B)']","[0.22788470175741593, 0.22788470175741593, 0.22788470175741593, 0.22788470175741593, 0.22788470175741593, 0.22788470175741593, 0.22788470175741593, 0.22788470175741593, 0.22788470175741593, 0.22788470175741593, 0.5916247156102313, 0.22788470175741593, 0.22788470175741593, 0.22788470175741593, 0.22788470175741593, 0.22788470175741593, 0.22788470175741593, 0.22788470175741593, 0.22788470175741593, 0.22788470175741593, 0.22788470175741593, 0.22788470175741593, 0.22788470175741593, 0.22788470175741593, 0.22788470175741593, 0.22788470175741593, 0.22788470175741593, 0.22788470175741593, 0.22788470175741593, 0.22788470175741593, 0.22788470175741593, 0.22788470175741593, 0.22788470175741593, 0.22788470175741593, 0.22788470175741593, 0.22788470175741593, 0.22788470175741593, 0.22788470175741593, 0.22788470175741593, 0.22788470175741593, 0.22788470175741593, 0.22788470175741593, 0.22788470175741593, 0.22788470175741593, 0.22788470175741593, 0.22788470175741593, 0.22788470175741593, 0.22788470175741593, 0.22788470175741593, 0.22788470175741593, 0.22788470175741593, 0.22788470175741593, 0.22788470175741593, 0.22788470175741593, 0.22788470175741593, 0.22788470175741593, 0.22788470175741593, 0.22788470175741593, 0.22788470175741593, 0.22788470175741593, 0.22788470175741593, 0.22788470175741593, 0.22788470175741593, 0.22788470175741593, 0.22788470175741593, 0.22788470175741593, 0.22788470175741593, 0.22788470175741593, 0.22788470175741593, 0.22788470175741593, 0.22788470175741593, 0.22788470175741593, 0.22788470175741593, 0.22788470175741593, 0.22788470175741593, 0.22788470175741593, 0.22788470175741593, 0.22788470175741593, 0.22788470175741593, 0.22788470175741593, 0.22788470175741593, 0.22788470175741593, 0.22788470175741593, 0.22788470175741593, 0.22788470175741593, 0.22788470175741593, 0.22788470175741593, 0.22788470175741593, 0.22788470175741593, 0.22788470175741593, 0.22788470175741593, 0.22788470175741593, 0.22788470175741593, 0.22788470175741593, 0.22788470175741593, 0.22788470175741593, 0.22788470175741593, 0.22788470175741593, 0.22788470175741593, 0.22788470175741593]",18,train,0
0.61,57,4,1,38,100,12,1,1,1,0,0,0,12,1,1,1,0,0,0,"(array([0.4923251 , 0.56380147]), array([0.83098012, 0.81286216]), array([0.16867831, 0.18998617]), array([0.49411666, 0.42501032]))","['GPM (8B)', 'QwenPRM_avg_scores (7.63B)']","[0.6261897066849236, 0.22788470175741593, 0.22788470175741593, 0.6261897066849236, 0.6261897066849236, 0.22788470175741593, 0.6261897066849236, 0.22788470175741593, 0.6261897066849236, 0.6261897066849236, 0.6261897066849236, 0.22788470175741593, 0.8915705619074875, 0.6261897066849236, 0.6261897066849236, 0.6261897066849236, 0.6261897066849236, 0.22788470175741593, 0.22788470175741593, 0.6261897066849236, 0.22788470175741593, 0.6261897066849236, 0.22788470175741593, 0.22788470175741593, 0.6261897066849236, 0.6261897066849236, 0.6261897066849236, 0.6261897066849236, 0.6261897066849236, 0.6261897066849236, 0.22788470175741593, 0.22788470175741593, 0.22788470175741593, 0.22788470175741593, 0.6261897066849236, 0.22788470175741593, 0.6261897066849236, 0.6261897066849236, 0.22788470175741593, 0.22788470175741593, 0.6261897066849236, 0.6261897066849236, 0.22788470175741593, 0.6261897066849236, 0.6261897066849236, 0.5916247156102313, 0.6261897066849236, 0.22788470175741593, 0.22788470175741593, 0.22788470175741593, 0.6261897066849236, 0.6261897066849236, 0.6261897066849236, 0.22788470175741593, 0.22788470175741593, 0.22788470175741593, 0.6261897066849236, 0.6261897066849236, 0.22788470175741593, 0.22788470175741593, 0.22788470175741593, 0.6261897066849236, 0.6261897066849236, 0.6261897066849236, 0.6261897066849236, 0.22788470175741593, 0.6261897066849236, 0.6261897066849236, 0.22788470175741593, 0.22788470175741593, 0.6261897066849236, 0.6261897066849236, 0.22788470175741593, 0.22788470175741593, 0.22788470175741593, 0.6261897066849236, 0.6261897066849236, 0.6261897066849236, 0.22788470175741593, 0.6261897066849236, 0.22788470175741593, 0.6261897066849236, 0.22788470175741593, 0.22788470175741593, 0.22788470175741593, 0.22788470175741593, 0.6261897066849236, 0.6261897066849236, 0.22788470175741593, 0.6261897066849236, 0.6261897066849236, 0.6261897066849236, 0.6261897066849236, 0.22788470175741593, 0.6261897066849236, 0.6261897066849236, 0.6261897066849236, 0.22788470175741593, 0.6261897066849236, 0.6261897066849236]",19,train,9
0.71,24,47,0,29,100,1,1,1,1,0,0,0,0,0,1,0,1,0,0,"(array([0.4923251 , 0.56380147]), array([0.83098012, 0.81286216]), array([0.16867831, 0.18998617]), array([0.49411666, 0.42501032]))","['GPM (8B)', 'QwenPRM_avg_scores (7.63B)']","[0.22788470175741593, 0.6261897066849236, 0.22788470175741593, 0.22788470175741593, 0.22788470175741593, 0.22788470175741593, 0.22788470175741593, 0.22788470175741593, 0.22788470175741593, 0.22788470175741593, 0.6261897066849236, 0.22788470175741593, 0.22788470175741593, 0.22788470175741593, 0.22788470175741593, 0.22788470175741593, 0.22788470175741593, 0.22788470175741593, 0.22788470175741593, 0.22788470175741593, 0.22788470175741593, 0.6261897066849236, 0.22788470175741593, 0.22788470175741593, 0.6261897066849236, 0.6261897066849236, 0.22788470175741593, 0.22788470175741593, 0.22788470175741593, 0.6261897066849236, 0.22788470175741593, 0.22788470175741593, 0.22788470175741593, 0.22788470175741593, 0.6261897066849236, 0.22788470175741593, 0.22788470175741593, 0.22788470175741593, 0.22788470175741593, 0.22788470175741593, 0.22788470175741593, 0.22788470175741593, 0.22788470175741593, 0.6261897066849236, 0.22788470175741593, 0.22788470175741593, 0.22788470175741593, 0.6261897066849236, 0.22788470175741593, 0.22788470175741593, 0.22788470175741593, 0.22788470175741593, 0.6261897066849236, 0.6261897066849236, 0.6261897066849236, 0.22788470175741593, 0.6261897066849236, 0.22788470175741593, 0.22788470175741593, 0.22788470175741593, 0.22788470175741593, 0.22788470175741593, 0.22788470175741593, 0.22788470175741593, 0.22788470175741593, 0.22788470175741593, 0.22788470175741593, 0.22788470175741593, 0.22788470175741593, 0.22788470175741593, 0.22788470175741593, 0.6261897066849236, 0.22788470175741593, 0.22788470175741593, 0.22788470175741593, 0.22788470175741593, 0.22788470175741593, 0.6261897066849236, 0.22788470175741593, 0.6261897066849236, 0.6261897066849236, 0.6261897066849236, 0.22788470175741593, 0.22788470175741593, 0.6261897066849236, 0.6261897066849236, 0.6261897066849236, 0.22788470175741593, 0.6261897066849236, 0.22788470175741593, 0.22788470175741593, 0.22788470175741593, 0.22788470175741593, 0.22788470175741593, 0.6261897066849236, 0.22788470175741593, 0.6261897066849236, 0.22788470175741593, 0.22788470175741593, 0.22788470175741593]",20,train,5
0.72,69,3,4,24,100,1,1,1,1,0,0,0,1,1,1,1,0,0,0,"(array([0.4923251 , 0.56380147]), array([0.83098012, 0.81286216]), array([0.16867831, 0.18998617]), array([0.49411666, 0.42501032]))","['GPM (8B)', 'QwenPRM_avg_scores (7.63B)']","[0.22788470175741593, 0.8915705619074875, 0.6261897066849236, 0.6261897066849236, 0.8915705619074875, 0.8915705619074875, 0.22788470175741593, 0.8915705619074875, 0.6261897066849236, 0.22788470175741593, 0.6261897066849236, 0.5916247156102313, 0.22788470175741593, 0.22788470175741593, 0.8915705619074875, 0.5916247156102313, 0.22788470175741593, 0.5916247156102313, 0.6261897066849236, 0.5916247156102313, 0.22788470175741593, 0.5916247156102313, 0.8915705619074875, 0.8915705619074875, 0.22788470175741593, 0.6261897066849236, 0.5916247156102313, 0.8915705619074875, 0.22788470175741593, 0.22788470175741593, 0.5916247156102313, 0.6261897066849236, 0.5916247156102313, 0.5916247156102313, 0.6261897066849236, 0.8915705619074875, 0.5916247156102313, 0.5916247156102313, 0.6261897066849236, 0.5916247156102313, 0.8915705619074875, 0.22788470175741593, 0.8915705619074875, 0.8915705619074875, 0.5916247156102313, 0.22788470175741593, 0.8915705619074875, 0.22788470175741593, 0.5916247156102313, 0.5916247156102313, 0.22788470175741593, 0.6261897066849236, 0.6261897066849236, 0.22788470175741593, 0.5916247156102313, 0.6261897066849236, 0.22788470175741593, 0.5916247156102313, 0.5916247156102313, 0.22788470175741593, 0.5916247156102313, 0.8915705619074875, 0.6261897066849236, 0.22788470175741593, 0.8915705619074875, 0.8915705619074875, 0.8915705619074875, 0.22788470175741593, 0.5916247156102313, 0.22788470175741593, 0.5916247156102313, 0.5916247156102313, 0.5916247156102313, 0.22788470175741593, 0.5916247156102313, 0.22788470175741593, 0.6261897066849236, 0.22788470175741593, 0.5916247156102313, 0.5916247156102313, 0.5916247156102313, 0.5916247156102313, 0.6261897066849236, 0.6261897066849236, 0.22788470175741593, 0.5916247156102313, 0.22788470175741593, 0.8915705619074875, 0.5916247156102313, 0.6261897066849236, 0.5916247156102313, 0.6261897066849236, 0.22788470175741593, 0.5916247156102313, 0.6261897066849236, 0.5916247156102313, 0.22788470175741593, 0.8915705619074875, 0.5916247156102313, 0.5916247156102313]",21,train,9
0.91,5,86,3,6,100,1,1,1,1,0,0,0,0,0,0,0,0,0,1,"(array([0.4923251 , 0.56380147]), array([0.83098012, 0.81286216]), array([0.16867831, 0.18998617]), array([0.49411666, 0.42501032]))","['GPM (8B)', 'QwenPRM_avg_scores (7.63B)']","[0.22788470175741593, 0.6261897066849236, 0.22788470175741593, 0.22788470175741593, 0.22788470175741593, 0.22788470175741593, 0.22788470175741593, 0.22788470175741593, 0.22788470175741593, 0.22788470175741593, 0.22788470175741593, 0.22788470175741593, 0.22788470175741593, 0.6261897066849236, 0.22788470175741593, 0.22788470175741593, 0.22788470175741593, 0.22788470175741593, 0.22788470175741593, 0.22788470175741593, 0.22788470175741593, 0.22788470175741593, 0.22788470175741593, 0.22788470175741593, 0.22788470175741593, 0.22788470175741593, 0.22788470175741593, 0.6261897066849236, 0.22788470175741593, 0.22788470175741593, 0.22788470175741593, 0.22788470175741593, 0.22788470175741593, 0.22788470175741593, 0.22788470175741593, 0.22788470175741593, 0.22788470175741593, 0.22788470175741593, 0.22788470175741593, 0.22788470175741593, 0.22788470175741593, 0.22788470175741593, 0.22788470175741593, 0.22788470175741593, 0.22788470175741593, 0.22788470175741593, 0.22788470175741593, 0.6261897066849236, 0.22788470175741593, 0.22788470175741593, 0.22788470175741593, 0.22788470175741593, 0.22788470175741593, 0.22788470175741593, 0.22788470175741593, 0.22788470175741593, 0.6261897066849236, 0.22788470175741593, 0.22788470175741593, 0.22788470175741593, 0.22788470175741593, 0.22788470175741593, 0.22788470175741593, 0.22788470175741593, 0.22788470175741593, 0.22788470175741593, 0.22788470175741593, 0.22788470175741593, 0.22788470175741593, 0.22788470175741593, 0.22788470175741593, 0.22788470175741593, 0.22788470175741593, 0.6261897066849236, 0.22788470175741593, 0.22788470175741593, 0.22788470175741593, 0.22788470175741593, 0.6261897066849236, 0.22788470175741593, 0.22788470175741593, 0.22788470175741593, 0.22788470175741593, 0.22788470175741593, 0.22788470175741593, 0.22788470175741593, 0.22788470175741593, 0.22788470175741593, 0.5916247156102313, 0.22788470175741593, 0.22788470175741593, 0.22788470175741593, 0.22788470175741593, 0.22788470175741593, 0.22788470175741593, 0.22788470175741593, 0.22788470175741593, 0.22788470175741593, 0.22788470175741593, 0.22788470175741593]",22,train,1
0.88,0,88,12,0,100,0,0,0,0,0,1,0,2,0,1,0,1,0,0,"(array([0.4923251 , 0.56380147]), array([0.83098012, 0.81286216]), array([0.16867831, 0.18998617]), array([0.49411666, 0.42501032]))","['GPM (8B)', 'QwenPRM_avg_scores (7.63B)']","[0.5916247156102313, 0.5916247156102313, 0.22788470175741593, 0.22788470175741593, 0.22788470175741593, 0.22788470175741593, 0.22788470175741593, 0.22788470175741593, 0.22788470175741593, 0.22788470175741593, 0.22788470175741593, 0.22788470175741593, 0.22788470175741593, 0.5916247156102313, 0.22788470175741593, 0.22788470175741593, 0.5916247156102313, 0.5916247156102313, 0.22788470175741593, 0.22788470175741593, 0.22788470175741593, 0.22788470175741593, 0.22788470175741593, 0.22788470175741593, 0.22788470175741593, 0.22788470175741593, 0.22788470175741593, 0.22788470175741593, 0.22788470175741593, 0.22788470175741593, 0.22788470175741593, 0.22788470175741593, 0.22788470175741593, 0.5916247156102313, 0.22788470175741593, 0.22788470175741593, 0.22788470175741593, 0.5916247156102313, 0.22788470175741593, 0.22788470175741593, 0.22788470175741593, 0.22788470175741593, 0.22788470175741593, 0.22788470175741593, 0.22788470175741593, 0.22788470175741593, 0.22788470175741593, 0.22788470175741593, 0.22788470175741593, 0.22788470175741593, 0.22788470175741593, 0.22788470175741593, 0.22788470175741593, 0.22788470175741593, 0.22788470175741593, 0.22788470175741593, 0.22788470175741593, 0.22788470175741593, 0.22788470175741593, 0.5916247156102313, 0.22788470175741593, 0.22788470175741593, 0.22788470175741593, 0.5916247156102313, 0.5916247156102313, 0.22788470175741593, 0.22788470175741593, 0.22788470175741593, 0.22788470175741593, 0.22788470175741593, 0.22788470175741593, 0.22788470175741593, 0.22788470175741593, 0.22788470175741593, 0.22788470175741593, 0.22788470175741593, 0.22788470175741593, 0.22788470175741593, 0.22788470175741593, 0.22788470175741593, 0.5916247156102313, 0.22788470175741593, 0.5916247156102313, 0.22788470175741593, 0.22788470175741593, 0.22788470175741593, 0.22788470175741593, 0.22788470175741593, 0.22788470175741593, 0.22788470175741593, 0.22788470175741593, 0.22788470175741593, 0.22788470175741593, 0.22788470175741593, 0.22788470175741593, 0.22788470175741593, 0.22788470175741593, 0.22788470175741593, 0.22788470175741593, 0.22788470175741593]",23,train,0
0.68,64,4,0,32,100,14,1,1,1,0,0,0,14,1,1,1,0,0,0,"(array([0.4923251 , 0.56380147]), array([0.83098012, 0.81286216]), array([0.16867831, 0.18998617]), array([0.49411666, 0.42501032]))","['GPM (8B)', 'QwenPRM_avg_scores (7.63B)']","[0.6261897066849236, 0.5916247156102313, 0.6261897066849236, 0.22788470175741593, 0.6261897066849236, 0.6261897066849236, 0.6261897066849236, 0.22788470175741593, 0.22788470175741593, 0.6261897066849236, 0.22788470175741593, 0.6261897066849236, 0.6261897066849236, 0.22788470175741593, 0.8915705619074875, 0.22788470175741593, 0.6261897066849236, 0.8915705619074875, 0.6261897066849236, 0.6261897066849236, 0.8915705619074875, 0.6261897066849236, 0.22788470175741593, 0.6261897066849236, 0.6261897066849236, 0.6261897066849236, 0.6261897066849236, 0.6261897066849236, 0.6261897066849236, 0.6261897066849236, 0.6261897066849236, 0.6261897066849236, 0.6261897066849236, 0.22788470175741593, 0.6261897066849236, 0.6261897066849236, 0.22788470175741593, 0.6261897066849236, 0.22788470175741593, 0.22788470175741593, 0.6261897066849236, 0.6261897066849236, 0.22788470175741593, 0.6261897066849236, 0.6261897066849236, 0.22788470175741593, 0.5916247156102313, 0.22788470175741593, 0.6261897066849236, 0.6261897066849236, 0.22788470175741593, 0.6261897066849236, 0.6261897066849236, 0.22788470175741593, 0.22788470175741593, 0.5916247156102313, 0.6261897066849236, 0.5916247156102313, 0.5916247156102313, 0.22788470175741593, 0.6261897066849236, 0.22788470175741593, 0.5916247156102313, 0.22788470175741593, 0.22788470175741593, 0.22788470175741593, 0.6261897066849236, 0.22788470175741593, 0.6261897066849236, 0.22788470175741593, 0.6261897066849236, 0.6261897066849236, 0.6261897066849236, 0.6261897066849236, 0.6261897066849236, 0.22788470175741593, 0.6261897066849236, 0.6261897066849236, 0.5916247156102313, 0.6261897066849236, 0.22788470175741593, 0.6261897066849236, 0.6261897066849236, 0.6261897066849236, 0.5916247156102313, 0.22788470175741593, 0.6261897066849236, 0.6261897066849236, 0.22788470175741593, 0.6261897066849236, 0.22788470175741593, 0.22788470175741593, 0.6261897066849236, 0.22788470175741593, 0.22788470175741593, 0.22788470175741593, 0.22788470175741593, 0.6261897066849236, 0.22788470175741593, 0.22788470175741593]",24,train,9
0.9,1,89,1,9,100,4,1,1,1,0,0,0,0,0,1,0,1,0,0,"(array([0.4923251 , 0.56380147]), array([0.83098012, 0.81286216]), array([0.16867831, 0.18998617]), array([0.49411666, 0.42501032]))","['GPM (8B)', 'QwenPRM_avg_scores (7.63B)']","[0.22788470175741593, 0.22788470175741593, 0.22788470175741593, 0.22788470175741593, 0.5916247156102313, 0.22788470175741593, 0.22788470175741593, 0.22788470175741593, 0.22788470175741593, 0.22788470175741593, 0.22788470175741593, 0.22788470175741593, 0.22788470175741593, 0.22788470175741593, 0.22788470175741593, 0.22788470175741593, 0.22788470175741593, 0.22788470175741593, 0.22788470175741593, 0.22788470175741593, 0.22788470175741593, 0.22788470175741593, 0.22788470175741593, 0.22788470175741593, 0.22788470175741593, 0.22788470175741593, 0.22788470175741593, 0.22788470175741593, 0.22788470175741593, 0.22788470175741593, 0.22788470175741593, 0.22788470175741593, 0.22788470175741593, 0.22788470175741593, 0.22788470175741593, 0.22788470175741593, 0.22788470175741593, 0.22788470175741593, 0.22788470175741593, 0.5916247156102313, 0.22788470175741593, 0.22788470175741593, 0.22788470175741593, 0.22788470175741593, 0.22788470175741593, 0.22788470175741593, 0.22788470175741593, 0.22788470175741593, 0.22788470175741593, 0.22788470175741593, 0.22788470175741593, 0.22788470175741593, 0.22788470175741593, 0.22788470175741593, 0.22788470175741593, 0.22788470175741593, 0.22788470175741593, 0.22788470175741593, 0.22788470175741593, 0.22788470175741593, 0.22788470175741593, 0.22788470175741593, 0.22788470175741593, 0.22788470175741593, 0.22788470175741593, 0.22788470175741593, 0.22788470175741593, 0.22788470175741593, 0.22788470175741593, 0.22788470175741593, 0.22788470175741593, 0.22788470175741593, 0.22788470175741593, 0.22788470175741593, 0.22788470175741593, 0.22788470175741593, 0.22788470175741593, 0.22788470175741593, 0.22788470175741593, 0.22788470175741593, 0.22788470175741593, 0.22788470175741593, 0.22788470175741593, 0.22788470175741593, 0.22788470175741593, 0.22788470175741593, 0.22788470175741593, 0.22788470175741593, 0.22788470175741593, 0.22788470175741593, 0.22788470175741593, 0.22788470175741593, 0.22788470175741593, 0.22788470175741593, 0.22788470175741593, 0.22788470175741593, 0.22788470175741593, 0.22788470175741593, 0.22788470175741593, 0.22788470175741593]",25,train,1
0.79,0,79,19,2,100,39,0,1,0,0,0,1,2,0,1,0,1,0,0,"(array([0.4923251 , 0.56380147]), array([0.83098012, 0.81286216]), array([0.16867831, 0.18998617]), array([0.49411666, 0.42501032]))","['GPM (8B)', 'QwenPRM_avg_scores (7.63B)']","[0.5916247156102313, 0.5916247156102313, 0.22788470175741593, 0.22788470175741593, 0.22788470175741593, 0.22788470175741593, 0.22788470175741593, 0.22788470175741593, 0.22788470175741593, 0.22788470175741593, 0.22788470175741593, 0.22788470175741593, 0.22788470175741593, 0.22788470175741593, 0.22788470175741593, 0.22788470175741593, 0.22788470175741593, 0.22788470175741593, 0.22788470175741593, 0.22788470175741593, 0.22788470175741593, 0.22788470175741593, 0.22788470175741593, 0.22788470175741593, 0.5916247156102313, 0.22788470175741593, 0.22788470175741593, 0.22788470175741593, 0.22788470175741593, 0.22788470175741593, 0.22788470175741593, 0.22788470175741593, 0.22788470175741593, 0.22788470175741593, 0.22788470175741593, 0.22788470175741593, 0.22788470175741593, 0.22788470175741593, 0.22788470175741593, 0.6261897066849236, 0.22788470175741593, 0.22788470175741593, 0.5916247156102313, 0.22788470175741593, 0.22788470175741593, 0.22788470175741593, 0.5916247156102313, 0.22788470175741593, 0.22788470175741593, 0.22788470175741593, 0.22788470175741593, 0.22788470175741593, 0.22788470175741593, 0.22788470175741593, 0.22788470175741593, 0.22788470175741593, 0.22788470175741593, 0.6261897066849236, 0.6261897066849236, 0.22788470175741593, 0.5916247156102313, 0.22788470175741593, 0.22788470175741593, 0.22788470175741593, 0.22788470175741593, 0.6261897066849236, 0.22788470175741593, 0.22788470175741593, 0.5916247156102313, 0.22788470175741593, 0.6261897066849236, 0.22788470175741593, 0.6261897066849236, 0.22788470175741593, 0.22788470175741593, 0.22788470175741593, 0.22788470175741593, 0.5916247156102313, 0.22788470175741593, 0.5916247156102313, 0.5916247156102313, 0.22788470175741593, 0.22788470175741593, 0.22788470175741593, 0.22788470175741593, 0.5916247156102313, 0.22788470175741593, 0.22788470175741593, 0.22788470175741593, 0.22788470175741593, 0.22788470175741593, 0.5916247156102313, 0.22788470175741593, 0.22788470175741593, 0.22788470175741593, 0.22788470175741593, 0.5916247156102313, 0.22788470175741593, 0.22788470175741593, 0.22788470175741593]",26,train,0
0.67,54,13,6,27,100,1,1,1,1,0,0,0,0,0,0,0,0,0,1,"(array([0.4923251 , 0.56380147]), array([0.83098012, 0.81286216]), array([0.16867831, 0.18998617]), array([0.49411666, 0.42501032]))","['GPM (8B)', 'QwenPRM_avg_scores (7.63B)']","[0.22788470175741593, 0.6261897066849236, 0.22788470175741593, 0.22788470175741593, 0.6261897066849236, 0.6261897066849236, 0.6261897066849236, 0.6261897066849236, 0.22788470175741593, 0.6261897066849236, 0.6261897066849236, 0.6261897066849236, 0.6261897066849236, 0.22788470175741593, 0.6261897066849236, 0.6261897066849236, 0.22788470175741593, 0.6261897066849236, 0.6261897066849236, 0.22788470175741593, 0.6261897066849236, 0.22788470175741593, 0.6261897066849236, 0.22788470175741593, 0.6261897066849236, 0.6261897066849236, 0.6261897066849236, 0.22788470175741593, 0.6261897066849236, 0.22788470175741593, 0.6261897066849236, 0.6261897066849236, 0.6261897066849236, 0.6261897066849236, 0.6261897066849236, 0.6261897066849236, 0.6261897066849236, 0.6261897066849236, 0.6261897066849236, 0.22788470175741593, 0.6261897066849236, 0.22788470175741593, 0.22788470175741593, 0.6261897066849236, 0.22788470175741593, 0.6261897066849236, 0.22788470175741593, 0.6261897066849236, 0.6261897066849236, 0.6261897066849236, 0.6261897066849236, 0.6261897066849236, 0.22788470175741593, 0.22788470175741593, 0.22788470175741593, 0.22788470175741593, 0.22788470175741593, 0.6261897066849236, 0.22788470175741593, 0.6261897066849236, 0.22788470175741593, 0.6261897066849236, 0.22788470175741593, 0.6261897066849236, 0.6261897066849236, 0.6261897066849236, 0.22788470175741593, 0.6261897066849236, 0.22788470175741593, 0.22788470175741593, 0.22788470175741593, 0.6261897066849236, 0.6261897066849236, 0.6261897066849236, 0.6261897066849236, 0.6261897066849236, 0.22788470175741593, 0.6261897066849236, 0.22788470175741593, 0.22788470175741593, 0.22788470175741593, 0.22788470175741593, 0.22788470175741593, 0.22788470175741593, 0.22788470175741593, 0.6261897066849236, 0.6261897066849236, 0.6261897066849236, 0.6261897066849236, 0.22788470175741593, 0.6261897066849236, 0.6261897066849236, 0.22788470175741593, 0.6261897066849236, 0.6261897066849236, 0.6261897066849236, 0.22788470175741593, 0.6261897066849236, 0.6261897066849236, 0.22788470175741593]",27,train,8
0.97,0,97,1,2,100,3,0,1,0,0,0,1,0,0,1,0,1,0,0,"(array([0.4923251 , 0.56380147]), array([0.83098012, 0.81286216]), array([0.16867831, 0.18998617]), array([0.49411666, 0.42501032]))","['GPM (8B)', 'QwenPRM_avg_scores (7.63B)']","[0.22788470175741593, 0.22788470175741593, 0.22788470175741593, 0.6261897066849236, 0.22788470175741593, 0.22788470175741593, 0.22788470175741593, 0.22788470175741593, 0.22788470175741593, 0.22788470175741593, 0.22788470175741593, 0.22788470175741593, 0.22788470175741593, 0.22788470175741593, 0.22788470175741593, 0.22788470175741593, 0.22788470175741593, 0.22788470175741593, 0.22788470175741593, 0.22788470175741593, 0.22788470175741593, 0.22788470175741593, 0.22788470175741593, 0.22788470175741593, 0.22788470175741593, 0.22788470175741593, 0.22788470175741593, 0.22788470175741593, 0.22788470175741593, 0.22788470175741593, 0.22788470175741593, 0.22788470175741593, 0.22788470175741593, 0.22788470175741593, 0.22788470175741593, 0.22788470175741593, 0.22788470175741593, 0.22788470175741593, 0.22788470175741593, 0.22788470175741593, 0.22788470175741593, 0.22788470175741593, 0.22788470175741593, 0.22788470175741593, 0.22788470175741593, 0.22788470175741593, 0.22788470175741593, 0.22788470175741593, 0.22788470175741593, 0.22788470175741593, 0.22788470175741593, 0.22788470175741593, 0.22788470175741593, 0.22788470175741593, 0.22788470175741593, 0.22788470175741593, 0.22788470175741593, 0.22788470175741593, 0.22788470175741593, 0.22788470175741593, 0.22788470175741593, 0.22788470175741593, 0.22788470175741593, 0.22788470175741593, 0.22788470175741593, 0.22788470175741593, 0.22788470175741593, 0.22788470175741593, 0.22788470175741593, 0.22788470175741593, 0.22788470175741593, 0.22788470175741593, 0.22788470175741593, 0.22788470175741593, 0.22788470175741593, 0.22788470175741593, 0.22788470175741593, 0.22788470175741593, 0.22788470175741593, 0.22788470175741593, 0.22788470175741593, 0.22788470175741593, 0.22788470175741593, 0.22788470175741593, 0.22788470175741593, 0.22788470175741593, 0.22788470175741593, 0.22788470175741593, 0.22788470175741593, 0.22788470175741593, 0.22788470175741593, 0.22788470175741593, 0.22788470175741593, 0.22788470175741593, 0.22788470175741593, 0.22788470175741593, 0.22788470175741593, 0.22788470175741593, 0.22788470175741593, 0.22788470175741593]",28,train,0
0.76,12,64,1,23,100,3,1,1,1,0,0,0,0,0,1,0,1,0,0,"(array([0.4923251 , 0.56380147]), array([0.83098012, 0.81286216]), array([0.16867831, 0.18998617]), array([0.49411666, 0.42501032]))","['GPM (8B)', 'QwenPRM_avg_scores (7.63B)']","[0.22788470175741593, 0.22788470175741593, 0.22788470175741593, 0.6261897066849236, 0.6261897066849236, 0.22788470175741593, 0.22788470175741593, 0.22788470175741593, 0.22788470175741593, 0.6261897066849236, 0.22788470175741593, 0.22788470175741593, 0.22788470175741593, 0.22788470175741593, 0.22788470175741593, 0.22788470175741593, 0.22788470175741593, 0.22788470175741593, 0.22788470175741593, 0.22788470175741593, 0.22788470175741593, 0.22788470175741593, 0.22788470175741593, 0.22788470175741593, 0.22788470175741593, 0.22788470175741593, 0.22788470175741593, 0.22788470175741593, 0.22788470175741593, 0.22788470175741593, 0.22788470175741593, 0.22788470175741593, 0.22788470175741593, 0.22788470175741593, 0.22788470175741593, 0.22788470175741593, 0.22788470175741593, 0.6261897066849236, 0.22788470175741593, 0.22788470175741593, 0.22788470175741593, 0.22788470175741593, 0.22788470175741593, 0.22788470175741593, 0.22788470175741593, 0.22788470175741593, 0.22788470175741593, 0.22788470175741593, 0.6261897066849236, 0.6261897066849236, 0.22788470175741593, 0.22788470175741593, 0.22788470175741593, 0.22788470175741593, 0.22788470175741593, 0.22788470175741593, 0.6261897066849236, 0.6261897066849236, 0.22788470175741593, 0.22788470175741593, 0.22788470175741593, 0.22788470175741593, 0.22788470175741593, 0.22788470175741593, 0.6261897066849236, 0.22788470175741593, 0.22788470175741593, 0.22788470175741593, 0.22788470175741593, 0.22788470175741593, 0.22788470175741593, 0.22788470175741593, 0.22788470175741593, 0.22788470175741593, 0.22788470175741593, 0.22788470175741593, 0.22788470175741593, 0.6261897066849236, 0.22788470175741593, 0.22788470175741593, 0.22788470175741593, 0.22788470175741593, 0.6261897066849236, 0.22788470175741593, 0.6261897066849236, 0.6261897066849236, 0.22788470175741593, 0.22788470175741593, 0.22788470175741593, 0.22788470175741593, 0.22788470175741593, 0.22788470175741593, 0.22788470175741593, 0.22788470175741593, 0.22788470175741593, 0.22788470175741593, 0.22788470175741593, 0.22788470175741593, 0.22788470175741593, 0.22788470175741593]",29,train,3
0.95,0,95,2,3,100,24,0,1,0,0,0,1,0,0,1,0,1,0,0,"(array([0.4923251 , 0.56380147]), array([0.83098012, 0.81286216]), array([0.16867831, 0.18998617]), array([0.49411666, 0.42501032]))","['GPM (8B)', 'QwenPRM_avg_scores (7.63B)']","[0.22788470175741593, 0.22788470175741593, 0.22788470175741593, 0.22788470175741593, 0.22788470175741593, 0.22788470175741593, 0.22788470175741593, 0.22788470175741593, 0.22788470175741593, 0.22788470175741593, 0.22788470175741593, 0.22788470175741593, 0.22788470175741593, 0.22788470175741593, 0.22788470175741593, 0.22788470175741593, 0.22788470175741593, 0.22788470175741593, 0.22788470175741593, 0.22788470175741593, 0.22788470175741593, 0.22788470175741593, 0.22788470175741593, 0.22788470175741593, 0.5916247156102313, 0.22788470175741593, 0.22788470175741593, 0.22788470175741593, 0.22788470175741593, 0.22788470175741593, 0.22788470175741593, 0.22788470175741593, 0.22788470175741593, 0.22788470175741593, 0.22788470175741593, 0.5916247156102313, 0.22788470175741593, 0.22788470175741593, 0.22788470175741593, 0.22788470175741593, 0.22788470175741593, 0.22788470175741593, 0.22788470175741593, 0.22788470175741593, 0.22788470175741593, 0.22788470175741593, 0.22788470175741593, 0.22788470175741593, 0.22788470175741593, 0.22788470175741593, 0.22788470175741593, 0.22788470175741593, 0.22788470175741593, 0.22788470175741593, 0.22788470175741593, 0.22788470175741593, 0.22788470175741593, 0.22788470175741593, 0.22788470175741593, 0.22788470175741593, 0.22788470175741593, 0.22788470175741593, 0.22788470175741593, 0.22788470175741593, 0.22788470175741593, 0.22788470175741593, 0.22788470175741593, 0.22788470175741593, 0.22788470175741593, 0.22788470175741593, 0.22788470175741593, 0.22788470175741593, 0.22788470175741593, 0.22788470175741593, 0.22788470175741593, 0.22788470175741593, 0.22788470175741593, 0.22788470175741593, 0.22788470175741593, 0.22788470175741593, 0.22788470175741593, 0.22788470175741593, 0.22788470175741593, 0.22788470175741593, 0.22788470175741593, 0.22788470175741593, 0.22788470175741593, 0.22788470175741593, 0.22788470175741593, 0.22788470175741593, 0.22788470175741593, 0.22788470175741593, 0.22788470175741593, 0.22788470175741593, 0.22788470175741593, 0.22788470175741593, 0.22788470175741593, 0.22788470175741593, 0.22788470175741593, 0.22788470175741593]",30,train,0
0.87,21,66,8,5,100,5,1,1,1,0,0,0,5,1,1,1,0,0,0,"(array([0.4923251 , 0.56380147]), array([0.83098012, 0.81286216]), array([0.16867831, 0.18998617]), array([0.49411666, 0.42501032]))","['GPM (8B)', 'QwenPRM_avg_scores (7.63B)']","[0.22788470175741593, 0.22788470175741593, 0.6261897066849236, 0.22788470175741593, 0.6261897066849236, 0.8915705619074875, 0.22788470175741593, 0.22788470175741593, 0.22788470175741593, 0.22788470175741593, 0.6261897066849236, 0.22788470175741593, 0.6261897066849236, 0.22788470175741593, 0.22788470175741593, 0.22788470175741593, 0.22788470175741593, 0.22788470175741593, 0.22788470175741593, 0.22788470175741593, 0.22788470175741593, 0.22788470175741593, 0.22788470175741593, 0.5916247156102313, 0.22788470175741593, 0.22788470175741593, 0.22788470175741593, 0.5916247156102313, 0.22788470175741593, 0.22788470175741593, 0.22788470175741593, 0.22788470175741593, 0.22788470175741593, 0.6261897066849236, 0.5916247156102313, 0.22788470175741593, 0.22788470175741593, 0.6261897066849236, 0.6261897066849236, 0.22788470175741593, 0.22788470175741593, 0.22788470175741593, 0.22788470175741593, 0.22788470175741593, 0.5916247156102313, 0.6261897066849236, 0.22788470175741593, 0.22788470175741593, 0.22788470175741593, 0.22788470175741593, 0.22788470175741593, 0.22788470175741593, 0.22788470175741593, 0.22788470175741593, 0.22788470175741593, 0.22788470175741593, 0.22788470175741593, 0.22788470175741593, 0.5916247156102313, 0.22788470175741593, 0.22788470175741593, 0.22788470175741593, 0.22788470175741593, 0.6261897066849236, 0.22788470175741593, 0.22788470175741593, 0.22788470175741593, 0.6261897066849236, 0.6261897066849236, 0.22788470175741593, 0.22788470175741593, 0.22788470175741593, 0.8915705619074875, 0.22788470175741593, 0.22788470175741593, 0.6261897066849236, 0.22788470175741593, 0.5916247156102313, 0.22788470175741593, 0.6261897066849236, 0.22788470175741593, 0.22788470175741593, 0.22788470175741593, 0.22788470175741593, 0.6261897066849236, 0.22788470175741593, 0.6261897066849236, 0.22788470175741593, 0.22788470175741593, 0.6261897066849236, 0.5916247156102313, 0.22788470175741593, 0.6261897066849236, 0.22788470175741593, 0.22788470175741593, 0.6261897066849236, 0.5916247156102313, 0.22788470175741593, 0.6261897066849236, 0.22788470175741593]",31,train,2
0.62,10,52,11,27,100,44,1,1,1,0,0,0,0,0,1,0,1,0,0,"(array([0.4923251 , 0.56380147]), array([0.83098012, 0.81286216]), array([0.16867831, 0.18998617]), array([0.49411666, 0.42501032]))","['GPM (8B)', 'QwenPRM_avg_scores (7.63B)']","[0.22788470175741593, 0.22788470175741593, 0.22788470175741593, 0.22788470175741593, 0.5916247156102313, 0.22788470175741593, 0.22788470175741593, 0.22788470175741593, 0.22788470175741593, 0.22788470175741593, 0.22788470175741593, 0.22788470175741593, 0.22788470175741593, 0.22788470175741593, 0.22788470175741593, 0.22788470175741593, 0.22788470175741593, 0.22788470175741593, 0.22788470175741593, 0.22788470175741593, 0.5916247156102313, 0.5916247156102313, 0.22788470175741593, 0.22788470175741593, 0.5916247156102313, 0.22788470175741593, 0.22788470175741593, 0.22788470175741593, 0.22788470175741593, 0.22788470175741593, 0.22788470175741593, 0.22788470175741593, 0.22788470175741593, 0.22788470175741593, 0.22788470175741593, 0.22788470175741593, 0.22788470175741593, 0.22788470175741593, 0.22788470175741593, 0.22788470175741593, 0.22788470175741593, 0.22788470175741593, 0.22788470175741593, 0.22788470175741593, 0.6261897066849236, 0.22788470175741593, 0.22788470175741593, 0.22788470175741593, 0.6261897066849236, 0.22788470175741593, 0.22788470175741593, 0.5916247156102313, 0.22788470175741593, 0.22788470175741593, 0.22788470175741593, 0.5916247156102313, 0.22788470175741593, 0.22788470175741593, 0.22788470175741593, 0.22788470175741593, 0.22788470175741593, 0.22788470175741593, 0.22788470175741593, 0.5916247156102313, 0.22788470175741593, 0.22788470175741593, 0.6261897066849236, 0.22788470175741593, 0.22788470175741593, 0.22788470175741593, 0.22788470175741593, 0.5916247156102313, 0.6261897066849236, 0.22788470175741593, 0.22788470175741593, 0.5916247156102313, 0.22788470175741593, 0.22788470175741593, 0.22788470175741593, 0.22788470175741593, 0.5916247156102313, 0.22788470175741593, 0.22788470175741593, 0.22788470175741593, 0.22788470175741593, 0.22788470175741593, 0.5916247156102313, 0.22788470175741593, 0.22788470175741593, 0.5916247156102313, 0.5916247156102313, 0.22788470175741593, 0.5916247156102313, 0.22788470175741593, 0.22788470175741593, 0.6261897066849236, 0.22788470175741593, 0.5916247156102313, 0.22788470175741593, 0.6261897066849236]",32,train,3
0.83,80,3,2,15,100,1,1,1,1,0,0,0,1,1,1,1,0,0,0,"(array([0.4923251 , 0.56380147]), array([0.83098012, 0.81286216]), array([0.16867831, 0.18998617]), array([0.49411666, 0.42501032]))","['GPM (8B)', 'QwenPRM_avg_scores (7.63B)']","[0.6261897066849236, 0.8915705619074875, 0.8915705619074875, 0.5916247156102313, 0.22788470175741593, 0.8915705619074875, 0.6261897066849236, 0.22788470175741593, 0.5916247156102313, 0.6261897066849236, 0.6261897066849236, 0.6261897066849236, 0.6261897066849236, 0.6261897066849236, 0.8915705619074875, 0.6261897066849236, 0.6261897066849236, 0.22788470175741593, 0.6261897066849236, 0.6261897066849236, 0.6261897066849236, 0.6261897066849236, 0.6261897066849236, 0.6261897066849236, 0.22788470175741593, 0.6261897066849236, 0.6261897066849236, 0.6261897066849236, 0.6261897066849236, 0.8915705619074875, 0.6261897066849236, 0.22788470175741593, 0.6261897066849236, 0.22788470175741593, 0.8915705619074875, 0.22788470175741593, 0.6261897066849236, 0.6261897066849236, 0.6261897066849236, 0.6261897066849236, 0.6261897066849236, 0.6261897066849236, 0.5916247156102313, 0.6261897066849236, 0.6261897066849236, 0.6261897066849236, 0.22788470175741593, 0.6261897066849236, 0.22788470175741593, 0.6261897066849236, 0.6261897066849236, 0.22788470175741593, 0.6261897066849236, 0.6261897066849236, 0.5916247156102313, 0.6261897066849236, 0.5916247156102313, 0.6261897066849236, 0.8915705619074875, 0.6261897066849236, 0.6261897066849236, 0.6261897066849236, 0.6261897066849236, 0.22788470175741593, 0.22788470175741593, 0.8915705619074875, 0.22788470175741593, 0.6261897066849236, 0.22788470175741593, 0.6261897066849236, 0.22788470175741593, 0.6261897066849236, 0.6261897066849236, 0.6261897066849236, 0.6261897066849236, 0.6261897066849236, 0.8915705619074875, 0.8915705619074875, 0.6261897066849236, 0.6261897066849236, 0.22788470175741593, 0.6261897066849236, 0.6261897066849236, 0.5916247156102313, 0.8915705619074875, 0.8915705619074875, 0.6261897066849236, 0.6261897066849236, 0.6261897066849236, 0.22788470175741593, 0.8915705619074875, 0.8915705619074875, 0.8915705619074875, 0.8915705619074875, 0.6261897066849236, 0.22788470175741593, 0.6261897066849236, 0.8915705619074875, 0.6261897066849236, 0.6261897066849236]",33,train,9
0.98,0,98,0,2,100,0,0,1,0,0,0,1,0,0,1,0,1,0,0,"(array([0.4923251 , 0.56380147]), array([0.83098012, 0.81286216]), array([0.16867831, 0.18998617]), array([0.49411666, 0.42501032]))","['GPM (8B)', 'QwenPRM_avg_scores (7.63B)']","[0.22788470175741593, 0.22788470175741593, 0.22788470175741593, 0.22788470175741593, 0.22788470175741593, 0.22788470175741593, 0.22788470175741593, 0.22788470175741593, 0.22788470175741593, 0.22788470175741593, 0.22788470175741593, 0.22788470175741593, 0.22788470175741593, 0.22788470175741593, 0.22788470175741593, 0.22788470175741593, 0.22788470175741593, 0.22788470175741593, 0.22788470175741593, 0.22788470175741593, 0.22788470175741593, 0.22788470175741593, 0.22788470175741593, 0.22788470175741593, 0.22788470175741593, 0.22788470175741593, 0.22788470175741593, 0.22788470175741593, 0.22788470175741593, 0.22788470175741593, 0.22788470175741593, 0.22788470175741593, 0.22788470175741593, 0.22788470175741593, 0.22788470175741593, 0.22788470175741593, 0.22788470175741593, 0.22788470175741593, 0.22788470175741593, 0.22788470175741593, 0.22788470175741593, 0.22788470175741593, 0.22788470175741593, 0.22788470175741593, 0.22788470175741593, 0.22788470175741593, 0.22788470175741593, 0.22788470175741593, 0.22788470175741593, 0.22788470175741593, 0.22788470175741593, 0.22788470175741593, 0.22788470175741593, 0.22788470175741593, 0.22788470175741593, 0.22788470175741593, 0.22788470175741593, 0.22788470175741593, 0.22788470175741593, 0.22788470175741593, 0.22788470175741593, 0.22788470175741593, 0.22788470175741593, 0.22788470175741593, 0.22788470175741593, 0.22788470175741593, 0.22788470175741593, 0.22788470175741593, 0.22788470175741593, 0.22788470175741593, 0.22788470175741593, 0.22788470175741593, 0.22788470175741593, 0.22788470175741593, 0.22788470175741593, 0.22788470175741593, 0.22788470175741593, 0.22788470175741593, 0.22788470175741593, 0.22788470175741593, 0.22788470175741593, 0.22788470175741593, 0.22788470175741593, 0.22788470175741593, 0.22788470175741593, 0.22788470175741593, 0.22788470175741593, 0.22788470175741593, 0.22788470175741593, 0.22788470175741593, 0.22788470175741593, 0.22788470175741593, 0.22788470175741593, 0.22788470175741593, 0.22788470175741593, 0.22788470175741593, 0.22788470175741593, 0.22788470175741593, 0.22788470175741593, 0.22788470175741593]",34,train,0
0.59,31,28,3,38,100,14,1,1,1,0,0,0,14,1,1,1,0,0,0,"(array([0.4923251 , 0.56380147]), array([0.83098012, 0.81286216]), array([0.16867831, 0.18998617]), array([0.49411666, 0.42501032]))","['GPM (8B)', 'QwenPRM_avg_scores (7.63B)']","[0.22788470175741593, 0.6261897066849236, 0.22788470175741593, 0.6261897066849236, 0.6261897066849236, 0.6261897066849236, 0.6261897066849236, 0.22788470175741593, 0.22788470175741593, 0.22788470175741593, 0.22788470175741593, 0.6261897066849236, 0.22788470175741593, 0.6261897066849236, 0.8915705619074875, 0.6261897066849236, 0.22788470175741593, 0.22788470175741593, 0.6261897066849236, 0.22788470175741593, 0.22788470175741593, 0.22788470175741593, 0.6261897066849236, 0.22788470175741593, 0.6261897066849236, 0.22788470175741593, 0.22788470175741593, 0.22788470175741593, 0.22788470175741593, 0.22788470175741593, 0.22788470175741593, 0.22788470175741593, 0.6261897066849236, 0.22788470175741593, 0.6261897066849236, 0.22788470175741593, 0.22788470175741593, 0.22788470175741593, 0.22788470175741593, 0.22788470175741593, 0.22788470175741593, 0.6261897066849236, 0.6261897066849236, 0.6261897066849236, 0.22788470175741593, 0.22788470175741593, 0.22788470175741593, 0.22788470175741593, 0.22788470175741593, 0.22788470175741593, 0.22788470175741593, 0.22788470175741593, 0.22788470175741593, 0.6261897066849236, 0.5916247156102313, 0.6261897066849236, 0.22788470175741593, 0.6261897066849236, 0.22788470175741593, 0.6261897066849236, 0.22788470175741593, 0.5916247156102313, 0.5916247156102313, 0.6261897066849236, 0.5916247156102313, 0.22788470175741593, 0.22788470175741593, 0.22788470175741593, 0.22788470175741593, 0.6261897066849236, 0.22788470175741593, 0.22788470175741593, 0.6261897066849236, 0.22788470175741593, 0.22788470175741593, 0.22788470175741593, 0.22788470175741593, 0.22788470175741593, 0.22788470175741593, 0.22788470175741593, 0.6261897066849236, 0.5916247156102313, 0.8915705619074875, 0.22788470175741593, 0.22788470175741593, 0.22788470175741593, 0.22788470175741593, 0.22788470175741593, 0.22788470175741593, 0.22788470175741593, 0.22788470175741593, 0.22788470175741593, 0.22788470175741593, 0.22788470175741593, 0.22788470175741593, 0.22788470175741593, 0.6261897066849236, 0.6261897066849236, 0.22788470175741593, 0.5916247156102313]",35,train,6
0.86,21,65,0,14,100,6,1,1,1,0,0,0,6,1,1,1,0,0,0,"(array([0.4923251 , 0.56380147]), array([0.83098012, 0.81286216]), array([0.16867831, 0.18998617]), array([0.49411666, 0.42501032]))","['GPM (8B)', 'QwenPRM_avg_scores (7.63B)']","[0.6261897066849236, 0.22788470175741593, 0.22788470175741593, 0.6261897066849236, 0.22788470175741593, 0.22788470175741593, 0.8915705619074875, 0.22788470175741593, 0.22788470175741593, 0.6261897066849236, 0.22788470175741593, 0.6261897066849236, 0.22788470175741593, 0.22788470175741593, 0.22788470175741593, 0.22788470175741593, 0.6261897066849236, 0.6261897066849236, 0.6261897066849236, 0.22788470175741593, 0.22788470175741593, 0.22788470175741593, 0.22788470175741593, 0.22788470175741593, 0.6261897066849236, 0.22788470175741593, 0.22788470175741593, 0.22788470175741593, 0.22788470175741593, 0.22788470175741593, 0.22788470175741593, 0.22788470175741593, 0.22788470175741593, 0.22788470175741593, 0.6261897066849236, 0.6261897066849236, 0.22788470175741593, 0.22788470175741593, 0.22788470175741593, 0.22788470175741593, 0.22788470175741593, 0.22788470175741593, 0.6261897066849236, 0.22788470175741593, 0.6261897066849236, 0.22788470175741593, 0.22788470175741593, 0.22788470175741593, 0.22788470175741593, 0.22788470175741593, 0.22788470175741593, 0.22788470175741593, 0.22788470175741593, 0.22788470175741593, 0.22788470175741593, 0.22788470175741593, 0.22788470175741593, 0.22788470175741593, 0.22788470175741593, 0.22788470175741593, 0.8915705619074875, 0.22788470175741593, 0.22788470175741593, 0.6261897066849236, 0.22788470175741593, 0.22788470175741593, 0.22788470175741593, 0.22788470175741593, 0.6261897066849236, 0.22788470175741593, 0.6261897066849236, 0.22788470175741593, 0.22788470175741593, 0.6261897066849236, 0.6261897066849236, 0.22788470175741593, 0.22788470175741593, 0.22788470175741593, 0.22788470175741593, 0.22788470175741593, 0.22788470175741593, 0.22788470175741593, 0.6261897066849236, 0.22788470175741593, 0.22788470175741593, 0.22788470175741593, 0.22788470175741593, 0.22788470175741593, 0.22788470175741593, 0.22788470175741593, 0.22788470175741593, 0.22788470175741593, 0.6261897066849236, 0.22788470175741593, 0.22788470175741593, 0.22788470175741593, 0.22788470175741593, 0.22788470175741593, 0.22788470175741593, 0.22788470175741593]",36,train,3
0.69,0,69,0,31,100,0,1,1,1,0,0,0,0,0,0,0,0,0,1,"(array([0.4923251 , 0.56380147]), array([0.83098012, 0.81286216]), array([0.16867831, 0.18998617]), array([0.49411666, 0.42501032]))","['GPM (8B)', 'QwenPRM_avg_scores (7.63B)']","[0.22788470175741593, 0.22788470175741593, 0.22788470175741593, 0.22788470175741593, 0.22788470175741593, 0.22788470175741593, 0.22788470175741593, 0.22788470175741593, 0.22788470175741593, 0.22788470175741593, 0.22788470175741593, 0.22788470175741593, 0.22788470175741593, 0.22788470175741593, 0.22788470175741593, 0.22788470175741593, 0.22788470175741593, 0.22788470175741593, 0.22788470175741593, 0.22788470175741593, 0.22788470175741593, 0.22788470175741593, 0.22788470175741593, 0.22788470175741593, 0.22788470175741593, 0.22788470175741593, 0.22788470175741593, 0.22788470175741593, 0.22788470175741593, 0.22788470175741593, 0.22788470175741593, 0.22788470175741593, 0.22788470175741593, 0.22788470175741593, 0.22788470175741593, 0.22788470175741593, 0.22788470175741593, 0.22788470175741593, 0.22788470175741593, 0.22788470175741593, 0.22788470175741593, 0.22788470175741593, 0.22788470175741593, 0.22788470175741593, 0.22788470175741593, 0.22788470175741593, 0.22788470175741593, 0.22788470175741593, 0.22788470175741593, 0.22788470175741593, 0.22788470175741593, 0.22788470175741593, 0.22788470175741593, 0.22788470175741593, 0.22788470175741593, 0.22788470175741593, 0.22788470175741593, 0.22788470175741593, 0.22788470175741593, 0.22788470175741593, 0.22788470175741593, 0.22788470175741593, 0.22788470175741593, 0.22788470175741593, 0.22788470175741593, 0.22788470175741593, 0.22788470175741593, 0.22788470175741593, 0.22788470175741593, 0.22788470175741593, 0.22788470175741593, 0.22788470175741593, 0.22788470175741593, 0.22788470175741593, 0.22788470175741593, 0.22788470175741593, 0.22788470175741593, 0.22788470175741593, 0.22788470175741593, 0.22788470175741593, 0.22788470175741593, 0.22788470175741593, 0.22788470175741593, 0.22788470175741593, 0.22788470175741593, 0.22788470175741593, 0.22788470175741593, 0.22788470175741593, 0.22788470175741593, 0.22788470175741593, 0.22788470175741593, 0.22788470175741593, 0.22788470175741593, 0.22788470175741593, 0.22788470175741593, 0.22788470175741593, 0.22788470175741593, 0.22788470175741593, 0.22788470175741593, 0.22788470175741593]",37,train,3
0.79,12,67,1,20,100,4,1,1,1,0,0,0,0,0,1,0,1,0,0,"(array([0.4923251 , 0.56380147]), array([0.83098012, 0.81286216]), array([0.16867831, 0.18998617]), array([0.49411666, 0.42501032]))","['GPM (8B)', 'QwenPRM_avg_scores (7.63B)']","[0.22788470175741593, 0.22788470175741593, 0.22788470175741593, 0.22788470175741593, 0.6261897066849236, 0.22788470175741593, 0.22788470175741593, 0.22788470175741593, 0.22788470175741593, 0.22788470175741593, 0.22788470175741593, 0.22788470175741593, 0.22788470175741593, 0.22788470175741593, 0.22788470175741593, 0.22788470175741593, 0.6261897066849236, 0.22788470175741593, 0.22788470175741593, 0.22788470175741593, 0.22788470175741593, 0.22788470175741593, 0.6261897066849236, 0.22788470175741593, 0.22788470175741593, 0.22788470175741593, 0.22788470175741593, 0.22788470175741593, 0.22788470175741593, 0.22788470175741593, 0.6261897066849236, 0.22788470175741593, 0.22788470175741593, 0.22788470175741593, 0.22788470175741593, 0.22788470175741593, 0.22788470175741593, 0.22788470175741593, 0.22788470175741593, 0.22788470175741593, 0.22788470175741593, 0.22788470175741593, 0.6261897066849236, 0.22788470175741593, 0.22788470175741593, 0.22788470175741593, 0.22788470175741593, 0.22788470175741593, 0.22788470175741593, 0.22788470175741593, 0.22788470175741593, 0.22788470175741593, 0.22788470175741593, 0.6261897066849236, 0.22788470175741593, 0.6261897066849236, 0.22788470175741593, 0.22788470175741593, 0.22788470175741593, 0.22788470175741593, 0.22788470175741593, 0.22788470175741593, 0.6261897066849236, 0.22788470175741593, 0.22788470175741593, 0.6261897066849236, 0.22788470175741593, 0.22788470175741593, 0.6261897066849236, 0.22788470175741593, 0.22788470175741593, 0.22788470175741593, 0.22788470175741593, 0.22788470175741593, 0.22788470175741593, 0.22788470175741593, 0.22788470175741593, 0.22788470175741593, 0.22788470175741593, 0.22788470175741593, 0.22788470175741593, 0.22788470175741593, 0.22788470175741593, 0.22788470175741593, 0.22788470175741593, 0.22788470175741593, 0.6261897066849236, 0.22788470175741593, 0.22788470175741593, 0.22788470175741593, 0.6261897066849236, 0.22788470175741593, 0.6261897066849236, 0.22788470175741593, 0.22788470175741593, 0.22788470175741593, 0.22788470175741593, 0.22788470175741593, 0.22788470175741593, 0.22788470175741593]",38,train,3
0.95,3,92,3,2,100,5,0,1,0,0,0,1,0,0,1,0,1,0,0,"(array([0.4923251 , 0.56380147]), array([0.83098012, 0.81286216]), array([0.16867831, 0.18998617]), array([0.49411666, 0.42501032]))","['GPM (8B)', 'QwenPRM_avg_scores (7.63B)']","[0.22788470175741593, 0.22788470175741593, 0.22788470175741593, 0.22788470175741593, 0.22788470175741593, 0.6261897066849236, 0.22788470175741593, 0.22788470175741593, 0.22788470175741593, 0.22788470175741593, 0.22788470175741593, 0.22788470175741593, 0.22788470175741593, 0.22788470175741593, 0.22788470175741593, 0.22788470175741593, 0.22788470175741593, 0.22788470175741593, 0.22788470175741593, 0.22788470175741593, 0.22788470175741593, 0.22788470175741593, 0.22788470175741593, 0.22788470175741593, 0.22788470175741593, 0.22788470175741593, 0.22788470175741593, 0.22788470175741593, 0.6261897066849236, 0.22788470175741593, 0.22788470175741593, 0.22788470175741593, 0.22788470175741593, 0.22788470175741593, 0.22788470175741593, 0.22788470175741593, 0.22788470175741593, 0.22788470175741593, 0.22788470175741593, 0.22788470175741593, 0.22788470175741593, 0.22788470175741593, 0.22788470175741593, 0.22788470175741593, 0.22788470175741593, 0.22788470175741593, 0.22788470175741593, 0.22788470175741593, 0.22788470175741593, 0.22788470175741593, 0.22788470175741593, 0.22788470175741593, 0.22788470175741593, 0.22788470175741593, 0.22788470175741593, 0.22788470175741593, 0.6261897066849236, 0.22788470175741593, 0.22788470175741593, 0.22788470175741593, 0.22788470175741593, 0.22788470175741593, 0.22788470175741593, 0.22788470175741593, 0.22788470175741593, 0.22788470175741593, 0.22788470175741593, 0.22788470175741593, 0.6261897066849236, 0.22788470175741593, 0.22788470175741593, 0.22788470175741593, 0.22788470175741593, 0.22788470175741593, 0.22788470175741593, 0.22788470175741593, 0.22788470175741593, 0.22788470175741593, 0.22788470175741593, 0.22788470175741593, 0.22788470175741593, 0.22788470175741593, 0.22788470175741593, 0.22788470175741593, 0.22788470175741593, 0.22788470175741593, 0.22788470175741593, 0.22788470175741593, 0.22788470175741593, 0.22788470175741593, 0.22788470175741593, 0.22788470175741593, 0.6261897066849236, 0.22788470175741593, 0.22788470175741593, 0.22788470175741593, 0.22788470175741593, 0.22788470175741593, 0.6261897066849236, 0.22788470175741593]",39,train,0
0.71,33,38,5,24,100,85,1,1,1,0,0,0,85,1,1,1,0,0,0,"(array([0.4923251 , 0.56380147]), array([0.83098012, 0.81286216]), array([0.16867831, 0.18998617]), array([0.49411666, 0.42501032]))","['GPM (8B)', 'QwenPRM_avg_scores (7.63B)']","[0.22788470175741593, 0.22788470175741593, 0.22788470175741593, 0.22788470175741593, 0.22788470175741593, 0.22788470175741593, 0.5916247156102313, 0.6261897066849236, 0.22788470175741593, 0.22788470175741593, 0.6261897066849236, 0.5916247156102313, 0.6261897066849236, 0.22788470175741593, 0.22788470175741593, 0.6261897066849236, 0.6261897066849236, 0.22788470175741593, 0.22788470175741593, 0.22788470175741593, 0.22788470175741593, 0.6261897066849236, 0.22788470175741593, 0.22788470175741593, 0.22788470175741593, 0.6261897066849236, 0.22788470175741593, 0.22788470175741593, 0.22788470175741593, 0.22788470175741593, 0.6261897066849236, 0.22788470175741593, 0.22788470175741593, 0.22788470175741593, 0.6261897066849236, 0.22788470175741593, 0.22788470175741593, 0.6261897066849236, 0.22788470175741593, 0.6261897066849236, 0.6261897066849236, 0.5916247156102313, 0.6261897066849236, 0.22788470175741593, 0.22788470175741593, 0.22788470175741593, 0.22788470175741593, 0.5916247156102313, 0.22788470175741593, 0.6261897066849236, 0.22788470175741593, 0.22788470175741593, 0.22788470175741593, 0.22788470175741593, 0.6261897066849236, 0.22788470175741593, 0.22788470175741593, 0.6261897066849236, 0.22788470175741593, 0.6261897066849236, 0.22788470175741593, 0.22788470175741593, 0.22788470175741593, 0.22788470175741593, 0.5916247156102313, 0.22788470175741593, 0.22788470175741593, 0.22788470175741593, 0.22788470175741593, 0.22788470175741593, 0.22788470175741593, 0.22788470175741593, 0.22788470175741593, 0.6261897066849236, 0.6261897066849236, 0.22788470175741593, 0.6261897066849236, 0.22788470175741593, 0.22788470175741593, 0.22788470175741593, 0.22788470175741593, 0.22788470175741593, 0.6261897066849236, 0.6261897066849236, 0.22788470175741593, 0.8915705619074875, 0.6261897066849236, 0.6261897066849236, 0.8915705619074875, 0.22788470175741593, 0.6261897066849236, 0.8915705619074875, 0.6261897066849236, 0.5916247156102313, 0.22788470175741593, 0.5916247156102313, 0.6261897066849236, 0.22788470175741593, 0.22788470175741593, 0.6261897066849236]",40,train,5
0.73,11,62,13,14,100,1,0,1,0,0,0,1,0,0,1,0,1,0,0,"(array([0.4923251 , 0.56380147]), array([0.83098012, 0.81286216]), array([0.16867831, 0.18998617]), array([0.49411666, 0.42501032]))","['GPM (8B)', 'QwenPRM_avg_scores (7.63B)']","[0.22788470175741593, 0.6261897066849236, 0.22788470175741593, 0.22788470175741593, 0.22788470175741593, 0.22788470175741593, 0.22788470175741593, 0.6261897066849236, 0.5916247156102313, 0.22788470175741593, 0.22788470175741593, 0.22788470175741593, 0.6261897066849236, 0.22788470175741593, 0.22788470175741593, 0.22788470175741593, 0.5916247156102313, 0.22788470175741593, 0.22788470175741593, 0.5916247156102313, 0.22788470175741593, 0.22788470175741593, 0.22788470175741593, 0.6261897066849236, 0.22788470175741593, 0.22788470175741593, 0.22788470175741593, 0.22788470175741593, 0.22788470175741593, 0.22788470175741593, 0.5916247156102313, 0.6261897066849236, 0.22788470175741593, 0.22788470175741593, 0.22788470175741593, 0.6261897066849236, 0.22788470175741593, 0.22788470175741593, 0.22788470175741593, 0.22788470175741593, 0.22788470175741593, 0.22788470175741593, 0.22788470175741593, 0.22788470175741593, 0.22788470175741593, 0.6261897066849236, 0.6261897066849236, 0.6261897066849236, 0.22788470175741593, 0.22788470175741593, 0.22788470175741593, 0.22788470175741593, 0.6261897066849236, 0.6261897066849236, 0.22788470175741593, 0.22788470175741593, 0.22788470175741593, 0.22788470175741593, 0.6261897066849236, 0.22788470175741593, 0.6261897066849236, 0.22788470175741593, 0.22788470175741593, 0.22788470175741593, 0.22788470175741593, 0.22788470175741593, 0.22788470175741593, 0.22788470175741593, 0.22788470175741593, 0.22788470175741593, 0.6261897066849236, 0.22788470175741593, 0.22788470175741593, 0.6261897066849236, 0.6261897066849236, 0.22788470175741593, 0.22788470175741593, 0.22788470175741593, 0.22788470175741593, 0.22788470175741593, 0.22788470175741593, 0.22788470175741593, 0.22788470175741593, 0.22788470175741593, 0.22788470175741593, 0.22788470175741593, 0.22788470175741593, 0.22788470175741593, 0.6261897066849236, 0.22788470175741593, 0.22788470175741593, 0.22788470175741593, 0.22788470175741593, 0.22788470175741593, 0.22788470175741593, 0.6261897066849236, 0.5916247156102313, 0.6261897066849236, 0.22788470175741593, 0.22788470175741593]",41,train,2
0.86,0,86,0,14,100,0,0,1,0,0,0,1,0,0,1,0,1,0,0,"(array([0.4923251 , 0.56380147]), array([0.83098012, 0.81286216]), array([0.16867831, 0.18998617]), array([0.49411666, 0.42501032]))","['GPM (8B)', 'QwenPRM_avg_scores (7.63B)']","[0.22788470175741593, 0.22788470175741593, 0.22788470175741593, 0.22788470175741593, 0.22788470175741593, 0.22788470175741593, 0.22788470175741593, 0.22788470175741593, 0.22788470175741593, 0.22788470175741593, 0.22788470175741593, 0.22788470175741593, 0.22788470175741593, 0.22788470175741593, 0.22788470175741593, 0.22788470175741593, 0.22788470175741593, 0.22788470175741593, 0.22788470175741593, 0.22788470175741593, 0.22788470175741593, 0.22788470175741593, 0.22788470175741593, 0.22788470175741593, 0.22788470175741593, 0.22788470175741593, 0.22788470175741593, 0.22788470175741593, 0.22788470175741593, 0.22788470175741593, 0.22788470175741593, 0.22788470175741593, 0.22788470175741593, 0.22788470175741593, 0.22788470175741593, 0.22788470175741593, 0.22788470175741593, 0.22788470175741593, 0.22788470175741593, 0.22788470175741593, 0.22788470175741593, 0.22788470175741593, 0.22788470175741593, 0.22788470175741593, 0.22788470175741593, 0.22788470175741593, 0.22788470175741593, 0.22788470175741593, 0.22788470175741593, 0.22788470175741593, 0.22788470175741593, 0.22788470175741593, 0.22788470175741593, 0.22788470175741593, 0.22788470175741593, 0.22788470175741593, 0.22788470175741593, 0.22788470175741593, 0.22788470175741593, 0.22788470175741593, 0.22788470175741593, 0.22788470175741593, 0.22788470175741593, 0.22788470175741593, 0.22788470175741593, 0.22788470175741593, 0.22788470175741593, 0.22788470175741593, 0.22788470175741593, 0.22788470175741593, 0.22788470175741593, 0.22788470175741593, 0.22788470175741593, 0.22788470175741593, 0.22788470175741593, 0.22788470175741593, 0.22788470175741593, 0.22788470175741593, 0.22788470175741593, 0.22788470175741593, 0.22788470175741593, 0.22788470175741593, 0.22788470175741593, 0.22788470175741593, 0.22788470175741593, 0.22788470175741593, 0.22788470175741593, 0.22788470175741593, 0.22788470175741593, 0.22788470175741593, 0.22788470175741593, 0.22788470175741593, 0.22788470175741593, 0.22788470175741593, 0.22788470175741593, 0.22788470175741593, 0.22788470175741593, 0.22788470175741593, 0.22788470175741593, 0.22788470175741593]",42,train,1
0.78,63,15,0,22,100,13,1,1,1,0,0,0,13,1,1,1,0,0,0,"(array([0.4923251 , 0.56380147]), array([0.83098012, 0.81286216]), array([0.16867831, 0.18998617]), array([0.49411666, 0.42501032]))","['GPM (8B)', 'QwenPRM_avg_scores (7.63B)']","[0.6261897066849236, 0.6261897066849236, 0.6261897066849236, 0.22788470175741593, 0.6261897066849236, 0.22788470175741593, 0.22788470175741593, 0.6261897066849236, 0.22788470175741593, 0.22788470175741593, 0.22788470175741593, 0.6261897066849236, 0.22788470175741593, 0.8915705619074875, 0.6261897066849236, 0.22788470175741593, 0.6261897066849236, 0.6261897066849236, 0.6261897066849236, 0.6261897066849236, 0.6261897066849236, 0.22788470175741593, 0.8915705619074875, 0.22788470175741593, 0.6261897066849236, 0.22788470175741593, 0.6261897066849236, 0.6261897066849236, 0.22788470175741593, 0.6261897066849236, 0.22788470175741593, 0.6261897066849236, 0.6261897066849236, 0.6261897066849236, 0.22788470175741593, 0.22788470175741593, 0.6261897066849236, 0.22788470175741593, 0.6261897066849236, 0.8915705619074875, 0.22788470175741593, 0.6261897066849236, 0.6261897066849236, 0.6261897066849236, 0.22788470175741593, 0.22788470175741593, 0.6261897066849236, 0.8915705619074875, 0.22788470175741593, 0.6261897066849236, 0.6261897066849236, 0.22788470175741593, 0.22788470175741593, 0.22788470175741593, 0.6261897066849236, 0.6261897066849236, 0.22788470175741593, 0.6261897066849236, 0.6261897066849236, 0.6261897066849236, 0.6261897066849236, 0.6261897066849236, 0.22788470175741593, 0.6261897066849236, 0.22788470175741593, 0.6261897066849236, 0.6261897066849236, 0.22788470175741593, 0.5916247156102313, 0.6261897066849236, 0.22788470175741593, 0.6261897066849236, 0.6261897066849236, 0.22788470175741593, 0.6261897066849236, 0.6261897066849236, 0.22788470175741593, 0.22788470175741593, 0.8915705619074875, 0.8915705619074875, 0.6261897066849236, 0.6261897066849236, 0.6261897066849236, 0.6261897066849236, 0.5916247156102313, 0.8915705619074875, 0.6261897066849236, 0.22788470175741593, 0.22788470175741593, 0.22788470175741593, 0.22788470175741593, 0.6261897066849236, 0.6261897066849236, 0.6261897066849236, 0.22788470175741593, 0.22788470175741593, 0.6261897066849236, 0.6261897066849236, 0.6261897066849236, 0.6261897066849236]",43,train,8
0.72,13,59,11,17,100,0,0,1,0,0,0,1,1,0,1,0,1,0,0,"(array([0.4923251 , 0.56380147]), array([0.83098012, 0.81286216]), array([0.16867831, 0.18998617]), array([0.49411666, 0.42501032]))","['GPM (8B)', 'QwenPRM_avg_scores (7.63B)']","[0.6261897066849236, 0.22788470175741593, 0.22788470175741593, 0.6261897066849236, 0.6261897066849236, 0.22788470175741593, 0.22788470175741593, 0.22788470175741593, 0.6261897066849236, 0.6261897066849236, 0.22788470175741593, 0.22788470175741593, 0.22788470175741593, 0.22788470175741593, 0.22788470175741593, 0.22788470175741593, 0.22788470175741593, 0.22788470175741593, 0.22788470175741593, 0.6261897066849236, 0.22788470175741593, 0.22788470175741593, 0.22788470175741593, 0.22788470175741593, 0.6261897066849236, 0.22788470175741593, 0.6261897066849236, 0.22788470175741593, 0.6261897066849236, 0.22788470175741593, 0.22788470175741593, 0.22788470175741593, 0.22788470175741593, 0.22788470175741593, 0.22788470175741593, 0.22788470175741593, 0.22788470175741593, 0.22788470175741593, 0.22788470175741593, 0.22788470175741593, 0.22788470175741593, 0.22788470175741593, 0.6261897066849236, 0.22788470175741593, 0.22788470175741593, 0.22788470175741593, 0.22788470175741593, 0.6261897066849236, 0.22788470175741593, 0.22788470175741593, 0.22788470175741593, 0.22788470175741593, 0.6261897066849236, 0.6261897066849236, 0.22788470175741593, 0.22788470175741593, 0.22788470175741593, 0.22788470175741593, 0.22788470175741593, 0.6261897066849236, 0.22788470175741593, 0.22788470175741593, 0.22788470175741593, 0.22788470175741593, 0.6261897066849236, 0.22788470175741593, 0.22788470175741593, 0.22788470175741593, 0.22788470175741593, 0.22788470175741593, 0.22788470175741593, 0.22788470175741593, 0.22788470175741593, 0.22788470175741593, 0.22788470175741593, 0.22788470175741593, 0.22788470175741593, 0.22788470175741593, 0.22788470175741593, 0.22788470175741593, 0.6261897066849236, 0.22788470175741593, 0.22788470175741593, 0.22788470175741593, 0.6261897066849236, 0.22788470175741593, 0.22788470175741593, 0.22788470175741593, 0.6261897066849236, 0.22788470175741593, 0.6261897066849236, 0.6261897066849236, 0.22788470175741593, 0.22788470175741593, 0.6261897066849236, 0.6261897066849236, 0.22788470175741593, 0.6261897066849236, 0.6261897066849236, 0.22788470175741593]",44,train,2
0.56,53,3,0,44,100,3,1,1,1,0,0,0,3,1,1,1,0,0,0,"(array([0.4923251 , 0.56380147]), array([0.83098012, 0.81286216]), array([0.16867831, 0.18998617]), array([0.49411666, 0.42501032]))","['GPM (8B)', 'QwenPRM_avg_scores (7.63B)']","[0.6261897066849236, 0.22788470175741593, 0.6261897066849236, 0.8915705619074875, 0.22788470175741593, 0.22788470175741593, 0.22788470175741593, 0.6261897066849236, 0.8915705619074875, 0.6261897066849236, 0.6261897066849236, 0.6261897066849236, 0.22788470175741593, 0.5916247156102313, 0.22788470175741593, 0.22788470175741593, 0.22788470175741593, 0.22788470175741593, 0.8915705619074875, 0.6261897066849236, 0.8915705619074875, 0.8915705619074875, 0.5916247156102313, 0.22788470175741593, 0.6261897066849236, 0.6261897066849236, 0.22788470175741593, 0.6261897066849236, 0.22788470175741593, 0.22788470175741593, 0.22788470175741593, 0.22788470175741593, 0.22788470175741593, 0.22788470175741593, 0.5916247156102313, 0.6261897066849236, 0.22788470175741593, 0.22788470175741593, 0.22788470175741593, 0.22788470175741593, 0.6261897066849236, 0.22788470175741593, 0.22788470175741593, 0.8915705619074875, 0.5916247156102313, 0.5916247156102313, 0.5916247156102313, 0.22788470175741593, 0.5916247156102313, 0.22788470175741593, 0.8915705619074875, 0.8915705619074875, 0.22788470175741593, 0.6261897066849236, 0.22788470175741593, 0.6261897066849236, 0.6261897066849236, 0.5916247156102313, 0.22788470175741593, 0.22788470175741593, 0.5916247156102313, 0.22788470175741593, 0.22788470175741593, 0.5916247156102313, 0.22788470175741593, 0.22788470175741593, 0.5916247156102313, 0.22788470175741593, 0.6261897066849236, 0.22788470175741593, 0.6261897066849236, 0.6261897066849236, 0.22788470175741593, 0.22788470175741593, 0.5916247156102313, 0.22788470175741593, 0.22788470175741593, 0.5916247156102313, 0.22788470175741593, 0.8915705619074875, 0.6261897066849236, 0.22788470175741593, 0.22788470175741593, 0.6261897066849236, 0.8915705619074875, 0.6261897066849236, 0.22788470175741593, 0.22788470175741593, 0.22788470175741593, 0.8915705619074875, 0.6261897066849236, 0.22788470175741593, 0.6261897066849236, 0.6261897066849236, 0.8915705619074875, 0.6261897066849236, 0.6261897066849236, 0.22788470175741593, 0.6261897066849236, 0.6261897066849236]",45,train,9
0.62,59,3,12,26,100,23,1,1,1,0,0,0,23,1,1,1,0,0,0,"(array([0.4923251 , 0.56380147]), array([0.83098012, 0.81286216]), array([0.16867831, 0.18998617]), array([0.49411666, 0.42501032]))","['GPM (8B)', 'QwenPRM_avg_scores (7.63B)']","[0.22788470175741593, 0.5916247156102313, 0.5916247156102313, 0.22788470175741593, 0.5916247156102313, 0.5916247156102313, 0.22788470175741593, 0.5916247156102313, 0.5916247156102313, 0.5916247156102313, 0.22788470175741593, 0.22788470175741593, 0.5916247156102313, 0.22788470175741593, 0.22788470175741593, 0.22788470175741593, 0.5916247156102313, 0.5916247156102313, 0.6261897066849236, 0.6261897066849236, 0.5916247156102313, 0.5916247156102313, 0.5916247156102313, 0.8915705619074875, 0.6261897066849236, 0.5916247156102313, 0.22788470175741593, 0.5916247156102313, 0.5916247156102313, 0.22788470175741593, 0.5916247156102313, 0.22788470175741593, 0.5916247156102313, 0.5916247156102313, 0.5916247156102313, 0.22788470175741593, 0.5916247156102313, 0.8915705619074875, 0.5916247156102313, 0.5916247156102313, 0.5916247156102313, 0.5916247156102313, 0.5916247156102313, 0.5916247156102313, 0.5916247156102313, 0.5916247156102313, 0.22788470175741593, 0.5916247156102313, 0.22788470175741593, 0.22788470175741593, 0.5916247156102313, 0.5916247156102313, 0.5916247156102313, 0.5916247156102313, 0.5916247156102313, 0.5916247156102313, 0.6261897066849236, 0.5916247156102313, 0.5916247156102313, 0.5916247156102313, 0.5916247156102313, 0.5916247156102313, 0.5916247156102313, 0.5916247156102313, 0.5916247156102313, 0.5916247156102313, 0.8915705619074875, 0.6261897066849236, 0.22788470175741593, 0.22788470175741593, 0.5916247156102313, 0.5916247156102313, 0.22788470175741593, 0.8915705619074875, 0.22788470175741593, 0.5916247156102313, 0.5916247156102313, 0.5916247156102313, 0.5916247156102313, 0.5916247156102313, 0.22788470175741593, 0.6261897066849236, 0.5916247156102313, 0.22788470175741593, 0.22788470175741593, 0.5916247156102313, 0.22788470175741593, 0.22788470175741593, 0.5916247156102313, 0.5916247156102313, 0.22788470175741593, 0.6261897066849236, 0.22788470175741593, 0.22788470175741593, 0.5916247156102313, 0.5916247156102313, 0.5916247156102313, 0.5916247156102313, 0.22788470175741593, 0.22788470175741593]",46,train,8
0.85,21,64,2,13,100,77,1,1,1,0,0,0,77,1,1,1,0,0,0,"(array([0.4923251 , 0.56380147]), array([0.83098012, 0.81286216]), array([0.16867831, 0.18998617]), array([0.49411666, 0.42501032]))","['GPM (8B)', 'QwenPRM_avg_scores (7.63B)']","[0.22788470175741593, 0.6261897066849236, 0.22788470175741593, 0.22788470175741593, 0.22788470175741593, 0.22788470175741593, 0.22788470175741593, 0.22788470175741593, 0.22788470175741593, 0.6261897066849236, 0.22788470175741593, 0.5916247156102313, 0.6261897066849236, 0.22788470175741593, 0.5916247156102313, 0.22788470175741593, 0.22788470175741593, 0.22788470175741593, 0.6261897066849236, 0.22788470175741593, 0.22788470175741593, 0.22788470175741593, 0.22788470175741593, 0.22788470175741593, 0.22788470175741593, 0.22788470175741593, 0.22788470175741593, 0.22788470175741593, 0.22788470175741593, 0.22788470175741593, 0.22788470175741593, 0.22788470175741593, 0.22788470175741593, 0.22788470175741593, 0.6261897066849236, 0.22788470175741593, 0.22788470175741593, 0.22788470175741593, 0.22788470175741593, 0.6261897066849236, 0.22788470175741593, 0.22788470175741593, 0.6261897066849236, 0.6261897066849236, 0.22788470175741593, 0.22788470175741593, 0.22788470175741593, 0.22788470175741593, 0.22788470175741593, 0.22788470175741593, 0.22788470175741593, 0.22788470175741593, 0.6261897066849236, 0.22788470175741593, 0.22788470175741593, 0.22788470175741593, 0.22788470175741593, 0.6261897066849236, 0.22788470175741593, 0.6261897066849236, 0.22788470175741593, 0.6261897066849236, 0.22788470175741593, 0.22788470175741593, 0.22788470175741593, 0.6261897066849236, 0.22788470175741593, 0.22788470175741593, 0.22788470175741593, 0.22788470175741593, 0.22788470175741593, 0.22788470175741593, 0.22788470175741593, 0.22788470175741593, 0.22788470175741593, 0.6261897066849236, 0.6261897066849236, 0.8915705619074875, 0.22788470175741593, 0.22788470175741593, 0.22788470175741593, 0.22788470175741593, 0.22788470175741593, 0.22788470175741593, 0.8915705619074875, 0.22788470175741593, 0.22788470175741593, 0.22788470175741593, 0.22788470175741593, 0.22788470175741593, 0.22788470175741593, 0.22788470175741593, 0.22788470175741593, 0.22788470175741593, 0.22788470175741593, 0.6261897066849236, 0.5916247156102313, 0.6261897066849236, 0.6261897066849236, 0.22788470175741593]",47,train,3
0.75,75,0,0,25,100,15,1,1,1,0,0,0,15,1,1,1,0,0,0,"(array([0.4923251 , 0.56380147]), array([0.83098012, 0.81286216]), array([0.16867831, 0.18998617]), array([0.49411666, 0.42501032]))","['GPM (8B)', 'QwenPRM_avg_scores (7.63B)']","[0.6261897066849236, 0.6261897066849236, 0.6261897066849236, 0.6261897066849236, 0.6261897066849236, 0.5916247156102313, 0.6261897066849236, 0.6261897066849236, 0.6261897066849236, 0.6261897066849236, 0.6261897066849236, 0.22788470175741593, 0.6261897066849236, 0.6261897066849236, 0.6261897066849236, 0.8915705619074875, 0.8915705619074875, 0.6261897066849236, 0.6261897066849236, 0.6261897066849236, 0.6261897066849236, 0.22788470175741593, 0.22788470175741593, 0.22788470175741593, 0.6261897066849236, 0.6261897066849236, 0.6261897066849236, 0.22788470175741593, 0.22788470175741593, 0.6261897066849236, 0.6261897066849236, 0.22788470175741593, 0.6261897066849236, 0.6261897066849236, 0.6261897066849236, 0.6261897066849236, 0.6261897066849236, 0.6261897066849236, 0.6261897066849236, 0.6261897066849236, 0.6261897066849236, 0.6261897066849236, 0.6261897066849236, 0.22788470175741593, 0.22788470175741593, 0.6261897066849236, 0.6261897066849236, 0.6261897066849236, 0.22788470175741593, 0.6261897066849236, 0.22788470175741593, 0.22788470175741593, 0.22788470175741593, 0.22788470175741593, 0.22788470175741593, 0.6261897066849236, 0.6261897066849236, 0.6261897066849236, 0.22788470175741593, 0.22788470175741593, 0.6261897066849236, 0.6261897066849236, 0.6261897066849236, 0.6261897066849236, 0.6261897066849236, 0.6261897066849236, 0.22788470175741593, 0.6261897066849236, 0.22788470175741593, 0.6261897066849236, 0.6261897066849236, 0.6261897066849236, 0.6261897066849236, 0.6261897066849236, 0.6261897066849236, 0.6261897066849236, 0.6261897066849236, 0.6261897066849236, 0.6261897066849236, 0.6261897066849236, 0.22788470175741593, 0.6261897066849236, 0.6261897066849236, 0.6261897066849236, 0.6261897066849236, 0.22788470175741593, 0.6261897066849236, 0.6261897066849236, 0.6261897066849236, 0.6261897066849236, 0.22788470175741593, 0.6261897066849236, 0.6261897066849236, 0.6261897066849236, 0.22788470175741593, 0.6261897066849236, 0.22788470175741593, 0.6261897066849236, 0.6261897066849236, 0.22788470175741593]",48,train,9
0.88,1,87,12,0,100,67,1,1,1,0,0,0,0,0,1,0,1,0,0,"(array([0.4923251 , 0.56380147]), array([0.83098012, 0.81286216]), array([0.16867831, 0.18998617]), array([0.49411666, 0.42501032]))","['GPM (8B)', 'QwenPRM_avg_scores (7.63B)']","[0.22788470175741593, 0.22788470175741593, 0.22788470175741593, 0.22788470175741593, 0.22788470175741593, 0.5916247156102313, 0.22788470175741593, 0.22788470175741593, 0.22788470175741593, 0.22788470175741593, 0.22788470175741593, 0.22788470175741593, 0.22788470175741593, 0.22788470175741593, 0.22788470175741593, 0.22788470175741593, 0.5916247156102313, 0.22788470175741593, 0.22788470175741593, 0.22788470175741593, 0.22788470175741593, 0.22788470175741593, 0.22788470175741593, 0.5916247156102313, 0.22788470175741593, 0.22788470175741593, 0.22788470175741593, 0.22788470175741593, 0.22788470175741593, 0.22788470175741593, 0.22788470175741593, 0.22788470175741593, 0.22788470175741593, 0.5916247156102313, 0.22788470175741593, 0.22788470175741593, 0.22788470175741593, 0.22788470175741593, 0.22788470175741593, 0.22788470175741593, 0.22788470175741593, 0.22788470175741593, 0.22788470175741593, 0.22788470175741593, 0.22788470175741593, 0.22788470175741593, 0.22788470175741593, 0.22788470175741593, 0.5916247156102313, 0.22788470175741593, 0.22788470175741593, 0.22788470175741593, 0.22788470175741593, 0.22788470175741593, 0.22788470175741593, 0.22788470175741593, 0.22788470175741593, 0.22788470175741593, 0.5916247156102313, 0.22788470175741593, 0.22788470175741593, 0.22788470175741593, 0.22788470175741593, 0.22788470175741593, 0.22788470175741593, 0.22788470175741593, 0.22788470175741593, 0.6261897066849236, 0.22788470175741593, 0.22788470175741593, 0.22788470175741593, 0.22788470175741593, 0.22788470175741593, 0.5916247156102313, 0.5916247156102313, 0.22788470175741593, 0.22788470175741593, 0.22788470175741593, 0.22788470175741593, 0.6261897066849236, 0.22788470175741593, 0.22788470175741593, 0.5916247156102313, 0.22788470175741593, 0.22788470175741593, 0.22788470175741593, 0.5916247156102313, 0.5916247156102313, 0.22788470175741593, 0.22788470175741593, 0.22788470175741593, 0.22788470175741593, 0.22788470175741593, 0.22788470175741593, 0.22788470175741593, 0.22788470175741593, 0.22788470175741593, 0.22788470175741593, 0.22788470175741593, 0.22788470175741593]",49,train,0
