sample_accuracy,sample_tp,sample_tn,sample_fp,sample_fn,num_samples,top1_idx,top1_positive,has_positive,top1_tp,top1_fp,top1_tn,top1_fn,prediction_idx,prediction_class,prediction_accuracy,prediction_tp,prediction_tn,prediction_fp,prediction_fn,model_params,verifier_subset,weaver_sample_scores,problem,set,difficulty
0.54,48,6,0,46,100,2,1,1,1,0,0,0,2,1,1,1,0,0,0,"(array([0.42261663, 0.53634328, 0.52387708, 0.44957253, 0.67460543,
       0.81498343]), array([0.92033124, 0.89164966, 0.89014596, 0.93400788, 0.74166667,
       0.54648751]), array([0.09113782, 0.12242837, 0.12369395, 0.07781551, 0.27339852,
       0.46693623]), array([0.56846189, 0.45712551, 0.46941465, 0.54207653, 0.3209433 ,
       0.18121529]))","['GPM (8B)', 'QwenPRM_avg_scores (7.63B)', 'EurusPRMStage2_min_scores (7.62B)', 'QwenPRM_min_scores (7.63B)', 'EurusPRMStage1_min_scores (7.62B)', 'QwenPRM_max_scores (7.63B)']","[0.34283824611990676, 0.3581925108715857, 0.9963194757006573, 0.10137850689362989, 0.06497544174327649, 0.7608991030981352, 0.9963194757006573, 0.01303027016869065, 0.7608991030981352, 0.06497544174327649, 0.01303027016869065, 0.7608991030981352, 0.3581925108715857, 0.7608991030981352, 0.07001029000977886, 0.06497544174327649, 0.9963194757006573, 0.372571681035027, 0.372571681035027, 0.372571681035027, 0.06497544174327649, 0.7484121349047994, 0.372571681035027, 0.01303027016869065, 0.7608991030981352, 0.372571681035027, 0.34283824611990676, 0.3581925108715857, 0.7608991030981352, 0.06497544174327649, 0.97118629455077, 0.2837917137083238, 0.7608991030981352, 0.372571681035027, 0.97118629455077, 0.2837917137083238, 0.7719989533076813, 0.01303027016869065, 0.7608991030981352, 0.34283824611990676, 0.9963194757006573, 0.7608991030981352, 0.97118629455077, 0.2837917137083238, 0.34283824611990676, 0.9793703356903635, 0.9963194757006573, 0.2837917137083238, 0.959825040524801, 0.7608991030981352, 0.3581925108715857, 0.9963194757006573, 0.7608991030981352, 0.06497544174327649, 0.3767923122373365, 0.01303027016869065, 0.9963194757006573, 0.8073176390723783, 0.06497544174327649, 0.372571681035027, 0.7484121349047994, 0.9963194757006573, 0.34283824611990676, 0.9621494743981969, 0.01303027016869065, 0.3581925108715857, 0.3581925108715857, 0.97118629455077, 0.9963194757006573, 0.34283824611990676, 0.2837917137083238, 0.97118629455077, 0.7608991030981352, 0.959825040524801, 0.2837917137083238, 0.8378310456920719, 0.9951255932587523, 0.06497544174327649, 0.34283824611990676, 0.7608991030981352, 0.7608991030981352, 0.7484121349047994, 0.3581925108715857, 0.2837917137083238, 0.97118629455077, 0.97118629455077, 0.09017727905987674, 0.34283824611990676, 0.97118629455077, 0.9960636573093521, 0.09017727905987674, 0.34283824611990676, 0.7484121349047994, 0.7608991030981352, 0.9963194757006573, 0.372571681035027, 0.34283824611990676, 0.3581925108715857, 0.9963194757006573, 0.9645308520952199]",0,train,9
0.83,75,8,0,17,100,3,1,1,1,0,0,0,3,1,1,1,0,0,0,"(array([0.42261663, 0.53634328, 0.52387708, 0.44957253, 0.67460543,
       0.81498343]), array([0.92033124, 0.89164966, 0.89014596, 0.93400788, 0.74166667,
       0.54648751]), array([0.09113782, 0.12242837, 0.12369395, 0.07781551, 0.27339852,
       0.46693623]), array([0.56846189, 0.45712551, 0.46941465, 0.54207653, 0.3209433 ,
       0.18121529]))","['GPM (8B)', 'QwenPRM_avg_scores (7.63B)', 'EurusPRMStage2_min_scores (7.62B)', 'QwenPRM_min_scores (7.63B)', 'EurusPRMStage1_min_scores (7.62B)', 'QwenPRM_max_scores (7.63B)']","[0.7719989533076813, 0.9779625085071056, 0.2837917137083238, 0.9995081794621024, 0.9645308520952199, 0.9963194757006573, 0.9963194757006573, 0.9963194757006573, 0.7719989533076813, 0.97118629455077, 0.7719989533076813, 0.97118629455077, 0.9963194757006573, 0.2837917137083238, 0.07001029000977886, 0.97118629455077, 0.7719989533076813, 0.7719989533076813, 0.9963194757006573, 0.9963194757006573, 0.9963194757006573, 0.9963194757006573, 0.01303027016869065, 0.7608991030981352, 0.97118629455077, 0.01303027016869065, 0.2837917137083238, 0.9779625085071056, 0.9963194757006573, 0.97118629455077, 0.816781471410704, 0.2837917137083238, 0.9963194757006573, 0.7608991030981352, 0.9963194757006573, 0.7719989533076813, 0.7977520985032779, 0.2837917137083238, 0.97118629455077, 0.7608991030981352, 0.97118629455077, 0.9645308520952199, 0.01303027016869065, 0.9963194757006573, 0.06497544174327649, 0.959825040524801, 0.9963194757006573, 0.97118629455077, 0.9995081794621024, 0.7719989533076813, 0.9963194757006573, 0.9963194757006573, 0.97118629455077, 0.372571681035027, 0.06497544174327649, 0.9645308520952199, 0.2837917137083238, 0.7719989533076813, 0.97118629455077, 0.97118629455077, 0.07001029000977886, 0.3767923122373365, 0.06497544174327649, 0.9645308520952199, 0.9963194757006573, 0.9960636573093521, 0.9963194757006573, 0.9645308520952199, 0.9963194757006573, 0.9963194757006573, 0.01303027016869065, 0.01303027016869065, 0.7484121349047994, 0.9960636573093521, 0.7608991030981352, 0.7719989533076813, 0.2837917137083238, 0.959825040524801, 0.97118629455077, 0.9621494743981969, 0.9960636573093521, 0.01303027016869065, 0.2837917137083238, 0.7719989533076813, 0.9645308520952199, 0.9963194757006573, 0.959825040524801, 0.9995081794621024, 0.9958128594440043, 0.2837917137083238, 0.9963194757006573, 0.7719989533076813, 0.2837917137083238, 0.9951255932587523, 0.01303027016869065, 0.9645308520952199, 0.9963194757006573, 0.9963194757006573, 0.2837917137083238, 0.9963194757006573]",1,train,9
0.46,14,32,0,54,100,17,1,1,1,0,0,0,17,1,1,1,0,0,0,"(array([0.42261663, 0.53634328, 0.52387708, 0.44957253, 0.67460543,
       0.81498343]), array([0.92033124, 0.89164966, 0.89014596, 0.93400788, 0.74166667,
       0.54648751]), array([0.09113782, 0.12242837, 0.12369395, 0.07781551, 0.27339852,
       0.46693623]), array([0.56846189, 0.45712551, 0.46941465, 0.54207653, 0.3209433 ,
       0.18121529]))","['GPM (8B)', 'QwenPRM_avg_scores (7.63B)', 'EurusPRMStage2_min_scores (7.62B)', 'QwenPRM_min_scores (7.63B)', 'EurusPRMStage1_min_scores (7.62B)', 'QwenPRM_max_scores (7.63B)']","[0.06497544174327649, 0.06497544174327649, 0.07001029000977886, 0.01303027016869065, 0.01303027016869065, 0.06497544174327649, 0.06497544174327649, 0.7608991030981352, 0.2837917137083238, 0.7608991030981352, 0.7608991030981352, 0.06497544174327649, 0.06497544174327649, 0.2837917137083238, 0.2837917137083238, 0.07001029000977886, 0.2837917137083238, 0.9963194757006573, 0.7608991030981352, 0.2837917137083238, 0.7608991030981352, 0.7608991030981352, 0.01303027016869065, 0.06497544174327649, 0.06497544174327649, 0.01303027016869065, 0.3581925108715857, 0.06497544174327649, 0.06497544174327649, 0.07001029000977886, 0.06497544174327649, 0.06497544174327649, 0.2837917137083238, 0.06497544174327649, 0.2837917137083238, 0.2837917137083238, 0.2837917137083238, 0.3581925108715857, 0.06497544174327649, 0.06497544174327649, 0.2837917137083238, 0.2837917137083238, 0.2837917137083238, 0.2837917137083238, 0.2837917137083238, 0.06497544174327649, 0.2837917137083238, 0.01303027016869065, 0.2837917137083238, 0.07001029000977886, 0.01303027016869065, 0.7608991030981352, 0.06497544174327649, 0.06497544174327649, 0.2837917137083238, 0.07001029000977886, 0.07001029000977886, 0.06497544174327649, 0.06497544174327649, 0.01303027016869065, 0.7608991030981352, 0.7608991030981352, 0.06497544174327649, 0.2837917137083238, 0.2837917137083238, 0.2837917137083238, 0.2837917137083238, 0.2837917137083238, 0.01303027016869065, 0.07001029000977886, 0.06497544174327649, 0.2837917137083238, 0.2837917137083238, 0.3767923122373365, 0.01303027016869065, 0.01303027016869065, 0.06497544174327649, 0.06497544174327649, 0.2837917137083238, 0.06497544174327649, 0.2837917137083238, 0.2837917137083238, 0.7608991030981352, 0.01303027016869065, 0.06497544174327649, 0.2837917137083238, 0.7608991030981352, 0.3767923122373365, 0.01303027016869065, 0.06497544174327649, 0.07001029000977886, 0.2837917137083238, 0.2837917137083238, 0.06497544174327649, 0.7608991030981352, 0.7608991030981352, 0.2837917137083238, 0.06497544174327649, 0.06497544174327649, 0.2837917137083238]",2,train,6
0.78,49,29,0,22,100,19,1,1,1,0,0,0,19,1,1,1,0,0,0,"(array([0.42261663, 0.53634328, 0.52387708, 0.44957253, 0.67460543,
       0.81498343]), array([0.92033124, 0.89164966, 0.89014596, 0.93400788, 0.74166667,
       0.54648751]), array([0.09113782, 0.12242837, 0.12369395, 0.07781551, 0.27339852,
       0.46693623]), array([0.56846189, 0.45712551, 0.46941465, 0.54207653, 0.3209433 ,
       0.18121529]))","['GPM (8B)', 'QwenPRM_avg_scores (7.63B)', 'EurusPRMStage2_min_scores (7.62B)', 'QwenPRM_min_scores (7.63B)', 'EurusPRMStage1_min_scores (7.62B)', 'QwenPRM_max_scores (7.63B)']","[0.34283824611990676, 0.7484121349047994, 0.8194619320216672, 0.09017727905987674, 0.7484121349047994, 0.9963194757006573, 0.2837917137083238, 0.06497544174327649, 0.9963194757006573, 0.7719989533076813, 0.9621494743981969, 0.9960636573093521, 0.09017727905987674, 0.9645308520952199, 0.8284560266706076, 0.06497544174327649, 0.09017727905987674, 0.06497544174327649, 0.9963194757006573, 0.9995081794621024, 0.9809267680068897, 0.34283824611990676, 0.7608991030981352, 0.09017727905987674, 0.9963194757006573, 0.9809267680068897, 0.34283824611990676, 0.9793703356903635, 0.06497544174327649, 0.7484121349047994, 0.06497544174327649, 0.7484121349047994, 0.9995081794621024, 0.01303027016869065, 0.9960636573093521, 0.9963194757006573, 0.34283824611990676, 0.34283824611990676, 0.07001029000977886, 0.09017727905987674, 0.39146272798883036, 0.01303027016869065, 0.9960636573093521, 0.9963194757006573, 0.06497544174327649, 0.3767923122373365, 0.01303027016869065, 0.06497544174327649, 0.06497544174327649, 0.3767923122373365, 0.01303027016869065, 0.7608991030981352, 0.09017727905987674, 0.97118629455077, 0.7719989533076813, 0.9793703356903635, 0.06497544174327649, 0.06497544174327649, 0.9963194757006573, 0.9995081794621024, 0.7484121349047994, 0.34283824611990676, 0.34283824611990676, 0.09017727905987674, 0.7484121349047994, 0.06497544174327649, 0.9621494743981969, 0.9963194757006573, 0.34283824611990676, 0.7484121349047994, 0.09017727905987674, 0.7719989533076813, 0.06497544174327649, 0.4432143881658557, 0.9995081794621024, 0.7719989533076813, 0.9963194757006573, 0.3767923122373365, 0.8194619320216672, 0.9963194757006573, 0.9963194757006573, 0.816781471410704, 0.01303027016869065, 0.34283824611990676, 0.06497544174327649, 0.9963194757006573, 0.3767923122373365, 0.06497544174327649, 0.2837917137083238, 0.09017727905987674, 0.7719989533076813, 0.9963194757006573, 0.2837917137083238, 0.34283824611990676, 0.09017727905987674, 0.9960636573093521, 0.01303027016869065, 0.06497544174327649, 0.7719989533076813, 0.7484121349047994]",3,train,7
0.74,3,71,1,25,100,40,1,1,1,0,0,0,3,0,1,0,1,0,0,"(array([0.42261663, 0.53634328, 0.52387708, 0.44957253, 0.67460543,
       0.81498343]), array([0.92033124, 0.89164966, 0.89014596, 0.93400788, 0.74166667,
       0.54648751]), array([0.09113782, 0.12242837, 0.12369395, 0.07781551, 0.27339852,
       0.46693623]), array([0.56846189, 0.45712551, 0.46941465, 0.54207653, 0.3209433 ,
       0.18121529]))","['GPM (8B)', 'QwenPRM_avg_scores (7.63B)', 'EurusPRMStage2_min_scores (7.62B)', 'QwenPRM_min_scores (7.63B)', 'EurusPRMStage1_min_scores (7.62B)', 'QwenPRM_max_scores (7.63B)']","[0.06497544174327649, 0.06497544174327649, 0.06497544174327649, 0.01303027016869065, 0.01303027016869065, 0.01303027016869065, 0.06497544174327649, 0.01303027016869065, 0.06497544174327649, 0.01303027016869065, 0.01303027016869065, 0.01303027016869065, 0.2837917137083238, 0.06497544174327649, 0.01303027016869065, 0.06497544174327649, 0.01303027016869065, 0.06497544174327649, 0.06497544174327649, 0.06497544174327649, 0.01303027016869065, 0.07001029000977886, 0.07001029000977886, 0.06497544174327649, 0.01303027016869065, 0.07001029000977886, 0.07001029000977886, 0.06497544174327649, 0.06497544174327649, 0.01303027016869065, 0.01303027016869065, 0.06497544174327649, 0.01303027016869065, 0.01303027016869065, 0.01303027016869065, 0.01303027016869065, 0.01303027016869065, 0.06497544174327649, 0.06497544174327649, 0.01303027016869065, 0.7608991030981352, 0.7608991030981352, 0.01303027016869065, 0.01303027016869065, 0.2837917137083238, 0.01303027016869065, 0.01303027016869065, 0.01303027016869065, 0.2837917137083238, 0.07001029000977886, 0.01303027016869065, 0.06497544174327649, 0.7608991030981352, 0.2837917137083238, 0.01303027016869065, 0.2837917137083238, 0.2837917137083238, 0.01303027016869065, 0.01303027016869065, 0.01303027016869065, 0.06497544174327649, 0.06497544174327649, 0.01303027016869065, 0.01303027016869065, 0.06497544174327649, 0.01303027016869065, 0.01303027016869065, 0.7608991030981352, 0.07001029000977886, 0.07001029000977886, 0.01303027016869065, 0.06497544174327649, 0.01303027016869065, 0.06497544174327649, 0.01303027016869065, 0.06497544174327649, 0.01303027016869065, 0.07001029000977886, 0.07001029000977886, 0.01303027016869065, 0.01303027016869065, 0.06497544174327649, 0.372571681035027, 0.06497544174327649, 0.01303027016869065, 0.06497544174327649, 0.3767923122373365, 0.01303027016869065, 0.2837917137083238, 0.06497544174327649, 0.01303027016869065, 0.06497544174327649, 0.07001029000977886, 0.01303027016869065, 0.01303027016869065, 0.2837917137083238, 0.06497544174327649, 0.01303027016869065, 0.2837917137083238, 0.01303027016869065]",4,train,2
0.68,40,28,9,23,100,25,0,1,0,0,0,1,25,1,0,0,0,1,0,"(array([0.42261663, 0.53634328, 0.52387708, 0.44957253, 0.67460543,
       0.81498343]), array([0.92033124, 0.89164966, 0.89014596, 0.93400788, 0.74166667,
       0.54648751]), array([0.09113782, 0.12242837, 0.12369395, 0.07781551, 0.27339852,
       0.46693623]), array([0.56846189, 0.45712551, 0.46941465, 0.54207653, 0.3209433 ,
       0.18121529]))","['GPM (8B)', 'QwenPRM_avg_scores (7.63B)', 'EurusPRMStage2_min_scores (7.62B)', 'QwenPRM_min_scores (7.63B)', 'EurusPRMStage1_min_scores (7.62B)', 'QwenPRM_max_scores (7.63B)']","[0.9645308520952199, 0.7484121349047994, 0.34283824611990676, 0.9621494743981969, 0.9645308520952199, 0.06497544174327649, 0.9960636573093521, 0.8553055129044883, 0.06497544174327649, 0.9963194757006573, 0.7719989533076813, 0.7719989533076813, 0.2837917137083238, 0.9963194757006573, 0.01303027016869065, 0.9963194757006573, 0.06497544174327649, 0.9779625085071056, 0.7719989533076813, 0.34283824611990676, 0.816781471410704, 0.2837917137083238, 0.97118629455077, 0.7484121349047994, 0.06497544174327649, 0.9972020649856761, 0.372571681035027, 0.06497544174327649, 0.34283824611990676, 0.06497544174327649, 0.9793703356903635, 0.06497544174327649, 0.3581925108715857, 0.9779625085071056, 0.9963194757006573, 0.7719989533076813, 0.06497544174327649, 0.06497544174327649, 0.34283824611990676, 0.9951255932587523, 0.2837917137083238, 0.9972020649856761, 0.34283824611990676, 0.972828458187747, 0.9796229462609423, 0.7608991030981352, 0.7608991030981352, 0.9963194757006573, 0.2837917137083238, 0.372571681035027, 0.2837917137083238, 0.9645308520952199, 0.9779625085071056, 0.2837917137083238, 0.9621494743981969, 0.06497544174327649, 0.34283824611990676, 0.8266610198294627, 0.9963194757006573, 0.06497544174327649, 0.7484121349047994, 0.06497544174327649, 0.2837917137083238, 0.9779625085071056, 0.34283824611990676, 0.2837917137083238, 0.2837917137083238, 0.3581925108715857, 0.9621494743981969, 0.9645308520952199, 0.7484121349047994, 0.7484121349047994, 0.34283824611990676, 0.372571681035027, 0.06497544174327649, 0.2837917137083238, 0.34283824611990676, 0.7484121349047994, 0.97118629455077, 0.34283824611990676, 0.06497544174327649, 0.7484121349047994, 0.7719989533076813, 0.7719989533076813, 0.9963194757006573, 0.2837917137083238, 0.9963194757006573, 0.34283824611990676, 0.8385342982390293, 0.06497544174327649, 0.06497544174327649, 0.2837917137083238, 0.372571681035027, 0.2837917137083238, 0.06497544174327649, 0.34283824611990676, 0.9645308520952199, 0.9621494743981969, 0.3581925108715857, 0.372571681035027]",5,train,6
0.94,2,92,6,0,100,71,0,1,0,0,0,1,0,0,1,0,1,0,0,"(array([0.42261663, 0.53634328, 0.52387708, 0.44957253, 0.67460543,
       0.81498343]), array([0.92033124, 0.89164966, 0.89014596, 0.93400788, 0.74166667,
       0.54648751]), array([0.09113782, 0.12242837, 0.12369395, 0.07781551, 0.27339852,
       0.46693623]), array([0.56846189, 0.45712551, 0.46941465, 0.54207653, 0.3209433 ,
       0.18121529]))","['GPM (8B)', 'QwenPRM_avg_scores (7.63B)', 'EurusPRMStage2_min_scores (7.62B)', 'QwenPRM_min_scores (7.63B)', 'EurusPRMStage1_min_scores (7.62B)', 'QwenPRM_max_scores (7.63B)']","[0.01303027016869065, 0.01303027016869065, 0.01303027016869065, 0.3767923122373365, 0.07001029000977886, 0.01303027016869065, 0.3767923122373365, 0.01303027016869065, 0.07001029000977886, 0.01303027016869065, 0.06497544174327649, 0.0958666544987358, 0.01303027016869065, 0.3610893196836854, 0.01303027016869065, 0.07001029000977886, 0.06497544174327649, 0.07001029000977886, 0.06497544174327649, 0.2837917137083238, 0.09017727905987674, 0.07001029000977886, 0.01303027016869065, 0.7719989533076813, 0.01303027016869065, 0.01303027016869065, 0.07001029000977886, 0.01303027016869065, 0.06497544174327649, 0.09017727905987674, 0.07001029000977886, 0.09017727905987674, 0.01303027016869065, 0.01303027016869065, 0.01303027016869065, 0.09017727905987674, 0.07001029000977886, 0.09017727905987674, 0.8194619320216672, 0.06497544174327649, 0.06497544174327649, 0.01303027016869065, 0.09017727905987674, 0.2837917137083238, 0.3767923122373365, 0.01303027016869065, 0.2837917137083238, 0.01303027016869065, 0.06497544174327649, 0.07001029000977886, 0.01303027016869065, 0.3767923122373365, 0.01303027016869065, 0.3581925108715857, 0.06497544174327649, 0.07001029000977886, 0.2837917137083238, 0.3581925108715857, 0.3767923122373365, 0.07001029000977886, 0.7608991030981352, 0.34283824611990676, 0.2837917137083238, 0.06497544174327649, 0.01303027016869065, 0.34283824611990676, 0.01303027016869065, 0.7608991030981352, 0.01303027016869065, 0.3610893196836854, 0.3767923122373365, 0.9645308520952199, 0.06497544174327649, 0.3767923122373365, 0.2837917137083238, 0.07001029000977886, 0.07001029000977886, 0.01303027016869065, 0.2837917137083238, 0.3767923122373365, 0.01303027016869065, 0.01303027016869065, 0.07001029000977886, 0.01303027016869065, 0.7608991030981352, 0.01303027016869065, 0.0958666544987358, 0.9645308520952199, 0.06497544174327649, 0.01303027016869065, 0.7608991030981352, 0.07001029000977886, 0.01303027016869065, 0.06497544174327649, 0.01303027016869065, 0.01303027016869065, 0.01303027016869065, 0.07001029000977886, 0.07001029000977886, 0.3767923122373365]",6,train,0
0.41,37,4,0,59,100,73,1,1,1,0,0,0,73,1,1,1,0,0,0,"(array([0.42261663, 0.53634328, 0.52387708, 0.44957253, 0.67460543,
       0.81498343]), array([0.92033124, 0.89164966, 0.89014596, 0.93400788, 0.74166667,
       0.54648751]), array([0.09113782, 0.12242837, 0.12369395, 0.07781551, 0.27339852,
       0.46693623]), array([0.56846189, 0.45712551, 0.46941465, 0.54207653, 0.3209433 ,
       0.18121529]))","['GPM (8B)', 'QwenPRM_avg_scores (7.63B)', 'EurusPRMStage2_min_scores (7.62B)', 'QwenPRM_min_scores (7.63B)', 'EurusPRMStage1_min_scores (7.62B)', 'QwenPRM_max_scores (7.63B)']","[0.9951255932587523, 0.07001029000977886, 0.7608991030981352, 0.07001029000977886, 0.06497544174327649, 0.01303027016869065, 0.7484121349047994, 0.3767923122373365, 0.3610893196836854, 0.8575206869070316, 0.3610893196836854, 0.7608991030981352, 0.9951255932587523, 0.3767923122373365, 0.07001029000977886, 0.3610893196836854, 0.7484121349047994, 0.7484121349047994, 0.3610893196836854, 0.3767923122373365, 0.7484121349047994, 0.9621494743981969, 0.3767923122373365, 0.09017727905987674, 0.09017727905987674, 0.3767923122373365, 0.3610893196836854, 0.3610893196836854, 0.7484121349047994, 0.34283824611990676, 0.4585680144089691, 0.3610893196836854, 0.3610893196836854, 0.9960636573093521, 0.3610893196836854, 0.3767923122373365, 0.09017727905987674, 0.3610893196836854, 0.09017727905987674, 0.3767923122373365, 0.9621494743981969, 0.39146272798883036, 0.3767923122373365, 0.7608991030981352, 0.06497544174327649, 0.3767923122373365, 0.3610893196836854, 0.7608991030981352, 0.01303027016869065, 0.7719989533076813, 0.2837917137083238, 0.7719989533076813, 0.7608991030981352, 0.3610893196836854, 0.07001029000977886, 0.8194619320216672, 0.8194619320216672, 0.8194619320216672, 0.9809267680068897, 0.959825040524801, 0.7608991030981352, 0.09017727905987674, 0.3610893196836854, 0.3610893196836854, 0.3610893196836854, 0.3767923122373365, 0.7608991030981352, 0.3610893196836854, 0.09017727905987674, 0.7484121349047994, 0.01303027016869065, 0.09017727905987674, 0.07001029000977886, 0.9963194757006573, 0.3767923122373365, 0.3767923122373365, 0.3610893196836854, 0.09017727905987674, 0.09017727905987674, 0.3767923122373365, 0.2837917137083238, 0.9645308520952199, 0.06497544174327649, 0.9809267680068897, 0.3610893196836854, 0.09017727905987674, 0.09017727905987674, 0.3610893196836854, 0.07001029000977886, 0.7484121349047994, 0.7484121349047994, 0.7608991030981352, 0.2837917137083238, 0.7608991030981352, 0.959825040524801, 0.7484121349047994, 0.7608991030981352, 0.3610893196836854, 0.7608991030981352, 0.3610893196836854]",7,train,9
0.8,37,43,0,20,100,5,1,1,1,0,0,0,5,1,1,1,0,0,0,"(array([0.42261663, 0.53634328, 0.52387708, 0.44957253, 0.67460543,
       0.81498343]), array([0.92033124, 0.89164966, 0.89014596, 0.93400788, 0.74166667,
       0.54648751]), array([0.09113782, 0.12242837, 0.12369395, 0.07781551, 0.27339852,
       0.46693623]), array([0.56846189, 0.45712551, 0.46941465, 0.54207653, 0.3209433 ,
       0.18121529]))","['GPM (8B)', 'QwenPRM_avg_scores (7.63B)', 'EurusPRMStage2_min_scores (7.62B)', 'QwenPRM_min_scores (7.63B)', 'EurusPRMStage1_min_scores (7.62B)', 'QwenPRM_max_scores (7.63B)']","[0.06497544174327649, 0.7719989533076813, 0.7608991030981352, 0.01303027016869065, 0.9645308520952199, 0.9963194757006573, 0.9963194757006573, 0.06497544174327649, 0.2837917137083238, 0.7608991030981352, 0.9645308520952199, 0.2837917137083238, 0.06497544174327649, 0.7719989533076813, 0.06497544174327649, 0.9645308520952199, 0.7608991030981352, 0.06497544174327649, 0.9963194757006573, 0.7608991030981352, 0.9963194757006573, 0.2837917137083238, 0.7719989533076813, 0.9963194757006573, 0.97118629455077, 0.9963194757006573, 0.06497544174327649, 0.06497544174327649, 0.7608991030981352, 0.01303027016869065, 0.06497544174327649, 0.06497544174327649, 0.06497544174327649, 0.2837917137083238, 0.01303027016869065, 0.7719989533076813, 0.06497544174327649, 0.06497544174327649, 0.06497544174327649, 0.06497544174327649, 0.01303027016869065, 0.07001029000977886, 0.06497544174327649, 0.7719989533076813, 0.06497544174327649, 0.06497544174327649, 0.9645308520952199, 0.01303027016869065, 0.9645308520952199, 0.7608991030981352, 0.2837917137083238, 0.01303027016869065, 0.9645308520952199, 0.7719989533076813, 0.06497544174327649, 0.06497544174327649, 0.01303027016869065, 0.7719989533076813, 0.06497544174327649, 0.2837917137083238, 0.06497544174327649, 0.2837917137083238, 0.3767923122373365, 0.7719989533076813, 0.01303027016869065, 0.06497544174327649, 0.7719989533076813, 0.01303027016869065, 0.06497544174327649, 0.01303027016869065, 0.97118629455077, 0.2837917137083238, 0.2837917137083238, 0.7719989533076813, 0.2837917137083238, 0.06497544174327649, 0.06497544174327649, 0.06497544174327649, 0.97118629455077, 0.06497544174327649, 0.06497544174327649, 0.06497544174327649, 0.06497544174327649, 0.06497544174327649, 0.06497544174327649, 0.2837917137083238, 0.06497544174327649, 0.97118629455077, 0.9963194757006573, 0.06497544174327649, 0.01303027016869065, 0.9645308520952199, 0.9963194757006573, 0.06497544174327649, 0.06497544174327649, 0.06497544174327649, 0.06497544174327649, 0.7719989533076813, 0.01303027016869065, 0.97118629455077]",8,train,5
0.78,0,78,1,21,100,25,0,1,0,0,0,1,0,0,1,0,1,0,0,"(array([0.42261663, 0.53634328, 0.52387708, 0.44957253, 0.67460543,
       0.81498343]), array([0.92033124, 0.89164966, 0.89014596, 0.93400788, 0.74166667,
       0.54648751]), array([0.09113782, 0.12242837, 0.12369395, 0.07781551, 0.27339852,
       0.46693623]), array([0.56846189, 0.45712551, 0.46941465, 0.54207653, 0.3209433 ,
       0.18121529]))","['GPM (8B)', 'QwenPRM_avg_scores (7.63B)', 'EurusPRMStage2_min_scores (7.62B)', 'QwenPRM_min_scores (7.63B)', 'EurusPRMStage1_min_scores (7.62B)', 'QwenPRM_max_scores (7.63B)']","[0.01303027016869065, 0.06497544174327649, 0.01303027016869065, 0.01303027016869065, 0.06497544174327649, 0.01303027016869065, 0.01303027016869065, 0.01303027016869065, 0.01303027016869065, 0.06497544174327649, 0.01303027016869065, 0.01303027016869065, 0.01303027016869065, 0.01303027016869065, 0.01303027016869065, 0.01303027016869065, 0.2837917137083238, 0.2837917137083238, 0.07001029000977886, 0.07001029000977886, 0.01303027016869065, 0.01303027016869065, 0.06497544174327649, 0.01303027016869065, 0.06497544174327649, 0.7608991030981352, 0.01303027016869065, 0.01303027016869065, 0.01303027016869065, 0.01303027016869065, 0.06497544174327649, 0.06497544174327649, 0.06497544174327649, 0.06497544174327649, 0.01303027016869065, 0.3767923122373365, 0.01303027016869065, 0.01303027016869065, 0.01303027016869065, 0.07001029000977886, 0.2837917137083238, 0.07001029000977886, 0.01303027016869065, 0.01303027016869065, 0.01303027016869065, 0.06497544174327649, 0.01303027016869065, 0.06497544174327649, 0.01303027016869065, 0.3767923122373365, 0.07001029000977886, 0.01303027016869065, 0.01303027016869065, 0.2837917137083238, 0.07001029000977886, 0.07001029000977886, 0.01303027016869065, 0.3767923122373365, 0.01303027016869065, 0.01303027016869065, 0.06497544174327649, 0.01303027016869065, 0.01303027016869065, 0.01303027016869065, 0.01303027016869065, 0.01303027016869065, 0.01303027016869065, 0.01303027016869065, 0.01303027016869065, 0.01303027016869065, 0.2837917137083238, 0.07001029000977886, 0.01303027016869065, 0.01303027016869065, 0.01303027016869065, 0.06497544174327649, 0.06497544174327649, 0.06497544174327649, 0.01303027016869065, 0.01303027016869065, 0.01303027016869065, 0.01303027016869065, 0.2837917137083238, 0.06497544174327649, 0.01303027016869065, 0.01303027016869065, 0.01303027016869065, 0.2837917137083238, 0.01303027016869065, 0.01303027016869065, 0.01303027016869065, 0.3767923122373365, 0.2837917137083238, 0.2837917137083238, 0.01303027016869065, 0.01303027016869065, 0.07001029000977886, 0.01303027016869065, 0.01303027016869065, 0.01303027016869065]",9,train,2
0.85,4,81,2,13,100,54,1,1,1,0,0,0,54,1,1,1,0,0,0,"(array([0.42261663, 0.53634328, 0.52387708, 0.44957253, 0.67460543,
       0.81498343]), array([0.92033124, 0.89164966, 0.89014596, 0.93400788, 0.74166667,
       0.54648751]), array([0.09113782, 0.12242837, 0.12369395, 0.07781551, 0.27339852,
       0.46693623]), array([0.56846189, 0.45712551, 0.46941465, 0.54207653, 0.3209433 ,
       0.18121529]))","['GPM (8B)', 'QwenPRM_avg_scores (7.63B)', 'EurusPRMStage2_min_scores (7.62B)', 'QwenPRM_min_scores (7.63B)', 'EurusPRMStage1_min_scores (7.62B)', 'QwenPRM_max_scores (7.63B)']","[0.06497544174327649, 0.06497544174327649, 0.01303027016869065, 0.06497544174327649, 0.06497544174327649, 0.06497544174327649, 0.06497544174327649, 0.06497544174327649, 0.01303027016869065, 0.06497544174327649, 0.01303027016869065, 0.06497544174327649, 0.06497544174327649, 0.06497544174327649, 0.01303027016869065, 0.06497544174327649, 0.7608991030981352, 0.06497544174327649, 0.01303027016869065, 0.06497544174327649, 0.06497544174327649, 0.06497544174327649, 0.06497544174327649, 0.01303027016869065, 0.01303027016869065, 0.01303027016869065, 0.01303027016869065, 0.01303027016869065, 0.06497544174327649, 0.06497544174327649, 0.06497544174327649, 0.7719989533076813, 0.06497544174327649, 0.06497544174327649, 0.06497544174327649, 0.07001029000977886, 0.01303027016869065, 0.01303027016869065, 0.06497544174327649, 0.06497544174327649, 0.01303027016869065, 0.06497544174327649, 0.01303027016869065, 0.06497544174327649, 0.06497544174327649, 0.06497544174327649, 0.06497544174327649, 0.06497544174327649, 0.01303027016869065, 0.01303027016869065, 0.06497544174327649, 0.7608991030981352, 0.01303027016869065, 0.06497544174327649, 0.9963194757006573, 0.7608991030981352, 0.2837917137083238, 0.06497544174327649, 0.06497544174327649, 0.06497544174327649, 0.06497544174327649, 0.3767923122373365, 0.06497544174327649, 0.06497544174327649, 0.2837917137083238, 0.06497544174327649, 0.01303027016869065, 0.06497544174327649, 0.01303027016869065, 0.06497544174327649, 0.06497544174327649, 0.06497544174327649, 0.01303027016869065, 0.06497544174327649, 0.06497544174327649, 0.01303027016869065, 0.06497544174327649, 0.06497544174327649, 0.372571681035027, 0.7719989533076813, 0.07001029000977886, 0.06497544174327649, 0.06497544174327649, 0.06497544174327649, 0.06497544174327649, 0.06497544174327649, 0.06497544174327649, 0.01303027016869065, 0.06497544174327649, 0.01303027016869065, 0.06497544174327649, 0.06497544174327649, 0.06497544174327649, 0.01303027016869065, 0.01303027016869065, 0.01303027016869065, 0.06497544174327649, 0.06497544174327649, 0.06497544174327649, 0.07001029000977886]",10,train,1
0.69,35,34,0,31,100,1,1,1,1,0,0,0,1,1,1,1,0,0,0,"(array([0.42261663, 0.53634328, 0.52387708, 0.44957253, 0.67460543,
       0.81498343]), array([0.92033124, 0.89164966, 0.89014596, 0.93400788, 0.74166667,
       0.54648751]), array([0.09113782, 0.12242837, 0.12369395, 0.07781551, 0.27339852,
       0.46693623]), array([0.56846189, 0.45712551, 0.46941465, 0.54207653, 0.3209433 ,
       0.18121529]))","['GPM (8B)', 'QwenPRM_avg_scores (7.63B)', 'EurusPRMStage2_min_scores (7.62B)', 'QwenPRM_min_scores (7.63B)', 'EurusPRMStage1_min_scores (7.62B)', 'QwenPRM_max_scores (7.63B)']","[0.06497544174327649, 0.9963194757006573, 0.7719989533076813, 0.9963194757006573, 0.9645308520952199, 0.07001029000977886, 0.7608991030981352, 0.7719989533076813, 0.06497544174327649, 0.06497544174327649, 0.2837917137083238, 0.06497544174327649, 0.2837917137083238, 0.09017727905987674, 0.9645308520952199, 0.7719989533076813, 0.2837917137083238, 0.01303027016869065, 0.07001029000977886, 0.06497544174327649, 0.01303027016869065, 0.97118629455077, 0.7719989533076813, 0.06497544174327649, 0.9963194757006573, 0.7719989533076813, 0.9963194757006573, 0.06497544174327649, 0.06497544174327649, 0.2837917137083238, 0.97118629455077, 0.3767923122373365, 0.01303027016869065, 0.06497544174327649, 0.2837917137083238, 0.3767923122373365, 0.06497544174327649, 0.2837917137083238, 0.2837917137083238, 0.9963194757006573, 0.01303027016869065, 0.06497544174327649, 0.2837917137083238, 0.2837917137083238, 0.7719989533076813, 0.2837917137083238, 0.9963194757006573, 0.01303027016869065, 0.7608991030981352, 0.01303027016869065, 0.7719989533076813, 0.06497544174327649, 0.2837917137083238, 0.3767923122373365, 0.9963194757006573, 0.06497544174327649, 0.01303027016869065, 0.9645308520952199, 0.01303027016869065, 0.7608991030981352, 0.01303027016869065, 0.01303027016869065, 0.2837917137083238, 0.7719989533076813, 0.06497544174327649, 0.9963194757006573, 0.06497544174327649, 0.0958666544987358, 0.9963194757006573, 0.9960636573093521, 0.9963194757006573, 0.7608991030981352, 0.06497544174327649, 0.01303027016869065, 0.06497544174327649, 0.01303027016869065, 0.2837917137083238, 0.9645308520952199, 0.7719989533076813, 0.2837917137083238, 0.01303027016869065, 0.7608991030981352, 0.06497544174327649, 0.07001029000977886, 0.07001029000977886, 0.06497544174327649, 0.06497544174327649, 0.7608991030981352, 0.7719989533076813, 0.3767923122373365, 0.01303027016869065, 0.06497544174327649, 0.06497544174327649, 0.7719989533076813, 0.06497544174327649, 0.3767923122373365, 0.06497544174327649, 0.01303027016869065, 0.07001029000977886, 0.7608991030981352]",11,train,6
0.73,64,9,0,27,100,52,1,1,1,0,0,0,52,1,1,1,0,0,0,"(array([0.42261663, 0.53634328, 0.52387708, 0.44957253, 0.67460543,
       0.81498343]), array([0.92033124, 0.89164966, 0.89014596, 0.93400788, 0.74166667,
       0.54648751]), array([0.09113782, 0.12242837, 0.12369395, 0.07781551, 0.27339852,
       0.46693623]), array([0.56846189, 0.45712551, 0.46941465, 0.54207653, 0.3209433 ,
       0.18121529]))","['GPM (8B)', 'QwenPRM_avg_scores (7.63B)', 'EurusPRMStage2_min_scores (7.62B)', 'QwenPRM_min_scores (7.63B)', 'EurusPRMStage1_min_scores (7.62B)', 'QwenPRM_max_scores (7.63B)']","[0.9963194757006573, 0.06497544174327649, 0.2837917137083238, 0.9960636573093521, 0.06497544174327649, 0.06497544174327649, 0.7719989533076813, 0.9621494743981969, 0.9621494743981969, 0.9963194757006573, 0.9621494743981969, 0.7719989533076813, 0.2837917137083238, 0.2837917137083238, 0.97118629455077, 0.7719989533076813, 0.372571681035027, 0.7484121349047994, 0.9779625085071056, 0.06497544174327649, 0.9963194757006573, 0.9963194757006573, 0.7719989533076813, 0.06497544174327649, 0.06497544174327649, 0.9960636573093521, 0.9960636573093521, 0.9779625085071056, 0.9960636573093521, 0.816781471410704, 0.09017727905987674, 0.2837917137083238, 0.9963194757006573, 0.2837917137083238, 0.7719989533076813, 0.09017727905987674, 0.7484121349047994, 0.8553055129044883, 0.97118629455077, 0.8553055129044883, 0.9621494743981969, 0.9963194757006573, 0.9621494743981969, 0.97118629455077, 0.9963194757006573, 0.3581925108715857, 0.8553055129044883, 0.9960636573093521, 0.06497544174327649, 0.9621494743981969, 0.9963194757006573, 0.9793703356903635, 0.9995081794621024, 0.2837917137083238, 0.816781471410704, 0.06497544174327649, 0.9621494743981969, 0.9960636573093521, 0.9960636573093521, 0.7719989533076813, 0.06497544174327649, 0.372571681035027, 0.9645308520952199, 0.2837917137083238, 0.9779625085071056, 0.97118629455077, 0.9960636573093521, 0.9960636573093521, 0.9621494743981969, 0.06497544174327649, 0.9960636573093521, 0.06497544174327649, 0.34283824611990676, 0.06497544174327649, 0.34283824611990676, 0.7719989533076813, 0.97118629455077, 0.34283824611990676, 0.9779625085071056, 0.2837917137083238, 0.9963194757006573, 0.97118629455077, 0.06497544174327649, 0.7719989533076813, 0.7719989533076813, 0.97118629455077, 0.2837917137083238, 0.8553055129044883, 0.8553055129044883, 0.7719989533076813, 0.9951255932587523, 0.2837917137083238, 0.7484121349047994, 0.816781471410704, 0.372571681035027, 0.372571681035027, 0.34283824611990676, 0.2837917137083238, 0.2837917137083238, 0.9963194757006573]",12,train,9
0.7,4,66,10,20,100,50,0,1,0,0,0,1,9,0,1,0,1,0,0,"(array([0.42261663, 0.53634328, 0.52387708, 0.44957253, 0.67460543,
       0.81498343]), array([0.92033124, 0.89164966, 0.89014596, 0.93400788, 0.74166667,
       0.54648751]), array([0.09113782, 0.12242837, 0.12369395, 0.07781551, 0.27339852,
       0.46693623]), array([0.56846189, 0.45712551, 0.46941465, 0.54207653, 0.3209433 ,
       0.18121529]))","['GPM (8B)', 'QwenPRM_avg_scores (7.63B)', 'EurusPRMStage2_min_scores (7.62B)', 'QwenPRM_min_scores (7.63B)', 'EurusPRMStage1_min_scores (7.62B)', 'QwenPRM_max_scores (7.63B)']","[0.2837917137083238, 0.07001029000977886, 0.06497544174327649, 0.7608991030981352, 0.06497544174327649, 0.2837917137083238, 0.2837917137083238, 0.2837917137083238, 0.2837917137083238, 0.01303027016869065, 0.01303027016869065, 0.3767923122373365, 0.06497544174327649, 0.01303027016869065, 0.06497544174327649, 0.06497544174327649, 0.7608991030981352, 0.06497544174327649, 0.372571681035027, 0.01303027016869065, 0.06497544174327649, 0.06497544174327649, 0.01303027016869065, 0.7608991030981352, 0.7608991030981352, 0.01303027016869065, 0.01303027016869065, 0.06497544174327649, 0.06497544174327649, 0.01303027016869065, 0.06497544174327649, 0.7608991030981352, 0.2837917137083238, 0.7608991030981352, 0.06497544174327649, 0.2837917137083238, 0.06497544174327649, 0.7608991030981352, 0.07001029000977886, 0.2837917137083238, 0.3767923122373365, 0.7608991030981352, 0.01303027016869065, 0.2837917137083238, 0.07001029000977886, 0.06497544174327649, 0.01303027016869065, 0.06497544174327649, 0.06497544174327649, 0.2837917137083238, 0.9645308520952199, 0.2837917137083238, 0.01303027016869065, 0.2837917137083238, 0.06497544174327649, 0.2837917137083238, 0.06497544174327649, 0.06497544174327649, 0.06497544174327649, 0.07001029000977886, 0.2837917137083238, 0.07001029000977886, 0.06497544174327649, 0.2837917137083238, 0.06497544174327649, 0.2837917137083238, 0.2837917137083238, 0.7608991030981352, 0.07001029000977886, 0.2837917137083238, 0.06497544174327649, 0.2837917137083238, 0.01303027016869065, 0.06497544174327649, 0.07001029000977886, 0.3767923122373365, 0.2837917137083238, 0.2837917137083238, 0.7608991030981352, 0.2837917137083238, 0.01303027016869065, 0.3767923122373365, 0.07001029000977886, 0.7608991030981352, 0.06497544174327649, 0.3767923122373365, 0.2837917137083238, 0.01303027016869065, 0.2837917137083238, 0.7608991030981352, 0.01303027016869065, 0.06497544174327649, 0.06497544174327649, 0.06497544174327649, 0.2837917137083238, 0.07001029000977886, 0.2837917137083238, 0.06497544174327649, 0.2837917137083238, 0.7608991030981352]",13,train,2
0.42,5,37,0,58,100,12,1,1,1,0,0,0,0,0,1,0,1,0,0,"(array([0.42261663, 0.53634328, 0.52387708, 0.44957253, 0.67460543,
       0.81498343]), array([0.92033124, 0.89164966, 0.89014596, 0.93400788, 0.74166667,
       0.54648751]), array([0.09113782, 0.12242837, 0.12369395, 0.07781551, 0.27339852,
       0.46693623]), array([0.56846189, 0.45712551, 0.46941465, 0.54207653, 0.3209433 ,
       0.18121529]))","['GPM (8B)', 'QwenPRM_avg_scores (7.63B)', 'EurusPRMStage2_min_scores (7.62B)', 'QwenPRM_min_scores (7.63B)', 'EurusPRMStage1_min_scores (7.62B)', 'QwenPRM_max_scores (7.63B)']","[0.01303027016869065, 0.3767923122373365, 0.01303027016869065, 0.01303027016869065, 0.01303027016869065, 0.01303027016869065, 0.06497544174327649, 0.07001029000977886, 0.01303027016869065, 0.01303027016869065, 0.01303027016869065, 0.07001029000977886, 0.9645308520952199, 0.0958666544987358, 0.07001029000977886, 0.01303027016869065, 0.01303027016869065, 0.01303027016869065, 0.06497544174327649, 0.01303027016869065, 0.01303027016869065, 0.01303027016869065, 0.0958666544987358, 0.07001029000977886, 0.06497544174327649, 0.07001029000977886, 0.2837917137083238, 0.01303027016869065, 0.01303027016869065, 0.2837917137083238, 0.06497544174327649, 0.01303027016869065, 0.7608991030981352, 0.01303027016869065, 0.01303027016869065, 0.01303027016869065, 0.07001029000977886, 0.01303027016869065, 0.01303027016869065, 0.06497544174327649, 0.01303027016869065, 0.07001029000977886, 0.01303027016869065, 0.3767923122373365, 0.01303027016869065, 0.01303027016869065, 0.3767923122373365, 0.07001029000977886, 0.01303027016869065, 0.07001029000977886, 0.2837917137083238, 0.01303027016869065, 0.01303027016869065, 0.01303027016869065, 0.09017727905987674, 0.2837917137083238, 0.3767923122373365, 0.07001029000977886, 0.01303027016869065, 0.01303027016869065, 0.8194619320216672, 0.07001029000977886, 0.06497544174327649, 0.07001029000977886, 0.01303027016869065, 0.01303027016869065, 0.06497544174327649, 0.01303027016869065, 0.06497544174327649, 0.01303027016869065, 0.07001029000977886, 0.01303027016869065, 0.07001029000977886, 0.07001029000977886, 0.06497544174327649, 0.07001029000977886, 0.07001029000977886, 0.07001029000977886, 0.01303027016869065, 0.01303027016869065, 0.34283824611990676, 0.3767923122373365, 0.07001029000977886, 0.01303027016869065, 0.7608991030981352, 0.0958666544987358, 0.01303027016869065, 0.01303027016869065, 0.01303027016869065, 0.07001029000977886, 0.2837917137083238, 0.2837917137083238, 0.01303027016869065, 0.7608991030981352, 0.01303027016869065, 0.01303027016869065, 0.06497544174327649, 0.07001029000977886, 0.06497544174327649, 0.3581925108715857]",14,train,6
0.76,39,37,0,24,100,3,1,1,1,0,0,0,3,1,1,1,0,0,0,"(array([0.42261663, 0.53634328, 0.52387708, 0.44957253, 0.67460543,
       0.81498343]), array([0.92033124, 0.89164966, 0.89014596, 0.93400788, 0.74166667,
       0.54648751]), array([0.09113782, 0.12242837, 0.12369395, 0.07781551, 0.27339852,
       0.46693623]), array([0.56846189, 0.45712551, 0.46941465, 0.54207653, 0.3209433 ,
       0.18121529]))","['GPM (8B)', 'QwenPRM_avg_scores (7.63B)', 'EurusPRMStage2_min_scores (7.62B)', 'QwenPRM_min_scores (7.63B)', 'EurusPRMStage1_min_scores (7.62B)', 'QwenPRM_max_scores (7.63B)']","[0.9693991694251378, 0.06497544174327649, 0.07001029000977886, 0.9963194757006573, 0.06497544174327649, 0.9645308520952199, 0.06497544174327649, 0.9809267680068897, 0.07001029000977886, 0.7608991030981352, 0.3767923122373365, 0.06497544174327649, 0.9963194757006573, 0.9963194757006573, 0.7608991030981352, 0.06497544174327649, 0.06497544174327649, 0.06497544174327649, 0.06497544174327649, 0.7608991030981352, 0.01303027016869065, 0.7608991030981352, 0.01303027016869065, 0.06497544174327649, 0.06497544174327649, 0.06497544174327649, 0.01303027016869065, 0.9963194757006573, 0.2837917137083238, 0.07001029000977886, 0.2837917137083238, 0.06497544174327649, 0.7608991030981352, 0.06497544174327649, 0.2837917137083238, 0.34283824611990676, 0.06497544174327649, 0.9963194757006573, 0.0958666544987358, 0.06497544174327649, 0.7719989533076813, 0.3581925108715857, 0.7608991030981352, 0.06497544174327649, 0.7608991030981352, 0.7719989533076813, 0.06497544174327649, 0.01303027016869065, 0.8575206869070316, 0.9963194757006573, 0.9963194757006573, 0.2837917137083238, 0.2837917137083238, 0.9963194757006573, 0.01303027016869065, 0.2837917137083238, 0.06497544174327649, 0.2837917137083238, 0.3767923122373365, 0.9963194757006573, 0.06497544174327649, 0.06497544174327649, 0.01303027016869065, 0.2837917137083238, 0.9963194757006573, 0.7608991030981352, 0.3767923122373365, 0.97118629455077, 0.06497544174327649, 0.7608991030981352, 0.7719989533076813, 0.372571681035027, 0.06497544174327649, 0.06497544174327649, 0.7608991030981352, 0.06497544174327649, 0.7719989533076813, 0.7608991030981352, 0.9693991694251378, 0.01303027016869065, 0.7719989533076813, 0.9645308520952199, 0.06497544174327649, 0.3767923122373365, 0.07001029000977886, 0.8649312739807694, 0.9645308520952199, 0.9645308520952199, 0.06497544174327649, 0.9963194757006573, 0.7608991030981352, 0.06497544174327649, 0.06497544174327649, 0.7719989533076813, 0.01303027016869065, 0.06497544174327649, 0.01303027016869065, 0.07001029000977886, 0.06497544174327649, 0.06497544174327649]",15,train,6
0.79,57,22,0,21,100,5,1,1,1,0,0,0,5,1,1,1,0,0,0,"(array([0.42261663, 0.53634328, 0.52387708, 0.44957253, 0.67460543,
       0.81498343]), array([0.92033124, 0.89164966, 0.89014596, 0.93400788, 0.74166667,
       0.54648751]), array([0.09113782, 0.12242837, 0.12369395, 0.07781551, 0.27339852,
       0.46693623]), array([0.56846189, 0.45712551, 0.46941465, 0.54207653, 0.3209433 ,
       0.18121529]))","['GPM (8B)', 'QwenPRM_avg_scores (7.63B)', 'EurusPRMStage2_min_scores (7.62B)', 'QwenPRM_min_scores (7.63B)', 'EurusPRMStage1_min_scores (7.62B)', 'QwenPRM_max_scores (7.63B)']","[0.2837917137083238, 0.06497544174327649, 0.7719989533076813, 0.97118629455077, 0.9645308520952199, 0.9963194757006573, 0.06497544174327649, 0.06497544174327649, 0.2837917137083238, 0.06497544174327649, 0.9645308520952199, 0.7719989533076813, 0.9963194757006573, 0.97118629455077, 0.06497544174327649, 0.9963194757006573, 0.97118629455077, 0.7719989533076813, 0.9963194757006573, 0.97118629455077, 0.7608991030981352, 0.7719989533076813, 0.2837917137083238, 0.06497544174327649, 0.9963194757006573, 0.9645308520952199, 0.06497544174327649, 0.97118629455077, 0.06497544174327649, 0.9963194757006573, 0.06497544174327649, 0.7608991030981352, 0.2837917137083238, 0.01303027016869065, 0.2837917137083238, 0.7719989533076813, 0.7719989533076813, 0.06497544174327649, 0.7608991030981352, 0.2837917137083238, 0.7719989533076813, 0.8553055129044883, 0.7719989533076813, 0.06497544174327649, 0.9645308520952199, 0.97118629455077, 0.9963194757006573, 0.34283824611990676, 0.7608991030981352, 0.9963194757006573, 0.01303027016869065, 0.06497544174327649, 0.9963194757006573, 0.9963194757006573, 0.9963194757006573, 0.9963194757006573, 0.9963194757006573, 0.9809267680068897, 0.7608991030981352, 0.97118629455077, 0.7719989533076813, 0.01303027016869065, 0.97118629455077, 0.9963194757006573, 0.2837917137083238, 0.06497544174327649, 0.06497544174327649, 0.7719989533076813, 0.9963194757006573, 0.06497544174327649, 0.3767923122373365, 0.01303027016869065, 0.7608991030981352, 0.7719989533076813, 0.06497544174327649, 0.7719989533076813, 0.06497544174327649, 0.06497544174327649, 0.2837917137083238, 0.2837917137083238, 0.7719989533076813, 0.7608991030981352, 0.06497544174327649, 0.8553055129044883, 0.372571681035027, 0.06497544174327649, 0.06497544174327649, 0.06497544174327649, 0.2837917137083238, 0.9963194757006573, 0.9963194757006573, 0.3581925108715857, 0.06497544174327649, 0.9963194757006573, 0.9645308520952199, 0.2837917137083238, 0.06497544174327649, 0.9645308520952199, 0.7719989533076813, 0.97118629455077]",16,train,7
0.84,83,1,0,16,100,49,1,1,1,0,0,0,49,1,1,1,0,0,0,"(array([0.42261663, 0.53634328, 0.52387708, 0.44957253, 0.67460543,
       0.81498343]), array([0.92033124, 0.89164966, 0.89014596, 0.93400788, 0.74166667,
       0.54648751]), array([0.09113782, 0.12242837, 0.12369395, 0.07781551, 0.27339852,
       0.46693623]), array([0.56846189, 0.45712551, 0.46941465, 0.54207653, 0.3209433 ,
       0.18121529]))","['GPM (8B)', 'QwenPRM_avg_scores (7.63B)', 'EurusPRMStage2_min_scores (7.62B)', 'QwenPRM_min_scores (7.63B)', 'EurusPRMStage1_min_scores (7.62B)', 'QwenPRM_max_scores (7.63B)']","[0.7719989533076813, 0.7719989533076813, 0.7608991030981352, 0.2837917137083238, 0.9645308520952199, 0.9963194757006573, 0.9645308520952199, 0.9963194757006573, 0.372571681035027, 0.9960636573093521, 0.97118629455077, 0.9963194757006573, 0.7719989533076813, 0.2837917137083238, 0.7719989533076813, 0.9645308520952199, 0.9963194757006573, 0.7719989533076813, 0.7608991030981352, 0.2837917137083238, 0.97118629455077, 0.9960636573093521, 0.7719989533076813, 0.9963194757006573, 0.06497544174327649, 0.7719989533076813, 0.8553055129044883, 0.2837917137083238, 0.97118629455077, 0.9963194757006573, 0.7608991030981352, 0.7719989533076813, 0.9963194757006573, 0.7719989533076813, 0.7719989533076813, 0.7719989533076813, 0.2837917137083238, 0.7719989533076813, 0.7484121349047994, 0.7719989533076813, 0.7608991030981352, 0.9963194757006573, 0.9645308520952199, 0.2837917137083238, 0.9963194757006573, 0.97118629455077, 0.97118629455077, 0.7719989533076813, 0.7608991030981352, 0.9995081794621024, 0.9963194757006573, 0.9645308520952199, 0.9963194757006573, 0.9960636573093521, 0.9963194757006573, 0.9951255932587523, 0.06497544174327649, 0.9621494743981969, 0.97118629455077, 0.9963194757006573, 0.9645308520952199, 0.9963194757006573, 0.7608991030981352, 0.7719989533076813, 0.7719989533076813, 0.7608991030981352, 0.9960636573093521, 0.2837917137083238, 0.7719989533076813, 0.7719989533076813, 0.9645308520952199, 0.7719989533076813, 0.9963194757006573, 0.9645308520952199, 0.97118629455077, 0.7719989533076813, 0.2837917137083238, 0.7719989533076813, 0.7719989533076813, 0.97118629455077, 0.9960636573093521, 0.7719989533076813, 0.372571681035027, 0.34283824611990676, 0.9963194757006573, 0.9963194757006573, 0.97118629455077, 0.9645308520952199, 0.9963194757006573, 0.9963194757006573, 0.7719989533076813, 0.9963194757006573, 0.2837917137083238, 0.7719989533076813, 0.01303027016869065, 0.06497544174327649, 0.2837917137083238, 0.9963194757006573, 0.9963194757006573, 0.97118629455077]",17,train,9
0.98,0,98,1,1,100,74,0,1,0,0,0,1,1,0,1,0,1,0,0,"(array([0.42261663, 0.53634328, 0.52387708, 0.44957253, 0.67460543,
       0.81498343]), array([0.92033124, 0.89164966, 0.89014596, 0.93400788, 0.74166667,
       0.54648751]), array([0.09113782, 0.12242837, 0.12369395, 0.07781551, 0.27339852,
       0.46693623]), array([0.56846189, 0.45712551, 0.46941465, 0.54207653, 0.3209433 ,
       0.18121529]))","['GPM (8B)', 'QwenPRM_avg_scores (7.63B)', 'EurusPRMStage2_min_scores (7.62B)', 'QwenPRM_min_scores (7.63B)', 'EurusPRMStage1_min_scores (7.62B)', 'QwenPRM_max_scores (7.63B)']","[0.07001029000977886, 0.01303027016869065, 0.01303027016869065, 0.01303027016869065, 0.01303027016869065, 0.01303027016869065, 0.01303027016869065, 0.01303027016869065, 0.07001029000977886, 0.01303027016869065, 0.09017727905987674, 0.01303027016869065, 0.07001029000977886, 0.06497544174327649, 0.01303027016869065, 0.01303027016869065, 0.07001029000977886, 0.01303027016869065, 0.01303027016869065, 0.06497544174327649, 0.01303027016869065, 0.01303027016869065, 0.01303027016869065, 0.01303027016869065, 0.01303027016869065, 0.06497544174327649, 0.01303027016869065, 0.01303027016869065, 0.07001029000977886, 0.01303027016869065, 0.07001029000977886, 0.07001029000977886, 0.01303027016869065, 0.07001029000977886, 0.01303027016869065, 0.01303027016869065, 0.07001029000977886, 0.06497544174327649, 0.01303027016869065, 0.01303027016869065, 0.07001029000977886, 0.01303027016869065, 0.01303027016869065, 0.01303027016869065, 0.01303027016869065, 0.07001029000977886, 0.07001029000977886, 0.07001029000977886, 0.01303027016869065, 0.2837917137083238, 0.01303027016869065, 0.01303027016869065, 0.01303027016869065, 0.01303027016869065, 0.01303027016869065, 0.01303027016869065, 0.01303027016869065, 0.06497544174327649, 0.01303027016869065, 0.06497544174327649, 0.06497544174327649, 0.07001029000977886, 0.06497544174327649, 0.07001029000977886, 0.06497544174327649, 0.01303027016869065, 0.01303027016869065, 0.01303027016869065, 0.2837917137083238, 0.01303027016869065, 0.07001029000977886, 0.01303027016869065, 0.01303027016869065, 0.01303027016869065, 0.7608991030981352, 0.01303027016869065, 0.01303027016869065, 0.01303027016869065, 0.07001029000977886, 0.06497544174327649, 0.01303027016869065, 0.01303027016869065, 0.01303027016869065, 0.06497544174327649, 0.01303027016869065, 0.01303027016869065, 0.07001029000977886, 0.01303027016869065, 0.07001029000977886, 0.01303027016869065, 0.06497544174327649, 0.3767923122373365, 0.07001029000977886, 0.06497544174327649, 0.01303027016869065, 0.01303027016869065, 0.06497544174327649, 0.07001029000977886, 0.07001029000977886, 0.06497544174327649]",18,train,0
0.73,69,4,1,26,100,0,1,1,1,0,0,0,0,1,1,1,0,0,0,"(array([0.42261663, 0.53634328, 0.52387708, 0.44957253, 0.67460543,
       0.81498343]), array([0.92033124, 0.89164966, 0.89014596, 0.93400788, 0.74166667,
       0.54648751]), array([0.09113782, 0.12242837, 0.12369395, 0.07781551, 0.27339852,
       0.46693623]), array([0.56846189, 0.45712551, 0.46941465, 0.54207653, 0.3209433 ,
       0.18121529]))","['GPM (8B)', 'QwenPRM_avg_scores (7.63B)', 'EurusPRMStage2_min_scores (7.62B)', 'QwenPRM_min_scores (7.63B)', 'EurusPRMStage1_min_scores (7.62B)', 'QwenPRM_max_scores (7.63B)']","[0.9963194757006573, 0.7608991030981352, 0.2837917137083238, 0.9963194757006573, 0.9963194757006573, 0.2837917137083238, 0.7719989533076813, 0.2837917137083238, 0.7719989533076813, 0.97118629455077, 0.9963194757006573, 0.2837917137083238, 0.9951255932587523, 0.9963194757006573, 0.9963194757006573, 0.7719989533076813, 0.9963194757006573, 0.06497544174327649, 0.01303027016869065, 0.7719989533076813, 0.06497544174327649, 0.7719989533076813, 0.7608991030981352, 0.2837917137083238, 0.9963194757006573, 0.9963194757006573, 0.9645308520952199, 0.9963194757006573, 0.9809267680068897, 0.7719989533076813, 0.2837917137083238, 0.06497544174327649, 0.2837917137083238, 0.2837917137083238, 0.7719989533076813, 0.7608991030981352, 0.97118629455077, 0.9645308520952199, 0.7608991030981352, 0.2837917137083238, 0.7719989533076813, 0.9645308520952199, 0.06497544174327649, 0.9645308520952199, 0.9963194757006573, 0.959825040524801, 0.9963194757006573, 0.2837917137083238, 0.7608991030981352, 0.06497544174327649, 0.9963194757006573, 0.9645308520952199, 0.9645308520952199, 0.2837917137083238, 0.06497544174327649, 0.7608991030981352, 0.9645308520952199, 0.9645308520952199, 0.06497544174327649, 0.3767923122373365, 0.2837917137083238, 0.9645308520952199, 0.8266610198294627, 0.97118629455077, 0.7719989533076813, 0.7608991030981352, 0.7719989533076813, 0.9963194757006573, 0.2837917137083238, 0.01303027016869065, 0.9963194757006573, 0.9645308520952199, 0.06497544174327649, 0.06497544174327649, 0.7608991030981352, 0.9963194757006573, 0.9645308520952199, 0.9963194757006573, 0.7608991030981352, 0.9645308520952199, 0.7608991030981352, 0.9963194757006573, 0.7608991030981352, 0.06497544174327649, 0.2837917137083238, 0.7608991030981352, 0.9645308520952199, 0.9963194757006573, 0.7608991030981352, 0.7719989533076813, 0.7719989533076813, 0.97118629455077, 0.9963194757006573, 0.2837917137083238, 0.372571681035027, 0.7719989533076813, 0.9645308520952199, 0.2837917137083238, 0.7719989533076813, 0.7719989533076813]",19,train,9
0.69,23,46,1,30,100,25,1,1,1,0,0,0,25,1,1,1,0,0,0,"(array([0.42261663, 0.53634328, 0.52387708, 0.44957253, 0.67460543,
       0.81498343]), array([0.92033124, 0.89164966, 0.89014596, 0.93400788, 0.74166667,
       0.54648751]), array([0.09113782, 0.12242837, 0.12369395, 0.07781551, 0.27339852,
       0.46693623]), array([0.56846189, 0.45712551, 0.46941465, 0.54207653, 0.3209433 ,
       0.18121529]))","['GPM (8B)', 'QwenPRM_avg_scores (7.63B)', 'EurusPRMStage2_min_scores (7.62B)', 'QwenPRM_min_scores (7.63B)', 'EurusPRMStage1_min_scores (7.62B)', 'QwenPRM_max_scores (7.63B)']","[0.01303027016869065, 0.372571681035027, 0.01303027016869065, 0.01303027016869065, 0.01303027016869065, 0.2837917137083238, 0.01303027016869065, 0.01303027016869065, 0.01303027016869065, 0.01303027016869065, 0.8266610198294627, 0.3767923122373365, 0.2837917137083238, 0.3767923122373365, 0.01303027016869065, 0.01303027016869065, 0.01303027016869065, 0.3581925108715857, 0.01303027016869065, 0.06497544174327649, 0.01303027016869065, 0.97118629455077, 0.01303027016869065, 0.01303027016869065, 0.7719989533076813, 0.9963194757006573, 0.2837917137083238, 0.01303027016869065, 0.01303027016869065, 0.9645308520952199, 0.7608991030981352, 0.01303027016869065, 0.07001029000977886, 0.01303027016869065, 0.7719989533076813, 0.07001029000977886, 0.01303027016869065, 0.0958666544987358, 0.01303027016869065, 0.01303027016869065, 0.01303027016869065, 0.01303027016869065, 0.01303027016869065, 0.372571681035027, 0.7608991030981352, 0.01303027016869065, 0.0958666544987358, 0.7719989533076813, 0.01303027016869065, 0.01303027016869065, 0.06497544174327649, 0.06497544174327649, 0.7719989533076813, 0.39146272798883036, 0.372571681035027, 0.01303027016869065, 0.8553055129044883, 0.3767923122373365, 0.01303027016869065, 0.07001029000977886, 0.06497544174327649, 0.01303027016869065, 0.07001029000977886, 0.2837917137083238, 0.07001029000977886, 0.01303027016869065, 0.06497544174327649, 0.01303027016869065, 0.06497544174327649, 0.01303027016869065, 0.06497544174327649, 0.8553055129044883, 0.01303027016869065, 0.06497544174327649, 0.7608991030981352, 0.2837917137083238, 0.01303027016869065, 0.97118629455077, 0.3767923122373365, 0.7719989533076813, 0.7719989533076813, 0.9645308520952199, 0.3767923122373365, 0.7608991030981352, 0.97118629455077, 0.7719989533076813, 0.9645308520952199, 0.06497544174327649, 0.39146272798883036, 0.06497544174327649, 0.01303027016869065, 0.01303027016869065, 0.01303027016869065, 0.01303027016869065, 0.7719989533076813, 0.01303027016869065, 0.9963194757006573, 0.7608991030981352, 0.01303027016869065, 0.01303027016869065]",20,train,5
0.69,62,7,0,31,100,27,1,1,1,0,0,0,27,1,1,1,0,0,0,"(array([0.42261663, 0.53634328, 0.52387708, 0.44957253, 0.67460543,
       0.81498343]), array([0.92033124, 0.89164966, 0.89014596, 0.93400788, 0.74166667,
       0.54648751]), array([0.09113782, 0.12242837, 0.12369395, 0.07781551, 0.27339852,
       0.46693623]), array([0.56846189, 0.45712551, 0.46941465, 0.54207653, 0.3209433 ,
       0.18121529]))","['GPM (8B)', 'QwenPRM_avg_scores (7.63B)', 'EurusPRMStage2_min_scores (7.62B)', 'QwenPRM_min_scores (7.63B)', 'EurusPRMStage1_min_scores (7.62B)', 'QwenPRM_max_scores (7.63B)']","[0.01303027016869065, 0.9621494743981969, 0.7719989533076813, 0.7719989533076813, 0.816781471410704, 0.9621494743981969, 0.7608991030981352, 0.9621494743981969, 0.372571681035027, 0.07001029000977886, 0.39146272798883036, 0.7484121349047994, 0.2837917137083238, 0.01303027016869065, 0.816781471410704, 0.09017727905987674, 0.7608991030981352, 0.8194619320216672, 0.7719989533076813, 0.34283824611990676, 0.3581925108715857, 0.7484121349047994, 0.9960636573093521, 0.9621494743981969, 0.2837917137083238, 0.97118629455077, 0.7484121349047994, 0.9995081794621024, 0.7608991030981352, 0.2837917137083238, 0.09017727905987674, 0.7719989533076813, 0.959825040524801, 0.09017727905987674, 0.7719989533076813, 0.9621494743981969, 0.34283824611990676, 0.09017727905987674, 0.372571681035027, 0.7484121349047994, 0.9995081794621024, 0.2837917137083238, 0.9621494743981969, 0.9621494743981969, 0.7484121349047994, 0.06497544174327649, 0.9995081794621024, 0.7608991030981352, 0.7484121349047994, 0.7484121349047994, 0.3581925108715857, 0.7719989533076813, 0.7719989533076813, 0.7608991030981352, 0.7484121349047994, 0.7719989533076813, 0.2837917137083238, 0.7484121349047994, 0.3610893196836854, 0.3767923122373365, 0.09017727905987674, 0.9621494743981969, 0.372571681035027, 0.06497544174327649, 0.9951255932587523, 0.9621494743981969, 0.9951255932587523, 0.07001029000977886, 0.7484121349047994, 0.2837917137083238, 0.7484121349047994, 0.7484121349047994, 0.959825040524801, 0.01303027016869065, 0.7484121349047994, 0.7608991030981352, 0.9645308520952199, 0.7608991030981352, 0.09017727905987674, 0.7484121349047994, 0.09017727905987674, 0.3610893196836854, 0.7719989533076813, 0.7719989533076813, 0.2837917137083238, 0.3610893196836854, 0.06497544174327649, 0.816781471410704, 0.34283824611990676, 0.9645308520952199, 0.7484121349047994, 0.9645308520952199, 0.2837917137083238, 0.7484121349047994, 0.9963194757006573, 0.7484121349047994, 0.2837917137083238, 0.9621494743981969, 0.959825040524801, 0.3610893196836854]",21,train,9
0.96,8,88,1,3,100,1,1,1,1,0,0,0,1,1,1,1,0,0,0,"(array([0.42261663, 0.53634328, 0.52387708, 0.44957253, 0.67460543,
       0.81498343]), array([0.92033124, 0.89164966, 0.89014596, 0.93400788, 0.74166667,
       0.54648751]), array([0.09113782, 0.12242837, 0.12369395, 0.07781551, 0.27339852,
       0.46693623]), array([0.56846189, 0.45712551, 0.46941465, 0.54207653, 0.3209433 ,
       0.18121529]))","['GPM (8B)', 'QwenPRM_avg_scores (7.63B)', 'EurusPRMStage2_min_scores (7.62B)', 'QwenPRM_min_scores (7.63B)', 'EurusPRMStage1_min_scores (7.62B)', 'QwenPRM_max_scores (7.63B)']","[0.2837917137083238, 0.9963194757006573, 0.01303027016869065, 0.06497544174327649, 0.2837917137083238, 0.06497544174327649, 0.01303027016869065, 0.01303027016869065, 0.01303027016869065, 0.06497544174327649, 0.01303027016869065, 0.01303027016869065, 0.06497544174327649, 0.372571681035027, 0.06497544174327649, 0.06497544174327649, 0.3581925108715857, 0.06497544174327649, 0.01303027016869065, 0.06497544174327649, 0.06497544174327649, 0.06497544174327649, 0.06497544174327649, 0.06497544174327649, 0.06497544174327649, 0.06497544174327649, 0.7608991030981352, 0.9963194757006573, 0.06497544174327649, 0.06497544174327649, 0.01303027016869065, 0.06497544174327649, 0.01303027016869065, 0.06497544174327649, 0.06497544174327649, 0.06497544174327649, 0.7608991030981352, 0.06497544174327649, 0.06497544174327649, 0.06497544174327649, 0.06497544174327649, 0.06497544174327649, 0.06497544174327649, 0.06497544174327649, 0.06497544174327649, 0.06497544174327649, 0.06497544174327649, 0.7719989533076813, 0.01303027016869065, 0.06497544174327649, 0.06497544174327649, 0.01303027016869065, 0.06497544174327649, 0.06497544174327649, 0.06497544174327649, 0.01303027016869065, 0.97118629455077, 0.01303027016869065, 0.06497544174327649, 0.06497544174327649, 0.2837917137083238, 0.06497544174327649, 0.01303027016869065, 0.06497544174327649, 0.01303027016869065, 0.06497544174327649, 0.06497544174327649, 0.06497544174327649, 0.01303027016869065, 0.06497544174327649, 0.7608991030981352, 0.01303027016869065, 0.01303027016869065, 0.9645308520952199, 0.06497544174327649, 0.06497544174327649, 0.06497544174327649, 0.01303027016869065, 0.9645308520952199, 0.2837917137083238, 0.06497544174327649, 0.06497544174327649, 0.06497544174327649, 0.06497544174327649, 0.01303027016869065, 0.01303027016869065, 0.06497544174327649, 0.06497544174327649, 0.09017727905987674, 0.06497544174327649, 0.06497544174327649, 0.06497544174327649, 0.01303027016869065, 0.06497544174327649, 0.01303027016869065, 0.06497544174327649, 0.2837917137083238, 0.06497544174327649, 0.01303027016869065, 0.06497544174327649]",22,train,1
0.99,0,99,1,0,100,91,0,0,0,0,1,0,2,0,1,0,1,0,0,"(array([0.42261663, 0.53634328, 0.52387708, 0.44957253, 0.67460543,
       0.81498343]), array([0.92033124, 0.89164966, 0.89014596, 0.93400788, 0.74166667,
       0.54648751]), array([0.09113782, 0.12242837, 0.12369395, 0.07781551, 0.27339852,
       0.46693623]), array([0.56846189, 0.45712551, 0.46941465, 0.54207653, 0.3209433 ,
       0.18121529]))","['GPM (8B)', 'QwenPRM_avg_scores (7.63B)', 'EurusPRMStage2_min_scores (7.62B)', 'QwenPRM_min_scores (7.63B)', 'EurusPRMStage1_min_scores (7.62B)', 'QwenPRM_max_scores (7.63B)']","[0.4432143881658557, 0.09017727905987674, 0.01303027016869065, 0.01303027016869065, 0.06497544174327649, 0.01303027016869065, 0.01303027016869065, 0.01303027016869065, 0.06497544174327649, 0.01303027016869065, 0.3767923122373365, 0.01303027016869065, 0.01303027016869065, 0.09017727905987674, 0.06497544174327649, 0.01303027016869065, 0.09017727905987674, 0.09017727905987674, 0.01303027016869065, 0.01303027016869065, 0.06497544174327649, 0.01303027016869065, 0.01303027016869065, 0.01303027016869065, 0.01303027016869065, 0.06497544174327649, 0.06497544174327649, 0.3767923122373365, 0.06497544174327649, 0.01303027016869065, 0.01303027016869065, 0.07001029000977886, 0.06497544174327649, 0.09017727905987674, 0.01303027016869065, 0.06497544174327649, 0.06497544174327649, 0.09017727905987674, 0.06497544174327649, 0.3581925108715857, 0.07001029000977886, 0.06497544174327649, 0.01303027016869065, 0.01303027016869065, 0.06497544174327649, 0.01303027016869065, 0.01303027016869065, 0.01303027016869065, 0.06497544174327649, 0.01303027016869065, 0.06497544174327649, 0.06497544174327649, 0.06497544174327649, 0.06497544174327649, 0.01303027016869065, 0.01303027016869065, 0.01303027016869065, 0.07001029000977886, 0.06497544174327649, 0.34283824611990676, 0.06497544174327649, 0.01303027016869065, 0.01303027016869065, 0.34283824611990676, 0.3610893196836854, 0.06497544174327649, 0.01303027016869065, 0.01303027016869065, 0.06497544174327649, 0.06497544174327649, 0.06497544174327649, 0.06497544174327649, 0.06497544174327649, 0.06497544174327649, 0.07001029000977886, 0.06497544174327649, 0.06497544174327649, 0.01303027016869065, 0.06497544174327649, 0.06497544174327649, 0.09017727905987674, 0.06497544174327649, 0.34283824611990676, 0.06497544174327649, 0.01303027016869065, 0.06497544174327649, 0.3767923122373365, 0.01303027016869065, 0.01303027016869065, 0.06497544174327649, 0.3581925108715857, 0.7608991030981352, 0.01303027016869065, 0.01303027016869065, 0.01303027016869065, 0.06497544174327649, 0.06497544174327649, 0.01303027016869065, 0.06497544174327649, 0.06497544174327649]",23,train,0
0.68,65,3,1,31,100,6,1,1,1,0,0,0,6,1,1,1,0,0,0,"(array([0.42261663, 0.53634328, 0.52387708, 0.44957253, 0.67460543,
       0.81498343]), array([0.92033124, 0.89164966, 0.89014596, 0.93400788, 0.74166667,
       0.54648751]), array([0.09113782, 0.12242837, 0.12369395, 0.07781551, 0.27339852,
       0.46693623]), array([0.56846189, 0.45712551, 0.46941465, 0.54207653, 0.3209433 ,
       0.18121529]))","['GPM (8B)', 'QwenPRM_avg_scores (7.63B)', 'EurusPRMStage2_min_scores (7.62B)', 'QwenPRM_min_scores (7.63B)', 'EurusPRMStage1_min_scores (7.62B)', 'QwenPRM_max_scores (7.63B)']","[0.372571681035027, 0.09017727905987674, 0.7719989533076813, 0.7608991030981352, 0.97118629455077, 0.97118629455077, 0.9963194757006573, 0.06497544174327649, 0.2837917137083238, 0.9645308520952199, 0.2837917137083238, 0.9963194757006573, 0.9963194757006573, 0.2837917137083238, 0.9621494743981969, 0.2837917137083238, 0.372571681035027, 0.9621494743981969, 0.8266610198294627, 0.9963194757006573, 0.9621494743981969, 0.97118629455077, 0.7608991030981352, 0.7719989533076813, 0.97118629455077, 0.9963194757006573, 0.97118629455077, 0.9645308520952199, 0.7719989533076813, 0.9963194757006573, 0.9963194757006573, 0.97118629455077, 0.9963194757006573, 0.7608991030981352, 0.97118629455077, 0.9963194757006573, 0.2837917137083238, 0.97118629455077, 0.06497544174327649, 0.7608991030981352, 0.372571681035027, 0.7719989533076813, 0.2837917137083238, 0.9963194757006573, 0.7719989533076813, 0.2837917137083238, 0.34283824611990676, 0.7608991030981352, 0.9963194757006573, 0.7719989533076813, 0.2837917137083238, 0.9645308520952199, 0.97118629455077, 0.2837917137083238, 0.2837917137083238, 0.7484121349047994, 0.7719989533076813, 0.34283824611990676, 0.7484121349047994, 0.06497544174327649, 0.7719989533076813, 0.2837917137083238, 0.34283824611990676, 0.2837917137083238, 0.01303027016869065, 0.7608991030981352, 0.97118629455077, 0.06497544174327649, 0.9963194757006573, 0.2837917137083238, 0.8553055129044883, 0.9963194757006573, 0.7719989533076813, 0.9963194757006573, 0.7719989533076813, 0.06497544174327649, 0.97118629455077, 0.9963194757006573, 0.34283824611990676, 0.7719989533076813, 0.7608991030981352, 0.9963194757006573, 0.9963194757006573, 0.9963194757006573, 0.959825040524801, 0.06497544174327649, 0.9963194757006573, 0.9963194757006573, 0.06497544174327649, 0.372571681035027, 0.2837917137083238, 0.06497544174327649, 0.9645308520952199, 0.7608991030981352, 0.7608991030981352, 0.2837917137083238, 0.7608991030981352, 0.8553055129044883, 0.06497544174327649, 0.7608991030981352]",24,train,9
0.87,0,87,3,10,100,13,0,1,0,0,0,1,2,0,1,0,1,0,0,"(array([0.42261663, 0.53634328, 0.52387708, 0.44957253, 0.67460543,
       0.81498343]), array([0.92033124, 0.89164966, 0.89014596, 0.93400788, 0.74166667,
       0.54648751]), array([0.09113782, 0.12242837, 0.12369395, 0.07781551, 0.27339852,
       0.46693623]), array([0.56846189, 0.45712551, 0.46941465, 0.54207653, 0.3209433 ,
       0.18121529]))","['GPM (8B)', 'QwenPRM_avg_scores (7.63B)', 'EurusPRMStage2_min_scores (7.62B)', 'QwenPRM_min_scores (7.63B)', 'EurusPRMStage1_min_scores (7.62B)', 'QwenPRM_max_scores (7.63B)']","[0.06497544174327649, 0.06497544174327649, 0.01303027016869065, 0.01303027016869065, 0.09017727905987674, 0.06497544174327649, 0.06497544174327649, 0.06497544174327649, 0.06497544174327649, 0.01303027016869065, 0.07001029000977886, 0.01303027016869065, 0.01303027016869065, 0.7608991030981352, 0.06497544174327649, 0.06497544174327649, 0.3767923122373365, 0.06497544174327649, 0.01303027016869065, 0.06497544174327649, 0.06497544174327649, 0.07001029000977886, 0.07001029000977886, 0.01303027016869065, 0.01303027016869065, 0.06497544174327649, 0.06497544174327649, 0.01303027016869065, 0.06497544174327649, 0.06497544174327649, 0.2837917137083238, 0.06497544174327649, 0.01303027016869065, 0.7608991030981352, 0.06497544174327649, 0.07001029000977886, 0.2837917137083238, 0.06497544174327649, 0.06497544174327649, 0.09017727905987674, 0.06497544174327649, 0.06497544174327649, 0.2837917137083238, 0.06497544174327649, 0.06497544174327649, 0.2837917137083238, 0.06497544174327649, 0.06497544174327649, 0.06497544174327649, 0.3767923122373365, 0.2837917137083238, 0.06497544174327649, 0.06497544174327649, 0.01303027016869065, 0.07001029000977886, 0.06497544174327649, 0.06497544174327649, 0.06497544174327649, 0.01303027016869065, 0.06497544174327649, 0.06497544174327649, 0.2837917137083238, 0.06497544174327649, 0.06497544174327649, 0.06497544174327649, 0.01303027016869065, 0.01303027016869065, 0.06497544174327649, 0.2837917137083238, 0.06497544174327649, 0.06497544174327649, 0.01303027016869065, 0.06497544174327649, 0.06497544174327649, 0.01303027016869065, 0.06497544174327649, 0.06497544174327649, 0.2837917137083238, 0.3767923122373365, 0.06497544174327649, 0.7608991030981352, 0.06497544174327649, 0.06497544174327649, 0.06497544174327649, 0.06497544174327649, 0.01303027016869065, 0.01303027016869065, 0.06497544174327649, 0.2837917137083238, 0.06497544174327649, 0.06497544174327649, 0.06497544174327649, 0.06497544174327649, 0.3581925108715857, 0.3581925108715857, 0.06497544174327649, 0.01303027016869065, 0.06497544174327649, 0.06497544174327649, 0.2837917137083238]",25,train,1
0.75,0,75,23,2,100,57,0,1,0,0,0,1,4,0,1,0,1,0,0,"(array([0.42261663, 0.53634328, 0.52387708, 0.44957253, 0.67460543,
       0.81498343]), array([0.92033124, 0.89164966, 0.89014596, 0.93400788, 0.74166667,
       0.54648751]), array([0.09113782, 0.12242837, 0.12369395, 0.07781551, 0.27339852,
       0.46693623]), array([0.56846189, 0.45712551, 0.46941465, 0.54207653, 0.3209433 ,
       0.18121529]))","['GPM (8B)', 'QwenPRM_avg_scores (7.63B)', 'EurusPRMStage2_min_scores (7.62B)', 'QwenPRM_min_scores (7.63B)', 'EurusPRMStage1_min_scores (7.62B)', 'QwenPRM_max_scores (7.63B)']","[0.3610893196836854, 0.7484121349047994, 0.06497544174327649, 0.07001029000977886, 0.01303027016869065, 0.2837917137083238, 0.01303027016869065, 0.01303027016869065, 0.01303027016869065, 0.07001029000977886, 0.01303027016869065, 0.06497544174327649, 0.07001029000977886, 0.7608991030981352, 0.07001029000977886, 0.07001029000977886, 0.7608991030981352, 0.3581925108715857, 0.07001029000977886, 0.06497544174327649, 0.7608991030981352, 0.3767923122373365, 0.06497544174327649, 0.0958666544987358, 0.7484121349047994, 0.01303027016869065, 0.2837917137083238, 0.06497544174327649, 0.07001029000977886, 0.01303027016869065, 0.06497544174327649, 0.06497544174327649, 0.2837917137083238, 0.06497544174327649, 0.7608991030981352, 0.2837917137083238, 0.07001029000977886, 0.07001029000977886, 0.01303027016869065, 0.7719989533076813, 0.01303027016869065, 0.01303027016869065, 0.09017727905987674, 0.07001029000977886, 0.06497544174327649, 0.06497544174327649, 0.34283824611990676, 0.01303027016869065, 0.01303027016869065, 0.06497544174327649, 0.07001029000977886, 0.7608991030981352, 0.7608991030981352, 0.0958666544987358, 0.3767923122373365, 0.07001029000977886, 0.01303027016869065, 0.9645308520952199, 0.7719989533076813, 0.7608991030981352, 0.3610893196836854, 0.06497544174327649, 0.07001029000977886, 0.0958666544987358, 0.06497544174327649, 0.9645308520952199, 0.06497544174327649, 0.7608991030981352, 0.34283824611990676, 0.06497544174327649, 0.7719989533076813, 0.7608991030981352, 0.7719989533076813, 0.06497544174327649, 0.3767923122373365, 0.7608991030981352, 0.06497544174327649, 0.09017727905987674, 0.06497544174327649, 0.3610893196836854, 0.3610893196836854, 0.07001029000977886, 0.01303027016869065, 0.06497544174327649, 0.01303027016869065, 0.7484121349047994, 0.06497544174327649, 0.2837917137083238, 0.06497544174327649, 0.7608991030981352, 0.7608991030981352, 0.09017727905987674, 0.7608991030981352, 0.3581925108715857, 0.06497544174327649, 0.06497544174327649, 0.3610893196836854, 0.7608991030981352, 0.06497544174327649, 0.07001029000977886]",26,train,0
0.86,72,14,5,9,100,1,1,1,1,0,0,0,1,1,1,1,0,0,0,"(array([0.42261663, 0.53634328, 0.52387708, 0.44957253, 0.67460543,
       0.81498343]), array([0.92033124, 0.89164966, 0.89014596, 0.93400788, 0.74166667,
       0.54648751]), array([0.09113782, 0.12242837, 0.12369395, 0.07781551, 0.27339852,
       0.46693623]), array([0.56846189, 0.45712551, 0.46941465, 0.54207653, 0.3209433 ,
       0.18121529]))","['GPM (8B)', 'QwenPRM_avg_scores (7.63B)', 'EurusPRMStage2_min_scores (7.62B)', 'QwenPRM_min_scores (7.63B)', 'EurusPRMStage1_min_scores (7.62B)', 'QwenPRM_max_scores (7.63B)']","[0.7608991030981352, 0.9963194757006573, 0.7608991030981352, 0.2837917137083238, 0.9963194757006573, 0.97118629455077, 0.9645308520952199, 0.9645308520952199, 0.7608991030981352, 0.9645308520952199, 0.9645308520952199, 0.372571681035027, 0.9793703356903635, 0.7608991030981352, 0.8266610198294627, 0.9963194757006573, 0.3581925108715857, 0.7719989533076813, 0.9645308520952199, 0.01303027016869065, 0.9963194757006573, 0.06497544174327649, 0.9645308520952199, 0.7608991030981352, 0.9645308520952199, 0.9963194757006573, 0.9645308520952199, 0.06497544174327649, 0.97118629455077, 0.7608991030981352, 0.9645308520952199, 0.9963194757006573, 0.7719989533076813, 0.9645308520952199, 0.8266610198294627, 0.8553055129044883, 0.9963194757006573, 0.9963194757006573, 0.9793703356903635, 0.7608991030981352, 0.7719989533076813, 0.2837917137083238, 0.01303027016869065, 0.9963194757006573, 0.7608991030981352, 0.9963194757006573, 0.7608991030981352, 0.9645308520952199, 0.9963194757006573, 0.9963194757006573, 0.9963194757006573, 0.9963194757006573, 0.7608991030981352, 0.3767923122373365, 0.3581925108715857, 0.3581925108715857, 0.7608991030981352, 0.9963194757006573, 0.7608991030981352, 0.7719989533076813, 0.01303027016869065, 0.9963194757006573, 0.7608991030981352, 0.9963194757006573, 0.9793703356903635, 0.9963194757006573, 0.06497544174327649, 0.9963194757006573, 0.7608991030981352, 0.7608991030981352, 0.2837917137083238, 0.9809267680068897, 0.9809267680068897, 0.7719989533076813, 0.9645308520952199, 0.97118629455077, 0.06497544174327649, 0.10137850689362989, 0.7608991030981352, 0.06497544174327649, 0.7608991030981352, 0.06497544174327649, 0.01303027016869065, 0.2837917137083238, 0.7608991030981352, 0.9645308520952199, 0.9963194757006573, 0.9963194757006573, 0.9645308520952199, 0.06497544174327649, 0.7719989533076813, 0.9645308520952199, 0.7608991030981352, 0.372571681035027, 0.9963194757006573, 0.9645308520952199, 0.2837917137083238, 0.97118629455077, 0.9645308520952199, 0.7608991030981352]",27,train,8
0.89,0,89,9,2,100,3,0,1,0,0,0,1,9,0,1,0,1,0,0,"(array([0.42261663, 0.53634328, 0.52387708, 0.44957253, 0.67460543,
       0.81498343]), array([0.92033124, 0.89164966, 0.89014596, 0.93400788, 0.74166667,
       0.54648751]), array([0.09113782, 0.12242837, 0.12369395, 0.07781551, 0.27339852,
       0.46693623]), array([0.56846189, 0.45712551, 0.46941465, 0.54207653, 0.3209433 ,
       0.18121529]))","['GPM (8B)', 'QwenPRM_avg_scores (7.63B)', 'EurusPRMStage2_min_scores (7.62B)', 'QwenPRM_min_scores (7.63B)', 'EurusPRMStage1_min_scores (7.62B)', 'QwenPRM_max_scores (7.63B)']","[0.06497544174327649, 0.2837917137083238, 0.06497544174327649, 0.8266610198294627, 0.06497544174327649, 0.2837917137083238, 0.06497544174327649, 0.7608991030981352, 0.06497544174327649, 0.01303027016869065, 0.06497544174327649, 0.06497544174327649, 0.01303027016869065, 0.7608991030981352, 0.06497544174327649, 0.06497544174327649, 0.2837917137083238, 0.06497544174327649, 0.01303027016869065, 0.06497544174327649, 0.2837917137083238, 0.06497544174327649, 0.01303027016869065, 0.06497544174327649, 0.06497544174327649, 0.06497544174327649, 0.7608991030981352, 0.06497544174327649, 0.06497544174327649, 0.01303027016869065, 0.01303027016869065, 0.06497544174327649, 0.01303027016869065, 0.06497544174327649, 0.06497544174327649, 0.06497544174327649, 0.01303027016869065, 0.7608991030981352, 0.01303027016869065, 0.7608991030981352, 0.01303027016869065, 0.06497544174327649, 0.06497544174327649, 0.01303027016869065, 0.01303027016869065, 0.06497544174327649, 0.06497544174327649, 0.06497544174327649, 0.06497544174327649, 0.01303027016869065, 0.06497544174327649, 0.06497544174327649, 0.06497544174327649, 0.06497544174327649, 0.01303027016869065, 0.01303027016869065, 0.2837917137083238, 0.06497544174327649, 0.06497544174327649, 0.06497544174327649, 0.06497544174327649, 0.06497544174327649, 0.06497544174327649, 0.01303027016869065, 0.06497544174327649, 0.2837917137083238, 0.7608991030981352, 0.01303027016869065, 0.06497544174327649, 0.01303027016869065, 0.01303027016869065, 0.01303027016869065, 0.06497544174327649, 0.7608991030981352, 0.01303027016869065, 0.06497544174327649, 0.7608991030981352, 0.01303027016869065, 0.01303027016869065, 0.06497544174327649, 0.2837917137083238, 0.01303027016869065, 0.01303027016869065, 0.2837917137083238, 0.06497544174327649, 0.06497544174327649, 0.01303027016869065, 0.06497544174327649, 0.06497544174327649, 0.01303027016869065, 0.06497544174327649, 0.06497544174327649, 0.06497544174327649, 0.06497544174327649, 0.06497544174327649, 0.06497544174327649, 0.3767923122373365, 0.01303027016869065, 0.01303027016869065, 0.06497544174327649]",28,train,0
0.83,20,63,2,15,100,4,1,1,1,0,0,0,4,1,1,1,0,0,0,"(array([0.42261663, 0.53634328, 0.52387708, 0.44957253, 0.67460543,
       0.81498343]), array([0.92033124, 0.89164966, 0.89014596, 0.93400788, 0.74166667,
       0.54648751]), array([0.09113782, 0.12242837, 0.12369395, 0.07781551, 0.27339852,
       0.46693623]), array([0.56846189, 0.45712551, 0.46941465, 0.54207653, 0.3209433 ,
       0.18121529]))","['GPM (8B)', 'QwenPRM_avg_scores (7.63B)', 'EurusPRMStage2_min_scores (7.62B)', 'QwenPRM_min_scores (7.63B)', 'EurusPRMStage1_min_scores (7.62B)', 'QwenPRM_max_scores (7.63B)']","[0.06497544174327649, 0.06497544174327649, 0.2837917137083238, 0.97118629455077, 0.9963194757006573, 0.06497544174327649, 0.06497544174327649, 0.06497544174327649, 0.3581925108715857, 0.9645308520952199, 0.06497544174327649, 0.06497544174327649, 0.06497544174327649, 0.06497544174327649, 0.06497544174327649, 0.06497544174327649, 0.06497544174327649, 0.7608991030981352, 0.06497544174327649, 0.06497544174327649, 0.01303027016869065, 0.06497544174327649, 0.06497544174327649, 0.06497544174327649, 0.06497544174327649, 0.06497544174327649, 0.06497544174327649, 0.3581925108715857, 0.06497544174327649, 0.01303027016869065, 0.7608991030981352, 0.2837917137083238, 0.06497544174327649, 0.06497544174327649, 0.7608991030981352, 0.7608991030981352, 0.3581925108715857, 0.9645308520952199, 0.01303027016869065, 0.01303027016869065, 0.06497544174327649, 0.06497544174327649, 0.2837917137083238, 0.7608991030981352, 0.06497544174327649, 0.06497544174327649, 0.06497544174327649, 0.2837917137083238, 0.8266610198294627, 0.9963194757006573, 0.06497544174327649, 0.06497544174327649, 0.06497544174327649, 0.06497544174327649, 0.2837917137083238, 0.06497544174327649, 0.9645308520952199, 0.9963194757006573, 0.06497544174327649, 0.06497544174327649, 0.06497544174327649, 0.06497544174327649, 0.06497544174327649, 0.06497544174327649, 0.9963194757006573, 0.7608991030981352, 0.06497544174327649, 0.06497544174327649, 0.3767923122373365, 0.06497544174327649, 0.06497544174327649, 0.7608991030981352, 0.06497544174327649, 0.06497544174327649, 0.7608991030981352, 0.2837917137083238, 0.06497544174327649, 0.7719989533076813, 0.06497544174327649, 0.06497544174327649, 0.06497544174327649, 0.06497544174327649, 0.9645308520952199, 0.06497544174327649, 0.9645308520952199, 0.7719989533076813, 0.06497544174327649, 0.06497544174327649, 0.06497544174327649, 0.2837917137083238, 0.06497544174327649, 0.06497544174327649, 0.01303027016869065, 0.06497544174327649, 0.06497544174327649, 0.06497544174327649, 0.06497544174327649, 0.06497544174327649, 0.06497544174327649, 0.7608991030981352]",29,train,3
0.98,1,97,0,2,100,89,1,1,1,0,0,0,1,0,1,0,1,0,0,"(array([0.42261663, 0.53634328, 0.52387708, 0.44957253, 0.67460543,
       0.81498343]), array([0.92033124, 0.89164966, 0.89014596, 0.93400788, 0.74166667,
       0.54648751]), array([0.09113782, 0.12242837, 0.12369395, 0.07781551, 0.27339852,
       0.46693623]), array([0.56846189, 0.45712551, 0.46941465, 0.54207653, 0.3209433 ,
       0.18121529]))","['GPM (8B)', 'QwenPRM_avg_scores (7.63B)', 'EurusPRMStage2_min_scores (7.62B)', 'QwenPRM_min_scores (7.63B)', 'EurusPRMStage1_min_scores (7.62B)', 'QwenPRM_max_scores (7.63B)']","[0.06497544174327649, 0.01303027016869065, 0.01303027016869065, 0.06497544174327649, 0.01303027016869065, 0.06497544174327649, 0.01303027016869065, 0.01303027016869065, 0.01303027016869065, 0.01303027016869065, 0.01303027016869065, 0.06497544174327649, 0.01303027016869065, 0.01303027016869065, 0.01303027016869065, 0.01303027016869065, 0.06497544174327649, 0.01303027016869065, 0.06497544174327649, 0.01303027016869065, 0.01303027016869065, 0.01303027016869065, 0.2837917137083238, 0.01303027016869065, 0.3610893196836854, 0.07001029000977886, 0.07001029000977886, 0.07001029000977886, 0.06497544174327649, 0.06497544174327649, 0.01303027016869065, 0.01303027016869065, 0.01303027016869065, 0.06497544174327649, 0.06497544174327649, 0.09017727905987674, 0.07001029000977886, 0.06497544174327649, 0.01303027016869065, 0.2837917137083238, 0.06497544174327649, 0.06497544174327649, 0.01303027016869065, 0.06497544174327649, 0.01303027016869065, 0.06497544174327649, 0.01303027016869065, 0.06497544174327649, 0.06497544174327649, 0.01303027016869065, 0.2837917137083238, 0.01303027016869065, 0.01303027016869065, 0.01303027016869065, 0.06497544174327649, 0.01303027016869065, 0.01303027016869065, 0.06497544174327649, 0.01303027016869065, 0.06497544174327649, 0.06497544174327649, 0.01303027016869065, 0.01303027016869065, 0.06497544174327649, 0.01303027016869065, 0.06497544174327649, 0.06497544174327649, 0.06497544174327649, 0.06497544174327649, 0.01303027016869065, 0.06497544174327649, 0.06497544174327649, 0.01303027016869065, 0.06497544174327649, 0.01303027016869065, 0.01303027016869065, 0.01303027016869065, 0.06497544174327649, 0.01303027016869065, 0.06497544174327649, 0.3767923122373365, 0.01303027016869065, 0.01303027016869065, 0.01303027016869065, 0.06497544174327649, 0.01303027016869065, 0.06497544174327649, 0.06497544174327649, 0.07001029000977886, 0.7608991030981352, 0.06497544174327649, 0.06497544174327649, 0.01303027016869065, 0.01303027016869065, 0.06497544174327649, 0.2837917137083238, 0.01303027016869065, 0.01303027016869065, 0.06497544174327649, 0.06497544174327649]",30,train,0
0.89,16,73,1,10,100,4,1,1,1,0,0,0,4,1,1,1,0,0,0,"(array([0.42261663, 0.53634328, 0.52387708, 0.44957253, 0.67460543,
       0.81498343]), array([0.92033124, 0.89164966, 0.89014596, 0.93400788, 0.74166667,
       0.54648751]), array([0.09113782, 0.12242837, 0.12369395, 0.07781551, 0.27339852,
       0.46693623]), array([0.56846189, 0.45712551, 0.46941465, 0.54207653, 0.3209433 ,
       0.18121529]))","['GPM (8B)', 'QwenPRM_avg_scores (7.63B)', 'EurusPRMStage2_min_scores (7.62B)', 'QwenPRM_min_scores (7.63B)', 'EurusPRMStage1_min_scores (7.62B)', 'QwenPRM_max_scores (7.63B)']","[0.01303027016869065, 0.01303027016869065, 0.9645308520952199, 0.01303027016869065, 0.9963194757006573, 0.9960636573093521, 0.01303027016869065, 0.06497544174327649, 0.01303027016869065, 0.06497544174327649, 0.7719989533076813, 0.01303027016869065, 0.9963194757006573, 0.01303027016869065, 0.06497544174327649, 0.06497544174327649, 0.06497544174327649, 0.01303027016869065, 0.01303027016869065, 0.06497544174327649, 0.2837917137083238, 0.01303027016869065, 0.07001029000977886, 0.09017727905987674, 0.01303027016869065, 0.01303027016869065, 0.01303027016869065, 0.09017727905987674, 0.01303027016869065, 0.01303027016869065, 0.06497544174327649, 0.01303027016869065, 0.01303027016869065, 0.7719989533076813, 0.34283824611990676, 0.06497544174327649, 0.06497544174327649, 0.7719989533076813, 0.7719989533076813, 0.01303027016869065, 0.06497544174327649, 0.01303027016869065, 0.06497544174327649, 0.01303027016869065, 0.3610893196836854, 0.372571681035027, 0.06497544174327649, 0.06497544174327649, 0.01303027016869065, 0.06497544174327649, 0.01303027016869065, 0.06497544174327649, 0.01303027016869065, 0.06497544174327649, 0.06497544174327649, 0.06497544174327649, 0.01303027016869065, 0.07001029000977886, 0.09017727905987674, 0.06497544174327649, 0.07001029000977886, 0.01303027016869065, 0.06497544174327649, 0.97118629455077, 0.01303027016869065, 0.01303027016869065, 0.01303027016869065, 0.7719989533076813, 0.7719989533076813, 0.01303027016869065, 0.01303027016869065, 0.06497544174327649, 0.816781471410704, 0.7608991030981352, 0.01303027016869065, 0.372571681035027, 0.06497544174327649, 0.09017727905987674, 0.01303027016869065, 0.7719989533076813, 0.06497544174327649, 0.01303027016869065, 0.06497544174327649, 0.01303027016869065, 0.372571681035027, 0.01303027016869065, 0.372571681035027, 0.01303027016869065, 0.06497544174327649, 0.97118629455077, 0.34283824611990676, 0.06497544174327649, 0.9963194757006573, 0.06497544174327649, 0.01303027016869065, 0.372571681035027, 0.3610893196836854, 0.06497544174327649, 0.97118629455077, 0.06497544174327649]",31,train,2
0.73,10,63,0,27,100,48,1,1,1,0,0,0,48,1,1,1,0,0,0,"(array([0.42261663, 0.53634328, 0.52387708, 0.44957253, 0.67460543,
       0.81498343]), array([0.92033124, 0.89164966, 0.89014596, 0.93400788, 0.74166667,
       0.54648751]), array([0.09113782, 0.12242837, 0.12369395, 0.07781551, 0.27339852,
       0.46693623]), array([0.56846189, 0.45712551, 0.46941465, 0.54207653, 0.3209433 ,
       0.18121529]))","['GPM (8B)', 'QwenPRM_avg_scores (7.63B)', 'EurusPRMStage2_min_scores (7.62B)', 'QwenPRM_min_scores (7.63B)', 'EurusPRMStage1_min_scores (7.62B)', 'QwenPRM_max_scores (7.63B)']","[0.06497544174327649, 0.01303027016869065, 0.01303027016869065, 0.2837917137083238, 0.09017727905987674, 0.01303027016869065, 0.7608991030981352, 0.7608991030981352, 0.01303027016869065, 0.07001029000977886, 0.7608991030981352, 0.06497544174327649, 0.06497544174327649, 0.01303027016869065, 0.2837917137083238, 0.01303027016869065, 0.2837917137083238, 0.01303027016869065, 0.01303027016869065, 0.06497544174327649, 0.09017727905987674, 0.3610893196836854, 0.06497544174327649, 0.01303027016869065, 0.09017727905987674, 0.01303027016869065, 0.2837917137083238, 0.01303027016869065, 0.3767923122373365, 0.01303027016869065, 0.07001029000977886, 0.2837917137083238, 0.01303027016869065, 0.01303027016869065, 0.06497544174327649, 0.01303027016869065, 0.06497544174327649, 0.06497544174327649, 0.01303027016869065, 0.06497544174327649, 0.06497544174327649, 0.01303027016869065, 0.01303027016869065, 0.01303027016869065, 0.97118629455077, 0.01303027016869065, 0.01303027016869065, 0.01303027016869065, 0.9963194757006573, 0.01303027016869065, 0.7608991030981352, 0.09017727905987674, 0.06497544174327649, 0.01303027016869065, 0.01303027016869065, 0.09017727905987674, 0.01303027016869065, 0.01303027016869065, 0.06497544174327649, 0.06497544174327649, 0.06497544174327649, 0.01303027016869065, 0.2837917137083238, 0.09017727905987674, 0.06497544174327649, 0.01303027016869065, 0.9963194757006573, 0.07001029000977886, 0.01303027016869065, 0.01303027016869065, 0.07001029000977886, 0.09017727905987674, 0.9645308520952199, 0.01303027016869065, 0.01303027016869065, 0.09017727905987674, 0.01303027016869065, 0.2837917137083238, 0.06497544174327649, 0.01303027016869065, 0.09017727905987674, 0.01303027016869065, 0.01303027016869065, 0.01303027016869065, 0.01303027016869065, 0.01303027016869065, 0.09017727905987674, 0.01303027016869065, 0.01303027016869065, 0.09017727905987674, 0.09017727905987674, 0.01303027016869065, 0.09017727905987674, 0.2837917137083238, 0.01303027016869065, 0.7719989533076813, 0.01303027016869065, 0.09017727905987674, 0.01303027016869065, 0.9645308520952199]",32,train,3
0.78,73,5,0,22,100,9,1,1,1,0,0,0,9,1,1,1,0,0,0,"(array([0.42261663, 0.53634328, 0.52387708, 0.44957253, 0.67460543,
       0.81498343]), array([0.92033124, 0.89164966, 0.89014596, 0.93400788, 0.74166667,
       0.54648751]), array([0.09113782, 0.12242837, 0.12369395, 0.07781551, 0.27339852,
       0.46693623]), array([0.56846189, 0.45712551, 0.46941465, 0.54207653, 0.3209433 ,
       0.18121529]))","['GPM (8B)', 'QwenPRM_avg_scores (7.63B)', 'EurusPRMStage2_min_scores (7.62B)', 'QwenPRM_min_scores (7.63B)', 'EurusPRMStage1_min_scores (7.62B)', 'QwenPRM_max_scores (7.63B)']","[0.97118629455077, 0.9960636573093521, 0.816781471410704, 0.7484121349047994, 0.06497544174327649, 0.9960636573093521, 0.8553055129044883, 0.2837917137083238, 0.7484121349047994, 0.9963194757006573, 0.9963194757006573, 0.7719989533076813, 0.8553055129044883, 0.372571681035027, 0.9621494743981969, 0.97118629455077, 0.9963194757006573, 0.06497544174327649, 0.9963194757006573, 0.9963194757006573, 0.9963194757006573, 0.97118629455077, 0.9963194757006573, 0.7719989533076813, 0.06497544174327649, 0.97118629455077, 0.9963194757006573, 0.9963194757006573, 0.7719989533076813, 0.9621494743981969, 0.9963194757006573, 0.06497544174327649, 0.97118629455077, 0.06497544174327649, 0.9621494743981969, 0.06497544174327649, 0.9645308520952199, 0.7719989533076813, 0.7719989533076813, 0.97118629455077, 0.9963194757006573, 0.7719989533076813, 0.34283824611990676, 0.7719989533076813, 0.9963194757006573, 0.97118629455077, 0.06497544174327649, 0.9963194757006573, 0.2837917137083238, 0.372571681035027, 0.9963194757006573, 0.06497544174327649, 0.9963194757006573, 0.372571681035027, 0.959825040524801, 0.9645308520952199, 0.7484121349047994, 0.372571681035027, 0.9960636573093521, 0.9963194757006573, 0.7719989533076813, 0.9963194757006573, 0.97118629455077, 0.06497544174327649, 0.06497544174327649, 0.9621494743981969, 0.2837917137083238, 0.7719989533076813, 0.2837917137083238, 0.7719989533076813, 0.06497544174327649, 0.372571681035027, 0.8553055129044883, 0.7719989533076813, 0.97118629455077, 0.9963194757006573, 0.9779625085071056, 0.816781471410704, 0.8553055129044883, 0.9963194757006573, 0.2837917137083238, 0.7719989533076813, 0.8553055129044883, 0.34283824611990676, 0.9621494743981969, 0.9621494743981969, 0.9963194757006573, 0.9963194757006573, 0.7719989533076813, 0.06497544174327649, 0.9960636573093521, 0.9951255932587523, 0.9960636573093521, 0.816781471410704, 0.372571681035027, 0.2837917137083238, 0.372571681035027, 0.9960636573093521, 0.9645308520952199, 0.7719989533076813]",33,train,9
0.97,0,97,1,2,100,79,0,1,0,0,0,1,0,0,1,0,1,0,0,"(array([0.42261663, 0.53634328, 0.52387708, 0.44957253, 0.67460543,
       0.81498343]), array([0.92033124, 0.89164966, 0.89014596, 0.93400788, 0.74166667,
       0.54648751]), array([0.09113782, 0.12242837, 0.12369395, 0.07781551, 0.27339852,
       0.46693623]), array([0.56846189, 0.45712551, 0.46941465, 0.54207653, 0.3209433 ,
       0.18121529]))","['GPM (8B)', 'QwenPRM_avg_scores (7.63B)', 'EurusPRMStage2_min_scores (7.62B)', 'QwenPRM_min_scores (7.63B)', 'EurusPRMStage1_min_scores (7.62B)', 'QwenPRM_max_scores (7.63B)']","[0.01303027016869065, 0.01303027016869065, 0.01303027016869065, 0.06497544174327649, 0.01303027016869065, 0.01303027016869065, 0.01303027016869065, 0.01303027016869065, 0.01303027016869065, 0.01303027016869065, 0.06497544174327649, 0.01303027016869065, 0.01303027016869065, 0.01303027016869065, 0.06497544174327649, 0.01303027016869065, 0.01303027016869065, 0.01303027016869065, 0.01303027016869065, 0.01303027016869065, 0.06497544174327649, 0.01303027016869065, 0.01303027016869065, 0.06497544174327649, 0.06497544174327649, 0.06497544174327649, 0.01303027016869065, 0.06497544174327649, 0.01303027016869065, 0.01303027016869065, 0.01303027016869065, 0.01303027016869065, 0.01303027016869065, 0.01303027016869065, 0.01303027016869065, 0.06497544174327649, 0.01303027016869065, 0.06497544174327649, 0.0958666544987358, 0.07001029000977886, 0.01303027016869065, 0.01303027016869065, 0.01303027016869065, 0.01303027016869065, 0.01303027016869065, 0.06497544174327649, 0.07001029000977886, 0.01303027016869065, 0.01303027016869065, 0.01303027016869065, 0.07001029000977886, 0.01303027016869065, 0.01303027016869065, 0.01303027016869065, 0.01303027016869065, 0.01303027016869065, 0.06497544174327649, 0.2837917137083238, 0.01303027016869065, 0.06497544174327649, 0.01303027016869065, 0.01303027016869065, 0.01303027016869065, 0.01303027016869065, 0.01303027016869065, 0.01303027016869065, 0.06497544174327649, 0.01303027016869065, 0.06497544174327649, 0.2837917137083238, 0.01303027016869065, 0.01303027016869065, 0.01303027016869065, 0.01303027016869065, 0.06497544174327649, 0.06497544174327649, 0.01303027016869065, 0.2837917137083238, 0.06497544174327649, 0.7608991030981352, 0.01303027016869065, 0.01303027016869065, 0.01303027016869065, 0.06497544174327649, 0.07001029000977886, 0.06497544174327649, 0.01303027016869065, 0.2837917137083238, 0.06497544174327649, 0.01303027016869065, 0.01303027016869065, 0.01303027016869065, 0.01303027016869065, 0.2837917137083238, 0.01303027016869065, 0.06497544174327649, 0.01303027016869065, 0.07001029000977886, 0.01303027016869065, 0.01303027016869065]",34,train,0
0.63,32,31,0,37,100,4,1,1,1,0,0,0,4,1,1,1,0,0,0,"(array([0.42261663, 0.53634328, 0.52387708, 0.44957253, 0.67460543,
       0.81498343]), array([0.92033124, 0.89164966, 0.89014596, 0.93400788, 0.74166667,
       0.54648751]), array([0.09113782, 0.12242837, 0.12369395, 0.07781551, 0.27339852,
       0.46693623]), array([0.56846189, 0.45712551, 0.46941465, 0.54207653, 0.3209433 ,
       0.18121529]))","['GPM (8B)', 'QwenPRM_avg_scores (7.63B)', 'EurusPRMStage2_min_scores (7.62B)', 'QwenPRM_min_scores (7.63B)', 'EurusPRMStage1_min_scores (7.62B)', 'QwenPRM_max_scores (7.63B)']","[0.01303027016869065, 0.372571681035027, 0.01303027016869065, 0.7719989533076813, 0.9963194757006573, 0.9001937279616598, 0.97118629455077, 0.01303027016869065, 0.01303027016869065, 0.07001029000977886, 0.7608991030981352, 0.8553055129044883, 0.07001029000977886, 0.97118629455077, 0.9621494743981969, 0.9645308520952199, 0.01303027016869065, 0.01303027016869065, 0.8378310456920719, 0.7608991030981352, 0.01303027016869065, 0.01303027016869065, 0.372571681035027, 0.2837917137083238, 0.9963194757006573, 0.01303027016869065, 0.01303027016869065, 0.01303027016869065, 0.2837917137083238, 0.2837917137083238, 0.01303027016869065, 0.01303027016869065, 0.372571681035027, 0.01303027016869065, 0.9963194757006573, 0.7608991030981352, 0.0958666544987358, 0.2837917137083238, 0.2837917137083238, 0.01303027016869065, 0.01303027016869065, 0.9793703356903635, 0.9963194757006573, 0.9963194757006573, 0.07001029000977886, 0.01303027016869065, 0.01303027016869065, 0.01303027016869065, 0.07001029000977886, 0.01303027016869065, 0.7608991030981352, 0.06497544174327649, 0.01303027016869065, 0.372571681035027, 0.09017727905987674, 0.9963194757006573, 0.01303027016869065, 0.7719989533076813, 0.01303027016869065, 0.7719989533076813, 0.01303027016869065, 0.09017727905987674, 0.34283824611990676, 0.9645308520952199, 0.3610893196836854, 0.01303027016869065, 0.06497544174327649, 0.2837917137083238, 0.2837917137083238, 0.7719989533076813, 0.01303027016869065, 0.06497544174327649, 0.7719989533076813, 0.7608991030981352, 0.01303027016869065, 0.9693991694251378, 0.06497544174327649, 0.01303027016869065, 0.01303027016869065, 0.2837917137083238, 0.9963194757006573, 0.09017727905987674, 0.816781471410704, 0.01303027016869065, 0.01303027016869065, 0.7608991030981352, 0.01303027016869065, 0.2837917137083238, 0.01303027016869065, 0.01303027016869065, 0.07001029000977886, 0.2837917137083238, 0.01303027016869065, 0.2837917137083238, 0.07001029000977886, 0.01303027016869065, 0.8553055129044883, 0.9963194757006573, 0.3767923122373365, 0.959825040524801]",35,train,6
0.84,24,60,5,11,100,0,1,1,1,0,0,0,0,1,1,1,0,0,0,"(array([0.42261663, 0.53634328, 0.52387708, 0.44957253, 0.67460543,
       0.81498343]), array([0.92033124, 0.89164966, 0.89014596, 0.93400788, 0.74166667,
       0.54648751]), array([0.09113782, 0.12242837, 0.12369395, 0.07781551, 0.27339852,
       0.46693623]), array([0.56846189, 0.45712551, 0.46941465, 0.54207653, 0.3209433 ,
       0.18121529]))","['GPM (8B)', 'QwenPRM_avg_scores (7.63B)', 'EurusPRMStage2_min_scores (7.62B)', 'QwenPRM_min_scores (7.63B)', 'EurusPRMStage1_min_scores (7.62B)', 'QwenPRM_max_scores (7.63B)']","[0.9963194757006573, 0.06497544174327649, 0.7608991030981352, 0.9645308520952199, 0.06497544174327649, 0.2837917137083238, 0.9960636573093521, 0.2837917137083238, 0.06497544174327649, 0.9963194757006573, 0.06497544174327649, 0.7719989533076813, 0.06497544174327649, 0.06497544174327649, 0.06497544174327649, 0.06497544174327649, 0.9645308520952199, 0.97118629455077, 0.9963194757006573, 0.06497544174327649, 0.06497544174327649, 0.06497544174327649, 0.06497544174327649, 0.06497544174327649, 0.7719989533076813, 0.06497544174327649, 0.06497544174327649, 0.2837917137083238, 0.0958666544987358, 0.06497544174327649, 0.06497544174327649, 0.01303027016869065, 0.3581925108715857, 0.06497544174327649, 0.9645308520952199, 0.7719989533076813, 0.3581925108715857, 0.7608991030981352, 0.06497544174327649, 0.3767923122373365, 0.06497544174327649, 0.7608991030981352, 0.7719989533076813, 0.06497544174327649, 0.9645308520952199, 0.06497544174327649, 0.3581925108715857, 0.06497544174327649, 0.06497544174327649, 0.06497544174327649, 0.7608991030981352, 0.06497544174327649, 0.06497544174327649, 0.06497544174327649, 0.2837917137083238, 0.06497544174327649, 0.06497544174327649, 0.01303027016869065, 0.2837917137083238, 0.7608991030981352, 0.9960636573093521, 0.06497544174327649, 0.7608991030981352, 0.9963194757006573, 0.06497544174327649, 0.7608991030981352, 0.06497544174327649, 0.01303027016869065, 0.9963194757006573, 0.06497544174327649, 0.7719989533076813, 0.01303027016869065, 0.06497544174327649, 0.9645308520952199, 0.372571681035027, 0.2837917137083238, 0.06497544174327649, 0.2837917137083238, 0.06497544174327649, 0.06497544174327649, 0.01303027016869065, 0.01303027016869065, 0.97118629455077, 0.06497544174327649, 0.06497544174327649, 0.06497544174327649, 0.01303027016869065, 0.7608991030981352, 0.2837917137083238, 0.2837917137083238, 0.2837917137083238, 0.01303027016869065, 0.97118629455077, 0.06497544174327649, 0.06497544174327649, 0.06497544174327649, 0.7608991030981352, 0.06497544174327649, 0.06497544174327649, 0.2837917137083238]",36,train,3
0.69,0,69,0,31,100,0,1,1,1,0,0,0,4,0,1,0,1,0,0,"(array([0.42261663, 0.53634328, 0.52387708, 0.44957253, 0.67460543,
       0.81498343]), array([0.92033124, 0.89164966, 0.89014596, 0.93400788, 0.74166667,
       0.54648751]), array([0.09113782, 0.12242837, 0.12369395, 0.07781551, 0.27339852,
       0.46693623]), array([0.56846189, 0.45712551, 0.46941465, 0.54207653, 0.3209433 ,
       0.18121529]))","['GPM (8B)', 'QwenPRM_avg_scores (7.63B)', 'EurusPRMStage2_min_scores (7.62B)', 'QwenPRM_min_scores (7.63B)', 'EurusPRMStage1_min_scores (7.62B)', 'QwenPRM_max_scores (7.63B)']","[0.2837917137083238, 0.07001029000977886, 0.06497544174327649, 0.2837917137083238, 0.01303027016869065, 0.06497544174327649, 0.06497544174327649, 0.06497544174327649, 0.06497544174327649, 0.2837917137083238, 0.06497544174327649, 0.01303027016869065, 0.01303027016869065, 0.01303027016869065, 0.01303027016869065, 0.01303027016869065, 0.06497544174327649, 0.01303027016869065, 0.06497544174327649, 0.06497544174327649, 0.01303027016869065, 0.06497544174327649, 0.06497544174327649, 0.2837917137083238, 0.01303027016869065, 0.07001029000977886, 0.2837917137083238, 0.01303027016869065, 0.01303027016869065, 0.07001029000977886, 0.07001029000977886, 0.01303027016869065, 0.06497544174327649, 0.01303027016869065, 0.2837917137083238, 0.06497544174327649, 0.06497544174327649, 0.01303027016869065, 0.06497544174327649, 0.06497544174327649, 0.06497544174327649, 0.07001029000977886, 0.06497544174327649, 0.01303027016869065, 0.01303027016869065, 0.01303027016869065, 0.01303027016869065, 0.01303027016869065, 0.01303027016869065, 0.01303027016869065, 0.2837917137083238, 0.01303027016869065, 0.06497544174327649, 0.01303027016869065, 0.06497544174327649, 0.01303027016869065, 0.06497544174327649, 0.06497544174327649, 0.06497544174327649, 0.01303027016869065, 0.06497544174327649, 0.01303027016869065, 0.01303027016869065, 0.06497544174327649, 0.01303027016869065, 0.2837917137083238, 0.01303027016869065, 0.2837917137083238, 0.01303027016869065, 0.06497544174327649, 0.01303027016869065, 0.01303027016869065, 0.07001029000977886, 0.06497544174327649, 0.01303027016869065, 0.06497544174327649, 0.07001029000977886, 0.01303027016869065, 0.07001029000977886, 0.2837917137083238, 0.01303027016869065, 0.06497544174327649, 0.07001029000977886, 0.2837917137083238, 0.06497544174327649, 0.01303027016869065, 0.06497544174327649, 0.2837917137083238, 0.06497544174327649, 0.01303027016869065, 0.01303027016869065, 0.01303027016869065, 0.06497544174327649, 0.01303027016869065, 0.07001029000977886, 0.01303027016869065, 0.01303027016869065, 0.01303027016869065, 0.2837917137083238, 0.01303027016869065]",37,train,3
0.82,14,68,0,18,100,16,1,1,1,0,0,0,16,1,1,1,0,0,0,"(array([0.42261663, 0.53634328, 0.52387708, 0.44957253, 0.67460543,
       0.81498343]), array([0.92033124, 0.89164966, 0.89014596, 0.93400788, 0.74166667,
       0.54648751]), array([0.09113782, 0.12242837, 0.12369395, 0.07781551, 0.27339852,
       0.46693623]), array([0.56846189, 0.45712551, 0.46941465, 0.54207653, 0.3209433 ,
       0.18121529]))","['GPM (8B)', 'QwenPRM_avg_scores (7.63B)', 'EurusPRMStage2_min_scores (7.62B)', 'QwenPRM_min_scores (7.63B)', 'EurusPRMStage1_min_scores (7.62B)', 'QwenPRM_max_scores (7.63B)']","[0.06497544174327649, 0.06497544174327649, 0.06497544174327649, 0.06497544174327649, 0.9645308520952199, 0.06497544174327649, 0.06497544174327649, 0.06497544174327649, 0.06497544174327649, 0.06497544174327649, 0.06497544174327649, 0.7608991030981352, 0.2837917137083238, 0.01303027016869065, 0.06497544174327649, 0.06497544174327649, 0.9963194757006573, 0.06497544174327649, 0.06497544174327649, 0.06497544174327649, 0.06497544174327649, 0.06497544174327649, 0.9645308520952199, 0.06497544174327649, 0.06497544174327649, 0.06497544174327649, 0.06497544174327649, 0.06497544174327649, 0.06497544174327649, 0.06497544174327649, 0.7719989533076813, 0.06497544174327649, 0.2837917137083238, 0.06497544174327649, 0.06497544174327649, 0.06497544174327649, 0.01303027016869065, 0.06497544174327649, 0.01303027016869065, 0.01303027016869065, 0.06497544174327649, 0.06497544174327649, 0.97118629455077, 0.01303027016869065, 0.06497544174327649, 0.01303027016869065, 0.06497544174327649, 0.7608991030981352, 0.06497544174327649, 0.06497544174327649, 0.06497544174327649, 0.7608991030981352, 0.06497544174327649, 0.9645308520952199, 0.06497544174327649, 0.372571681035027, 0.06497544174327649, 0.06497544174327649, 0.06497544174327649, 0.01303027016869065, 0.06497544174327649, 0.01303027016869065, 0.39146272798883036, 0.01303027016869065, 0.06497544174327649, 0.9963194757006573, 0.2837917137083238, 0.01303027016869065, 0.9645308520952199, 0.06497544174327649, 0.2837917137083238, 0.01303027016869065, 0.01303027016869065, 0.01303027016869065, 0.06497544174327649, 0.01303027016869065, 0.06497544174327649, 0.06497544174327649, 0.2837917137083238, 0.01303027016869065, 0.06497544174327649, 0.06497544174327649, 0.06497544174327649, 0.06497544174327649, 0.06497544174327649, 0.01303027016869065, 0.9963194757006573, 0.06497544174327649, 0.06497544174327649, 0.01303027016869065, 0.9963194757006573, 0.06497544174327649, 0.9645308520952199, 0.06497544174327649, 0.01303027016869065, 0.06497544174327649, 0.2837917137083238, 0.01303027016869065, 0.01303027016869065, 0.06497544174327649]",38,train,3
0.83,4,79,16,1,100,28,0,1,0,0,0,1,0,0,1,0,1,0,0,"(array([0.42261663, 0.53634328, 0.52387708, 0.44957253, 0.67460543,
       0.81498343]), array([0.92033124, 0.89164966, 0.89014596, 0.93400788, 0.74166667,
       0.54648751]), array([0.09113782, 0.12242837, 0.12369395, 0.07781551, 0.27339852,
       0.46693623]), array([0.56846189, 0.45712551, 0.46941465, 0.54207653, 0.3209433 ,
       0.18121529]))","['GPM (8B)', 'QwenPRM_avg_scores (7.63B)', 'EurusPRMStage2_min_scores (7.62B)', 'QwenPRM_min_scores (7.63B)', 'EurusPRMStage1_min_scores (7.62B)', 'QwenPRM_max_scores (7.63B)']","[0.01303027016869065, 0.7608991030981352, 0.06497544174327649, 0.06497544174327649, 0.01303027016869065, 0.372571681035027, 0.06497544174327649, 0.06497544174327649, 0.01303027016869065, 0.06497544174327649, 0.06497544174327649, 0.01303027016869065, 0.0958666544987358, 0.3581925108715857, 0.06497544174327649, 0.01303027016869065, 0.06497544174327649, 0.06497544174327649, 0.7608991030981352, 0.06497544174327649, 0.3581925108715857, 0.06497544174327649, 0.06497544174327649, 0.06497544174327649, 0.07001029000977886, 0.7608991030981352, 0.06497544174327649, 0.06497544174327649, 0.9793703356903635, 0.7608991030981352, 0.06497544174327649, 0.06497544174327649, 0.3581925108715857, 0.7608991030981352, 0.06497544174327649, 0.06497544174327649, 0.01303027016869065, 0.01303027016869065, 0.06497544174327649, 0.7608991030981352, 0.7608991030981352, 0.06497544174327649, 0.7608991030981352, 0.06497544174327649, 0.01303027016869065, 0.01303027016869065, 0.06497544174327649, 0.06497544174327649, 0.7608991030981352, 0.06497544174327649, 0.3767923122373365, 0.7608991030981352, 0.0958666544987358, 0.3581925108715857, 0.06497544174327649, 0.06497544174327649, 0.8266610198294627, 0.06497544174327649, 0.7608991030981352, 0.7608991030981352, 0.01303027016869065, 0.06497544174327649, 0.06497544174327649, 0.06497544174327649, 0.01303027016869065, 0.06497544174327649, 0.06497544174327649, 0.01303027016869065, 0.372571681035027, 0.06497544174327649, 0.11615768294372529, 0.01303027016869065, 0.06497544174327649, 0.7608991030981352, 0.06497544174327649, 0.3581925108715857, 0.06497544174327649, 0.01303027016869065, 0.01303027016869065, 0.06497544174327649, 0.01303027016869065, 0.01303027016869065, 0.3767923122373365, 0.01303027016869065, 0.06497544174327649, 0.7608991030981352, 0.3581925108715857, 0.06497544174327649, 0.06497544174327649, 0.2837917137083238, 0.01303027016869065, 0.06497544174327649, 0.9645308520952199, 0.7608991030981352, 0.06497544174327649, 0.01303027016869065, 0.06497544174327649, 0.01303027016869065, 0.8553055129044883, 0.7608991030981352]",39,train,0
0.82,39,43,0,18,100,88,1,1,1,0,0,0,88,1,1,1,0,0,0,"(array([0.42261663, 0.53634328, 0.52387708, 0.44957253, 0.67460543,
       0.81498343]), array([0.92033124, 0.89164966, 0.89014596, 0.93400788, 0.74166667,
       0.54648751]), array([0.09113782, 0.12242837, 0.12369395, 0.07781551, 0.27339852,
       0.46693623]), array([0.56846189, 0.45712551, 0.46941465, 0.54207653, 0.3209433 ,
       0.18121529]))","['GPM (8B)', 'QwenPRM_avg_scores (7.63B)', 'EurusPRMStage2_min_scores (7.62B)', 'QwenPRM_min_scores (7.63B)', 'EurusPRMStage1_min_scores (7.62B)', 'QwenPRM_max_scores (7.63B)']","[0.06497544174327649, 0.06497544174327649, 0.2837917137083238, 0.2837917137083238, 0.06497544174327649, 0.2837917137083238, 0.34283824611990676, 0.7719989533076813, 0.7608991030981352, 0.3581925108715857, 0.7719989533076813, 0.09017727905987674, 0.9645308520952199, 0.06497544174327649, 0.06497544174327649, 0.7719989533076813, 0.9645308520952199, 0.3767923122373365, 0.2837917137083238, 0.2837917137083238, 0.06497544174327649, 0.9645308520952199, 0.06497544174327649, 0.7608991030981352, 0.7608991030981352, 0.9963194757006573, 0.06497544174327649, 0.7608991030981352, 0.06497544174327649, 0.06497544174327649, 0.9645308520952199, 0.01303027016869065, 0.01303027016869065, 0.0958666544987358, 0.9963194757006573, 0.2837917137083238, 0.7608991030981352, 0.9963194757006573, 0.2837917137083238, 0.97118629455077, 0.7719989533076813, 0.7484121349047994, 0.9963194757006573, 0.2837917137083238, 0.06497544174327649, 0.06497544174327649, 0.06497544174327649, 0.34283824611990676, 0.06497544174327649, 0.9963194757006573, 0.06497544174327649, 0.06497544174327649, 0.06497544174327649, 0.01303027016869065, 0.9963194757006573, 0.06497544174327649, 0.06497544174327649, 0.9645308520952199, 0.7608991030981352, 0.9963194757006573, 0.06497544174327649, 0.06497544174327649, 0.06497544174327649, 0.07001029000977886, 0.34283824611990676, 0.01303027016869065, 0.06497544174327649, 0.06497544174327649, 0.06497544174327649, 0.06497544174327649, 0.01303027016869065, 0.06497544174327649, 0.06497544174327649, 0.9645308520952199, 0.9645308520952199, 0.06497544174327649, 0.9963194757006573, 0.06497544174327649, 0.2837917137083238, 0.06497544174327649, 0.06497544174327649, 0.7608991030981352, 0.9645308520952199, 0.9963194757006573, 0.06497544174327649, 0.9951255932587523, 0.9645308520952199, 0.9963194757006573, 0.9995081794621024, 0.06497544174327649, 0.9645308520952199, 0.9995081794621024, 0.9963194757006573, 0.09017727905987674, 0.2837917137083238, 0.34283824611990676, 0.9963194757006573, 0.2837917137083238, 0.06497544174327649, 0.9645308520952199]",40,train,5
0.81,10,71,4,15,100,12,1,1,1,0,0,0,12,1,1,1,0,0,0,"(array([0.42261663, 0.53634328, 0.52387708, 0.44957253, 0.67460543,
       0.81498343]), array([0.92033124, 0.89164966, 0.89014596, 0.93400788, 0.74166667,
       0.54648751]), array([0.09113782, 0.12242837, 0.12369395, 0.07781551, 0.27339852,
       0.46693623]), array([0.56846189, 0.45712551, 0.46941465, 0.54207653, 0.3209433 ,
       0.18121529]))","['GPM (8B)', 'QwenPRM_avg_scores (7.63B)', 'EurusPRMStage2_min_scores (7.62B)', 'QwenPRM_min_scores (7.63B)', 'EurusPRMStage1_min_scores (7.62B)', 'QwenPRM_max_scores (7.63B)']","[0.01303027016869065, 0.8266610198294627, 0.06497544174327649, 0.01303027016869065, 0.06497544174327649, 0.06497544174327649, 0.06497544174327649, 0.372571681035027, 0.09017727905987674, 0.06497544174327649, 0.06497544174327649, 0.06497544174327649, 0.9963194757006573, 0.01303027016869065, 0.01303027016869065, 0.06497544174327649, 0.34283824611990676, 0.2837917137083238, 0.06497544174327649, 0.09017727905987674, 0.2837917137083238, 0.06497544174327649, 0.01303027016869065, 0.97118629455077, 0.07001029000977886, 0.01303027016869065, 0.06497544174327649, 0.06497544174327649, 0.06497544174327649, 0.01303027016869065, 0.09017727905987674, 0.7719989533076813, 0.01303027016869065, 0.2837917137083238, 0.06497544174327649, 0.7719989533076813, 0.01303027016869065, 0.07001029000977886, 0.06497544174327649, 0.01303027016869065, 0.01303027016869065, 0.01303027016869065, 0.06497544174327649, 0.01303027016869065, 0.01303027016869065, 0.9963194757006573, 0.7719989533076813, 0.9645308520952199, 0.06497544174327649, 0.06497544174327649, 0.7608991030981352, 0.06497544174327649, 0.372571681035027, 0.7719989533076813, 0.07001029000977886, 0.01303027016869065, 0.01303027016869065, 0.06497544174327649, 0.372571681035027, 0.07001029000977886, 0.372571681035027, 0.01303027016869065, 0.06497544174327649, 0.2837917137083238, 0.2837917137083238, 0.01303027016869065, 0.01303027016869065, 0.01303027016869065, 0.06497544174327649, 0.01303027016869065, 0.372571681035027, 0.06497544174327649, 0.01303027016869065, 0.9645308520952199, 0.8266610198294627, 0.01303027016869065, 0.01303027016869065, 0.06497544174327649, 0.06497544174327649, 0.01303027016869065, 0.2837917137083238, 0.01303027016869065, 0.06497544174327649, 0.06497544174327649, 0.2837917137083238, 0.01303027016869065, 0.06497544174327649, 0.06497544174327649, 0.9963194757006573, 0.3767923122373365, 0.2837917137083238, 0.07001029000977886, 0.06497544174327649, 0.01303027016869065, 0.06497544174327649, 0.372571681035027, 0.7484121349047994, 0.372571681035027, 0.06497544174327649, 0.06497544174327649]",41,train,2
0.86,0,86,0,14,100,69,1,1,1,0,0,0,0,0,1,0,1,0,0,"(array([0.42261663, 0.53634328, 0.52387708, 0.44957253, 0.67460543,
       0.81498343]), array([0.92033124, 0.89164966, 0.89014596, 0.93400788, 0.74166667,
       0.54648751]), array([0.09113782, 0.12242837, 0.12369395, 0.07781551, 0.27339852,
       0.46693623]), array([0.56846189, 0.45712551, 0.46941465, 0.54207653, 0.3209433 ,
       0.18121529]))","['GPM (8B)', 'QwenPRM_avg_scores (7.63B)', 'EurusPRMStage2_min_scores (7.62B)', 'QwenPRM_min_scores (7.63B)', 'EurusPRMStage1_min_scores (7.62B)', 'QwenPRM_max_scores (7.63B)']","[0.01303027016869065, 0.01303027016869065, 0.01303027016869065, 0.01303027016869065, 0.07001029000977886, 0.06497544174327649, 0.01303027016869065, 0.01303027016869065, 0.06497544174327649, 0.07001029000977886, 0.06497544174327649, 0.06497544174327649, 0.07001029000977886, 0.01303027016869065, 0.01303027016869065, 0.01303027016869065, 0.01303027016869065, 0.01303027016869065, 0.01303027016869065, 0.01303027016869065, 0.01303027016869065, 0.01303027016869065, 0.01303027016869065, 0.06497544174327649, 0.01303027016869065, 0.01303027016869065, 0.01303027016869065, 0.06497544174327649, 0.01303027016869065, 0.01303027016869065, 0.01303027016869065, 0.06497544174327649, 0.06497544174327649, 0.01303027016869065, 0.01303027016869065, 0.01303027016869065, 0.01303027016869065, 0.01303027016869065, 0.01303027016869065, 0.07001029000977886, 0.01303027016869065, 0.01303027016869065, 0.01303027016869065, 0.07001029000977886, 0.01303027016869065, 0.01303027016869065, 0.01303027016869065, 0.01303027016869065, 0.01303027016869065, 0.01303027016869065, 0.01303027016869065, 0.06497544174327649, 0.01303027016869065, 0.06497544174327649, 0.01303027016869065, 0.01303027016869065, 0.07001029000977886, 0.06497544174327649, 0.06497544174327649, 0.06497544174327649, 0.01303027016869065, 0.01303027016869065, 0.06497544174327649, 0.01303027016869065, 0.06497544174327649, 0.01303027016869065, 0.01303027016869065, 0.01303027016869065, 0.01303027016869065, 0.2837917137083238, 0.01303027016869065, 0.06497544174327649, 0.01303027016869065, 0.01303027016869065, 0.2837917137083238, 0.01303027016869065, 0.01303027016869065, 0.01303027016869065, 0.06497544174327649, 0.01303027016869065, 0.06497544174327649, 0.01303027016869065, 0.01303027016869065, 0.01303027016869065, 0.06497544174327649, 0.06497544174327649, 0.07001029000977886, 0.01303027016869065, 0.01303027016869065, 0.07001029000977886, 0.01303027016869065, 0.06497544174327649, 0.01303027016869065, 0.01303027016869065, 0.2837917137083238, 0.01303027016869065, 0.01303027016869065, 0.06497544174327649, 0.01303027016869065, 0.07001029000977886]",42,train,1
0.8,65,15,0,20,100,22,1,1,1,0,0,0,22,1,1,1,0,0,0,"(array([0.42261663, 0.53634328, 0.52387708, 0.44957253, 0.67460543,
       0.81498343]), array([0.92033124, 0.89164966, 0.89014596, 0.93400788, 0.74166667,
       0.54648751]), array([0.09113782, 0.12242837, 0.12369395, 0.07781551, 0.27339852,
       0.46693623]), array([0.56846189, 0.45712551, 0.46941465, 0.54207653, 0.3209433 ,
       0.18121529]))","['GPM (8B)', 'QwenPRM_avg_scores (7.63B)', 'EurusPRMStage2_min_scores (7.62B)', 'QwenPRM_min_scores (7.63B)', 'EurusPRMStage1_min_scores (7.62B)', 'QwenPRM_max_scores (7.63B)']","[0.7719989533076813, 0.9963194757006573, 0.9963194757006573, 0.06497544174327649, 0.9963194757006573, 0.7608991030981352, 0.06497544174327649, 0.9963194757006573, 0.7608991030981352, 0.06497544174327649, 0.06497544174327649, 0.9963194757006573, 0.06497544174327649, 0.9960636573093521, 0.97118629455077, 0.7608991030981352, 0.7719989533076813, 0.9963194757006573, 0.9963194757006573, 0.9963194757006573, 0.372571681035027, 0.2837917137083238, 0.9995081794621024, 0.06497544174327649, 0.97118629455077, 0.2837917137083238, 0.372571681035027, 0.7719989533076813, 0.06497544174327649, 0.9963194757006573, 0.06497544174327649, 0.7719989533076813, 0.9645308520952199, 0.9645308520952199, 0.06497544174327649, 0.2837917137083238, 0.9963194757006573, 0.06497544174327649, 0.372571681035027, 0.9951255932587523, 0.06497544174327649, 0.9963194757006573, 0.372571681035027, 0.7719989533076813, 0.2837917137083238, 0.2837917137083238, 0.7719989533076813, 0.9995081794621024, 0.2837917137083238, 0.372571681035027, 0.9963194757006573, 0.7608991030981352, 0.06497544174327649, 0.06497544174327649, 0.9963194757006573, 0.9645308520952199, 0.7608991030981352, 0.7719989533076813, 0.9963194757006573, 0.8553055129044883, 0.7719989533076813, 0.8553055129044883, 0.2837917137083238, 0.9963194757006573, 0.06497544174327649, 0.9645308520952199, 0.9963194757006573, 0.7608991030981352, 0.34283824611990676, 0.97118629455077, 0.7608991030981352, 0.9963194757006573, 0.8553055129044883, 0.06497544174327649, 0.97118629455077, 0.9963194757006573, 0.40889645700975175, 0.7608991030981352, 0.816781471410704, 0.9621494743981969, 0.7719989533076813, 0.9963194757006573, 0.9963194757006573, 0.9963194757006573, 0.34283824611990676, 0.9960636573093521, 0.9963194757006573, 0.2837917137083238, 0.2837917137083238, 0.7608991030981352, 0.7608991030981352, 0.7719989533076813, 0.9963194757006573, 0.9963194757006573, 0.06497544174327649, 0.06497544174327649, 0.9963194757006573, 0.97118629455077, 0.372571681035027, 0.97118629455077]",43,train,8
0.72,19,53,17,11,100,19,1,1,1,0,0,0,19,1,1,1,0,0,0,"(array([0.42261663, 0.53634328, 0.52387708, 0.44957253, 0.67460543,
       0.81498343]), array([0.92033124, 0.89164966, 0.89014596, 0.93400788, 0.74166667,
       0.54648751]), array([0.09113782, 0.12242837, 0.12369395, 0.07781551, 0.27339852,
       0.46693623]), array([0.56846189, 0.45712551, 0.46941465, 0.54207653, 0.3209433 ,
       0.18121529]))","['GPM (8B)', 'QwenPRM_avg_scores (7.63B)', 'EurusPRMStage2_min_scores (7.62B)', 'QwenPRM_min_scores (7.63B)', 'EurusPRMStage1_min_scores (7.62B)', 'QwenPRM_max_scores (7.63B)']","[0.372571681035027, 0.06497544174327649, 0.01303027016869065, 0.8553055129044883, 0.8553055129044883, 0.06497544174327649, 0.7608991030981352, 0.2837917137083238, 0.7719989533076813, 0.9793703356903635, 0.2837917137083238, 0.06497544174327649, 0.7608991030981352, 0.7608991030981352, 0.01303027016869065, 0.01303027016869065, 0.06497544174327649, 0.06497544174327649, 0.7608991030981352, 0.9963194757006573, 0.2837917137083238, 0.01303027016869065, 0.06497544174327649, 0.7608991030981352, 0.9963194757006573, 0.3581925108715857, 0.8266610198294627, 0.0958666544987358, 0.372571681035027, 0.7608991030981352, 0.2837917137083238, 0.2837917137083238, 0.3581925108715857, 0.06497544174327649, 0.06497544174327649, 0.06497544174327649, 0.3581925108715857, 0.06497544174327649, 0.2837917137083238, 0.06497544174327649, 0.0958666544987358, 0.06497544174327649, 0.8266610198294627, 0.7608991030981352, 0.01303027016869065, 0.3581925108715857, 0.06497544174327649, 0.9793703356903635, 0.06497544174327649, 0.06497544174327649, 0.3581925108715857, 0.01303027016869065, 0.7719989533076813, 0.372571681035027, 0.7608991030981352, 0.06497544174327649, 0.3581925108715857, 0.06497544174327649, 0.06497544174327649, 0.372571681035027, 0.06497544174327649, 0.06497544174327649, 0.7608991030981352, 0.06497544174327649, 0.9963194757006573, 0.7608991030981352, 0.06497544174327649, 0.01303027016869065, 0.2837917137083238, 0.7608991030981352, 0.3767923122373365, 0.07001029000977886, 0.06497544174327649, 0.2837917137083238, 0.7608991030981352, 0.06497544174327649, 0.7608991030981352, 0.2837917137083238, 0.06497544174327649, 0.06497544174327649, 0.9963194757006573, 0.06497544174327649, 0.7608991030981352, 0.06497544174327649, 0.9963194757006573, 0.7608991030981352, 0.06497544174327649, 0.07001029000977886, 0.9645308520952199, 0.7608991030981352, 0.9963194757006573, 0.9963194757006573, 0.7608991030981352, 0.06497544174327649, 0.372571681035027, 0.9963194757006573, 0.7608991030981352, 0.372571681035027, 0.9963194757006573, 0.06497544174327649]",44,train,2
0.68,65,3,0,32,100,8,1,1,1,0,0,0,8,1,1,1,0,0,0,"(array([0.42261663, 0.53634328, 0.52387708, 0.44957253, 0.67460543,
       0.81498343]), array([0.92033124, 0.89164966, 0.89014596, 0.93400788, 0.74166667,
       0.54648751]), array([0.09113782, 0.12242837, 0.12369395, 0.07781551, 0.27339852,
       0.46693623]), array([0.56846189, 0.45712551, 0.46941465, 0.54207653, 0.3209433 ,
       0.18121529]))","['GPM (8B)', 'QwenPRM_avg_scores (7.63B)', 'EurusPRMStage2_min_scores (7.62B)', 'QwenPRM_min_scores (7.63B)', 'EurusPRMStage1_min_scores (7.62B)', 'QwenPRM_max_scores (7.63B)']","[0.7719989533076813, 0.3767923122373365, 0.9963194757006573, 0.9951255932587523, 0.06497544174327649, 0.0958666544987358, 0.2837917137083238, 0.9963194757006573, 0.9995081794621024, 0.9645308520952199, 0.9645308520952199, 0.7719989533076813, 0.7608991030981352, 0.09017727905987674, 0.7608991030981352, 0.7608991030981352, 0.7608991030981352, 0.7608991030981352, 0.9748657845417164, 0.9963194757006573, 0.9960636573093521, 0.9951255932587523, 0.7484121349047994, 0.06497544174327649, 0.9963194757006573, 0.9963194757006573, 0.7608991030981352, 0.9963194757006573, 0.9693991694251378, 0.3767923122373365, 0.06497544174327649, 0.5135006003473562, 0.06497544174327649, 0.7608991030981352, 0.959825040524801, 0.9963194757006573, 0.7608991030981352, 0.9693991694251378, 0.2837917137083238, 0.07001029000977886, 0.9963194757006573, 0.9693991694251378, 0.2837917137083238, 0.9960636573093521, 0.8194619320216672, 0.09017727905987674, 0.959825040524801, 0.2837917137083238, 0.7484121349047994, 0.2837917137083238, 0.9995081794621024, 0.9621494743981969, 0.06497544174327649, 0.7719989533076813, 0.7608991030981352, 0.7719989533076813, 0.7719989533076813, 0.09017727905987674, 0.9693991694251378, 0.01303027016869065, 0.3610893196836854, 0.3767923122373365, 0.7608991030981352, 0.34283824611990676, 0.2837917137083238, 0.7608991030981352, 0.3610893196836854, 0.2837917137083238, 0.9645308520952199, 0.7608991030981352, 0.7719989533076813, 0.9793703356903635, 0.07001029000977886, 0.06497544174327649, 0.7484121349047994, 0.2837917137083238, 0.2837917137083238, 0.34283824611990676, 0.2837917137083238, 0.9995081794621024, 0.9963194757006573, 0.2837917137083238, 0.2837917137083238, 0.9645308520952199, 0.9621494743981969, 0.7719989533076813, 0.2837917137083238, 0.7608991030981352, 0.9693991694251378, 0.9995081794621024, 0.7719989533076813, 0.2837917137083238, 0.7719989533076813, 0.9963194757006573, 0.9995081794621024, 0.9963194757006573, 0.5289758386646045, 0.06497544174327649, 0.9645308520952199, 0.7719989533076813]",45,train,9
0.41,26,15,0,59,100,24,1,1,1,0,0,0,24,1,1,1,0,0,0,"(array([0.42261663, 0.53634328, 0.52387708, 0.44957253, 0.67460543,
       0.81498343]), array([0.92033124, 0.89164966, 0.89014596, 0.93400788, 0.74166667,
       0.54648751]), array([0.09113782, 0.12242837, 0.12369395, 0.07781551, 0.27339852,
       0.46693623]), array([0.56846189, 0.45712551, 0.46941465, 0.54207653, 0.3209433 ,
       0.18121529]))","['GPM (8B)', 'QwenPRM_avg_scores (7.63B)', 'EurusPRMStage2_min_scores (7.62B)', 'QwenPRM_min_scores (7.63B)', 'EurusPRMStage1_min_scores (7.62B)', 'QwenPRM_max_scores (7.63B)']","[0.06497544174327649, 0.09017727905987674, 0.09017727905987674, 0.3767923122373365, 0.34283824611990676, 0.7484121349047994, 0.06497544174327649, 0.09017727905987674, 0.3610893196836854, 0.09017727905987674, 0.2837917137083238, 0.06497544174327649, 0.34283824611990676, 0.06497544174327649, 0.2837917137083238, 0.01303027016869065, 0.09017727905987674, 0.09017727905987674, 0.97118629455077, 0.7719989533076813, 0.09017727905987674, 0.09017727905987674, 0.7484121349047994, 0.9960636573093521, 0.9963194757006573, 0.7484121349047994, 0.01303027016869065, 0.959825040524801, 0.34283824611990676, 0.01303027016869065, 0.09017727905987674, 0.06497544174327649, 0.7484121349047994, 0.09017727905987674, 0.8194619320216672, 0.06497544174327649, 0.3610893196836854, 0.9960636573093521, 0.34283824611990676, 0.09017727905987674, 0.09017727905987674, 0.3610893196836854, 0.09017727905987674, 0.3610893196836854, 0.09017727905987674, 0.34283824611990676, 0.01303027016869065, 0.09017727905987674, 0.01303027016869065, 0.7608991030981352, 0.3610893196836854, 0.09017727905987674, 0.09017727905987674, 0.09017727905987674, 0.7484121349047994, 0.9783474249992741, 0.97118629455077, 0.3610893196836854, 0.3610893196836854, 0.3610893196836854, 0.09017727905987674, 0.34283824611990676, 0.8194619320216672, 0.09017727905987674, 0.7484121349047994, 0.09017727905987674, 0.9951255932587523, 0.97118629455077, 0.3767923122373365, 0.7608991030981352, 0.09017727905987674, 0.09017727905987674, 0.06497544174327649, 0.9621494743981969, 0.06497544174327649, 0.09017727905987674, 0.959825040524801, 0.09017727905987674, 0.09017727905987674, 0.34283824611990676, 0.06497544174327649, 0.372571681035027, 0.7484121349047994, 0.2837917137083238, 0.06497544174327649, 0.09017727905987674, 0.3767923122373365, 0.01303027016869065, 0.3610893196836854, 0.09017727905987674, 0.06497544174327649, 0.9963194757006573, 0.06497544174327649, 0.01303027016869065, 0.09017727905987674, 0.8194619320216672, 0.09017727905987674, 0.7484121349047994, 0.06497544174327649, 0.06497544174327649]",46,train,8
0.77,13,64,2,21,100,98,1,1,1,0,0,0,98,1,1,1,0,0,0,"(array([0.42261663, 0.53634328, 0.52387708, 0.44957253, 0.67460543,
       0.81498343]), array([0.92033124, 0.89164966, 0.89014596, 0.93400788, 0.74166667,
       0.54648751]), array([0.09113782, 0.12242837, 0.12369395, 0.07781551, 0.27339852,
       0.46693623]), array([0.56846189, 0.45712551, 0.46941465, 0.54207653, 0.3209433 ,
       0.18121529]))","['GPM (8B)', 'QwenPRM_avg_scores (7.63B)', 'EurusPRMStage2_min_scores (7.62B)', 'QwenPRM_min_scores (7.63B)', 'EurusPRMStage1_min_scores (7.62B)', 'QwenPRM_max_scores (7.63B)']","[0.06497544174327649, 0.97118629455077, 0.06497544174327649, 0.06497544174327649, 0.06497544174327649, 0.06497544174327649, 0.06497544174327649, 0.2837917137083238, 0.06497544174327649, 0.372571681035027, 0.06497544174327649, 0.34283824611990676, 0.372571681035027, 0.06497544174327649, 0.34283824611990676, 0.06497544174327649, 0.06497544174327649, 0.06497544174327649, 0.372571681035027, 0.06497544174327649, 0.06497544174327649, 0.3581925108715857, 0.06497544174327649, 0.06497544174327649, 0.06497544174327649, 0.06497544174327649, 0.06497544174327649, 0.06497544174327649, 0.06497544174327649, 0.06497544174327649, 0.3581925108715857, 0.01303027016869065, 0.06497544174327649, 0.06497544174327649, 0.372571681035027, 0.06497544174327649, 0.06497544174327649, 0.7608991030981352, 0.06497544174327649, 0.372571681035027, 0.06497544174327649, 0.06497544174327649, 0.7719989533076813, 0.97118629455077, 0.06497544174327649, 0.06497544174327649, 0.06497544174327649, 0.01303027016869065, 0.06497544174327649, 0.06497544174327649, 0.06497544174327649, 0.06497544174327649, 0.372571681035027, 0.06497544174327649, 0.06497544174327649, 0.06497544174327649, 0.06497544174327649, 0.97118629455077, 0.06497544174327649, 0.372571681035027, 0.06497544174327649, 0.8553055129044883, 0.06497544174327649, 0.06497544174327649, 0.06497544174327649, 0.8553055129044883, 0.06497544174327649, 0.06497544174327649, 0.06497544174327649, 0.06497544174327649, 0.06497544174327649, 0.06497544174327649, 0.06497544174327649, 0.7608991030981352, 0.06497544174327649, 0.7719989533076813, 0.7719989533076813, 0.816781471410704, 0.06497544174327649, 0.2837917137083238, 0.06497544174327649, 0.06497544174327649, 0.06497544174327649, 0.06497544174327649, 0.9779625085071056, 0.06497544174327649, 0.06497544174327649, 0.06497544174327649, 0.06497544174327649, 0.06497544174327649, 0.06497544174327649, 0.01303027016869065, 0.2837917137083238, 0.06497544174327649, 0.01303027016869065, 0.7719989533076813, 0.34283824611990676, 0.7719989533076813, 0.9963194757006573, 0.01303027016869065]",47,train,3
0.81,81,0,0,19,100,15,1,1,1,0,0,0,15,1,1,1,0,0,0,"(array([0.42261663, 0.53634328, 0.52387708, 0.44957253, 0.67460543,
       0.81498343]), array([0.92033124, 0.89164966, 0.89014596, 0.93400788, 0.74166667,
       0.54648751]), array([0.09113782, 0.12242837, 0.12369395, 0.07781551, 0.27339852,
       0.46693623]), array([0.56846189, 0.45712551, 0.46941465, 0.54207653, 0.3209433 ,
       0.18121529]))","['GPM (8B)', 'QwenPRM_avg_scores (7.63B)', 'EurusPRMStage2_min_scores (7.62B)', 'QwenPRM_min_scores (7.63B)', 'EurusPRMStage1_min_scores (7.62B)', 'QwenPRM_max_scores (7.63B)']","[0.97118629455077, 0.9963194757006573, 0.97118629455077, 0.97118629455077, 0.9645308520952199, 0.7484121349047994, 0.9963194757006573, 0.9963194757006573, 0.9645308520952199, 0.7719989533076813, 0.9963194757006573, 0.7608991030981352, 0.97118629455077, 0.9963194757006573, 0.9963194757006573, 0.9995081794621024, 0.9621494743981969, 0.9963194757006573, 0.9963194757006573, 0.9963194757006573, 0.9963194757006573, 0.2837917137083238, 0.06497544174327649, 0.2837917137083238, 0.97118629455077, 0.9645308520952199, 0.97118629455077, 0.2837917137083238, 0.2837917137083238, 0.9963194757006573, 0.9963194757006573, 0.2837917137083238, 0.9963194757006573, 0.8553055129044883, 0.8266610198294627, 0.9963194757006573, 0.9963194757006573, 0.7719989533076813, 0.9645308520952199, 0.9645308520952199, 0.9963194757006573, 0.9645308520952199, 0.9963194757006573, 0.7608991030981352, 0.07001029000977886, 0.7719989533076813, 0.9645308520952199, 0.9645308520952199, 0.2837917137083238, 0.9963194757006573, 0.2837917137083238, 0.2837917137083238, 0.2837917137083238, 0.7608991030981352, 0.06497544174327649, 0.9645308520952199, 0.9963194757006573, 0.9963194757006573, 0.2837917137083238, 0.01303027016869065, 0.9645308520952199, 0.97118629455077, 0.8553055129044883, 0.9963194757006573, 0.9645308520952199, 0.97118629455077, 0.2837917137083238, 0.9963194757006573, 0.2837917137083238, 0.9963194757006573, 0.7719989533076813, 0.9645308520952199, 0.7719989533076813, 0.9963194757006573, 0.9963194757006573, 0.9645308520952199, 0.9963194757006573, 0.7719989533076813, 0.9645308520952199, 0.9963194757006573, 0.7608991030981352, 0.7719989533076813, 0.97118629455077, 0.9645308520952199, 0.9963194757006573, 0.7608991030981352, 0.9645308520952199, 0.9645308520952199, 0.9645308520952199, 0.9963194757006573, 0.7608991030981352, 0.7719989533076813, 0.9963194757006573, 0.9645308520952199, 0.2837917137083238, 0.9963194757006573, 0.2837917137083238, 0.9963194757006573, 0.97118629455077, 0.06497544174327649]",48,train,9
0.91,1,90,9,0,100,67,1,1,1,0,0,0,3,0,1,0,1,0,0,"(array([0.42261663, 0.53634328, 0.52387708, 0.44957253, 0.67460543,
       0.81498343]), array([0.92033124, 0.89164966, 0.89014596, 0.93400788, 0.74166667,
       0.54648751]), array([0.09113782, 0.12242837, 0.12369395, 0.07781551, 0.27339852,
       0.46693623]), array([0.56846189, 0.45712551, 0.46941465, 0.54207653, 0.3209433 ,
       0.18121529]))","['GPM (8B)', 'QwenPRM_avg_scores (7.63B)', 'EurusPRMStage2_min_scores (7.62B)', 'QwenPRM_min_scores (7.63B)', 'EurusPRMStage1_min_scores (7.62B)', 'QwenPRM_max_scores (7.63B)']","[0.06497544174327649, 0.07001029000977886, 0.06497544174327649, 0.01303027016869065, 0.7608991030981352, 0.3610893196836854, 0.07001029000977886, 0.07001029000977886, 0.3767923122373365, 0.06497544174327649, 0.07001029000977886, 0.06497544174327649, 0.01303027016869065, 0.06497544174327649, 0.3767923122373365, 0.2837917137083238, 0.34283824611990676, 0.07001029000977886, 0.07001029000977886, 0.06497544174327649, 0.3767923122373365, 0.2837917137083238, 0.06497544174327649, 0.34283824611990676, 0.3767923122373365, 0.2837917137083238, 0.07001029000977886, 0.01303027016869065, 0.06497544174327649, 0.3767923122373365, 0.07001029000977886, 0.06497544174327649, 0.2837917137083238, 0.34283824611990676, 0.3767923122373365, 0.2837917137083238, 0.2837917137083238, 0.07001029000977886, 0.3581925108715857, 0.3767923122373365, 0.3767923122373365, 0.2837917137083238, 0.07001029000977886, 0.2837917137083238, 0.07001029000977886, 0.7608991030981352, 0.3767923122373365, 0.3767923122373365, 0.7484121349047994, 0.7608991030981352, 0.3767923122373365, 0.2837917137083238, 0.06497544174327649, 0.06497544174327649, 0.06497544174327649, 0.7608991030981352, 0.2837917137083238, 0.3767923122373365, 0.09017727905987674, 0.7608991030981352, 0.06497544174327649, 0.07001029000977886, 0.2837917137083238, 0.07001029000977886, 0.06497544174327649, 0.2837917137083238, 0.06497544174327649, 0.97118629455077, 0.3767923122373365, 0.06497544174327649, 0.3767923122373365, 0.2837917137083238, 0.0958666544987358, 0.34283824611990676, 0.7484121349047994, 0.06497544174327649, 0.3767923122373365, 0.01303027016869065, 0.2837917137083238, 0.372571681035027, 0.7608991030981352, 0.06497544174327649, 0.34283824611990676, 0.07001029000977886, 0.06497544174327649, 0.06497544174327649, 0.3610893196836854, 0.34283824611990676, 0.06497544174327649, 0.2837917137083238, 0.06497544174327649, 0.3767923122373365, 0.3767923122373365, 0.06497544174327649, 0.2837917137083238, 0.07001029000977886, 0.07001029000977886, 0.7608991030981352, 0.07001029000977886, 0.2837917137083238]",49,train,0
