sample_accuracy,sample_tp,sample_tn,sample_fp,sample_fn,num_samples,top1_idx,top1_positive,has_positive,top1_tp,top1_fp,top1_tn,top1_fn,prediction_idx,prediction_class,prediction_accuracy,prediction_tp,prediction_tn,prediction_fp,prediction_fn,model_params,verifier_subset,weaver_sample_scores,problem,set,difficulty
0.49,43,6,0,51,100,2,1,1,1,0,0,0,2,1,1,1,0,0,0,"(array([0.44936329, 0.6735729 , 0.53623003, 0.47638181, 0.81514984,
       0.42330527]), array([0.93717676, 0.74028927, 0.89458746, 0.91968793, 0.54548198,
       0.92464441]), array([0.07593895, 0.27602977, 0.12077973, 0.09420315, 0.46918941,
       0.0881041 ]), array([0.54249448, 0.32219291, 0.45744026, 0.51614422, 0.18128999,
       0.5679971 ]))","['QwenPRM_min_scores (7.63B)', 'EurusPRMStage1_min_scores (7.62B)', 'QwenPRM_avg_scores (7.63B)', 'EurusPRMStage2_avg_scores (7.62B)', 'QwenPRM_max_scores (7.63B)', 'GPM (8B)']","[0.3642370207308987, 0.06824991718928106, 0.9969647173749017, 0.5229586888569736, 0.06824991718928106, 0.7872626943950377, 0.9969647173749017, 0.013818586530316843, 0.29112833782276915, 0.06824991718928106, 0.013818586530316843, 0.29112833782276915, 0.06824991718928106, 0.29112833782276915, 0.07284089191765572, 0.06824991718928106, 0.9969647173749017, 0.388748134423351, 0.388748134423351, 0.388748134423351, 0.06824991718928106, 0.7625945558234227, 0.388748134423351, 0.013818586530316843, 0.29112833782276915, 0.388748134423351, 0.3642370207308987, 0.06824991718928106, 0.7872626943950377, 0.06824991718928106, 0.9732991645743346, 0.29112833782276915, 0.7872626943950377, 0.8514269263654474, 0.9732991645743346, 0.29112833782276915, 0.7809824259028301, 0.013818586530316843, 0.29112833782276915, 0.3642370207308987, 0.9732991645743346, 0.7872626943950377, 0.9732991645743346, 0.29112833782276915, 0.3642370207308987, 0.8666916671743693, 0.9732991645743346, 0.29112833782276915, 0.9666045978441812, 0.7872626943950377, 0.06824991718928106, 0.9732991645743346, 0.7872626943950377, 0.06824991718928106, 0.07284089191765572, 0.013818586530316843, 0.9732991645743346, 0.8377244189831914, 0.06824991718928106, 0.388748134423351, 0.7625945558234227, 0.9969647173749017, 0.3642370207308987, 0.9653859423705977, 0.013818586530316843, 0.39760023635063635, 0.06824991718928106, 0.9732991645743346, 0.9732991645743346, 0.3642370207308987, 0.29112833782276915, 0.9732991645743346, 0.7872626943950377, 0.7625945558234227, 0.29112833782276915, 0.8600707217742781, 0.9653859423705977, 0.06824991718928106, 0.3642370207308987, 0.7872626943950377, 0.29112833782276915, 0.7625945558234227, 0.06824991718928106, 0.29112833782276915, 0.9732991645743346, 0.9732991645743346, 0.0987707289733674, 0.3642370207308987, 0.9732991645743346, 0.9965048023938456, 0.0987707289733674, 0.3642370207308987, 0.7625945558234227, 0.29112833782276915, 0.9732991645743346, 0.388748134423351, 0.3642370207308987, 0.06824991718928106, 0.9969647173749017, 0.9698165996620935]",0,train,9
0.84,76,8,0,16,100,3,1,1,1,0,0,0,3,1,1,1,0,0,0,"(array([0.44936329, 0.6735729 , 0.53623003, 0.47638181, 0.81514984,
       0.42330527]), array([0.93717676, 0.74028927, 0.89458746, 0.91968793, 0.54548198,
       0.92464441]), array([0.07593895, 0.27602977, 0.12077973, 0.09420315, 0.46918941,
       0.0881041 ]), array([0.54249448, 0.32219291, 0.45744026, 0.51614422, 0.18128999,
       0.5679971 ]))","['QwenPRM_min_scores (7.63B)', 'EurusPRMStage1_min_scores (7.62B)', 'QwenPRM_avg_scores (7.63B)', 'EurusPRMStage2_avg_scores (7.62B)', 'QwenPRM_max_scores (7.63B)', 'GPM (8B)']","[0.7809824259028301, 0.9807137070042374, 0.29112833782276915, 0.9996108973685561, 0.9698165996620935, 0.9969647173749017, 0.9969647173749017, 0.9969647173749017, 0.7809824259028301, 0.9969647173749017, 0.7809824259028301, 0.9732991645743346, 0.9732991645743346, 0.29112833782276915, 0.07284089191765572, 0.9732991645743346, 0.7809824259028301, 0.7809824259028301, 0.9969647173749017, 0.9969647173749017, 0.9969647173749017, 0.9969647173749017, 0.013818586530316843, 0.7872626943950377, 0.9732991645743346, 0.013818586530316843, 0.29112833782276915, 0.9807137070042374, 0.9969647173749017, 0.9732991645743346, 0.832617113897082, 0.29112833782276915, 0.9969647173749017, 0.7872626943950377, 0.9969647173749017, 0.7809824259028301, 0.8076303474948163, 0.29112833782276915, 0.9732991645743346, 0.7872626943950377, 0.9732991645743346, 0.9698165996620935, 0.013818586530316843, 0.9732991645743346, 0.06824991718928106, 0.9666045978441812, 0.9732991645743346, 0.9732991645743346, 0.9996108973685561, 0.7809824259028301, 0.9732991645743346, 0.9969647173749017, 0.9969647173749017, 0.388748134423351, 0.06824991718928106, 0.7809824259028301, 0.29112833782276915, 0.7809824259028301, 0.9732991645743346, 0.9732991645743346, 0.07284089191765572, 0.41449022237226557, 0.06824991718928106, 0.7809824259028301, 0.9732991645743346, 0.9965048023938456, 0.9969647173749017, 0.7809824259028301, 0.9969647173749017, 0.9969647173749017, 0.013818586530316843, 0.013818586530316843, 0.7625945558234227, 0.9965048023938456, 0.7872626943950377, 0.7809824259028301, 0.29112833782276915, 0.9666045978441812, 0.9969647173749017, 0.9653859423705977, 0.9965048023938456, 0.013818586530316843, 0.29112833782276915, 0.7809824259028301, 0.9698165996620935, 0.9969647173749017, 0.7625945558234227, 0.9996108973685561, 0.9966316802982145, 0.29112833782276915, 0.9969647173749017, 0.7809824259028301, 0.29112833782276915, 0.9960366019845215, 0.013818586530316843, 0.7809824259028301, 0.9969647173749017, 0.9969647173749017, 0.7872626943950377, 0.9969647173749017]",1,train,9
0.37,5,32,0,63,100,17,1,1,1,0,0,0,3,0,1,0,1,0,0,"(array([0.44936329, 0.6735729 , 0.53623003, 0.47638181, 0.81514984,
       0.42330527]), array([0.93717676, 0.74028927, 0.89458746, 0.91968793, 0.54548198,
       0.92464441]), array([0.07593895, 0.27602977, 0.12077973, 0.09420315, 0.46918941,
       0.0881041 ]), array([0.54249448, 0.32219291, 0.45744026, 0.51614422, 0.18128999,
       0.5679971 ]))","['QwenPRM_min_scores (7.63B)', 'EurusPRMStage1_min_scores (7.62B)', 'QwenPRM_avg_scores (7.63B)', 'EurusPRMStage2_avg_scores (7.62B)', 'QwenPRM_max_scores (7.63B)', 'GPM (8B)']","[0.06824991718928106, 0.06824991718928106, 0.07284089191765572, 0.013818586530316843, 0.013818586530316843, 0.06824991718928106, 0.06824991718928106, 0.29112833782276915, 0.29112833782276915, 0.29112833782276915, 0.29112833782276915, 0.06824991718928106, 0.06824991718928106, 0.29112833782276915, 0.29112833782276915, 0.07284089191765572, 0.29112833782276915, 0.9732991645743346, 0.7872626943950377, 0.29112833782276915, 0.7872626943950377, 0.7872626943950377, 0.013818586530316843, 0.06824991718928106, 0.06824991718928106, 0.013818586530316843, 0.06824991718928106, 0.06824991718928106, 0.06824991718928106, 0.07284089191765572, 0.06824991718928106, 0.06824991718928106, 0.29112833782276915, 0.06824991718928106, 0.29112833782276915, 0.29112833782276915, 0.29112833782276915, 0.06824991718928106, 0.06824991718928106, 0.06824991718928106, 0.29112833782276915, 0.29112833782276915, 0.29112833782276915, 0.29112833782276915, 0.29112833782276915, 0.06824991718928106, 0.29112833782276915, 0.013818586530316843, 0.29112833782276915, 0.07284089191765572, 0.013818586530316843, 0.29112833782276915, 0.06824991718928106, 0.06824991718928106, 0.29112833782276915, 0.07284089191765572, 0.07284089191765572, 0.06824991718928106, 0.06824991718928106, 0.013818586530316843, 0.7872626943950377, 0.29112833782276915, 0.06824991718928106, 0.29112833782276915, 0.29112833782276915, 0.29112833782276915, 0.29112833782276915, 0.29112833782276915, 0.013818586530316843, 0.07284089191765572, 0.06824991718928106, 0.29112833782276915, 0.29112833782276915, 0.07284089191765572, 0.013818586530316843, 0.013818586530316843, 0.06824991718928106, 0.06824991718928106, 0.29112833782276915, 0.06824991718928106, 0.29112833782276915, 0.29112833782276915, 0.29112833782276915, 0.013818586530316843, 0.06824991718928106, 0.29112833782276915, 0.29112833782276915, 0.07284089191765572, 0.013818586530316843, 0.06824991718928106, 0.07284089191765572, 0.29112833782276915, 0.29112833782276915, 0.06824991718928106, 0.29112833782276915, 0.29112833782276915, 0.29112833782276915, 0.06824991718928106, 0.06824991718928106, 0.29112833782276915]",2,train,6
0.78,49,29,0,22,100,19,1,1,1,0,0,0,19,1,1,1,0,0,0,"(array([0.44936329, 0.6735729 , 0.53623003, 0.47638181, 0.81514984,
       0.42330527]), array([0.93717676, 0.74028927, 0.89458746, 0.91968793, 0.54548198,
       0.92464441]), array([0.07593895, 0.27602977, 0.12077973, 0.09420315, 0.46918941,
       0.0881041 ]), array([0.54249448, 0.32219291, 0.45744026, 0.51614422, 0.18128999,
       0.5679971 ]))","['QwenPRM_min_scores (7.63B)', 'EurusPRMStage1_min_scores (7.62B)', 'QwenPRM_avg_scores (7.63B)', 'EurusPRMStage2_avg_scores (7.62B)', 'QwenPRM_max_scores (7.63B)', 'GPM (8B)']","[0.3642370207308987, 0.7625945558234227, 0.8470221753151037, 0.0987707289733674, 0.7625945558234227, 0.9732991645743346, 0.29112833782276915, 0.06824991718928106, 0.9732991645743346, 0.7809824259028301, 0.9960366019845215, 0.9965048023938456, 0.0987707289733674, 0.9698165996620935, 0.9796226784014971, 0.06824991718928106, 0.0987707289733674, 0.06824991718928106, 0.9969647173749017, 0.9996108973685561, 0.8745782006731787, 0.3642370207308987, 0.7872626943950377, 0.0987707289733674, 0.9969647173749017, 0.9843340145343611, 0.3642370207308987, 0.8666916671743693, 0.06824991718928106, 0.7625945558234227, 0.06824991718928106, 0.7625945558234227, 0.9996108973685561, 0.013818586530316843, 0.9965048023938456, 0.9969647173749017, 0.3642370207308987, 0.3642370207308987, 0.07284089191765572, 0.0987707289733674, 0.40551521930980033, 0.013818586530316843, 0.9965048023938456, 0.9969647173749017, 0.06824991718928106, 0.41449022237226557, 0.013818586530316843, 0.06824991718928106, 0.06824991718928106, 0.07284089191765572, 0.013818586530316843, 0.7872626943950377, 0.0987707289733674, 0.9732991645743346, 0.9698165996620935, 0.8666916671743693, 0.06824991718928106, 0.06824991718928106, 0.9732991645743346, 0.9965048023938456, 0.7625945558234227, 0.3642370207308987, 0.3642370207308987, 0.0987707289733674, 0.7625945558234227, 0.06824991718928106, 0.9653859423705977, 0.9969647173749017, 0.3642370207308987, 0.7625945558234227, 0.0987707289733674, 0.7809824259028301, 0.06824991718928106, 0.0987707289733674, 0.9996108973685561, 0.9698165996620935, 0.9732991645743346, 0.41449022237226557, 0.8470221753151037, 0.9732991645743346, 0.9732991645743346, 0.832617113897082, 0.013818586530316843, 0.3642370207308987, 0.06824991718928106, 0.9969647173749017, 0.07284089191765572, 0.06824991718928106, 0.29112833782276915, 0.0987707289733674, 0.7809824259028301, 0.9732991645743346, 0.29112833782276915, 0.3642370207308987, 0.0987707289733674, 0.9965048023938456, 0.013818586530316843, 0.06824991718928106, 0.7809824259028301, 0.7625945558234227]",3,train,7
0.73,1,72,0,27,100,40,1,1,1,0,0,0,3,0,1,0,1,0,0,"(array([0.44936329, 0.6735729 , 0.53623003, 0.47638181, 0.81514984,
       0.42330527]), array([0.93717676, 0.74028927, 0.89458746, 0.91968793, 0.54548198,
       0.92464441]), array([0.07593895, 0.27602977, 0.12077973, 0.09420315, 0.46918941,
       0.0881041 ]), array([0.54249448, 0.32219291, 0.45744026, 0.51614422, 0.18128999,
       0.5679971 ]))","['QwenPRM_min_scores (7.63B)', 'EurusPRMStage1_min_scores (7.62B)', 'QwenPRM_avg_scores (7.63B)', 'EurusPRMStage2_avg_scores (7.62B)', 'QwenPRM_max_scores (7.63B)', 'GPM (8B)']","[0.06824991718928106, 0.06824991718928106, 0.06824991718928106, 0.013818586530316843, 0.013818586530316843, 0.013818586530316843, 0.06824991718928106, 0.013818586530316843, 0.06824991718928106, 0.013818586530316843, 0.013818586530316843, 0.013818586530316843, 0.29112833782276915, 0.06824991718928106, 0.013818586530316843, 0.06824991718928106, 0.013818586530316843, 0.06824991718928106, 0.06824991718928106, 0.06824991718928106, 0.013818586530316843, 0.07284089191765572, 0.07284089191765572, 0.06824991718928106, 0.013818586530316843, 0.07284089191765572, 0.07284089191765572, 0.06824991718928106, 0.06824991718928106, 0.013818586530316843, 0.013818586530316843, 0.06824991718928106, 0.013818586530316843, 0.013818586530316843, 0.013818586530316843, 0.013818586530316843, 0.013818586530316843, 0.06824991718928106, 0.06824991718928106, 0.013818586530316843, 0.7872626943950377, 0.29112833782276915, 0.013818586530316843, 0.013818586530316843, 0.29112833782276915, 0.013818586530316843, 0.013818586530316843, 0.013818586530316843, 0.29112833782276915, 0.07284089191765572, 0.013818586530316843, 0.06824991718928106, 0.29112833782276915, 0.29112833782276915, 0.013818586530316843, 0.29112833782276915, 0.29112833782276915, 0.013818586530316843, 0.013818586530316843, 0.11210559336843509, 0.06824991718928106, 0.06824991718928106, 0.013818586530316843, 0.013818586530316843, 0.06824991718928106, 0.013818586530316843, 0.013818586530316843, 0.29112833782276915, 0.07284089191765572, 0.07284089191765572, 0.013818586530316843, 0.06824991718928106, 0.013818586530316843, 0.06824991718928106, 0.013818586530316843, 0.06824991718928106, 0.013818586530316843, 0.07284089191765572, 0.07284089191765572, 0.013818586530316843, 0.013818586530316843, 0.06824991718928106, 0.388748134423351, 0.06824991718928106, 0.013818586530316843, 0.06824991718928106, 0.07284089191765572, 0.013818586530316843, 0.29112833782276915, 0.06824991718928106, 0.013818586530316843, 0.06824991718928106, 0.07284089191765572, 0.013818586530316843, 0.013818586530316843, 0.29112833782276915, 0.06824991718928106, 0.013818586530316843, 0.29112833782276915, 0.013818586530316843]",4,train,2
0.68,40,28,9,23,100,25,0,1,0,0,0,1,25,1,0,0,0,1,0,"(array([0.44936329, 0.6735729 , 0.53623003, 0.47638181, 0.81514984,
       0.42330527]), array([0.93717676, 0.74028927, 0.89458746, 0.91968793, 0.54548198,
       0.92464441]), array([0.07593895, 0.27602977, 0.12077973, 0.09420315, 0.46918941,
       0.0881041 ]), array([0.54249448, 0.32219291, 0.45744026, 0.51614422, 0.18128999,
       0.5679971 ]))","['QwenPRM_min_scores (7.63B)', 'EurusPRMStage1_min_scores (7.62B)', 'QwenPRM_avg_scores (7.63B)', 'EurusPRMStage2_avg_scores (7.62B)', 'QwenPRM_max_scores (7.63B)', 'GPM (8B)']","[0.9698165996620935, 0.7625945558234227, 0.3642370207308987, 0.9960366019845215, 0.9698165996620935, 0.06824991718928106, 0.9965048023938456, 0.8666916671743693, 0.06824991718928106, 0.9969647173749017, 0.7809824259028301, 0.7809824259028301, 0.29112833782276915, 0.9969647173749017, 0.013818586530316843, 0.9969647173749017, 0.06824991718928106, 0.9807137070042374, 0.7809824259028301, 0.3642370207308987, 0.832617113897082, 0.29112833782276915, 0.9732991645743346, 0.7625945558234227, 0.06824991718928106, 0.9978222874058722, 0.388748134423351, 0.06824991718928106, 0.3642370207308987, 0.06824991718928106, 0.9832164943415908, 0.06824991718928106, 0.39760023635063635, 0.9807137070042374, 0.9969647173749017, 0.7809824259028301, 0.06824991718928106, 0.06824991718928106, 0.3642370207308987, 0.9960366019845215, 0.29112833782276915, 0.9978222874058722, 0.3642370207308987, 0.9781765300651143, 0.9819948221489302, 0.7872626943950377, 0.7872626943950377, 0.9732991645743346, 0.29112833782276915, 0.388748134423351, 0.29112833782276915, 0.9698165996620935, 0.9807137070042374, 0.29112833782276915, 0.9653859423705977, 0.06824991718928106, 0.3642370207308987, 0.8514269263654474, 0.9969647173749017, 0.06824991718928106, 0.7625945558234227, 0.06824991718928106, 0.29112833782276915, 0.9807137070042374, 0.3642370207308987, 0.29112833782276915, 0.29112833782276915, 0.39760023635063635, 0.9653859423705977, 0.7809824259028301, 0.7625945558234227, 0.7625945558234227, 0.3642370207308987, 0.388748134423351, 0.06824991718928106, 0.29112833782276915, 0.3642370207308987, 0.7625945558234227, 0.9732991645743346, 0.3642370207308987, 0.06824991718928106, 0.7625945558234227, 0.9698165996620935, 0.7809824259028301, 0.9969647173749017, 0.29112833782276915, 0.9969647173749017, 0.3642370207308987, 0.8541558349546983, 0.06824991718928106, 0.06824991718928106, 0.29112833782276915, 0.388748134423351, 0.29112833782276915, 0.06824991718928106, 0.3642370207308987, 0.7809824259028301, 0.9653859423705977, 0.06824991718928106, 0.388748134423351]",5,train,6
0.96,2,94,4,0,100,71,0,1,0,0,0,1,0,0,1,0,1,0,0,"(array([0.44936329, 0.6735729 , 0.53623003, 0.47638181, 0.81514984,
       0.42330527]), array([0.93717676, 0.74028927, 0.89458746, 0.91968793, 0.54548198,
       0.92464441]), array([0.07593895, 0.27602977, 0.12077973, 0.09420315, 0.46918941,
       0.0881041 ]), array([0.54249448, 0.32219291, 0.45744026, 0.51614422, 0.18128999,
       0.5679971 ]))","['QwenPRM_min_scores (7.63B)', 'EurusPRMStage1_min_scores (7.62B)', 'QwenPRM_avg_scores (7.63B)', 'EurusPRMStage2_avg_scores (7.62B)', 'QwenPRM_max_scores (7.63B)', 'GPM (8B)']","[0.013818586530316843, 0.013818586530316843, 0.013818586530316843, 0.07284089191765572, 0.07284089191765572, 0.013818586530316843, 0.07284089191765572, 0.013818586530316843, 0.07284089191765572, 0.013818586530316843, 0.06824991718928106, 0.013818586530316843, 0.013818586530316843, 0.3806051916082359, 0.013818586530316843, 0.07284089191765572, 0.06824991718928106, 0.07284089191765572, 0.06824991718928106, 0.29112833782276915, 0.0987707289733674, 0.07284089191765572, 0.013818586530316843, 0.7809824259028301, 0.013818586530316843, 0.013818586530316843, 0.07284089191765572, 0.013818586530316843, 0.06824991718928106, 0.0987707289733674, 0.07284089191765572, 0.0987707289733674, 0.013818586530316843, 0.013818586530316843, 0.013818586530316843, 0.0987707289733674, 0.07284089191765572, 0.0987707289733674, 0.3806051916082359, 0.06824991718928106, 0.06824991718928106, 0.013818586530316843, 0.0987707289733674, 0.29112833782276915, 0.41449022237226557, 0.013818586530316843, 0.29112833782276915, 0.013818586530316843, 0.06824991718928106, 0.07284089191765572, 0.013818586530316843, 0.07284089191765572, 0.013818586530316843, 0.06824991718928106, 0.06824991718928106, 0.07284089191765572, 0.29112833782276915, 0.06824991718928106, 0.41449022237226557, 0.07284089191765572, 0.7872626943950377, 0.3642370207308987, 0.29112833782276915, 0.06824991718928106, 0.013818586530316843, 0.3642370207308987, 0.013818586530316843, 0.7872626943950377, 0.013818586530316843, 0.3806051916082359, 0.41449022237226557, 0.9698165996620935, 0.06824991718928106, 0.07284089191765572, 0.29112833782276915, 0.07284089191765572, 0.07284089191765572, 0.013818586530316843, 0.29112833782276915, 0.07284089191765572, 0.013818586530316843, 0.013818586530316843, 0.07284089191765572, 0.013818586530316843, 0.29112833782276915, 0.013818586530316843, 0.013818586530316843, 0.9698165996620935, 0.06824991718928106, 0.013818586530316843, 0.7872626943950377, 0.07284089191765572, 0.013818586530316843, 0.06824991718928106, 0.013818586530316843, 0.013818586530316843, 0.013818586530316843, 0.07284089191765572, 0.07284089191765572, 0.07284089191765572]",6,train,0
0.28,24,4,0,72,100,33,1,1,1,0,0,0,33,1,1,1,0,0,0,"(array([0.44936329, 0.6735729 , 0.53623003, 0.47638181, 0.81514984,
       0.42330527]), array([0.93717676, 0.74028927, 0.89458746, 0.91968793, 0.54548198,
       0.92464441]), array([0.07593895, 0.27602977, 0.12077973, 0.09420315, 0.46918941,
       0.0881041 ]), array([0.54249448, 0.32219291, 0.45744026, 0.51614422, 0.18128999,
       0.5679971 ]))","['QwenPRM_min_scores (7.63B)', 'EurusPRMStage1_min_scores (7.62B)', 'QwenPRM_avg_scores (7.63B)', 'EurusPRMStage2_avg_scores (7.62B)', 'QwenPRM_max_scores (7.63B)', 'GPM (8B)']","[0.9960366019845215, 0.07284089191765572, 0.29112833782276915, 0.07284089191765572, 0.06824991718928106, 0.013818586530316843, 0.7625945558234227, 0.07284089191765572, 0.3806051916082359, 0.44540559806140284, 0.3806051916082359, 0.29112833782276915, 0.9960366019845215, 0.07284089191765572, 0.07284089191765572, 0.3806051916082359, 0.7625945558234227, 0.7625945558234227, 0.3806051916082359, 0.07284089191765572, 0.7625945558234227, 0.9653859423705977, 0.07284089191765572, 0.0987707289733674, 0.0987707289733674, 0.07284089191765572, 0.3806051916082359, 0.3806051916082359, 0.7625945558234227, 0.3642370207308987, 0.4875906952229492, 0.3806051916082359, 0.3806051916082359, 0.9965048023938456, 0.3806051916082359, 0.07284089191765572, 0.0987707289733674, 0.3806051916082359, 0.0987707289733674, 0.07284089191765572, 0.9653859423705977, 0.40551521930980033, 0.07284089191765572, 0.29112833782276915, 0.06824991718928106, 0.41449022237226557, 0.3806051916082359, 0.29112833782276915, 0.013818586530316843, 0.7809824259028301, 0.29112833782276915, 0.7809824259028301, 0.29112833782276915, 0.3806051916082359, 0.07284089191765572, 0.3806051916082359, 0.8470221753151037, 0.8470221753151037, 0.9843340145343611, 0.9666045978441812, 0.29112833782276915, 0.0987707289733674, 0.3806051916082359, 0.3806051916082359, 0.3806051916082359, 0.07284089191765572, 0.29112833782276915, 0.3806051916082359, 0.0987707289733674, 0.7625945558234227, 0.013818586530316843, 0.0987707289733674, 0.07284089191765572, 0.9732991645743346, 0.07284089191765572, 0.07284089191765572, 0.3806051916082359, 0.0987707289733674, 0.0987707289733674, 0.07284089191765572, 0.29112833782276915, 0.9698165996620935, 0.06824991718928106, 0.9843340145343611, 0.3806051916082359, 0.0987707289733674, 0.0987707289733674, 0.3806051916082359, 0.07284089191765572, 0.7625945558234227, 0.7625945558234227, 0.29112833782276915, 0.29112833782276915, 0.29112833782276915, 0.9666045978441812, 0.7625945558234227, 0.29112833782276915, 0.3806051916082359, 0.29112833782276915, 0.3806051916082359]",7,train,9
0.79,36,43,0,21,100,5,1,1,1,0,0,0,5,1,1,1,0,0,0,"(array([0.44936329, 0.6735729 , 0.53623003, 0.47638181, 0.81514984,
       0.42330527]), array([0.93717676, 0.74028927, 0.89458746, 0.91968793, 0.54548198,
       0.92464441]), array([0.07593895, 0.27602977, 0.12077973, 0.09420315, 0.46918941,
       0.0881041 ]), array([0.54249448, 0.32219291, 0.45744026, 0.51614422, 0.18128999,
       0.5679971 ]))","['QwenPRM_min_scores (7.63B)', 'EurusPRMStage1_min_scores (7.62B)', 'QwenPRM_avg_scores (7.63B)', 'EurusPRMStage2_avg_scores (7.62B)', 'QwenPRM_max_scores (7.63B)', 'GPM (8B)']","[0.06824991718928106, 0.7809824259028301, 0.29112833782276915, 0.013818586530316843, 0.9698165996620935, 0.9969647173749017, 0.9969647173749017, 0.06824991718928106, 0.7872626943950377, 0.7872626943950377, 0.7809824259028301, 0.7872626943950377, 0.06824991718928106, 0.7809824259028301, 0.06824991718928106, 0.9698165996620935, 0.29112833782276915, 0.06824991718928106, 0.9969647173749017, 0.7872626943950377, 0.9969647173749017, 0.29112833782276915, 0.7809824259028301, 0.9969647173749017, 0.9969647173749017, 0.9969647173749017, 0.06824991718928106, 0.06824991718928106, 0.29112833782276915, 0.013818586530316843, 0.06824991718928106, 0.06824991718928106, 0.06824991718928106, 0.29112833782276915, 0.013818586530316843, 0.7809824259028301, 0.06824991718928106, 0.06824991718928106, 0.06824991718928106, 0.06824991718928106, 0.013818586530316843, 0.07284089191765572, 0.06824991718928106, 0.7809824259028301, 0.06824991718928106, 0.06824991718928106, 0.9698165996620935, 0.013818586530316843, 0.9698165996620935, 0.7872626943950377, 0.29112833782276915, 0.013818586530316843, 0.9698165996620935, 0.7809824259028301, 0.06824991718928106, 0.06824991718928106, 0.013818586530316843, 0.7809824259028301, 0.06824991718928106, 0.29112833782276915, 0.06824991718928106, 0.29112833782276915, 0.41449022237226557, 0.7809824259028301, 0.013818586530316843, 0.06824991718928106, 0.7809824259028301, 0.013818586530316843, 0.06824991718928106, 0.013818586530316843, 0.9969647173749017, 0.29112833782276915, 0.29112833782276915, 0.9698165996620935, 0.29112833782276915, 0.06824991718928106, 0.06824991718928106, 0.06824991718928106, 0.9732991645743346, 0.06824991718928106, 0.06824991718928106, 0.06824991718928106, 0.06824991718928106, 0.06824991718928106, 0.06824991718928106, 0.29112833782276915, 0.06824991718928106, 0.9732991645743346, 0.9969647173749017, 0.06824991718928106, 0.013818586530316843, 0.9698165996620935, 0.9969647173749017, 0.06824991718928106, 0.06824991718928106, 0.06824991718928106, 0.06824991718928106, 0.7809824259028301, 0.013818586530316843, 0.9732991645743346]",8,train,5
0.79,0,79,0,21,100,16,0,1,0,0,0,1,0,0,1,0,1,0,0,"(array([0.44936329, 0.6735729 , 0.53623003, 0.47638181, 0.81514984,
       0.42330527]), array([0.93717676, 0.74028927, 0.89458746, 0.91968793, 0.54548198,
       0.92464441]), array([0.07593895, 0.27602977, 0.12077973, 0.09420315, 0.46918941,
       0.0881041 ]), array([0.54249448, 0.32219291, 0.45744026, 0.51614422, 0.18128999,
       0.5679971 ]))","['QwenPRM_min_scores (7.63B)', 'EurusPRMStage1_min_scores (7.62B)', 'QwenPRM_avg_scores (7.63B)', 'EurusPRMStage2_avg_scores (7.62B)', 'QwenPRM_max_scores (7.63B)', 'GPM (8B)']","[0.013818586530316843, 0.06824991718928106, 0.013818586530316843, 0.013818586530316843, 0.06824991718928106, 0.013818586530316843, 0.013818586530316843, 0.013818586530316843, 0.013818586530316843, 0.06824991718928106, 0.013818586530316843, 0.013818586530316843, 0.013818586530316843, 0.013818586530316843, 0.013818586530316843, 0.013818586530316843, 0.29112833782276915, 0.29112833782276915, 0.07284089191765572, 0.07284089191765572, 0.013818586530316843, 0.013818586530316843, 0.06824991718928106, 0.013818586530316843, 0.06824991718928106, 0.29112833782276915, 0.013818586530316843, 0.013818586530316843, 0.013818586530316843, 0.013818586530316843, 0.06824991718928106, 0.06824991718928106, 0.06824991718928106, 0.06824991718928106, 0.013818586530316843, 0.07284089191765572, 0.013818586530316843, 0.013818586530316843, 0.013818586530316843, 0.07284089191765572, 0.29112833782276915, 0.07284089191765572, 0.013818586530316843, 0.013818586530316843, 0.013818586530316843, 0.06824991718928106, 0.013818586530316843, 0.06824991718928106, 0.013818586530316843, 0.07284089191765572, 0.07284089191765572, 0.013818586530316843, 0.013818586530316843, 0.29112833782276915, 0.07284089191765572, 0.07284089191765572, 0.013818586530316843, 0.07284089191765572, 0.013818586530316843, 0.013818586530316843, 0.06824991718928106, 0.013818586530316843, 0.013818586530316843, 0.013818586530316843, 0.013818586530316843, 0.013818586530316843, 0.013818586530316843, 0.013818586530316843, 0.013818586530316843, 0.013818586530316843, 0.29112833782276915, 0.07284089191765572, 0.013818586530316843, 0.013818586530316843, 0.013818586530316843, 0.06824991718928106, 0.06824991718928106, 0.06824991718928106, 0.013818586530316843, 0.013818586530316843, 0.013818586530316843, 0.013818586530316843, 0.29112833782276915, 0.06824991718928106, 0.013818586530316843, 0.013818586530316843, 0.013818586530316843, 0.29112833782276915, 0.013818586530316843, 0.013818586530316843, 0.013818586530316843, 0.07284089191765572, 0.29112833782276915, 0.29112833782276915, 0.013818586530316843, 0.013818586530316843, 0.07284089191765572, 0.013818586530316843, 0.013818586530316843, 0.013818586530316843]",9,train,2
0.85,3,82,1,14,100,54,1,1,1,0,0,0,2,0,1,0,1,0,0,"(array([0.44936329, 0.6735729 , 0.53623003, 0.47638181, 0.81514984,
       0.42330527]), array([0.93717676, 0.74028927, 0.89458746, 0.91968793, 0.54548198,
       0.92464441]), array([0.07593895, 0.27602977, 0.12077973, 0.09420315, 0.46918941,
       0.0881041 ]), array([0.54249448, 0.32219291, 0.45744026, 0.51614422, 0.18128999,
       0.5679971 ]))","['QwenPRM_min_scores (7.63B)', 'EurusPRMStage1_min_scores (7.62B)', 'QwenPRM_avg_scores (7.63B)', 'EurusPRMStage2_avg_scores (7.62B)', 'QwenPRM_max_scores (7.63B)', 'GPM (8B)']","[0.06824991718928106, 0.06824991718928106, 0.013818586530316843, 0.06824991718928106, 0.06824991718928106, 0.06824991718928106, 0.06824991718928106, 0.06824991718928106, 0.013818586530316843, 0.06824991718928106, 0.013818586530316843, 0.06824991718928106, 0.06824991718928106, 0.06824991718928106, 0.013818586530316843, 0.06824991718928106, 0.29112833782276915, 0.06824991718928106, 0.013818586530316843, 0.06824991718928106, 0.06824991718928106, 0.06824991718928106, 0.06824991718928106, 0.013818586530316843, 0.013818586530316843, 0.013818586530316843, 0.013818586530316843, 0.013818586530316843, 0.06824991718928106, 0.06824991718928106, 0.06824991718928106, 0.7809824259028301, 0.06824991718928106, 0.06824991718928106, 0.06824991718928106, 0.07284089191765572, 0.013818586530316843, 0.013818586530316843, 0.06824991718928106, 0.06824991718928106, 0.013818586530316843, 0.06824991718928106, 0.013818586530316843, 0.06824991718928106, 0.06824991718928106, 0.06824991718928106, 0.06824991718928106, 0.06824991718928106, 0.013818586530316843, 0.013818586530316843, 0.06824991718928106, 0.29112833782276915, 0.013818586530316843, 0.06824991718928106, 0.9732991645743346, 0.7872626943950377, 0.29112833782276915, 0.06824991718928106, 0.06824991718928106, 0.06824991718928106, 0.06824991718928106, 0.07284089191765572, 0.06824991718928106, 0.06824991718928106, 0.29112833782276915, 0.06824991718928106, 0.013818586530316843, 0.06824991718928106, 0.013818586530316843, 0.06824991718928106, 0.06824991718928106, 0.06824991718928106, 0.013818586530316843, 0.06824991718928106, 0.06824991718928106, 0.013818586530316843, 0.06824991718928106, 0.06824991718928106, 0.388748134423351, 0.7809824259028301, 0.07284089191765572, 0.06824991718928106, 0.06824991718928106, 0.06824991718928106, 0.06824991718928106, 0.06824991718928106, 0.06824991718928106, 0.013818586530316843, 0.06824991718928106, 0.013818586530316843, 0.06824991718928106, 0.06824991718928106, 0.06824991718928106, 0.013818586530316843, 0.013818586530316843, 0.013818586530316843, 0.06824991718928106, 0.06824991718928106, 0.06824991718928106, 0.07284089191765572]",10,train,1
0.65,31,34,0,35,100,1,1,1,1,0,0,0,1,1,1,1,0,0,0,"(array([0.44936329, 0.6735729 , 0.53623003, 0.47638181, 0.81514984,
       0.42330527]), array([0.93717676, 0.74028927, 0.89458746, 0.91968793, 0.54548198,
       0.92464441]), array([0.07593895, 0.27602977, 0.12077973, 0.09420315, 0.46918941,
       0.0881041 ]), array([0.54249448, 0.32219291, 0.45744026, 0.51614422, 0.18128999,
       0.5679971 ]))","['QwenPRM_min_scores (7.63B)', 'EurusPRMStage1_min_scores (7.62B)', 'QwenPRM_avg_scores (7.63B)', 'EurusPRMStage2_avg_scores (7.62B)', 'QwenPRM_max_scores (7.63B)', 'GPM (8B)']","[0.06824991718928106, 0.9969647173749017, 0.7809824259028301, 0.9969647173749017, 0.9698165996620935, 0.07284089191765572, 0.7872626943950377, 0.7809824259028301, 0.06824991718928106, 0.06824991718928106, 0.29112833782276915, 0.06824991718928106, 0.29112833782276915, 0.0987707289733674, 0.9698165996620935, 0.7809824259028301, 0.29112833782276915, 0.013818586530316843, 0.07284089191765572, 0.06824991718928106, 0.013818586530316843, 0.9732991645743346, 0.7809824259028301, 0.06824991718928106, 0.9969647173749017, 0.7809824259028301, 0.9969647173749017, 0.06824991718928106, 0.06824991718928106, 0.7872626943950377, 0.9732991645743346, 0.41449022237226557, 0.013818586530316843, 0.06824991718928106, 0.29112833782276915, 0.41449022237226557, 0.06824991718928106, 0.29112833782276915, 0.29112833782276915, 0.9969647173749017, 0.013818586530316843, 0.06824991718928106, 0.29112833782276915, 0.29112833782276915, 0.7809824259028301, 0.29112833782276915, 0.9969647173749017, 0.013818586530316843, 0.29112833782276915, 0.013818586530316843, 0.7809824259028301, 0.06824991718928106, 0.29112833782276915, 0.07284089191765572, 0.9969647173749017, 0.06824991718928106, 0.013818586530316843, 0.9698165996620935, 0.013818586530316843, 0.7872626943950377, 0.013818586530316843, 0.013818586530316843, 0.29112833782276915, 0.7809824259028301, 0.06824991718928106, 0.9732991645743346, 0.06824991718928106, 0.013818586530316843, 0.9969647173749017, 0.9965048023938456, 0.9969647173749017, 0.29112833782276915, 0.06824991718928106, 0.013818586530316843, 0.06824991718928106, 0.013818586530316843, 0.29112833782276915, 0.9698165996620935, 0.7809824259028301, 0.29112833782276915, 0.013818586530316843, 0.29112833782276915, 0.06824991718928106, 0.07284089191765572, 0.07284089191765572, 0.06824991718928106, 0.06824991718928106, 0.29112833782276915, 0.7809824259028301, 0.07284089191765572, 0.013818586530316843, 0.06824991718928106, 0.06824991718928106, 0.7809824259028301, 0.06824991718928106, 0.07284089191765572, 0.06824991718928106, 0.013818586530316843, 0.07284089191765572, 0.29112833782276915]",11,train,6
0.73,64,9,0,27,100,52,1,1,1,0,0,0,52,1,1,1,0,0,0,"(array([0.44936329, 0.6735729 , 0.53623003, 0.47638181, 0.81514984,
       0.42330527]), array([0.93717676, 0.74028927, 0.89458746, 0.91968793, 0.54548198,
       0.92464441]), array([0.07593895, 0.27602977, 0.12077973, 0.09420315, 0.46918941,
       0.0881041 ]), array([0.54249448, 0.32219291, 0.45744026, 0.51614422, 0.18128999,
       0.5679971 ]))","['QwenPRM_min_scores (7.63B)', 'EurusPRMStage1_min_scores (7.62B)', 'QwenPRM_avg_scores (7.63B)', 'EurusPRMStage2_avg_scores (7.62B)', 'QwenPRM_max_scores (7.63B)', 'GPM (8B)']","[0.9732991645743346, 0.06824991718928106, 0.29112833782276915, 0.9965048023938456, 0.06824991718928106, 0.06824991718928106, 0.7809824259028301, 0.9653859423705977, 0.9653859423705977, 0.9732991645743346, 0.9653859423705977, 0.7809824259028301, 0.29112833782276915, 0.29112833782276915, 0.9732991645743346, 0.7809824259028301, 0.388748134423351, 0.7625945558234227, 0.9807137070042374, 0.06824991718928106, 0.9969647173749017, 0.9732991645743346, 0.7809824259028301, 0.06824991718928106, 0.06824991718928106, 0.9965048023938456, 0.9965048023938456, 0.9807137070042374, 0.9965048023938456, 0.832617113897082, 0.0987707289733674, 0.29112833782276915, 0.9732991645743346, 0.29112833782276915, 0.7809824259028301, 0.0987707289733674, 0.7625945558234227, 0.8666916671743693, 0.9732991645743346, 0.8666916671743693, 0.9653859423705977, 0.9732991645743346, 0.9653859423705977, 0.9732991645743346, 0.9732991645743346, 0.06824991718928106, 0.8666916671743693, 0.9965048023938456, 0.06824991718928106, 0.9653859423705977, 0.9732991645743346, 0.9832164943415908, 0.9996108973685561, 0.29112833782276915, 0.832617113897082, 0.06824991718928106, 0.9653859423705977, 0.9965048023938456, 0.9965048023938456, 0.7809824259028301, 0.06824991718928106, 0.388748134423351, 0.9698165996620935, 0.29112833782276915, 0.9807137070042374, 0.9969647173749017, 0.9965048023938456, 0.9965048023938456, 0.9653859423705977, 0.06824991718928106, 0.9965048023938456, 0.06824991718928106, 0.3642370207308987, 0.06824991718928106, 0.3642370207308987, 0.7809824259028301, 0.9732991645743346, 0.3642370207308987, 0.9807137070042374, 0.29112833782276915, 0.9969647173749017, 0.9732991645743346, 0.06824991718928106, 0.7809824259028301, 0.7809824259028301, 0.9732991645743346, 0.29112833782276915, 0.8666916671743693, 0.8666916671743693, 0.7809824259028301, 0.9960366019845215, 0.29112833782276915, 0.7625945558234227, 0.832617113897082, 0.388748134423351, 0.388748134423351, 0.3642370207308987, 0.29112833782276915, 0.29112833782276915, 0.9969647173749017]",12,train,9
0.77,2,75,1,22,100,50,0,1,0,0,0,1,9,0,1,0,1,0,0,"(array([0.44936329, 0.6735729 , 0.53623003, 0.47638181, 0.81514984,
       0.42330527]), array([0.93717676, 0.74028927, 0.89458746, 0.91968793, 0.54548198,
       0.92464441]), array([0.07593895, 0.27602977, 0.12077973, 0.09420315, 0.46918941,
       0.0881041 ]), array([0.54249448, 0.32219291, 0.45744026, 0.51614422, 0.18128999,
       0.5679971 ]))","['QwenPRM_min_scores (7.63B)', 'EurusPRMStage1_min_scores (7.62B)', 'QwenPRM_avg_scores (7.63B)', 'EurusPRMStage2_avg_scores (7.62B)', 'QwenPRM_max_scores (7.63B)', 'GPM (8B)']","[0.29112833782276915, 0.07284089191765572, 0.06824991718928106, 0.29112833782276915, 0.06824991718928106, 0.29112833782276915, 0.29112833782276915, 0.29112833782276915, 0.29112833782276915, 0.013818586530316843, 0.013818586530316843, 0.07284089191765572, 0.06824991718928106, 0.013818586530316843, 0.06824991718928106, 0.06824991718928106, 0.29112833782276915, 0.06824991718928106, 0.388748134423351, 0.013818586530316843, 0.06824991718928106, 0.06824991718928106, 0.013818586530316843, 0.29112833782276915, 0.29112833782276915, 0.013818586530316843, 0.013818586530316843, 0.06824991718928106, 0.06824991718928106, 0.013818586530316843, 0.06824991718928106, 0.29112833782276915, 0.29112833782276915, 0.29112833782276915, 0.06824991718928106, 0.29112833782276915, 0.06824991718928106, 0.29112833782276915, 0.07284089191765572, 0.29112833782276915, 0.41449022237226557, 0.7872626943950377, 0.013818586530316843, 0.29112833782276915, 0.07284089191765572, 0.06824991718928106, 0.013818586530316843, 0.06824991718928106, 0.06824991718928106, 0.29112833782276915, 0.9698165996620935, 0.29112833782276915, 0.013818586530316843, 0.29112833782276915, 0.06824991718928106, 0.29112833782276915, 0.06824991718928106, 0.06824991718928106, 0.06824991718928106, 0.07284089191765572, 0.29112833782276915, 0.07284089191765572, 0.06824991718928106, 0.29112833782276915, 0.06824991718928106, 0.29112833782276915, 0.29112833782276915, 0.29112833782276915, 0.07284089191765572, 0.29112833782276915, 0.06824991718928106, 0.29112833782276915, 0.013818586530316843, 0.06824991718928106, 0.07284089191765572, 0.07284089191765572, 0.29112833782276915, 0.29112833782276915, 0.29112833782276915, 0.29112833782276915, 0.013818586530316843, 0.07284089191765572, 0.07284089191765572, 0.7872626943950377, 0.06824991718928106, 0.07284089191765572, 0.29112833782276915, 0.013818586530316843, 0.29112833782276915, 0.29112833782276915, 0.013818586530316843, 0.06824991718928106, 0.06824991718928106, 0.06824991718928106, 0.29112833782276915, 0.07284089191765572, 0.29112833782276915, 0.06824991718928106, 0.29112833782276915, 0.29112833782276915]",13,train,2
0.38,1,37,0,62,100,12,1,1,1,0,0,0,0,0,1,0,1,0,0,"(array([0.44936329, 0.6735729 , 0.53623003, 0.47638181, 0.81514984,
       0.42330527]), array([0.93717676, 0.74028927, 0.89458746, 0.91968793, 0.54548198,
       0.92464441]), array([0.07593895, 0.27602977, 0.12077973, 0.09420315, 0.46918941,
       0.0881041 ]), array([0.54249448, 0.32219291, 0.45744026, 0.51614422, 0.18128999,
       0.5679971 ]))","['QwenPRM_min_scores (7.63B)', 'EurusPRMStage1_min_scores (7.62B)', 'QwenPRM_avg_scores (7.63B)', 'EurusPRMStage2_avg_scores (7.62B)', 'QwenPRM_max_scores (7.63B)', 'GPM (8B)']","[0.013818586530316843, 0.07284089191765572, 0.013818586530316843, 0.013818586530316843, 0.013818586530316843, 0.013818586530316843, 0.06824991718928106, 0.07284089191765572, 0.013818586530316843, 0.013818586530316843, 0.013818586530316843, 0.07284089191765572, 0.9698165996620935, 0.013818586530316843, 0.07284089191765572, 0.013818586530316843, 0.013818586530316843, 0.013818586530316843, 0.06824991718928106, 0.013818586530316843, 0.013818586530316843, 0.013818586530316843, 0.013818586530316843, 0.07284089191765572, 0.06824991718928106, 0.07284089191765572, 0.29112833782276915, 0.013818586530316843, 0.013818586530316843, 0.29112833782276915, 0.06824991718928106, 0.013818586530316843, 0.29112833782276915, 0.013818586530316843, 0.013818586530316843, 0.013818586530316843, 0.07284089191765572, 0.013818586530316843, 0.013818586530316843, 0.06824991718928106, 0.013818586530316843, 0.07284089191765572, 0.013818586530316843, 0.07284089191765572, 0.013818586530316843, 0.013818586530316843, 0.07284089191765572, 0.07284089191765572, 0.013818586530316843, 0.07284089191765572, 0.29112833782276915, 0.013818586530316843, 0.013818586530316843, 0.013818586530316843, 0.0987707289733674, 0.29112833782276915, 0.07284089191765572, 0.07284089191765572, 0.013818586530316843, 0.013818586530316843, 0.3806051916082359, 0.07284089191765572, 0.06824991718928106, 0.07284089191765572, 0.013818586530316843, 0.013818586530316843, 0.06824991718928106, 0.013818586530316843, 0.06824991718928106, 0.013818586530316843, 0.07284089191765572, 0.013818586530316843, 0.07284089191765572, 0.07284089191765572, 0.06824991718928106, 0.07284089191765572, 0.07284089191765572, 0.07284089191765572, 0.013818586530316843, 0.013818586530316843, 0.3642370207308987, 0.41449022237226557, 0.07284089191765572, 0.013818586530316843, 0.29112833782276915, 0.013818586530316843, 0.013818586530316843, 0.013818586530316843, 0.013818586530316843, 0.07284089191765572, 0.29112833782276915, 0.29112833782276915, 0.013818586530316843, 0.29112833782276915, 0.013818586530316843, 0.013818586530316843, 0.06824991718928106, 0.07284089191765572, 0.06824991718928106, 0.06824991718928106]",14,train,6
0.73,36,37,0,27,100,3,1,1,1,0,0,0,3,1,1,1,0,0,0,"(array([0.44936329, 0.6735729 , 0.53623003, 0.47638181, 0.81514984,
       0.42330527]), array([0.93717676, 0.74028927, 0.89458746, 0.91968793, 0.54548198,
       0.92464441]), array([0.07593895, 0.27602977, 0.12077973, 0.09420315, 0.46918941,
       0.0881041 ]), array([0.54249448, 0.32219291, 0.45744026, 0.51614422, 0.18128999,
       0.5679971 ]))","['QwenPRM_min_scores (7.63B)', 'EurusPRMStage1_min_scores (7.62B)', 'QwenPRM_avg_scores (7.63B)', 'EurusPRMStage2_avg_scores (7.62B)', 'QwenPRM_max_scores (7.63B)', 'GPM (8B)']","[0.9742466517627265, 0.06824991718928106, 0.07284089191765572, 0.9969647173749017, 0.06824991718928106, 0.9698165996620935, 0.06824991718928106, 0.9843340145343611, 0.07284089191765572, 0.7872626943950377, 0.41449022237226557, 0.06824991718928106, 0.9969647173749017, 0.9969647173749017, 0.7872626943950377, 0.06824991718928106, 0.06824991718928106, 0.06824991718928106, 0.06824991718928106, 0.7872626943950377, 0.013818586530316843, 0.29112833782276915, 0.013818586530316843, 0.06824991718928106, 0.06824991718928106, 0.06824991718928106, 0.013818586530316843, 0.9969647173749017, 0.29112833782276915, 0.07284089191765572, 0.29112833782276915, 0.06824991718928106, 0.29112833782276915, 0.06824991718928106, 0.29112833782276915, 0.3642370207308987, 0.06824991718928106, 0.9969647173749017, 0.11210559336843509, 0.06824991718928106, 0.7809824259028301, 0.06824991718928106, 0.7872626943950377, 0.06824991718928106, 0.7872626943950377, 0.7809824259028301, 0.06824991718928106, 0.013818586530316843, 0.878591853215245, 0.9969647173749017, 0.9969647173749017, 0.29112833782276915, 0.29112833782276915, 0.9969647173749017, 0.013818586530316843, 0.29112833782276915, 0.06824991718928106, 0.29112833782276915, 0.07284089191765572, 0.9969647173749017, 0.06824991718928106, 0.06824991718928106, 0.013818586530316843, 0.29112833782276915, 0.9969647173749017, 0.7872626943950377, 0.41449022237226557, 0.9732991645743346, 0.06824991718928106, 0.29112833782276915, 0.9698165996620935, 0.388748134423351, 0.06824991718928106, 0.06824991718928106, 0.7872626943950377, 0.06824991718928106, 0.7809824259028301, 0.7872626943950377, 0.8076303474948163, 0.013818586530316843, 0.7809824259028301, 0.9698165996620935, 0.06824991718928106, 0.07284089191765572, 0.07284089191765572, 0.8745782006731787, 0.9698165996620935, 0.7809824259028301, 0.06824991718928106, 0.9969647173749017, 0.7872626943950377, 0.06824991718928106, 0.06824991718928106, 0.7809824259028301, 0.013818586530316843, 0.06824991718928106, 0.013818586530316843, 0.07284089191765572, 0.06824991718928106, 0.06824991718928106]",15,train,6
0.77,55,22,0,23,100,5,1,1,1,0,0,0,5,1,1,1,0,0,0,"(array([0.44936329, 0.6735729 , 0.53623003, 0.47638181, 0.81514984,
       0.42330527]), array([0.93717676, 0.74028927, 0.89458746, 0.91968793, 0.54548198,
       0.92464441]), array([0.07593895, 0.27602977, 0.12077973, 0.09420315, 0.46918941,
       0.0881041 ]), array([0.54249448, 0.32219291, 0.45744026, 0.51614422, 0.18128999,
       0.5679971 ]))","['QwenPRM_min_scores (7.63B)', 'EurusPRMStage1_min_scores (7.62B)', 'QwenPRM_avg_scores (7.63B)', 'EurusPRMStage2_avg_scores (7.62B)', 'QwenPRM_max_scores (7.63B)', 'GPM (8B)']","[0.29112833782276915, 0.06824991718928106, 0.7809824259028301, 0.9732991645743346, 0.9698165996620935, 0.9969647173749017, 0.06824991718928106, 0.06824991718928106, 0.29112833782276915, 0.06824991718928106, 0.9698165996620935, 0.9698165996620935, 0.9969647173749017, 0.9732991645743346, 0.06824991718928106, 0.9969647173749017, 0.9732991645743346, 0.7809824259028301, 0.9969647173749017, 0.9732991645743346, 0.7872626943950377, 0.7809824259028301, 0.29112833782276915, 0.06824991718928106, 0.9969647173749017, 0.9698165996620935, 0.06824991718928106, 0.9969647173749017, 0.06824991718928106, 0.9969647173749017, 0.06824991718928106, 0.7872626943950377, 0.29112833782276915, 0.013818586530316843, 0.29112833782276915, 0.7809824259028301, 0.7809824259028301, 0.06824991718928106, 0.29112833782276915, 0.29112833782276915, 0.7809824259028301, 0.8666916671743693, 0.7809824259028301, 0.06824991718928106, 0.9698165996620935, 0.9732991645743346, 0.9969647173749017, 0.3642370207308987, 0.7872626943950377, 0.9732991645743346, 0.013818586530316843, 0.06824991718928106, 0.9969647173749017, 0.9969647173749017, 0.9969647173749017, 0.9969647173749017, 0.9969647173749017, 0.8745782006731787, 0.29112833782276915, 0.9732991645743346, 0.7809824259028301, 0.013818586530316843, 0.9732991645743346, 0.9732991645743346, 0.29112833782276915, 0.06824991718928106, 0.06824991718928106, 0.7809824259028301, 0.9969647173749017, 0.06824991718928106, 0.07284089191765572, 0.013818586530316843, 0.7872626943950377, 0.7809824259028301, 0.06824991718928106, 0.7809824259028301, 0.06824991718928106, 0.06824991718928106, 0.29112833782276915, 0.29112833782276915, 0.7809824259028301, 0.7872626943950377, 0.06824991718928106, 0.8666916671743693, 0.388748134423351, 0.06824991718928106, 0.06824991718928106, 0.06824991718928106, 0.29112833782276915, 0.9732991645743346, 0.9969647173749017, 0.06824991718928106, 0.06824991718928106, 0.9969647173749017, 0.9698165996620935, 0.29112833782276915, 0.06824991718928106, 0.9698165996620935, 0.7809824259028301, 0.9732991645743346]",16,train,7
0.85,84,1,0,15,100,9,1,1,1,0,0,0,9,1,1,1,0,0,0,"(array([0.44936329, 0.6735729 , 0.53623003, 0.47638181, 0.81514984,
       0.42330527]), array([0.93717676, 0.74028927, 0.89458746, 0.91968793, 0.54548198,
       0.92464441]), array([0.07593895, 0.27602977, 0.12077973, 0.09420315, 0.46918941,
       0.0881041 ]), array([0.54249448, 0.32219291, 0.45744026, 0.51614422, 0.18128999,
       0.5679971 ]))","['QwenPRM_min_scores (7.63B)', 'EurusPRMStage1_min_scores (7.62B)', 'QwenPRM_avg_scores (7.63B)', 'EurusPRMStage2_avg_scores (7.62B)', 'QwenPRM_max_scores (7.63B)', 'GPM (8B)']","[0.7809824259028301, 0.7809824259028301, 0.7872626943950377, 0.29112833782276915, 0.9698165996620935, 0.9969647173749017, 0.9698165996620935, 0.9969647173749017, 0.388748134423351, 0.9996108973685561, 0.9969647173749017, 0.9969647173749017, 0.7809824259028301, 0.29112833782276915, 0.7809824259028301, 0.9698165996620935, 0.9969647173749017, 0.7809824259028301, 0.7872626943950377, 0.29112833782276915, 0.9732991645743346, 0.9965048023938456, 0.7809824259028301, 0.9969647173749017, 0.06824991718928106, 0.7809824259028301, 0.8666916671743693, 0.29112833782276915, 0.9732991645743346, 0.9969647173749017, 0.7872626943950377, 0.9698165996620935, 0.9969647173749017, 0.7809824259028301, 0.9698165996620935, 0.7809824259028301, 0.29112833782276915, 0.7809824259028301, 0.7625945558234227, 0.7809824259028301, 0.7872626943950377, 0.9969647173749017, 0.9698165996620935, 0.29112833782276915, 0.9969647173749017, 0.9969647173749017, 0.9732991645743346, 0.7809824259028301, 0.7872626943950377, 0.9996108973685561, 0.9969647173749017, 0.9698165996620935, 0.9969647173749017, 0.9965048023938456, 0.9969647173749017, 0.9960366019845215, 0.06824991718928106, 0.9960366019845215, 0.9732991645743346, 0.9969647173749017, 0.9698165996620935, 0.9969647173749017, 0.7872626943950377, 0.9698165996620935, 0.9698165996620935, 0.7872626943950377, 0.9996108973685561, 0.29112833782276915, 0.9698165996620935, 0.9698165996620935, 0.9698165996620935, 0.9698165996620935, 0.9969647173749017, 0.9698165996620935, 0.9969647173749017, 0.7809824259028301, 0.7872626943950377, 0.7809824259028301, 0.7809824259028301, 0.9969647173749017, 0.9965048023938456, 0.9698165996620935, 0.388748134423351, 0.3642370207308987, 0.9969647173749017, 0.9969647173749017, 0.9732991645743346, 0.9698165996620935, 0.9969647173749017, 0.9969647173749017, 0.7809824259028301, 0.9969647173749017, 0.29112833782276915, 0.9698165996620935, 0.013818586530316843, 0.06824991718928106, 0.29112833782276915, 0.9969647173749017, 0.9969647173749017, 0.9732991645743346]",17,train,9
0.99,0,99,0,1,100,91,0,1,0,0,0,1,1,0,1,0,1,0,0,"(array([0.44936329, 0.6735729 , 0.53623003, 0.47638181, 0.81514984,
       0.42330527]), array([0.93717676, 0.74028927, 0.89458746, 0.91968793, 0.54548198,
       0.92464441]), array([0.07593895, 0.27602977, 0.12077973, 0.09420315, 0.46918941,
       0.0881041 ]), array([0.54249448, 0.32219291, 0.45744026, 0.51614422, 0.18128999,
       0.5679971 ]))","['QwenPRM_min_scores (7.63B)', 'EurusPRMStage1_min_scores (7.62B)', 'QwenPRM_avg_scores (7.63B)', 'EurusPRMStage2_avg_scores (7.62B)', 'QwenPRM_max_scores (7.63B)', 'GPM (8B)']","[0.07284089191765572, 0.013818586530316843, 0.013818586530316843, 0.013818586530316843, 0.013818586530316843, 0.013818586530316843, 0.013818586530316843, 0.013818586530316843, 0.07284089191765572, 0.013818586530316843, 0.0987707289733674, 0.013818586530316843, 0.07284089191765572, 0.06824991718928106, 0.013818586530316843, 0.013818586530316843, 0.07284089191765572, 0.013818586530316843, 0.013818586530316843, 0.06824991718928106, 0.013818586530316843, 0.013818586530316843, 0.013818586530316843, 0.013818586530316843, 0.013818586530316843, 0.06824991718928106, 0.013818586530316843, 0.013818586530316843, 0.07284089191765572, 0.013818586530316843, 0.07284089191765572, 0.07284089191765572, 0.013818586530316843, 0.07284089191765572, 0.013818586530316843, 0.013818586530316843, 0.07284089191765572, 0.06824991718928106, 0.013818586530316843, 0.013818586530316843, 0.07284089191765572, 0.013818586530316843, 0.013818586530316843, 0.013818586530316843, 0.013818586530316843, 0.07284089191765572, 0.07284089191765572, 0.07284089191765572, 0.013818586530316843, 0.29112833782276915, 0.013818586530316843, 0.013818586530316843, 0.013818586530316843, 0.013818586530316843, 0.013818586530316843, 0.013818586530316843, 0.013818586530316843, 0.06824991718928106, 0.013818586530316843, 0.06824991718928106, 0.06824991718928106, 0.07284089191765572, 0.06824991718928106, 0.07284089191765572, 0.06824991718928106, 0.013818586530316843, 0.013818586530316843, 0.013818586530316843, 0.29112833782276915, 0.013818586530316843, 0.07284089191765572, 0.013818586530316843, 0.013818586530316843, 0.013818586530316843, 0.29112833782276915, 0.013818586530316843, 0.013818586530316843, 0.013818586530316843, 0.07284089191765572, 0.06824991718928106, 0.013818586530316843, 0.013818586530316843, 0.013818586530316843, 0.06824991718928106, 0.013818586530316843, 0.013818586530316843, 0.07284089191765572, 0.013818586530316843, 0.07284089191765572, 0.013818586530316843, 0.06824991718928106, 0.41449022237226557, 0.07284089191765572, 0.06824991718928106, 0.013818586530316843, 0.013818586530316843, 0.06824991718928106, 0.07284089191765572, 0.07284089191765572, 0.06824991718928106]",18,train,0
0.71,67,4,1,28,100,0,1,1,1,0,0,0,0,1,1,1,0,0,0,"(array([0.44936329, 0.6735729 , 0.53623003, 0.47638181, 0.81514984,
       0.42330527]), array([0.93717676, 0.74028927, 0.89458746, 0.91968793, 0.54548198,
       0.92464441]), array([0.07593895, 0.27602977, 0.12077973, 0.09420315, 0.46918941,
       0.0881041 ]), array([0.54249448, 0.32219291, 0.45744026, 0.51614422, 0.18128999,
       0.5679971 ]))","['QwenPRM_min_scores (7.63B)', 'EurusPRMStage1_min_scores (7.62B)', 'QwenPRM_avg_scores (7.63B)', 'EurusPRMStage2_avg_scores (7.62B)', 'QwenPRM_max_scores (7.63B)', 'GPM (8B)']","[0.9969647173749017, 0.7872626943950377, 0.29112833782276915, 0.9969647173749017, 0.9969647173749017, 0.29112833782276915, 0.7809824259028301, 0.29112833782276915, 0.7809824259028301, 0.9732991645743346, 0.9969647173749017, 0.29112833782276915, 0.9960366019845215, 0.9969647173749017, 0.9969647173749017, 0.7809824259028301, 0.9969647173749017, 0.06824991718928106, 0.013818586530316843, 0.7809824259028301, 0.06824991718928106, 0.9698165996620935, 0.7872626943950377, 0.29112833782276915, 0.9969647173749017, 0.9969647173749017, 0.9698165996620935, 0.9732991645743346, 0.9843340145343611, 0.9698165996620935, 0.29112833782276915, 0.06824991718928106, 0.29112833782276915, 0.29112833782276915, 0.7809824259028301, 0.7872626943950377, 0.9732991645743346, 0.9698165996620935, 0.29112833782276915, 0.29112833782276915, 0.7809824259028301, 0.7809824259028301, 0.06824991718928106, 0.9698165996620935, 0.9969647173749017, 0.9666045978441812, 0.9969647173749017, 0.29112833782276915, 0.7872626943950377, 0.06824991718928106, 0.9969647173749017, 0.9698165996620935, 0.9698165996620935, 0.29112833782276915, 0.06824991718928106, 0.29112833782276915, 0.9698165996620935, 0.7809824259028301, 0.06824991718928106, 0.41449022237226557, 0.29112833782276915, 0.7809824259028301, 0.388748134423351, 0.9969647173749017, 0.7809824259028301, 0.29112833782276915, 0.9698165996620935, 0.9732991645743346, 0.29112833782276915, 0.013818586530316843, 0.9732991645743346, 0.9698165996620935, 0.06824991718928106, 0.06824991718928106, 0.7872626943950377, 0.9969647173749017, 0.9698165996620935, 0.9969647173749017, 0.7872626943950377, 0.9698165996620935, 0.7872626943950377, 0.9969647173749017, 0.7872626943950377, 0.06824991718928106, 0.7872626943950377, 0.7872626943950377, 0.9698165996620935, 0.9969647173749017, 0.7872626943950377, 0.7809824259028301, 0.7809824259028301, 0.9732991645743346, 0.9969647173749017, 0.7872626943950377, 0.388748134423351, 0.7809824259028301, 0.9698165996620935, 0.29112833782276915, 0.7809824259028301, 0.7809824259028301]",19,train,9
0.68,21,47,0,32,100,25,1,1,1,0,0,0,25,1,1,1,0,0,0,"(array([0.44936329, 0.6735729 , 0.53623003, 0.47638181, 0.81514984,
       0.42330527]), array([0.93717676, 0.74028927, 0.89458746, 0.91968793, 0.54548198,
       0.92464441]), array([0.07593895, 0.27602977, 0.12077973, 0.09420315, 0.46918941,
       0.0881041 ]), array([0.54249448, 0.32219291, 0.45744026, 0.51614422, 0.18128999,
       0.5679971 ]))","['QwenPRM_min_scores (7.63B)', 'EurusPRMStage1_min_scores (7.62B)', 'QwenPRM_avg_scores (7.63B)', 'EurusPRMStage2_avg_scores (7.62B)', 'QwenPRM_max_scores (7.63B)', 'GPM (8B)']","[0.013818586530316843, 0.388748134423351, 0.013818586530316843, 0.013818586530316843, 0.013818586530316843, 0.29112833782276915, 0.013818586530316843, 0.013818586530316843, 0.013818586530316843, 0.013818586530316843, 0.388748134423351, 0.07284089191765572, 0.29112833782276915, 0.07284089191765572, 0.013818586530316843, 0.013818586530316843, 0.013818586530316843, 0.06824991718928106, 0.013818586530316843, 0.06824991718928106, 0.013818586530316843, 0.9732991645743346, 0.013818586530316843, 0.013818586530316843, 0.7809824259028301, 0.9969647173749017, 0.7872626943950377, 0.013818586530316843, 0.013818586530316843, 0.9698165996620935, 0.7872626943950377, 0.013818586530316843, 0.07284089191765572, 0.013818586530316843, 0.7809824259028301, 0.07284089191765572, 0.013818586530316843, 0.11210559336843509, 0.013818586530316843, 0.013818586530316843, 0.013818586530316843, 0.013818586530316843, 0.013818586530316843, 0.388748134423351, 0.29112833782276915, 0.013818586530316843, 0.013818586530316843, 0.7809824259028301, 0.013818586530316843, 0.013818586530316843, 0.06824991718928106, 0.06824991718928106, 0.9698165996620935, 0.40551521930980033, 0.388748134423351, 0.013818586530316843, 0.9832164943415908, 0.07284089191765572, 0.013818586530316843, 0.07284089191765572, 0.39760023635063635, 0.013818586530316843, 0.07284089191765572, 0.29112833782276915, 0.07284089191765572, 0.013818586530316843, 0.06824991718928106, 0.013818586530316843, 0.06824991718928106, 0.013818586530316843, 0.06824991718928106, 0.8666916671743693, 0.013818586530316843, 0.06824991718928106, 0.7872626943950377, 0.29112833782276915, 0.013818586530316843, 0.9732991645743346, 0.41449022237226557, 0.7809824259028301, 0.9698165996620935, 0.7809824259028301, 0.07284089191765572, 0.29112833782276915, 0.9969647173749017, 0.9698165996620935, 0.7809824259028301, 0.06824991718928106, 0.40551521930980033, 0.06824991718928106, 0.013818586530316843, 0.013818586530316843, 0.013818586530316843, 0.013818586530316843, 0.7809824259028301, 0.013818586530316843, 0.9969647173749017, 0.29112833782276915, 0.013818586530316843, 0.013818586530316843]",20,train,5
0.63,56,7,0,37,100,40,1,1,1,0,0,0,40,1,1,1,0,0,0,"(array([0.44936329, 0.6735729 , 0.53623003, 0.47638181, 0.81514984,
       0.42330527]), array([0.93717676, 0.74028927, 0.89458746, 0.91968793, 0.54548198,
       0.92464441]), array([0.07593895, 0.27602977, 0.12077973, 0.09420315, 0.46918941,
       0.0881041 ]), array([0.54249448, 0.32219291, 0.45744026, 0.51614422, 0.18128999,
       0.5679971 ]))","['QwenPRM_min_scores (7.63B)', 'EurusPRMStage1_min_scores (7.62B)', 'QwenPRM_avg_scores (7.63B)', 'EurusPRMStage2_avg_scores (7.62B)', 'QwenPRM_max_scores (7.63B)', 'GPM (8B)']","[0.013818586530316843, 0.9653859423705977, 0.7809824259028301, 0.7809824259028301, 0.832617113897082, 0.9653859423705977, 0.29112833782276915, 0.9653859423705977, 0.388748134423351, 0.41449022237226557, 0.40551521930980033, 0.7625945558234227, 0.29112833782276915, 0.013818586530316843, 0.832617113897082, 0.0987707289733674, 0.29112833782276915, 0.8470221753151037, 0.7809824259028301, 0.3642370207308987, 0.06824991718928106, 0.7625945558234227, 0.9965048023938456, 0.9653859423705977, 0.29112833782276915, 0.9732991645743346, 0.7625945558234227, 0.9965048023938456, 0.29112833782276915, 0.29112833782276915, 0.0987707289733674, 0.7809824259028301, 0.9666045978441812, 0.0987707289733674, 0.7809824259028301, 0.9653859423705977, 0.3642370207308987, 0.0987707289733674, 0.388748134423351, 0.7625945558234227, 0.9996108973685561, 0.29112833782276915, 0.9653859423705977, 0.9653859423705977, 0.7625945558234227, 0.06824991718928106, 0.9996108973685561, 0.29112833782276915, 0.7625945558234227, 0.7625945558234227, 0.06824991718928106, 0.7809824259028301, 0.7809824259028301, 0.7872626943950377, 0.7625945558234227, 0.7809824259028301, 0.29112833782276915, 0.7625945558234227, 0.3806051916082359, 0.41449022237226557, 0.0987707289733674, 0.9653859423705977, 0.388748134423351, 0.06824991718928106, 0.9960366019845215, 0.9653859423705977, 0.9960366019845215, 0.07284089191765572, 0.7625945558234227, 0.29112833782276915, 0.7625945558234227, 0.7625945558234227, 0.9666045978441812, 0.013818586530316843, 0.7625945558234227, 0.29112833782276915, 0.7809824259028301, 0.29112833782276915, 0.0987707289733674, 0.7625945558234227, 0.0987707289733674, 0.3806051916082359, 0.7809824259028301, 0.7809824259028301, 0.29112833782276915, 0.3806051916082359, 0.06824991718928106, 0.832617113897082, 0.3642370207308987, 0.7809824259028301, 0.7625945558234227, 0.9698165996620935, 0.29112833782276915, 0.7625945558234227, 0.9969647173749017, 0.7625945558234227, 0.29112833782276915, 0.9653859423705977, 0.9666045978441812, 0.3806051916082359]",21,train,9
0.95,7,88,1,4,100,1,1,1,1,0,0,0,1,1,1,1,0,0,0,"(array([0.44936329, 0.6735729 , 0.53623003, 0.47638181, 0.81514984,
       0.42330527]), array([0.93717676, 0.74028927, 0.89458746, 0.91968793, 0.54548198,
       0.92464441]), array([0.07593895, 0.27602977, 0.12077973, 0.09420315, 0.46918941,
       0.0881041 ]), array([0.54249448, 0.32219291, 0.45744026, 0.51614422, 0.18128999,
       0.5679971 ]))","['QwenPRM_min_scores (7.63B)', 'EurusPRMStage1_min_scores (7.62B)', 'QwenPRM_avg_scores (7.63B)', 'EurusPRMStage2_avg_scores (7.62B)', 'QwenPRM_max_scores (7.63B)', 'GPM (8B)']","[0.29112833782276915, 0.9969647173749017, 0.013818586530316843, 0.06824991718928106, 0.29112833782276915, 0.06824991718928106, 0.013818586530316843, 0.013818586530316843, 0.013818586530316843, 0.06824991718928106, 0.013818586530316843, 0.013818586530316843, 0.06824991718928106, 0.388748134423351, 0.06824991718928106, 0.06824991718928106, 0.06824991718928106, 0.06824991718928106, 0.013818586530316843, 0.06824991718928106, 0.06824991718928106, 0.06824991718928106, 0.06824991718928106, 0.06824991718928106, 0.06824991718928106, 0.06824991718928106, 0.7872626943950377, 0.9969647173749017, 0.06824991718928106, 0.06824991718928106, 0.013818586530316843, 0.06824991718928106, 0.013818586530316843, 0.06824991718928106, 0.06824991718928106, 0.06824991718928106, 0.7872626943950377, 0.06824991718928106, 0.06824991718928106, 0.06824991718928106, 0.06824991718928106, 0.06824991718928106, 0.06824991718928106, 0.06824991718928106, 0.06824991718928106, 0.06824991718928106, 0.06824991718928106, 0.7809824259028301, 0.013818586530316843, 0.06824991718928106, 0.06824991718928106, 0.013818586530316843, 0.06824991718928106, 0.06824991718928106, 0.06824991718928106, 0.013818586530316843, 0.9732991645743346, 0.013818586530316843, 0.06824991718928106, 0.06824991718928106, 0.29112833782276915, 0.06824991718928106, 0.013818586530316843, 0.06824991718928106, 0.013818586530316843, 0.06824991718928106, 0.06824991718928106, 0.06824991718928106, 0.013818586530316843, 0.06824991718928106, 0.29112833782276915, 0.013818586530316843, 0.013818586530316843, 0.7809824259028301, 0.06824991718928106, 0.06824991718928106, 0.06824991718928106, 0.013818586530316843, 0.7809824259028301, 0.29112833782276915, 0.06824991718928106, 0.06824991718928106, 0.06824991718928106, 0.06824991718928106, 0.013818586530316843, 0.013818586530316843, 0.06824991718928106, 0.06824991718928106, 0.0987707289733674, 0.06824991718928106, 0.06824991718928106, 0.06824991718928106, 0.013818586530316843, 0.06824991718928106, 0.013818586530316843, 0.06824991718928106, 0.29112833782276915, 0.06824991718928106, 0.013818586530316843, 0.06824991718928106]",22,train,1
1.0,0,100,0,0,100,27,0,0,0,0,1,0,2,0,1,0,1,0,0,"(array([0.44936329, 0.6735729 , 0.53623003, 0.47638181, 0.81514984,
       0.42330527]), array([0.93717676, 0.74028927, 0.89458746, 0.91968793, 0.54548198,
       0.92464441]), array([0.07593895, 0.27602977, 0.12077973, 0.09420315, 0.46918941,
       0.0881041 ]), array([0.54249448, 0.32219291, 0.45744026, 0.51614422, 0.18128999,
       0.5679971 ]))","['QwenPRM_min_scores (7.63B)', 'EurusPRMStage1_min_scores (7.62B)', 'QwenPRM_avg_scores (7.63B)', 'EurusPRMStage2_avg_scores (7.62B)', 'QwenPRM_max_scores (7.63B)', 'GPM (8B)']","[0.0987707289733674, 0.0987707289733674, 0.013818586530316843, 0.013818586530316843, 0.06824991718928106, 0.013818586530316843, 0.013818586530316843, 0.013818586530316843, 0.06824991718928106, 0.013818586530316843, 0.07284089191765572, 0.013818586530316843, 0.013818586530316843, 0.0987707289733674, 0.06824991718928106, 0.013818586530316843, 0.0987707289733674, 0.0987707289733674, 0.013818586530316843, 0.013818586530316843, 0.06824991718928106, 0.013818586530316843, 0.013818586530316843, 0.013818586530316843, 0.013818586530316843, 0.06824991718928106, 0.06824991718928106, 0.41449022237226557, 0.06824991718928106, 0.013818586530316843, 0.013818586530316843, 0.07284089191765572, 0.06824991718928106, 0.0987707289733674, 0.013818586530316843, 0.06824991718928106, 0.06824991718928106, 0.0987707289733674, 0.06824991718928106, 0.06824991718928106, 0.07284089191765572, 0.06824991718928106, 0.013818586530316843, 0.013818586530316843, 0.06824991718928106, 0.013818586530316843, 0.013818586530316843, 0.013818586530316843, 0.06824991718928106, 0.013818586530316843, 0.06824991718928106, 0.06824991718928106, 0.06824991718928106, 0.06824991718928106, 0.013818586530316843, 0.013818586530316843, 0.013818586530316843, 0.07284089191765572, 0.06824991718928106, 0.3642370207308987, 0.06824991718928106, 0.013818586530316843, 0.013818586530316843, 0.3642370207308987, 0.3806051916082359, 0.06824991718928106, 0.013818586530316843, 0.013818586530316843, 0.06824991718928106, 0.06824991718928106, 0.06824991718928106, 0.06824991718928106, 0.06824991718928106, 0.06824991718928106, 0.07284089191765572, 0.06824991718928106, 0.06824991718928106, 0.013818586530316843, 0.06824991718928106, 0.06824991718928106, 0.0987707289733674, 0.06824991718928106, 0.3642370207308987, 0.06824991718928106, 0.013818586530316843, 0.06824991718928106, 0.07284089191765572, 0.013818586530316843, 0.013818586530316843, 0.06824991718928106, 0.06824991718928106, 0.29112833782276915, 0.013818586530316843, 0.013818586530316843, 0.013818586530316843, 0.06824991718928106, 0.06824991718928106, 0.013818586530316843, 0.06824991718928106, 0.06824991718928106]",23,train,0
0.66,62,4,0,34,100,6,1,1,1,0,0,0,6,1,1,1,0,0,0,"(array([0.44936329, 0.6735729 , 0.53623003, 0.47638181, 0.81514984,
       0.42330527]), array([0.93717676, 0.74028927, 0.89458746, 0.91968793, 0.54548198,
       0.92464441]), array([0.07593895, 0.27602977, 0.12077973, 0.09420315, 0.46918941,
       0.0881041 ]), array([0.54249448, 0.32219291, 0.45744026, 0.51614422, 0.18128999,
       0.5679971 ]))","['QwenPRM_min_scores (7.63B)', 'EurusPRMStage1_min_scores (7.62B)', 'QwenPRM_avg_scores (7.63B)', 'EurusPRMStage2_avg_scores (7.62B)', 'QwenPRM_max_scores (7.63B)', 'GPM (8B)']","[0.388748134423351, 0.0987707289733674, 0.7809824259028301, 0.29112833782276915, 0.9732991645743346, 0.9732991645743346, 0.9969647173749017, 0.06824991718928106, 0.29112833782276915, 0.7809824259028301, 0.29112833782276915, 0.9969647173749017, 0.9969647173749017, 0.29112833782276915, 0.9960366019845215, 0.29112833782276915, 0.388748134423351, 0.9960366019845215, 0.388748134423351, 0.9969647173749017, 0.9653859423705977, 0.9732991645743346, 0.7872626943950377, 0.7809824259028301, 0.9732991645743346, 0.9969647173749017, 0.9732991645743346, 0.9698165996620935, 0.9698165996620935, 0.9969647173749017, 0.9969647173749017, 0.9732991645743346, 0.9969647173749017, 0.7872626943950377, 0.9732991645743346, 0.9969647173749017, 0.29112833782276915, 0.9732991645743346, 0.06824991718928106, 0.29112833782276915, 0.388748134423351, 0.7809824259028301, 0.29112833782276915, 0.9969647173749017, 0.9698165996620935, 0.29112833782276915, 0.3642370207308987, 0.7872626943950377, 0.9969647173749017, 0.7809824259028301, 0.29112833782276915, 0.7809824259028301, 0.9732991645743346, 0.29112833782276915, 0.29112833782276915, 0.7625945558234227, 0.7809824259028301, 0.3642370207308987, 0.7625945558234227, 0.06824991718928106, 0.7809824259028301, 0.29112833782276915, 0.3642370207308987, 0.29112833782276915, 0.013818586530316843, 0.7872626943950377, 0.9732991645743346, 0.06824991718928106, 0.9969647173749017, 0.29112833782276915, 0.8666916671743693, 0.9969647173749017, 0.9698165996620935, 0.9969647173749017, 0.7809824259028301, 0.06824991718928106, 0.9969647173749017, 0.9969647173749017, 0.3642370207308987, 0.7809824259028301, 0.7872626943950377, 0.9969647173749017, 0.9732991645743346, 0.9969647173749017, 0.9666045978441812, 0.06824991718928106, 0.9969647173749017, 0.9969647173749017, 0.06824991718928106, 0.388748134423351, 0.29112833782276915, 0.06824991718928106, 0.9698165996620935, 0.7872626943950377, 0.7872626943950377, 0.29112833782276915, 0.29112833782276915, 0.8666916671743693, 0.06824991718928106, 0.7872626943950377]",24,train,9
0.87,0,87,3,10,100,30,0,1,0,0,0,1,2,0,1,0,1,0,0,"(array([0.44936329, 0.6735729 , 0.53623003, 0.47638181, 0.81514984,
       0.42330527]), array([0.93717676, 0.74028927, 0.89458746, 0.91968793, 0.54548198,
       0.92464441]), array([0.07593895, 0.27602977, 0.12077973, 0.09420315, 0.46918941,
       0.0881041 ]), array([0.54249448, 0.32219291, 0.45744026, 0.51614422, 0.18128999,
       0.5679971 ]))","['QwenPRM_min_scores (7.63B)', 'EurusPRMStage1_min_scores (7.62B)', 'QwenPRM_avg_scores (7.63B)', 'EurusPRMStage2_avg_scores (7.62B)', 'QwenPRM_max_scores (7.63B)', 'GPM (8B)']","[0.06824991718928106, 0.06824991718928106, 0.013818586530316843, 0.013818586530316843, 0.0987707289733674, 0.06824991718928106, 0.06824991718928106, 0.06824991718928106, 0.06824991718928106, 0.013818586530316843, 0.07284089191765572, 0.013818586530316843, 0.013818586530316843, 0.29112833782276915, 0.06824991718928106, 0.06824991718928106, 0.41449022237226557, 0.06824991718928106, 0.013818586530316843, 0.06824991718928106, 0.06824991718928106, 0.07284089191765572, 0.07284089191765572, 0.013818586530316843, 0.013818586530316843, 0.06824991718928106, 0.06824991718928106, 0.013818586530316843, 0.06824991718928106, 0.06824991718928106, 0.7872626943950377, 0.06824991718928106, 0.013818586530316843, 0.7872626943950377, 0.06824991718928106, 0.07284089191765572, 0.29112833782276915, 0.06824991718928106, 0.06824991718928106, 0.0987707289733674, 0.06824991718928106, 0.06824991718928106, 0.29112833782276915, 0.06824991718928106, 0.06824991718928106, 0.29112833782276915, 0.06824991718928106, 0.06824991718928106, 0.06824991718928106, 0.41449022237226557, 0.29112833782276915, 0.06824991718928106, 0.06824991718928106, 0.013818586530316843, 0.07284089191765572, 0.06824991718928106, 0.06824991718928106, 0.06824991718928106, 0.013818586530316843, 0.06824991718928106, 0.06824991718928106, 0.29112833782276915, 0.06824991718928106, 0.06824991718928106, 0.06824991718928106, 0.013818586530316843, 0.013818586530316843, 0.06824991718928106, 0.29112833782276915, 0.06824991718928106, 0.06824991718928106, 0.013818586530316843, 0.06824991718928106, 0.06824991718928106, 0.013818586530316843, 0.06824991718928106, 0.06824991718928106, 0.29112833782276915, 0.07284089191765572, 0.06824991718928106, 0.7872626943950377, 0.39760023635063635, 0.06824991718928106, 0.06824991718928106, 0.06824991718928106, 0.013818586530316843, 0.013818586530316843, 0.06824991718928106, 0.29112833782276915, 0.06824991718928106, 0.06824991718928106, 0.06824991718928106, 0.06824991718928106, 0.39760023635063635, 0.39760023635063635, 0.06824991718928106, 0.013818586530316843, 0.06824991718928106, 0.06824991718928106, 0.29112833782276915]",25,train,1
0.85,0,85,13,2,100,65,0,1,0,0,0,1,4,0,1,0,1,0,0,"(array([0.44936329, 0.6735729 , 0.53623003, 0.47638181, 0.81514984,
       0.42330527]), array([0.93717676, 0.74028927, 0.89458746, 0.91968793, 0.54548198,
       0.92464441]), array([0.07593895, 0.27602977, 0.12077973, 0.09420315, 0.46918941,
       0.0881041 ]), array([0.54249448, 0.32219291, 0.45744026, 0.51614422, 0.18128999,
       0.5679971 ]))","['QwenPRM_min_scores (7.63B)', 'EurusPRMStage1_min_scores (7.62B)', 'QwenPRM_avg_scores (7.63B)', 'EurusPRMStage2_avg_scores (7.62B)', 'QwenPRM_max_scores (7.63B)', 'GPM (8B)']","[0.3806051916082359, 0.7625945558234227, 0.06824991718928106, 0.07284089191765572, 0.013818586530316843, 0.29112833782276915, 0.013818586530316843, 0.013818586530316843, 0.013818586530316843, 0.07284089191765572, 0.013818586530316843, 0.06824991718928106, 0.07284089191765572, 0.7872626943950377, 0.07284089191765572, 0.07284089191765572, 0.29112833782276915, 0.06824991718928106, 0.07284089191765572, 0.06824991718928106, 0.29112833782276915, 0.07284089191765572, 0.06824991718928106, 0.11210559336843509, 0.7625945558234227, 0.013818586530316843, 0.29112833782276915, 0.06824991718928106, 0.07284089191765572, 0.013818586530316843, 0.06824991718928106, 0.06824991718928106, 0.29112833782276915, 0.06824991718928106, 0.29112833782276915, 0.29112833782276915, 0.07284089191765572, 0.07284089191765572, 0.013818586530316843, 0.7809824259028301, 0.013818586530316843, 0.013818586530316843, 0.0987707289733674, 0.07284089191765572, 0.06824991718928106, 0.06824991718928106, 0.3642370207308987, 0.013818586530316843, 0.013818586530316843, 0.06824991718928106, 0.07284089191765572, 0.29112833782276915, 0.29112833782276915, 0.013818586530316843, 0.07284089191765572, 0.07284089191765572, 0.013818586530316843, 0.7809824259028301, 0.7809824259028301, 0.29112833782276915, 0.8470221753151037, 0.06824991718928106, 0.07284089191765572, 0.013818586530316843, 0.06824991718928106, 0.9698165996620935, 0.06824991718928106, 0.29112833782276915, 0.3642370207308987, 0.06824991718928106, 0.7809824259028301, 0.29112833782276915, 0.7809824259028301, 0.06824991718928106, 0.07284089191765572, 0.29112833782276915, 0.06824991718928106, 0.0987707289733674, 0.06824991718928106, 0.3806051916082359, 0.3806051916082359, 0.07284089191765572, 0.013818586530316843, 0.06824991718928106, 0.013818586530316843, 0.7625945558234227, 0.06824991718928106, 0.29112833782276915, 0.06824991718928106, 0.29112833782276915, 0.29112833782276915, 0.0987707289733674, 0.7872626943950377, 0.06824991718928106, 0.06824991718928106, 0.06824991718928106, 0.3806051916082359, 0.7872626943950377, 0.06824991718928106, 0.07284089191765572]",26,train,0
0.85,70,15,4,11,100,1,1,1,1,0,0,0,1,1,1,1,0,0,0,"(array([0.44936329, 0.6735729 , 0.53623003, 0.47638181, 0.81514984,
       0.42330527]), array([0.93717676, 0.74028927, 0.89458746, 0.91968793, 0.54548198,
       0.92464441]), array([0.07593895, 0.27602977, 0.12077973, 0.09420315, 0.46918941,
       0.0881041 ]), array([0.54249448, 0.32219291, 0.45744026, 0.51614422, 0.18128999,
       0.5679971 ]))","['QwenPRM_min_scores (7.63B)', 'EurusPRMStage1_min_scores (7.62B)', 'QwenPRM_avg_scores (7.63B)', 'EurusPRMStage2_avg_scores (7.62B)', 'QwenPRM_max_scores (7.63B)', 'GPM (8B)']","[0.7872626943950377, 0.9969647173749017, 0.7872626943950377, 0.7872626943950377, 0.9732991645743346, 0.9732991645743346, 0.9698165996620935, 0.9698165996620935, 0.7872626943950377, 0.9698165996620935, 0.9698165996620935, 0.388748134423351, 0.9832164943415908, 0.7872626943950377, 0.8514269263654474, 0.9969647173749017, 0.06824991718928106, 0.7809824259028301, 0.9698165996620935, 0.013818586530316843, 0.9732991645743346, 0.06824991718928106, 0.9698165996620935, 0.7872626943950377, 0.9698165996620935, 0.9969647173749017, 0.9698165996620935, 0.06824991718928106, 0.9732991645743346, 0.29112833782276915, 0.9698165996620935, 0.9969647173749017, 0.7809824259028301, 0.7809824259028301, 0.388748134423351, 0.8666916671743693, 0.9969647173749017, 0.9969647173749017, 0.9832164943415908, 0.7872626943950377, 0.7809824259028301, 0.29112833782276915, 0.013818586530316843, 0.9732991645743346, 0.7872626943950377, 0.9969647173749017, 0.29112833782276915, 0.9698165996620935, 0.9969647173749017, 0.9969647173749017, 0.9969647173749017, 0.9969647173749017, 0.7872626943950377, 0.41449022237226557, 0.39760023635063635, 0.06824991718928106, 0.7872626943950377, 0.9969647173749017, 0.7872626943950377, 0.7809824259028301, 0.013818586530316843, 0.9969647173749017, 0.29112833782276915, 0.9969647173749017, 0.8666916671743693, 0.9969647173749017, 0.06824991718928106, 0.9969647173749017, 0.7872626943950377, 0.7872626943950377, 0.29112833782276915, 0.9843340145343611, 0.9843340145343611, 0.7809824259028301, 0.9698165996620935, 0.9732991645743346, 0.06824991718928106, 0.10846522658307778, 0.7872626943950377, 0.06824991718928106, 0.29112833782276915, 0.06824991718928106, 0.013818586530316843, 0.7872626943950377, 0.7872626943950377, 0.7809824259028301, 0.9969647173749017, 0.9969647173749017, 0.7809824259028301, 0.06824991718928106, 0.9698165996620935, 0.9698165996620935, 0.7872626943950377, 0.388748134423351, 0.9969647173749017, 0.9698165996620935, 0.29112833782276915, 0.9969647173749017, 0.9698165996620935, 0.7872626943950377]",27,train,8
0.96,0,96,2,2,100,7,0,1,0,0,0,1,9,0,1,0,1,0,0,"(array([0.44936329, 0.6735729 , 0.53623003, 0.47638181, 0.81514984,
       0.42330527]), array([0.93717676, 0.74028927, 0.89458746, 0.91968793, 0.54548198,
       0.92464441]), array([0.07593895, 0.27602977, 0.12077973, 0.09420315, 0.46918941,
       0.0881041 ]), array([0.54249448, 0.32219291, 0.45744026, 0.51614422, 0.18128999,
       0.5679971 ]))","['QwenPRM_min_scores (7.63B)', 'EurusPRMStage1_min_scores (7.62B)', 'QwenPRM_avg_scores (7.63B)', 'EurusPRMStage2_avg_scores (7.62B)', 'QwenPRM_max_scores (7.63B)', 'GPM (8B)']","[0.06824991718928106, 0.29112833782276915, 0.06824991718928106, 0.388748134423351, 0.06824991718928106, 0.29112833782276915, 0.06824991718928106, 0.7872626943950377, 0.06824991718928106, 0.013818586530316843, 0.06824991718928106, 0.06824991718928106, 0.013818586530316843, 0.29112833782276915, 0.06824991718928106, 0.06824991718928106, 0.29112833782276915, 0.06824991718928106, 0.013818586530316843, 0.06824991718928106, 0.29112833782276915, 0.06824991718928106, 0.013818586530316843, 0.06824991718928106, 0.06824991718928106, 0.06824991718928106, 0.29112833782276915, 0.06824991718928106, 0.06824991718928106, 0.013818586530316843, 0.013818586530316843, 0.06824991718928106, 0.013818586530316843, 0.06824991718928106, 0.06824991718928106, 0.06824991718928106, 0.013818586530316843, 0.29112833782276915, 0.013818586530316843, 0.29112833782276915, 0.013818586530316843, 0.06824991718928106, 0.06824991718928106, 0.013818586530316843, 0.013818586530316843, 0.06824991718928106, 0.06824991718928106, 0.06824991718928106, 0.06824991718928106, 0.013818586530316843, 0.06824991718928106, 0.06824991718928106, 0.06824991718928106, 0.06824991718928106, 0.013818586530316843, 0.013818586530316843, 0.29112833782276915, 0.06824991718928106, 0.06824991718928106, 0.06824991718928106, 0.06824991718928106, 0.06824991718928106, 0.06824991718928106, 0.013818586530316843, 0.06824991718928106, 0.29112833782276915, 0.7872626943950377, 0.013818586530316843, 0.06824991718928106, 0.013818586530316843, 0.013818586530316843, 0.013818586530316843, 0.06824991718928106, 0.29112833782276915, 0.013818586530316843, 0.06824991718928106, 0.29112833782276915, 0.013818586530316843, 0.013818586530316843, 0.06824991718928106, 0.29112833782276915, 0.013818586530316843, 0.013818586530316843, 0.29112833782276915, 0.06824991718928106, 0.06824991718928106, 0.013818586530316843, 0.06824991718928106, 0.06824991718928106, 0.013818586530316843, 0.06824991718928106, 0.06824991718928106, 0.06824991718928106, 0.06824991718928106, 0.06824991718928106, 0.06824991718928106, 0.07284089191765572, 0.013818586530316843, 0.013818586530316843, 0.06824991718928106]",28,train,0
0.84,19,65,0,16,100,4,1,1,1,0,0,0,4,1,1,1,0,0,0,"(array([0.44936329, 0.6735729 , 0.53623003, 0.47638181, 0.81514984,
       0.42330527]), array([0.93717676, 0.74028927, 0.89458746, 0.91968793, 0.54548198,
       0.92464441]), array([0.07593895, 0.27602977, 0.12077973, 0.09420315, 0.46918941,
       0.0881041 ]), array([0.54249448, 0.32219291, 0.45744026, 0.51614422, 0.18128999,
       0.5679971 ]))","['QwenPRM_min_scores (7.63B)', 'EurusPRMStage1_min_scores (7.62B)', 'QwenPRM_avg_scores (7.63B)', 'EurusPRMStage2_avg_scores (7.62B)', 'QwenPRM_max_scores (7.63B)', 'GPM (8B)']","[0.06824991718928106, 0.06824991718928106, 0.29112833782276915, 0.9732991645743346, 0.9969647173749017, 0.06824991718928106, 0.06824991718928106, 0.06824991718928106, 0.39760023635063635, 0.9698165996620935, 0.06824991718928106, 0.06824991718928106, 0.06824991718928106, 0.06824991718928106, 0.06824991718928106, 0.06824991718928106, 0.06824991718928106, 0.7872626943950377, 0.06824991718928106, 0.06824991718928106, 0.013818586530316843, 0.06824991718928106, 0.06824991718928106, 0.06824991718928106, 0.39760023635063635, 0.06824991718928106, 0.06824991718928106, 0.06824991718928106, 0.06824991718928106, 0.013818586530316843, 0.7872626943950377, 0.29112833782276915, 0.06824991718928106, 0.06824991718928106, 0.29112833782276915, 0.7872626943950377, 0.06824991718928106, 0.9698165996620935, 0.013818586530316843, 0.013818586530316843, 0.06824991718928106, 0.06824991718928106, 0.29112833782276915, 0.29112833782276915, 0.06824991718928106, 0.06824991718928106, 0.06824991718928106, 0.7872626943950377, 0.388748134423351, 0.9969647173749017, 0.06824991718928106, 0.06824991718928106, 0.06824991718928106, 0.06824991718928106, 0.29112833782276915, 0.06824991718928106, 0.7809824259028301, 0.9969647173749017, 0.06824991718928106, 0.06824991718928106, 0.06824991718928106, 0.06824991718928106, 0.06824991718928106, 0.06824991718928106, 0.9969647173749017, 0.29112833782276915, 0.06824991718928106, 0.06824991718928106, 0.07284089191765572, 0.06824991718928106, 0.06824991718928106, 0.7872626943950377, 0.06824991718928106, 0.06824991718928106, 0.7872626943950377, 0.29112833782276915, 0.06824991718928106, 0.7809824259028301, 0.06824991718928106, 0.06824991718928106, 0.06824991718928106, 0.06824991718928106, 0.9698165996620935, 0.06824991718928106, 0.9698165996620935, 0.7809824259028301, 0.06824991718928106, 0.06824991718928106, 0.06824991718928106, 0.29112833782276915, 0.06824991718928106, 0.06824991718928106, 0.013818586530316843, 0.06824991718928106, 0.06824991718928106, 0.06824991718928106, 0.06824991718928106, 0.06824991718928106, 0.06824991718928106, 0.7872626943950377]",29,train,3
0.97,0,97,0,3,100,28,0,1,0,0,0,1,1,0,1,0,1,0,0,"(array([0.44936329, 0.6735729 , 0.53623003, 0.47638181, 0.81514984,
       0.42330527]), array([0.93717676, 0.74028927, 0.89458746, 0.91968793, 0.54548198,
       0.92464441]), array([0.07593895, 0.27602977, 0.12077973, 0.09420315, 0.46918941,
       0.0881041 ]), array([0.54249448, 0.32219291, 0.45744026, 0.51614422, 0.18128999,
       0.5679971 ]))","['QwenPRM_min_scores (7.63B)', 'EurusPRMStage1_min_scores (7.62B)', 'QwenPRM_avg_scores (7.63B)', 'EurusPRMStage2_avg_scores (7.62B)', 'QwenPRM_max_scores (7.63B)', 'GPM (8B)']","[0.06824991718928106, 0.013818586530316843, 0.013818586530316843, 0.06824991718928106, 0.013818586530316843, 0.06824991718928106, 0.013818586530316843, 0.013818586530316843, 0.013818586530316843, 0.013818586530316843, 0.013818586530316843, 0.06824991718928106, 0.013818586530316843, 0.013818586530316843, 0.013818586530316843, 0.013818586530316843, 0.06824991718928106, 0.013818586530316843, 0.06824991718928106, 0.013818586530316843, 0.013818586530316843, 0.013818586530316843, 0.29112833782276915, 0.013818586530316843, 0.3806051916082359, 0.07284089191765572, 0.07284089191765572, 0.07284089191765572, 0.39760023635063635, 0.06824991718928106, 0.013818586530316843, 0.013818586530316843, 0.013818586530316843, 0.06824991718928106, 0.06824991718928106, 0.0987707289733674, 0.07284089191765572, 0.06824991718928106, 0.013818586530316843, 0.29112833782276915, 0.06824991718928106, 0.06824991718928106, 0.013818586530316843, 0.06824991718928106, 0.013818586530316843, 0.06824991718928106, 0.013818586530316843, 0.06824991718928106, 0.06824991718928106, 0.013818586530316843, 0.29112833782276915, 0.013818586530316843, 0.013818586530316843, 0.013818586530316843, 0.06824991718928106, 0.013818586530316843, 0.013818586530316843, 0.06824991718928106, 0.013818586530316843, 0.06824991718928106, 0.06824991718928106, 0.013818586530316843, 0.013818586530316843, 0.06824991718928106, 0.013818586530316843, 0.06824991718928106, 0.06824991718928106, 0.06824991718928106, 0.06824991718928106, 0.11210559336843509, 0.06824991718928106, 0.06824991718928106, 0.013818586530316843, 0.06824991718928106, 0.013818586530316843, 0.013818586530316843, 0.013818586530316843, 0.06824991718928106, 0.013818586530316843, 0.06824991718928106, 0.07284089191765572, 0.013818586530316843, 0.013818586530316843, 0.013818586530316843, 0.06824991718928106, 0.013818586530316843, 0.39760023635063635, 0.06824991718928106, 0.07284089191765572, 0.29112833782276915, 0.06824991718928106, 0.06824991718928106, 0.013818586530316843, 0.013818586530316843, 0.06824991718928106, 0.29112833782276915, 0.013818586530316843, 0.013818586530316843, 0.06824991718928106, 0.06824991718928106]",30,train,0
0.88,16,72,2,10,100,12,1,1,1,0,0,0,12,1,1,1,0,0,0,"(array([0.44936329, 0.6735729 , 0.53623003, 0.47638181, 0.81514984,
       0.42330527]), array([0.93717676, 0.74028927, 0.89458746, 0.91968793, 0.54548198,
       0.92464441]), array([0.07593895, 0.27602977, 0.12077973, 0.09420315, 0.46918941,
       0.0881041 ]), array([0.54249448, 0.32219291, 0.45744026, 0.51614422, 0.18128999,
       0.5679971 ]))","['QwenPRM_min_scores (7.63B)', 'EurusPRMStage1_min_scores (7.62B)', 'QwenPRM_avg_scores (7.63B)', 'EurusPRMStage2_avg_scores (7.62B)', 'QwenPRM_max_scores (7.63B)', 'GPM (8B)']","[0.013818586530316843, 0.013818586530316843, 0.7809824259028301, 0.013818586530316843, 0.9732991645743346, 0.9965048023938456, 0.013818586530316843, 0.06824991718928106, 0.013818586530316843, 0.06824991718928106, 0.7809824259028301, 0.013818586530316843, 0.9969647173749017, 0.013818586530316843, 0.06824991718928106, 0.06824991718928106, 0.06824991718928106, 0.013818586530316843, 0.013818586530316843, 0.06824991718928106, 0.29112833782276915, 0.013818586530316843, 0.07284089191765572, 0.0987707289733674, 0.013818586530316843, 0.013818586530316843, 0.013818586530316843, 0.0987707289733674, 0.013818586530316843, 0.013818586530316843, 0.06824991718928106, 0.013818586530316843, 0.013818586530316843, 0.7809824259028301, 0.3642370207308987, 0.06824991718928106, 0.06824991718928106, 0.7809824259028301, 0.7809824259028301, 0.013818586530316843, 0.06824991718928106, 0.013818586530316843, 0.06824991718928106, 0.013818586530316843, 0.8470221753151037, 0.388748134423351, 0.06824991718928106, 0.06824991718928106, 0.013818586530316843, 0.06824991718928106, 0.013818586530316843, 0.06824991718928106, 0.013818586530316843, 0.06824991718928106, 0.06824991718928106, 0.06824991718928106, 0.013818586530316843, 0.07284089191765572, 0.0987707289733674, 0.06824991718928106, 0.07284089191765572, 0.013818586530316843, 0.06824991718928106, 0.9732991645743346, 0.013818586530316843, 0.013818586530316843, 0.013818586530316843, 0.7809824259028301, 0.7809824259028301, 0.013818586530316843, 0.013818586530316843, 0.06824991718928106, 0.832617113897082, 0.7872626943950377, 0.013818586530316843, 0.388748134423351, 0.06824991718928106, 0.0987707289733674, 0.013818586530316843, 0.7809824259028301, 0.06824991718928106, 0.013818586530316843, 0.06824991718928106, 0.013818586530316843, 0.388748134423351, 0.013818586530316843, 0.388748134423351, 0.013818586530316843, 0.06824991718928106, 0.9732991645743346, 0.3642370207308987, 0.06824991718928106, 0.9969647173749017, 0.06824991718928106, 0.013818586530316843, 0.388748134423351, 0.3806051916082359, 0.06824991718928106, 0.9732991645743346, 0.06824991718928106]",31,train,2
0.72,9,63,0,28,100,48,1,1,1,0,0,0,48,1,1,1,0,0,0,"(array([0.44936329, 0.6735729 , 0.53623003, 0.47638181, 0.81514984,
       0.42330527]), array([0.93717676, 0.74028927, 0.89458746, 0.91968793, 0.54548198,
       0.92464441]), array([0.07593895, 0.27602977, 0.12077973, 0.09420315, 0.46918941,
       0.0881041 ]), array([0.54249448, 0.32219291, 0.45744026, 0.51614422, 0.18128999,
       0.5679971 ]))","['QwenPRM_min_scores (7.63B)', 'EurusPRMStage1_min_scores (7.62B)', 'QwenPRM_avg_scores (7.63B)', 'EurusPRMStage2_avg_scores (7.62B)', 'QwenPRM_max_scores (7.63B)', 'GPM (8B)']","[0.06824991718928106, 0.013818586530316843, 0.013818586530316843, 0.29112833782276915, 0.0987707289733674, 0.013818586530316843, 0.29112833782276915, 0.7872626943950377, 0.013818586530316843, 0.07284089191765572, 0.7872626943950377, 0.06824991718928106, 0.06824991718928106, 0.013818586530316843, 0.29112833782276915, 0.013818586530316843, 0.29112833782276915, 0.013818586530316843, 0.013818586530316843, 0.06824991718928106, 0.0987707289733674, 0.3806051916082359, 0.06824991718928106, 0.013818586530316843, 0.0987707289733674, 0.013818586530316843, 0.29112833782276915, 0.013818586530316843, 0.07284089191765572, 0.013818586530316843, 0.07284089191765572, 0.29112833782276915, 0.013818586530316843, 0.013818586530316843, 0.06824991718928106, 0.013818586530316843, 0.06824991718928106, 0.06824991718928106, 0.013818586530316843, 0.06824991718928106, 0.06824991718928106, 0.013818586530316843, 0.013818586530316843, 0.013818586530316843, 0.9732991645743346, 0.013818586530316843, 0.013818586530316843, 0.013818586530316843, 0.9969647173749017, 0.013818586530316843, 0.7872626943950377, 0.0987707289733674, 0.06824991718928106, 0.013818586530316843, 0.013818586530316843, 0.0987707289733674, 0.013818586530316843, 0.013818586530316843, 0.06824991718928106, 0.06824991718928106, 0.06824991718928106, 0.013818586530316843, 0.29112833782276915, 0.0987707289733674, 0.06824991718928106, 0.013818586530316843, 0.9969647173749017, 0.07284089191765572, 0.013818586530316843, 0.013818586530316843, 0.07284089191765572, 0.0987707289733674, 0.9698165996620935, 0.013818586530316843, 0.013818586530316843, 0.0987707289733674, 0.013818586530316843, 0.29112833782276915, 0.06824991718928106, 0.013818586530316843, 0.0987707289733674, 0.013818586530316843, 0.013818586530316843, 0.013818586530316843, 0.013818586530316843, 0.013818586530316843, 0.0987707289733674, 0.013818586530316843, 0.013818586530316843, 0.0987707289733674, 0.0987707289733674, 0.013818586530316843, 0.0987707289733674, 0.29112833782276915, 0.013818586530316843, 0.7809824259028301, 0.013818586530316843, 0.0987707289733674, 0.013818586530316843, 0.9698165996620935]",32,train,3
0.78,73,5,0,22,100,92,1,1,1,0,0,0,92,1,1,1,0,0,0,"(array([0.44936329, 0.6735729 , 0.53623003, 0.47638181, 0.81514984,
       0.42330527]), array([0.93717676, 0.74028927, 0.89458746, 0.91968793, 0.54548198,
       0.92464441]), array([0.07593895, 0.27602977, 0.12077973, 0.09420315, 0.46918941,
       0.0881041 ]), array([0.54249448, 0.32219291, 0.45744026, 0.51614422, 0.18128999,
       0.5679971 ]))","['QwenPRM_min_scores (7.63B)', 'EurusPRMStage1_min_scores (7.62B)', 'QwenPRM_avg_scores (7.63B)', 'EurusPRMStage2_avg_scores (7.62B)', 'QwenPRM_max_scores (7.63B)', 'GPM (8B)']","[0.9732991645743346, 0.9965048023938456, 0.832617113897082, 0.7625945558234227, 0.06824991718928106, 0.9965048023938456, 0.8666916671743693, 0.29112833782276915, 0.7625945558234227, 0.9969647173749017, 0.9732991645743346, 0.7809824259028301, 0.8666916671743693, 0.388748134423351, 0.9653859423705977, 0.9732991645743346, 0.9969647173749017, 0.06824991718928106, 0.9969647173749017, 0.9969647173749017, 0.9969647173749017, 0.9732991645743346, 0.9969647173749017, 0.7809824259028301, 0.06824991718928106, 0.9732991645743346, 0.9969647173749017, 0.9969647173749017, 0.7809824259028301, 0.9653859423705977, 0.9969647173749017, 0.06824991718928106, 0.9732991645743346, 0.06824991718928106, 0.9653859423705977, 0.06824991718928106, 0.9698165996620935, 0.7809824259028301, 0.7809824259028301, 0.9732991645743346, 0.9969647173749017, 0.7809824259028301, 0.3642370207308987, 0.7809824259028301, 0.9969647173749017, 0.9732991645743346, 0.06824991718928106, 0.9969647173749017, 0.29112833782276915, 0.388748134423351, 0.9732991645743346, 0.06824991718928106, 0.9969647173749017, 0.388748134423351, 0.9666045978441812, 0.9698165996620935, 0.7625945558234227, 0.388748134423351, 0.9965048023938456, 0.9969647173749017, 0.7809824259028301, 0.9732991645743346, 0.9732991645743346, 0.06824991718928106, 0.06824991718928106, 0.9653859423705977, 0.29112833782276915, 0.7809824259028301, 0.29112833782276915, 0.7809824259028301, 0.06824991718928106, 0.388748134423351, 0.8666916671743693, 0.7809824259028301, 0.9732991645743346, 0.9969647173749017, 0.9807137070042374, 0.832617113897082, 0.8666916671743693, 0.9969647173749017, 0.29112833782276915, 0.7809824259028301, 0.8666916671743693, 0.3642370207308987, 0.9653859423705977, 0.9653859423705977, 0.9732991645743346, 0.9969647173749017, 0.7809824259028301, 0.06824991718928106, 0.9965048023938456, 0.9960366019845215, 0.9996108973685561, 0.832617113897082, 0.388748134423351, 0.29112833782276915, 0.388748134423351, 0.9965048023938456, 0.9698165996620935, 0.9698165996620935]",33,train,9
0.97,0,97,1,2,100,79,0,1,0,0,0,1,0,0,1,0,1,0,0,"(array([0.44936329, 0.6735729 , 0.53623003, 0.47638181, 0.81514984,
       0.42330527]), array([0.93717676, 0.74028927, 0.89458746, 0.91968793, 0.54548198,
       0.92464441]), array([0.07593895, 0.27602977, 0.12077973, 0.09420315, 0.46918941,
       0.0881041 ]), array([0.54249448, 0.32219291, 0.45744026, 0.51614422, 0.18128999,
       0.5679971 ]))","['QwenPRM_min_scores (7.63B)', 'EurusPRMStage1_min_scores (7.62B)', 'QwenPRM_avg_scores (7.63B)', 'EurusPRMStage2_avg_scores (7.62B)', 'QwenPRM_max_scores (7.63B)', 'GPM (8B)']","[0.013818586530316843, 0.013818586530316843, 0.013818586530316843, 0.06824991718928106, 0.013818586530316843, 0.013818586530316843, 0.013818586530316843, 0.013818586530316843, 0.013818586530316843, 0.013818586530316843, 0.06824991718928106, 0.013818586530316843, 0.013818586530316843, 0.013818586530316843, 0.06824991718928106, 0.013818586530316843, 0.013818586530316843, 0.013818586530316843, 0.013818586530316843, 0.013818586530316843, 0.06824991718928106, 0.013818586530316843, 0.013818586530316843, 0.06824991718928106, 0.06824991718928106, 0.06824991718928106, 0.013818586530316843, 0.06824991718928106, 0.013818586530316843, 0.013818586530316843, 0.013818586530316843, 0.013818586530316843, 0.013818586530316843, 0.013818586530316843, 0.013818586530316843, 0.06824991718928106, 0.013818586530316843, 0.06824991718928106, 0.013818586530316843, 0.07284089191765572, 0.013818586530316843, 0.013818586530316843, 0.013818586530316843, 0.013818586530316843, 0.013818586530316843, 0.06824991718928106, 0.07284089191765572, 0.013818586530316843, 0.013818586530316843, 0.013818586530316843, 0.07284089191765572, 0.013818586530316843, 0.013818586530316843, 0.013818586530316843, 0.013818586530316843, 0.013818586530316843, 0.06824991718928106, 0.29112833782276915, 0.013818586530316843, 0.06824991718928106, 0.013818586530316843, 0.013818586530316843, 0.013818586530316843, 0.013818586530316843, 0.013818586530316843, 0.013818586530316843, 0.06824991718928106, 0.013818586530316843, 0.06824991718928106, 0.29112833782276915, 0.013818586530316843, 0.013818586530316843, 0.013818586530316843, 0.013818586530316843, 0.06824991718928106, 0.06824991718928106, 0.013818586530316843, 0.29112833782276915, 0.06824991718928106, 0.7872626943950377, 0.013818586530316843, 0.013818586530316843, 0.013818586530316843, 0.06824991718928106, 0.07284089191765572, 0.06824991718928106, 0.013818586530316843, 0.29112833782276915, 0.06824991718928106, 0.013818586530316843, 0.013818586530316843, 0.013818586530316843, 0.013818586530316843, 0.29112833782276915, 0.013818586530316843, 0.06824991718928106, 0.013818586530316843, 0.07284089191765572, 0.013818586530316843, 0.013818586530316843]",34,train,0
0.56,25,31,0,44,100,13,1,1,1,0,0,0,13,1,1,1,0,0,0,"(array([0.44936329, 0.6735729 , 0.53623003, 0.47638181, 0.81514984,
       0.42330527]), array([0.93717676, 0.74028927, 0.89458746, 0.91968793, 0.54548198,
       0.92464441]), array([0.07593895, 0.27602977, 0.12077973, 0.09420315, 0.46918941,
       0.0881041 ]), array([0.54249448, 0.32219291, 0.45744026, 0.51614422, 0.18128999,
       0.5679971 ]))","['QwenPRM_min_scores (7.63B)', 'EurusPRMStage1_min_scores (7.62B)', 'QwenPRM_avg_scores (7.63B)', 'EurusPRMStage2_avg_scores (7.62B)', 'QwenPRM_max_scores (7.63B)', 'GPM (8B)']","[0.013818586530316843, 0.388748134423351, 0.013818586530316843, 0.7809824259028301, 0.9732991645743346, 0.5543052334478233, 0.9732991645743346, 0.013818586530316843, 0.013818586530316843, 0.07284089191765572, 0.29112833782276915, 0.8666916671743693, 0.07284089191765572, 0.9969647173749017, 0.9653859423705977, 0.7809824259028301, 0.013818586530316843, 0.013818586530316843, 0.40551521930980033, 0.29112833782276915, 0.013818586530316843, 0.013818586530316843, 0.388748134423351, 0.29112833782276915, 0.9732991645743346, 0.013818586530316843, 0.013818586530316843, 0.013818586530316843, 0.29112833782276915, 0.29112833782276915, 0.013818586530316843, 0.013818586530316843, 0.388748134423351, 0.013818586530316843, 0.9732991645743346, 0.29112833782276915, 0.013818586530316843, 0.29112833782276915, 0.29112833782276915, 0.013818586530316843, 0.013818586530316843, 0.9832164943415908, 0.9732991645743346, 0.9969647173749017, 0.07284089191765572, 0.013818586530316843, 0.013818586530316843, 0.013818586530316843, 0.07284089191765572, 0.013818586530316843, 0.29112833782276915, 0.06824991718928106, 0.013818586530316843, 0.388748134423351, 0.0987707289733674, 0.9732991645743346, 0.013818586530316843, 0.7809824259028301, 0.013818586530316843, 0.7809824259028301, 0.013818586530316843, 0.0987707289733674, 0.3642370207308987, 0.9698165996620935, 0.3806051916082359, 0.013818586530316843, 0.06824991718928106, 0.29112833782276915, 0.29112833782276915, 0.7809824259028301, 0.013818586530316843, 0.06824991718928106, 0.7809824259028301, 0.29112833782276915, 0.013818586530316843, 0.8076303474948163, 0.06824991718928106, 0.013818586530316843, 0.013818586530316843, 0.29112833782276915, 0.9969647173749017, 0.0987707289733674, 0.832617113897082, 0.013818586530316843, 0.013818586530316843, 0.29112833782276915, 0.013818586530316843, 0.29112833782276915, 0.013818586530316843, 0.013818586530316843, 0.07284089191765572, 0.29112833782276915, 0.013818586530316843, 0.29112833782276915, 0.07284089191765572, 0.013818586530316843, 0.8666916671743693, 0.9732991645743346, 0.07284089191765572, 0.7625945558234227]",35,train,6
0.88,25,63,2,10,100,60,1,1,1,0,0,0,60,1,1,1,0,0,0,"(array([0.44936329, 0.6735729 , 0.53623003, 0.47638181, 0.81514984,
       0.42330527]), array([0.93717676, 0.74028927, 0.89458746, 0.91968793, 0.54548198,
       0.92464441]), array([0.07593895, 0.27602977, 0.12077973, 0.09420315, 0.46918941,
       0.0881041 ]), array([0.54249448, 0.32219291, 0.45744026, 0.51614422, 0.18128999,
       0.5679971 ]))","['QwenPRM_min_scores (7.63B)', 'EurusPRMStage1_min_scores (7.62B)', 'QwenPRM_avg_scores (7.63B)', 'EurusPRMStage2_avg_scores (7.62B)', 'QwenPRM_max_scores (7.63B)', 'GPM (8B)']","[0.9969647173749017, 0.06824991718928106, 0.7872626943950377, 0.7809824259028301, 0.06824991718928106, 0.7872626943950377, 0.9965048023938456, 0.29112833782276915, 0.06824991718928106, 0.9969647173749017, 0.06824991718928106, 0.7809824259028301, 0.06824991718928106, 0.06824991718928106, 0.06824991718928106, 0.06824991718928106, 0.7809824259028301, 0.9732991645743346, 0.9969647173749017, 0.06824991718928106, 0.06824991718928106, 0.06824991718928106, 0.06824991718928106, 0.06824991718928106, 0.9698165996620935, 0.06824991718928106, 0.06824991718928106, 0.29112833782276915, 0.013818586530316843, 0.06824991718928106, 0.06824991718928106, 0.013818586530316843, 0.06824991718928106, 0.06824991718928106, 0.7809824259028301, 0.7809824259028301, 0.06824991718928106, 0.29112833782276915, 0.06824991718928106, 0.07284089191765572, 0.06824991718928106, 0.7872626943950377, 0.7809824259028301, 0.06824991718928106, 0.9698165996620935, 0.06824991718928106, 0.06824991718928106, 0.06824991718928106, 0.06824991718928106, 0.06824991718928106, 0.29112833782276915, 0.06824991718928106, 0.06824991718928106, 0.06824991718928106, 0.29112833782276915, 0.06824991718928106, 0.06824991718928106, 0.013818586530316843, 0.29112833782276915, 0.29112833782276915, 0.9996108973685561, 0.06824991718928106, 0.7872626943950377, 0.9732991645743346, 0.06824991718928106, 0.7872626943950377, 0.06824991718928106, 0.013818586530316843, 0.9969647173749017, 0.06824991718928106, 0.9698165996620935, 0.013818586530316843, 0.06824991718928106, 0.9698165996620935, 0.388748134423351, 0.29112833782276915, 0.06824991718928106, 0.29112833782276915, 0.06824991718928106, 0.39760023635063635, 0.013818586530316843, 0.013818586530316843, 0.9969647173749017, 0.06824991718928106, 0.06824991718928106, 0.06824991718928106, 0.013818586530316843, 0.7872626943950377, 0.29112833782276915, 0.29112833782276915, 0.29112833782276915, 0.013818586530316843, 0.9732991645743346, 0.06824991718928106, 0.06824991718928106, 0.06824991718928106, 0.7872626943950377, 0.06824991718928106, 0.06824991718928106, 0.29112833782276915]",36,train,3
0.69,0,69,0,31,100,0,1,1,1,0,0,0,4,0,1,0,1,0,0,"(array([0.44936329, 0.6735729 , 0.53623003, 0.47638181, 0.81514984,
       0.42330527]), array([0.93717676, 0.74028927, 0.89458746, 0.91968793, 0.54548198,
       0.92464441]), array([0.07593895, 0.27602977, 0.12077973, 0.09420315, 0.46918941,
       0.0881041 ]), array([0.54249448, 0.32219291, 0.45744026, 0.51614422, 0.18128999,
       0.5679971 ]))","['QwenPRM_min_scores (7.63B)', 'EurusPRMStage1_min_scores (7.62B)', 'QwenPRM_avg_scores (7.63B)', 'EurusPRMStage2_avg_scores (7.62B)', 'QwenPRM_max_scores (7.63B)', 'GPM (8B)']","[0.29112833782276915, 0.07284089191765572, 0.06824991718928106, 0.29112833782276915, 0.013818586530316843, 0.06824991718928106, 0.06824991718928106, 0.06824991718928106, 0.06824991718928106, 0.29112833782276915, 0.06824991718928106, 0.013818586530316843, 0.013818586530316843, 0.013818586530316843, 0.013818586530316843, 0.013818586530316843, 0.06824991718928106, 0.013818586530316843, 0.06824991718928106, 0.06824991718928106, 0.013818586530316843, 0.06824991718928106, 0.06824991718928106, 0.29112833782276915, 0.013818586530316843, 0.07284089191765572, 0.29112833782276915, 0.013818586530316843, 0.013818586530316843, 0.07284089191765572, 0.07284089191765572, 0.013818586530316843, 0.06824991718928106, 0.013818586530316843, 0.29112833782276915, 0.06824991718928106, 0.06824991718928106, 0.013818586530316843, 0.06824991718928106, 0.06824991718928106, 0.06824991718928106, 0.07284089191765572, 0.06824991718928106, 0.013818586530316843, 0.013818586530316843, 0.013818586530316843, 0.013818586530316843, 0.013818586530316843, 0.013818586530316843, 0.013818586530316843, 0.29112833782276915, 0.013818586530316843, 0.06824991718928106, 0.013818586530316843, 0.06824991718928106, 0.013818586530316843, 0.06824991718928106, 0.06824991718928106, 0.06824991718928106, 0.013818586530316843, 0.06824991718928106, 0.013818586530316843, 0.013818586530316843, 0.06824991718928106, 0.013818586530316843, 0.29112833782276915, 0.013818586530316843, 0.29112833782276915, 0.013818586530316843, 0.06824991718928106, 0.013818586530316843, 0.013818586530316843, 0.07284089191765572, 0.06824991718928106, 0.013818586530316843, 0.06824991718928106, 0.07284089191765572, 0.013818586530316843, 0.07284089191765572, 0.29112833782276915, 0.013818586530316843, 0.06824991718928106, 0.07284089191765572, 0.29112833782276915, 0.06824991718928106, 0.013818586530316843, 0.06824991718928106, 0.29112833782276915, 0.06824991718928106, 0.013818586530316843, 0.013818586530316843, 0.013818586530316843, 0.06824991718928106, 0.013818586530316843, 0.07284089191765572, 0.013818586530316843, 0.013818586530316843, 0.013818586530316843, 0.29112833782276915, 0.013818586530316843]",37,train,3
0.8,12,68,0,20,100,16,1,1,1,0,0,0,13,0,0,0,0,0,1,"(array([0.44936329, 0.6735729 , 0.53623003, 0.47638181, 0.81514984,
       0.42330527]), array([0.93717676, 0.74028927, 0.89458746, 0.91968793, 0.54548198,
       0.92464441]), array([0.07593895, 0.27602977, 0.12077973, 0.09420315, 0.46918941,
       0.0881041 ]), array([0.54249448, 0.32219291, 0.45744026, 0.51614422, 0.18128999,
       0.5679971 ]))","['QwenPRM_min_scores (7.63B)', 'EurusPRMStage1_min_scores (7.62B)', 'QwenPRM_avg_scores (7.63B)', 'EurusPRMStage2_avg_scores (7.62B)', 'QwenPRM_max_scores (7.63B)', 'GPM (8B)']","[0.06824991718928106, 0.06824991718928106, 0.06824991718928106, 0.06824991718928106, 0.7809824259028301, 0.06824991718928106, 0.06824991718928106, 0.06824991718928106, 0.06824991718928106, 0.06824991718928106, 0.06824991718928106, 0.29112833782276915, 0.29112833782276915, 0.013818586530316843, 0.06824991718928106, 0.06824991718928106, 0.9732991645743346, 0.06824991718928106, 0.06824991718928106, 0.06824991718928106, 0.06824991718928106, 0.06824991718928106, 0.7809824259028301, 0.06824991718928106, 0.06824991718928106, 0.06824991718928106, 0.06824991718928106, 0.06824991718928106, 0.06824991718928106, 0.06824991718928106, 0.7809824259028301, 0.06824991718928106, 0.29112833782276915, 0.06824991718928106, 0.06824991718928106, 0.06824991718928106, 0.013818586530316843, 0.06824991718928106, 0.013818586530316843, 0.013818586530316843, 0.06824991718928106, 0.06824991718928106, 0.9732991645743346, 0.013818586530316843, 0.06824991718928106, 0.013818586530316843, 0.06824991718928106, 0.29112833782276915, 0.06824991718928106, 0.06824991718928106, 0.06824991718928106, 0.7872626943950377, 0.06824991718928106, 0.7809824259028301, 0.06824991718928106, 0.388748134423351, 0.06824991718928106, 0.06824991718928106, 0.06824991718928106, 0.013818586530316843, 0.06824991718928106, 0.013818586530316843, 0.40551521930980033, 0.013818586530316843, 0.06824991718928106, 0.9732991645743346, 0.29112833782276915, 0.013818586530316843, 0.7809824259028301, 0.06824991718928106, 0.29112833782276915, 0.013818586530316843, 0.013818586530316843, 0.013818586530316843, 0.06824991718928106, 0.013818586530316843, 0.06824991718928106, 0.06824991718928106, 0.29112833782276915, 0.013818586530316843, 0.06824991718928106, 0.06824991718928106, 0.06824991718928106, 0.06824991718928106, 0.06824991718928106, 0.013818586530316843, 0.9732991645743346, 0.06824991718928106, 0.06824991718928106, 0.013818586530316843, 0.9732991645743346, 0.06824991718928106, 0.7809824259028301, 0.06824991718928106, 0.013818586530316843, 0.06824991718928106, 0.29112833782276915, 0.013818586530316843, 0.013818586530316843, 0.06824991718928106]",38,train,3
0.91,2,89,6,3,100,28,0,1,0,0,0,1,0,0,1,0,1,0,0,"(array([0.44936329, 0.6735729 , 0.53623003, 0.47638181, 0.81514984,
       0.42330527]), array([0.93717676, 0.74028927, 0.89458746, 0.91968793, 0.54548198,
       0.92464441]), array([0.07593895, 0.27602977, 0.12077973, 0.09420315, 0.46918941,
       0.0881041 ]), array([0.54249448, 0.32219291, 0.45744026, 0.51614422, 0.18128999,
       0.5679971 ]))","['QwenPRM_min_scores (7.63B)', 'EurusPRMStage1_min_scores (7.62B)', 'QwenPRM_avg_scores (7.63B)', 'EurusPRMStage2_avg_scores (7.62B)', 'QwenPRM_max_scores (7.63B)', 'GPM (8B)']","[0.013818586530316843, 0.29112833782276915, 0.06824991718928106, 0.06824991718928106, 0.013818586530316843, 0.388748134423351, 0.06824991718928106, 0.06824991718928106, 0.013818586530316843, 0.06824991718928106, 0.06824991718928106, 0.013818586530316843, 0.013818586530316843, 0.39760023635063635, 0.06824991718928106, 0.013818586530316843, 0.06824991718928106, 0.06824991718928106, 0.29112833782276915, 0.06824991718928106, 0.06824991718928106, 0.06824991718928106, 0.06824991718928106, 0.06824991718928106, 0.07284089191765572, 0.7872626943950377, 0.06824991718928106, 0.06824991718928106, 0.9832164943415908, 0.29112833782276915, 0.06824991718928106, 0.06824991718928106, 0.06824991718928106, 0.29112833782276915, 0.06824991718928106, 0.06824991718928106, 0.013818586530316843, 0.013818586530316843, 0.06824991718928106, 0.29112833782276915, 0.7872626943950377, 0.06824991718928106, 0.29112833782276915, 0.06824991718928106, 0.013818586530316843, 0.013818586530316843, 0.06824991718928106, 0.06824991718928106, 0.29112833782276915, 0.06824991718928106, 0.07284089191765572, 0.7872626943950377, 0.013818586530316843, 0.06824991718928106, 0.06824991718928106, 0.06824991718928106, 0.388748134423351, 0.06824991718928106, 0.29112833782276915, 0.7872626943950377, 0.013818586530316843, 0.06824991718928106, 0.06824991718928106, 0.06824991718928106, 0.013818586530316843, 0.06824991718928106, 0.06824991718928106, 0.013818586530316843, 0.388748134423351, 0.06824991718928106, 0.12529345598157385, 0.013818586530316843, 0.06824991718928106, 0.29112833782276915, 0.06824991718928106, 0.06824991718928106, 0.06824991718928106, 0.013818586530316843, 0.013818586530316843, 0.06824991718928106, 0.013818586530316843, 0.013818586530316843, 0.41449022237226557, 0.013818586530316843, 0.06824991718928106, 0.29112833782276915, 0.06824991718928106, 0.06824991718928106, 0.06824991718928106, 0.29112833782276915, 0.013818586530316843, 0.06824991718928106, 0.7809824259028301, 0.29112833782276915, 0.06824991718928106, 0.013818586530316843, 0.06824991718928106, 0.013818586530316843, 0.8666916671743693, 0.7872626943950377]",39,train,0
0.79,36,43,0,21,100,88,1,1,1,0,0,0,88,1,1,1,0,0,0,"(array([0.44936329, 0.6735729 , 0.53623003, 0.47638181, 0.81514984,
       0.42330527]), array([0.93717676, 0.74028927, 0.89458746, 0.91968793, 0.54548198,
       0.92464441]), array([0.07593895, 0.27602977, 0.12077973, 0.09420315, 0.46918941,
       0.0881041 ]), array([0.54249448, 0.32219291, 0.45744026, 0.51614422, 0.18128999,
       0.5679971 ]))","['QwenPRM_min_scores (7.63B)', 'EurusPRMStage1_min_scores (7.62B)', 'QwenPRM_avg_scores (7.63B)', 'EurusPRMStage2_avg_scores (7.62B)', 'QwenPRM_max_scores (7.63B)', 'GPM (8B)']","[0.06824991718928106, 0.06824991718928106, 0.29112833782276915, 0.29112833782276915, 0.06824991718928106, 0.29112833782276915, 0.3642370207308987, 0.7809824259028301, 0.7872626943950377, 0.06824991718928106, 0.7809824259028301, 0.0987707289733674, 0.9698165996620935, 0.06824991718928106, 0.06824991718928106, 0.7809824259028301, 0.9698165996620935, 0.41449022237226557, 0.7872626943950377, 0.29112833782276915, 0.06824991718928106, 0.9698165996620935, 0.06824991718928106, 0.29112833782276915, 0.7872626943950377, 0.9969647173749017, 0.06824991718928106, 0.29112833782276915, 0.06824991718928106, 0.06824991718928106, 0.9698165996620935, 0.013818586530316843, 0.013818586530316843, 0.11210559336843509, 0.9969647173749017, 0.29112833782276915, 0.29112833782276915, 0.9732991645743346, 0.29112833782276915, 0.9732991645743346, 0.7809824259028301, 0.7625945558234227, 0.9732991645743346, 0.29112833782276915, 0.06824991718928106, 0.06824991718928106, 0.06824991718928106, 0.3642370207308987, 0.06824991718928106, 0.9969647173749017, 0.06824991718928106, 0.06824991718928106, 0.06824991718928106, 0.013818586530316843, 0.9732991645743346, 0.06824991718928106, 0.06824991718928106, 0.9698165996620935, 0.7872626943950377, 0.9969647173749017, 0.06824991718928106, 0.06824991718928106, 0.06824991718928106, 0.07284089191765572, 0.3642370207308987, 0.013818586530316843, 0.06824991718928106, 0.06824991718928106, 0.06824991718928106, 0.06824991718928106, 0.013818586530316843, 0.06824991718928106, 0.06824991718928106, 0.7809824259028301, 0.9698165996620935, 0.06824991718928106, 0.9969647173749017, 0.06824991718928106, 0.29112833782276915, 0.06824991718928106, 0.06824991718928106, 0.29112833782276915, 0.9698165996620935, 0.9969647173749017, 0.06824991718928106, 0.9960366019845215, 0.9698165996620935, 0.9969647173749017, 0.9996108973685561, 0.06824991718928106, 0.9698165996620935, 0.9996108973685561, 0.9969647173749017, 0.0987707289733674, 0.29112833782276915, 0.3642370207308987, 0.9969647173749017, 0.29112833782276915, 0.06824991718928106, 0.9698165996620935]",40,train,5
0.83,11,72,3,14,100,12,1,1,1,0,0,0,12,1,1,1,0,0,0,"(array([0.44936329, 0.6735729 , 0.53623003, 0.47638181, 0.81514984,
       0.42330527]), array([0.93717676, 0.74028927, 0.89458746, 0.91968793, 0.54548198,
       0.92464441]), array([0.07593895, 0.27602977, 0.12077973, 0.09420315, 0.46918941,
       0.0881041 ]), array([0.54249448, 0.32219291, 0.45744026, 0.51614422, 0.18128999,
       0.5679971 ]))","['QwenPRM_min_scores (7.63B)', 'EurusPRMStage1_min_scores (7.62B)', 'QwenPRM_avg_scores (7.63B)', 'EurusPRMStage2_avg_scores (7.62B)', 'QwenPRM_max_scores (7.63B)', 'GPM (8B)']","[0.013818586530316843, 0.388748134423351, 0.06824991718928106, 0.013818586530316843, 0.06824991718928106, 0.06824991718928106, 0.06824991718928106, 0.388748134423351, 0.0987707289733674, 0.06824991718928106, 0.06824991718928106, 0.06824991718928106, 0.9969647173749017, 0.013818586530316843, 0.013818586530316843, 0.06824991718928106, 0.3642370207308987, 0.29112833782276915, 0.06824991718928106, 0.0987707289733674, 0.7872626943950377, 0.06824991718928106, 0.013818586530316843, 0.9732991645743346, 0.07284089191765572, 0.013818586530316843, 0.06824991718928106, 0.06824991718928106, 0.06824991718928106, 0.013818586530316843, 0.0987707289733674, 0.7809824259028301, 0.013818586530316843, 0.29112833782276915, 0.06824991718928106, 0.7809824259028301, 0.013818586530316843, 0.07284089191765572, 0.06824991718928106, 0.013818586530316843, 0.013818586530316843, 0.013818586530316843, 0.06824991718928106, 0.013818586530316843, 0.013818586530316843, 0.9969647173749017, 0.7809824259028301, 0.9698165996620935, 0.06824991718928106, 0.06824991718928106, 0.7872626943950377, 0.06824991718928106, 0.8514269263654474, 0.7809824259028301, 0.07284089191765572, 0.013818586530316843, 0.013818586530316843, 0.06824991718928106, 0.388748134423351, 0.07284089191765572, 0.388748134423351, 0.013818586530316843, 0.06824991718928106, 0.29112833782276915, 0.29112833782276915, 0.013818586530316843, 0.013818586530316843, 0.013818586530316843, 0.06824991718928106, 0.013818586530316843, 0.388748134423351, 0.06824991718928106, 0.013818586530316843, 0.7809824259028301, 0.388748134423351, 0.013818586530316843, 0.013818586530316843, 0.06824991718928106, 0.06824991718928106, 0.013818586530316843, 0.29112833782276915, 0.013818586530316843, 0.06824991718928106, 0.06824991718928106, 0.29112833782276915, 0.013818586530316843, 0.06824991718928106, 0.06824991718928106, 0.9969647173749017, 0.41449022237226557, 0.29112833782276915, 0.07284089191765572, 0.06824991718928106, 0.013818586530316843, 0.06824991718928106, 0.388748134423351, 0.7625945558234227, 0.388748134423351, 0.06824991718928106, 0.06824991718928106]",41,train,2
0.86,0,86,0,14,100,69,1,1,1,0,0,0,0,0,1,0,1,0,0,"(array([0.44936329, 0.6735729 , 0.53623003, 0.47638181, 0.81514984,
       0.42330527]), array([0.93717676, 0.74028927, 0.89458746, 0.91968793, 0.54548198,
       0.92464441]), array([0.07593895, 0.27602977, 0.12077973, 0.09420315, 0.46918941,
       0.0881041 ]), array([0.54249448, 0.32219291, 0.45744026, 0.51614422, 0.18128999,
       0.5679971 ]))","['QwenPRM_min_scores (7.63B)', 'EurusPRMStage1_min_scores (7.62B)', 'QwenPRM_avg_scores (7.63B)', 'EurusPRMStage2_avg_scores (7.62B)', 'QwenPRM_max_scores (7.63B)', 'GPM (8B)']","[0.013818586530316843, 0.013818586530316843, 0.013818586530316843, 0.013818586530316843, 0.07284089191765572, 0.06824991718928106, 0.013818586530316843, 0.013818586530316843, 0.06824991718928106, 0.07284089191765572, 0.06824991718928106, 0.06824991718928106, 0.07284089191765572, 0.013818586530316843, 0.013818586530316843, 0.013818586530316843, 0.013818586530316843, 0.013818586530316843, 0.013818586530316843, 0.013818586530316843, 0.013818586530316843, 0.013818586530316843, 0.013818586530316843, 0.06824991718928106, 0.013818586530316843, 0.013818586530316843, 0.013818586530316843, 0.06824991718928106, 0.013818586530316843, 0.013818586530316843, 0.013818586530316843, 0.06824991718928106, 0.06824991718928106, 0.013818586530316843, 0.013818586530316843, 0.013818586530316843, 0.013818586530316843, 0.013818586530316843, 0.013818586530316843, 0.07284089191765572, 0.013818586530316843, 0.013818586530316843, 0.013818586530316843, 0.07284089191765572, 0.013818586530316843, 0.013818586530316843, 0.013818586530316843, 0.013818586530316843, 0.013818586530316843, 0.013818586530316843, 0.013818586530316843, 0.06824991718928106, 0.013818586530316843, 0.06824991718928106, 0.013818586530316843, 0.013818586530316843, 0.07284089191765572, 0.06824991718928106, 0.06824991718928106, 0.06824991718928106, 0.013818586530316843, 0.013818586530316843, 0.06824991718928106, 0.013818586530316843, 0.06824991718928106, 0.013818586530316843, 0.013818586530316843, 0.013818586530316843, 0.013818586530316843, 0.29112833782276915, 0.013818586530316843, 0.06824991718928106, 0.013818586530316843, 0.013818586530316843, 0.29112833782276915, 0.013818586530316843, 0.013818586530316843, 0.013818586530316843, 0.06824991718928106, 0.013818586530316843, 0.06824991718928106, 0.013818586530316843, 0.013818586530316843, 0.013818586530316843, 0.06824991718928106, 0.06824991718928106, 0.07284089191765572, 0.013818586530316843, 0.013818586530316843, 0.07284089191765572, 0.013818586530316843, 0.06824991718928106, 0.013818586530316843, 0.013818586530316843, 0.29112833782276915, 0.013818586530316843, 0.013818586530316843, 0.06824991718928106, 0.013818586530316843, 0.07284089191765572]",42,train,1
0.78,63,15,0,22,100,22,1,1,1,0,0,0,22,1,1,1,0,0,0,"(array([0.44936329, 0.6735729 , 0.53623003, 0.47638181, 0.81514984,
       0.42330527]), array([0.93717676, 0.74028927, 0.89458746, 0.91968793, 0.54548198,
       0.92464441]), array([0.07593895, 0.27602977, 0.12077973, 0.09420315, 0.46918941,
       0.0881041 ]), array([0.54249448, 0.32219291, 0.45744026, 0.51614422, 0.18128999,
       0.5679971 ]))","['QwenPRM_min_scores (7.63B)', 'EurusPRMStage1_min_scores (7.62B)', 'QwenPRM_avg_scores (7.63B)', 'EurusPRMStage2_avg_scores (7.62B)', 'QwenPRM_max_scores (7.63B)', 'GPM (8B)']","[0.7809824259028301, 0.9969647173749017, 0.9969647173749017, 0.39760023635063635, 0.9732991645743346, 0.29112833782276915, 0.06824991718928106, 0.9969647173749017, 0.7872626943950377, 0.06824991718928106, 0.06824991718928106, 0.9969647173749017, 0.06824991718928106, 0.9965048023938456, 0.9732991645743346, 0.7872626943950377, 0.7809824259028301, 0.9732991645743346, 0.9969647173749017, 0.9969647173749017, 0.388748134423351, 0.29112833782276915, 0.9996108973685561, 0.06824991718928106, 0.9732991645743346, 0.29112833782276915, 0.388748134423351, 0.7809824259028301, 0.06824991718928106, 0.9969647173749017, 0.06824991718928106, 0.7809824259028301, 0.9698165996620935, 0.9698165996620935, 0.06824991718928106, 0.7872626943950377, 0.9969647173749017, 0.06824991718928106, 0.388748134423351, 0.9960366019845215, 0.06824991718928106, 0.9969647173749017, 0.388748134423351, 0.7809824259028301, 0.29112833782276915, 0.29112833782276915, 0.9698165996620935, 0.9996108973685561, 0.29112833782276915, 0.388748134423351, 0.9969647173749017, 0.29112833782276915, 0.06824991718928106, 0.06824991718928106, 0.9969647173749017, 0.9698165996620935, 0.7872626943950377, 0.7809824259028301, 0.9969647173749017, 0.8666916671743693, 0.7809824259028301, 0.8666916671743693, 0.29112833782276915, 0.9732991645743346, 0.06824991718928106, 0.9698165996620935, 0.9969647173749017, 0.7872626943950377, 0.3642370207308987, 0.9732991645743346, 0.7872626943950377, 0.9969647173749017, 0.8666916671743693, 0.06824991718928106, 0.9732991645743346, 0.9969647173749017, 0.42817709985101954, 0.7872626943950377, 0.832617113897082, 0.9960366019845215, 0.7809824259028301, 0.9969647173749017, 0.9969647173749017, 0.9969647173749017, 0.3642370207308987, 0.9965048023938456, 0.9969647173749017, 0.29112833782276915, 0.29112833782276915, 0.29112833782276915, 0.7872626943950377, 0.7809824259028301, 0.9732991645743346, 0.9969647173749017, 0.06824991718928106, 0.06824991718928106, 0.9969647173749017, 0.9732991645743346, 0.388748134423351, 0.9969647173749017]",43,train,8
0.79,17,62,8,13,100,19,1,1,1,0,0,0,19,1,1,1,0,0,0,"(array([0.44936329, 0.6735729 , 0.53623003, 0.47638181, 0.81514984,
       0.42330527]), array([0.93717676, 0.74028927, 0.89458746, 0.91968793, 0.54548198,
       0.92464441]), array([0.07593895, 0.27602977, 0.12077973, 0.09420315, 0.46918941,
       0.0881041 ]), array([0.54249448, 0.32219291, 0.45744026, 0.51614422, 0.18128999,
       0.5679971 ]))","['QwenPRM_min_scores (7.63B)', 'EurusPRMStage1_min_scores (7.62B)', 'QwenPRM_avg_scores (7.63B)', 'EurusPRMStage2_avg_scores (7.62B)', 'QwenPRM_max_scores (7.63B)', 'GPM (8B)']","[0.388748134423351, 0.06824991718928106, 0.013818586530316843, 0.8666916671743693, 0.8666916671743693, 0.06824991718928106, 0.29112833782276915, 0.29112833782276915, 0.7809824259028301, 0.9832164943415908, 0.29112833782276915, 0.06824991718928106, 0.29112833782276915, 0.29112833782276915, 0.013818586530316843, 0.013818586530316843, 0.06824991718928106, 0.06824991718928106, 0.29112833782276915, 0.9969647173749017, 0.29112833782276915, 0.013818586530316843, 0.06824991718928106, 0.7872626943950377, 0.9969647173749017, 0.39760023635063635, 0.388748134423351, 0.11210559336843509, 0.388748134423351, 0.29112833782276915, 0.29112833782276915, 0.29112833782276915, 0.39760023635063635, 0.06824991718928106, 0.06824991718928106, 0.06824991718928106, 0.39760023635063635, 0.06824991718928106, 0.29112833782276915, 0.06824991718928106, 0.013818586530316843, 0.06824991718928106, 0.388748134423351, 0.7872626943950377, 0.013818586530316843, 0.39760023635063635, 0.06824991718928106, 0.8666916671743693, 0.06824991718928106, 0.06824991718928106, 0.06824991718928106, 0.013818586530316843, 0.7809824259028301, 0.388748134423351, 0.7872626943950377, 0.06824991718928106, 0.06824991718928106, 0.06824991718928106, 0.06824991718928106, 0.388748134423351, 0.06824991718928106, 0.06824991718928106, 0.29112833782276915, 0.06824991718928106, 0.9969647173749017, 0.7872626943950377, 0.06824991718928106, 0.013818586530316843, 0.29112833782276915, 0.7872626943950377, 0.07284089191765572, 0.07284089191765572, 0.06824991718928106, 0.29112833782276915, 0.29112833782276915, 0.06824991718928106, 0.29112833782276915, 0.29112833782276915, 0.06824991718928106, 0.06824991718928106, 0.9969647173749017, 0.06824991718928106, 0.7872626943950377, 0.06824991718928106, 0.9969647173749017, 0.7872626943950377, 0.06824991718928106, 0.07284089191765572, 0.9698165996620935, 0.29112833782276915, 0.9969647173749017, 0.9969647173749017, 0.7872626943950377, 0.06824991718928106, 0.388748134423351, 0.9969647173749017, 0.7872626943950377, 0.388748134423351, 0.9969647173749017, 0.06824991718928106]",44,train,2
0.68,65,3,0,32,100,8,1,1,1,0,0,0,8,1,1,1,0,0,0,"(array([0.44936329, 0.6735729 , 0.53623003, 0.47638181, 0.81514984,
       0.42330527]), array([0.93717676, 0.74028927, 0.89458746, 0.91968793, 0.54548198,
       0.92464441]), array([0.07593895, 0.27602977, 0.12077973, 0.09420315, 0.46918941,
       0.0881041 ]), array([0.54249448, 0.32219291, 0.45744026, 0.51614422, 0.18128999,
       0.5679971 ]))","['QwenPRM_min_scores (7.63B)', 'EurusPRMStage1_min_scores (7.62B)', 'QwenPRM_avg_scores (7.63B)', 'EurusPRMStage2_avg_scores (7.62B)', 'QwenPRM_max_scores (7.63B)', 'GPM (8B)']","[0.7809824259028301, 0.41449022237226557, 0.9969647173749017, 0.9960366019845215, 0.06824991718928106, 0.013818586530316843, 0.29112833782276915, 0.9732991645743346, 0.9996108973685561, 0.9698165996620935, 0.9698165996620935, 0.7809824259028301, 0.7872626943950377, 0.0987707289733674, 0.7872626943950377, 0.7872626943950377, 0.29112833782276915, 0.7872626943950377, 0.8421523604996736, 0.9969647173749017, 0.9965048023938456, 0.9960366019845215, 0.7625945558234227, 0.06824991718928106, 0.9969647173749017, 0.9969647173749017, 0.7872626943950377, 0.9969647173749017, 0.9742466517627265, 0.41449022237226557, 0.06824991718928106, 0.12529345598157385, 0.06824991718928106, 0.7872626943950377, 0.9666045978441812, 0.9969647173749017, 0.7872626943950377, 0.9742466517627265, 0.29112833782276915, 0.07284089191765572, 0.9969647173749017, 0.9742466517627265, 0.29112833782276915, 0.9996108973685561, 0.8470221753151037, 0.0987707289733674, 0.9666045978441812, 0.7872626943950377, 0.7625945558234227, 0.29112833782276915, 0.9996108973685561, 0.9653859423705977, 0.06824991718928106, 0.7809824259028301, 0.7872626943950377, 0.7809824259028301, 0.7809824259028301, 0.0987707289733674, 0.9742466517627265, 0.013818586530316843, 0.3806051916082359, 0.41449022237226557, 0.7872626943950377, 0.3642370207308987, 0.29112833782276915, 0.7872626943950377, 0.3806051916082359, 0.29112833782276915, 0.9698165996620935, 0.7872626943950377, 0.7809824259028301, 0.8666916671743693, 0.07284089191765572, 0.06824991718928106, 0.7625945558234227, 0.29112833782276915, 0.7872626943950377, 0.3642370207308987, 0.29112833782276915, 0.9996108973685561, 0.9969647173749017, 0.29112833782276915, 0.29112833782276915, 0.9698165996620935, 0.9653859423705977, 0.7809824259028301, 0.29112833782276915, 0.7872626943950377, 0.9742466517627265, 0.9996108973685561, 0.7809824259028301, 0.29112833782276915, 0.7809824259028301, 0.9969647173749017, 0.9996108973685561, 0.9969647173749017, 0.5543052334478233, 0.06824991718928106, 0.9698165996620935, 0.7809824259028301]",45,train,9
0.39,24,15,0,61,100,24,1,1,1,0,0,0,24,1,1,1,0,0,0,"(array([0.44936329, 0.6735729 , 0.53623003, 0.47638181, 0.81514984,
       0.42330527]), array([0.93717676, 0.74028927, 0.89458746, 0.91968793, 0.54548198,
       0.92464441]), array([0.07593895, 0.27602977, 0.12077973, 0.09420315, 0.46918941,
       0.0881041 ]), array([0.54249448, 0.32219291, 0.45744026, 0.51614422, 0.18128999,
       0.5679971 ]))","['QwenPRM_min_scores (7.63B)', 'EurusPRMStage1_min_scores (7.62B)', 'QwenPRM_avg_scores (7.63B)', 'EurusPRMStage2_avg_scores (7.62B)', 'QwenPRM_max_scores (7.63B)', 'GPM (8B)']","[0.06824991718928106, 0.0987707289733674, 0.0987707289733674, 0.07284089191765572, 0.3642370207308987, 0.7625945558234227, 0.06824991718928106, 0.0987707289733674, 0.3806051916082359, 0.0987707289733674, 0.29112833782276915, 0.06824991718928106, 0.3642370207308987, 0.06824991718928106, 0.29112833782276915, 0.013818586530316843, 0.0987707289733674, 0.0987707289733674, 0.9732991645743346, 0.7809824259028301, 0.0987707289733674, 0.0987707289733674, 0.7625945558234227, 0.9965048023938456, 0.9969647173749017, 0.7625945558234227, 0.013818586530316843, 0.7625945558234227, 0.3642370207308987, 0.013818586530316843, 0.0987707289733674, 0.06824991718928106, 0.7625945558234227, 0.0987707289733674, 0.8470221753151037, 0.06824991718928106, 0.3806051916082359, 0.9965048023938456, 0.3642370207308987, 0.0987707289733674, 0.0987707289733674, 0.3806051916082359, 0.0987707289733674, 0.3806051916082359, 0.0987707289733674, 0.3642370207308987, 0.013818586530316843, 0.0987707289733674, 0.013818586530316843, 0.29112833782276915, 0.3806051916082359, 0.0987707289733674, 0.0987707289733674, 0.0987707289733674, 0.7625945558234227, 0.9826392452423144, 0.9732991645743346, 0.3806051916082359, 0.3806051916082359, 0.3806051916082359, 0.0987707289733674, 0.3642370207308987, 0.8470221753151037, 0.0987707289733674, 0.7625945558234227, 0.0987707289733674, 0.9960366019845215, 0.9732991645743346, 0.41449022237226557, 0.29112833782276915, 0.0987707289733674, 0.0987707289733674, 0.06824991718928106, 0.9653859423705977, 0.06824991718928106, 0.0987707289733674, 0.9666045978441812, 0.0987707289733674, 0.0987707289733674, 0.3642370207308987, 0.06824991718928106, 0.388748134423351, 0.7625945558234227, 0.29112833782276915, 0.06824991718928106, 0.0987707289733674, 0.41449022237226557, 0.013818586530316843, 0.3806051916082359, 0.0987707289733674, 0.06824991718928106, 0.9969647173749017, 0.06824991718928106, 0.013818586530316843, 0.0987707289733674, 0.8470221753151037, 0.0987707289733674, 0.7625945558234227, 0.06824991718928106, 0.06824991718928106]",46,train,8
0.79,13,66,0,21,100,98,1,1,1,0,0,0,98,1,1,1,0,0,0,"(array([0.44936329, 0.6735729 , 0.53623003, 0.47638181, 0.81514984,
       0.42330527]), array([0.93717676, 0.74028927, 0.89458746, 0.91968793, 0.54548198,
       0.92464441]), array([0.07593895, 0.27602977, 0.12077973, 0.09420315, 0.46918941,
       0.0881041 ]), array([0.54249448, 0.32219291, 0.45744026, 0.51614422, 0.18128999,
       0.5679971 ]))","['QwenPRM_min_scores (7.63B)', 'EurusPRMStage1_min_scores (7.62B)', 'QwenPRM_avg_scores (7.63B)', 'EurusPRMStage2_avg_scores (7.62B)', 'QwenPRM_max_scores (7.63B)', 'GPM (8B)']","[0.06824991718928106, 0.9732991645743346, 0.06824991718928106, 0.06824991718928106, 0.06824991718928106, 0.06824991718928106, 0.06824991718928106, 0.29112833782276915, 0.06824991718928106, 0.388748134423351, 0.06824991718928106, 0.3642370207308987, 0.388748134423351, 0.06824991718928106, 0.3642370207308987, 0.06824991718928106, 0.06824991718928106, 0.06824991718928106, 0.388748134423351, 0.06824991718928106, 0.06824991718928106, 0.06824991718928106, 0.06824991718928106, 0.06824991718928106, 0.06824991718928106, 0.06824991718928106, 0.06824991718928106, 0.06824991718928106, 0.06824991718928106, 0.06824991718928106, 0.39760023635063635, 0.013818586530316843, 0.06824991718928106, 0.06824991718928106, 0.388748134423351, 0.06824991718928106, 0.06824991718928106, 0.29112833782276915, 0.06824991718928106, 0.388748134423351, 0.06824991718928106, 0.06824991718928106, 0.7809824259028301, 0.9732991645743346, 0.06824991718928106, 0.06824991718928106, 0.06824991718928106, 0.013818586530316843, 0.06824991718928106, 0.06824991718928106, 0.06824991718928106, 0.06824991718928106, 0.388748134423351, 0.06824991718928106, 0.06824991718928106, 0.06824991718928106, 0.06824991718928106, 0.9732991645743346, 0.06824991718928106, 0.388748134423351, 0.06824991718928106, 0.8666916671743693, 0.06824991718928106, 0.06824991718928106, 0.06824991718928106, 0.8666916671743693, 0.06824991718928106, 0.06824991718928106, 0.06824991718928106, 0.06824991718928106, 0.06824991718928106, 0.06824991718928106, 0.06824991718928106, 0.29112833782276915, 0.06824991718928106, 0.7809824259028301, 0.7809824259028301, 0.832617113897082, 0.06824991718928106, 0.29112833782276915, 0.06824991718928106, 0.06824991718928106, 0.06824991718928106, 0.06824991718928106, 0.9807137070042374, 0.06824991718928106, 0.06824991718928106, 0.06824991718928106, 0.06824991718928106, 0.06824991718928106, 0.06824991718928106, 0.013818586530316843, 0.29112833782276915, 0.06824991718928106, 0.013818586530316843, 0.7809824259028301, 0.3642370207308987, 0.7809824259028301, 0.9969647173749017, 0.013818586530316843]",47,train,3
0.81,81,0,0,19,100,15,1,1,1,0,0,0,15,1,1,1,0,0,0,"(array([0.44936329, 0.6735729 , 0.53623003, 0.47638181, 0.81514984,
       0.42330527]), array([0.93717676, 0.74028927, 0.89458746, 0.91968793, 0.54548198,
       0.92464441]), array([0.07593895, 0.27602977, 0.12077973, 0.09420315, 0.46918941,
       0.0881041 ]), array([0.54249448, 0.32219291, 0.45744026, 0.51614422, 0.18128999,
       0.5679971 ]))","['QwenPRM_min_scores (7.63B)', 'EurusPRMStage1_min_scores (7.62B)', 'QwenPRM_avg_scores (7.63B)', 'EurusPRMStage2_avg_scores (7.62B)', 'QwenPRM_max_scores (7.63B)', 'GPM (8B)']","[0.9732991645743346, 0.9969647173749017, 0.9732991645743346, 0.9969647173749017, 0.9698165996620935, 0.7625945558234227, 0.9969647173749017, 0.9969647173749017, 0.9698165996620935, 0.7809824259028301, 0.9969647173749017, 0.7872626943950377, 0.9732991645743346, 0.9969647173749017, 0.9732991645743346, 0.9996108973685561, 0.9653859423705977, 0.9969647173749017, 0.9969647173749017, 0.9969647173749017, 0.9969647173749017, 0.7872626943950377, 0.06824991718928106, 0.29112833782276915, 0.9732991645743346, 0.9698165996620935, 0.9732991645743346, 0.29112833782276915, 0.29112833782276915, 0.9969647173749017, 0.9732991645743346, 0.29112833782276915, 0.9969647173749017, 0.8666916671743693, 0.8514269263654474, 0.9969647173749017, 0.9969647173749017, 0.7809824259028301, 0.9698165996620935, 0.9698165996620935, 0.9969647173749017, 0.7809824259028301, 0.9969647173749017, 0.7872626943950377, 0.07284089191765572, 0.7809824259028301, 0.9698165996620935, 0.7809824259028301, 0.29112833782276915, 0.9969647173749017, 0.29112833782276915, 0.29112833782276915, 0.29112833782276915, 0.7872626943950377, 0.06824991718928106, 0.9698165996620935, 0.9732991645743346, 0.9969647173749017, 0.29112833782276915, 0.013818586530316843, 0.9698165996620935, 0.9732991645743346, 0.8666916671743693, 0.9969647173749017, 0.9698165996620935, 0.9732991645743346, 0.29112833782276915, 0.9969647173749017, 0.29112833782276915, 0.9969647173749017, 0.7809824259028301, 0.9698165996620935, 0.7809824259028301, 0.9969647173749017, 0.9969647173749017, 0.7809824259028301, 0.9969647173749017, 0.7809824259028301, 0.9698165996620935, 0.9969647173749017, 0.7872626943950377, 0.7809824259028301, 0.9732991645743346, 0.9698165996620935, 0.9969647173749017, 0.29112833782276915, 0.9698165996620935, 0.9698165996620935, 0.9698165996620935, 0.9969647173749017, 0.7872626943950377, 0.9698165996620935, 0.9969647173749017, 0.9698165996620935, 0.29112833782276915, 0.9969647173749017, 0.29112833782276915, 0.9969647173749017, 0.9732991645743346, 0.06824991718928106]",48,train,9
0.96,1,95,4,0,100,67,1,1,1,0,0,0,3,0,1,0,1,0,0,"(array([0.44936329, 0.6735729 , 0.53623003, 0.47638181, 0.81514984,
       0.42330527]), array([0.93717676, 0.74028927, 0.89458746, 0.91968793, 0.54548198,
       0.92464441]), array([0.07593895, 0.27602977, 0.12077973, 0.09420315, 0.46918941,
       0.0881041 ]), array([0.54249448, 0.32219291, 0.45744026, 0.51614422, 0.18128999,
       0.5679971 ]))","['QwenPRM_min_scores (7.63B)', 'EurusPRMStage1_min_scores (7.62B)', 'QwenPRM_avg_scores (7.63B)', 'EurusPRMStage2_avg_scores (7.62B)', 'QwenPRM_max_scores (7.63B)', 'GPM (8B)']","[0.06824991718928106, 0.07284089191765572, 0.06824991718928106, 0.013818586530316843, 0.7872626943950377, 0.3806051916082359, 0.07284089191765572, 0.07284089191765572, 0.41449022237226557, 0.06824991718928106, 0.07284089191765572, 0.06824991718928106, 0.013818586530316843, 0.06824991718928106, 0.41449022237226557, 0.29112833782276915, 0.3642370207308987, 0.07284089191765572, 0.07284089191765572, 0.06824991718928106, 0.41449022237226557, 0.29112833782276915, 0.06824991718928106, 0.3642370207308987, 0.41449022237226557, 0.29112833782276915, 0.07284089191765572, 0.013818586530316843, 0.06824991718928106, 0.41449022237226557, 0.07284089191765572, 0.06824991718928106, 0.29112833782276915, 0.3642370207308987, 0.41449022237226557, 0.29112833782276915, 0.29112833782276915, 0.07284089191765572, 0.39760023635063635, 0.41449022237226557, 0.41449022237226557, 0.29112833782276915, 0.07284089191765572, 0.29112833782276915, 0.07284089191765572, 0.29112833782276915, 0.41449022237226557, 0.41449022237226557, 0.7625945558234227, 0.29112833782276915, 0.41449022237226557, 0.29112833782276915, 0.06824991718928106, 0.06824991718928106, 0.06824991718928106, 0.7872626943950377, 0.29112833782276915, 0.41449022237226557, 0.0987707289733674, 0.29112833782276915, 0.06824991718928106, 0.07284089191765572, 0.29112833782276915, 0.07284089191765572, 0.06824991718928106, 0.29112833782276915, 0.06824991718928106, 0.9732991645743346, 0.07284089191765572, 0.06824991718928106, 0.41449022237226557, 0.29112833782276915, 0.013818586530316843, 0.3642370207308987, 0.7625945558234227, 0.06824991718928106, 0.41449022237226557, 0.013818586530316843, 0.29112833782276915, 0.388748134423351, 0.29112833782276915, 0.06824991718928106, 0.3642370207308987, 0.07284089191765572, 0.06824991718928106, 0.06824991718928106, 0.3806051916082359, 0.3642370207308987, 0.06824991718928106, 0.29112833782276915, 0.06824991718928106, 0.41449022237226557, 0.41449022237226557, 0.06824991718928106, 0.29112833782276915, 0.07284089191765572, 0.07284089191765572, 0.29112833782276915, 0.41449022237226557, 0.29112833782276915]",49,train,0
