sample_accuracy,sample_tp,sample_tn,sample_fp,sample_fn,num_samples,top1_idx,top1_positive,has_positive,top1_tp,top1_fp,top1_tn,top1_fn,prediction_idx,prediction_class,prediction_accuracy,prediction_tp,prediction_tn,prediction_fp,prediction_fn,model_params,verifier_subset,weaver_sample_scores,problem,set,difficulty
0.32,26,6,0,68,100,2,1,1,1,0,0,0,2,1,1,1,0,0,0,"(array([0.55879849, 0.67265487, 0.49144965]), array([0.84062505, 0.72495449, 0.8600322 ]), array([0.16311719, 0.28036088, 0.14103907]), array([0.43073991, 0.3188535 , 0.49617964]))","['QwenPRM_avg_scores (7.63B)', 'EurusPRMStage1_min_scores (7.62B)', 'QwenPRM_min_scores (7.63B)']","[0.10987076280292846, 0.10987076280292846, 0.9645242500435172, 0.45212201506178645, 0.10987076280292846, 0.4023867610977545, 0.9645242500435172, 0.10987076280292846, 0.4023867610977545, 0.10987076280292846, 0.10987076280292846, 0.4023867610977545, 0.10987076280292846, 0.4023867610977545, 0.4023867610977545, 0.10987076280292846, 0.9645242500435172, 0.45212201506178645, 0.45212201506178645, 0.45212201506178645, 0.10987076280292846, 0.4023867610977545, 0.45212201506178645, 0.10987076280292846, 0.4023867610977545, 0.45212201506178645, 0.10987076280292846, 0.10987076280292846, 0.4023867610977545, 0.10987076280292846, 0.9645242500435172, 0.4023867610977545, 0.4023867610977545, 0.45212201506178645, 0.9645242500435172, 0.4023867610977545, 0.8182344565917195, 0.10987076280292846, 0.4023867610977545, 0.10987076280292846, 0.9645242500435172, 0.4023867610977545, 0.9645242500435172, 0.4023867610977545, 0.10987076280292846, 0.8328906272418104, 0.9645242500435172, 0.4023867610977545, 0.4023867610977545, 0.4023867610977545, 0.10987076280292846, 0.9645242500435172, 0.4023867610977545, 0.10987076280292846, 0.4023867610977545, 0.10987076280292846, 0.9645242500435172, 0.10987076280292846, 0.10987076280292846, 0.45212201506178645, 0.4023867610977545, 0.9645242500435172, 0.10987076280292846, 0.8182344565917195, 0.10987076280292846, 0.10987076280292846, 0.10987076280292846, 0.9645242500435172, 0.9645242500435172, 0.10987076280292846, 0.4023867610977545, 0.9645242500435172, 0.4023867610977545, 0.4023867610977545, 0.4023867610977545, 0.8182344565917195, 0.8182344565917195, 0.10987076280292846, 0.10987076280292846, 0.4023867610977545, 0.4023867610977545, 0.4023867610977545, 0.10987076280292846, 0.4023867610977545, 0.9645242500435172, 0.9645242500435172, 0.10987076280292846, 0.10987076280292846, 0.9645242500435172, 0.9645242500435172, 0.10987076280292846, 0.10987076280292846, 0.4023867610977545, 0.4023867610977545, 0.9645242500435172, 0.45212201506178645, 0.10987076280292846, 0.10987076280292846, 0.9645242500435172, 0.8182344565917195]",0,train,9
0.74,66,8,0,26,100,3,1,1,1,0,0,0,3,1,1,1,0,0,0,"(array([0.55879849, 0.67265487, 0.49144965]), array([0.84062505, 0.72495449, 0.8600322 ]), array([0.16311719, 0.28036088, 0.14103907]), array([0.43073991, 0.3188535 , 0.49617964]))","['QwenPRM_avg_scores (7.63B)', 'EurusPRMStage1_min_scores (7.62B)', 'QwenPRM_min_scores (7.63B)']","[0.8182344565917195, 0.8328906272418104, 0.4023867610977545, 0.9645242500435172, 0.8182344565917195, 0.9645242500435172, 0.9645242500435172, 0.9645242500435172, 0.8182344565917195, 0.9645242500435172, 0.8182344565917195, 0.9645242500435172, 0.9645242500435172, 0.4023867610977545, 0.4023867610977545, 0.9645242500435172, 0.8182344565917195, 0.8182344565917195, 0.9645242500435172, 0.9645242500435172, 0.9645242500435172, 0.9645242500435172, 0.10987076280292846, 0.4023867610977545, 0.9645242500435172, 0.10987076280292846, 0.4023867610977545, 0.8328906272418104, 0.9645242500435172, 0.9645242500435172, 0.45212201506178645, 0.4023867610977545, 0.9645242500435172, 0.4023867610977545, 0.9645242500435172, 0.8182344565917195, 0.8026316733576279, 0.4023867610977545, 0.9645242500435172, 0.4023867610977545, 0.9645242500435172, 0.8182344565917195, 0.10987076280292846, 0.9645242500435172, 0.10987076280292846, 0.4023867610977545, 0.9645242500435172, 0.9645242500435172, 0.9645242500435172, 0.8182344565917195, 0.9645242500435172, 0.9645242500435172, 0.9645242500435172, 0.45212201506178645, 0.10987076280292846, 0.8182344565917195, 0.4023867610977545, 0.8182344565917195, 0.9645242500435172, 0.9645242500435172, 0.4023867610977545, 0.4023867610977545, 0.10987076280292846, 0.8182344565917195, 0.9645242500435172, 0.9645242500435172, 0.9645242500435172, 0.8182344565917195, 0.9645242500435172, 0.9645242500435172, 0.10987076280292846, 0.10987076280292846, 0.4023867610977545, 0.9645242500435172, 0.4023867610977545, 0.8182344565917195, 0.4023867610977545, 0.4023867610977545, 0.9645242500435172, 0.8182344565917195, 0.9645242500435172, 0.10987076280292846, 0.4023867610977545, 0.8182344565917195, 0.8182344565917195, 0.9645242500435172, 0.4023867610977545, 0.9645242500435172, 0.8026316733576279, 0.4023867610977545, 0.9645242500435172, 0.8182344565917195, 0.4023867610977545, 0.8182344565917195, 0.10987076280292846, 0.8182344565917195, 0.9645242500435172, 0.9645242500435172, 0.4023867610977545, 0.9645242500435172]",1,train,9
0.33,1,32,0,67,100,17,1,1,1,0,0,0,17,1,1,1,0,0,0,"(array([0.55879849, 0.67265487, 0.49144965]), array([0.84062505, 0.72495449, 0.8600322 ]), array([0.16311719, 0.28036088, 0.14103907]), array([0.43073991, 0.3188535 , 0.49617964]))","['QwenPRM_avg_scores (7.63B)', 'EurusPRMStage1_min_scores (7.62B)', 'QwenPRM_min_scores (7.63B)']","[0.10987076280292846, 0.10987076280292846, 0.4023867610977545, 0.10987076280292846, 0.10987076280292846, 0.10987076280292846, 0.10987076280292846, 0.4023867610977545, 0.4023867610977545, 0.4023867610977545, 0.4023867610977545, 0.10987076280292846, 0.10987076280292846, 0.4023867610977545, 0.4023867610977545, 0.4023867610977545, 0.4023867610977545, 0.9645242500435172, 0.4023867610977545, 0.4023867610977545, 0.4023867610977545, 0.4023867610977545, 0.10987076280292846, 0.10987076280292846, 0.10987076280292846, 0.10987076280292846, 0.10987076280292846, 0.10987076280292846, 0.10987076280292846, 0.4023867610977545, 0.10987076280292846, 0.10987076280292846, 0.4023867610977545, 0.10987076280292846, 0.4023867610977545, 0.4023867610977545, 0.4023867610977545, 0.10987076280292846, 0.10987076280292846, 0.10987076280292846, 0.4023867610977545, 0.4023867610977545, 0.4023867610977545, 0.4023867610977545, 0.4023867610977545, 0.10987076280292846, 0.4023867610977545, 0.10987076280292846, 0.4023867610977545, 0.4023867610977545, 0.10987076280292846, 0.4023867610977545, 0.10987076280292846, 0.10987076280292846, 0.4023867610977545, 0.4023867610977545, 0.4023867610977545, 0.10987076280292846, 0.10987076280292846, 0.10987076280292846, 0.4023867610977545, 0.4023867610977545, 0.10987076280292846, 0.4023867610977545, 0.4023867610977545, 0.4023867610977545, 0.4023867610977545, 0.4023867610977545, 0.10987076280292846, 0.4023867610977545, 0.10987076280292846, 0.4023867610977545, 0.4023867610977545, 0.4023867610977545, 0.10987076280292846, 0.10987076280292846, 0.10987076280292846, 0.10987076280292846, 0.4023867610977545, 0.10987076280292846, 0.4023867610977545, 0.4023867610977545, 0.4023867610977545, 0.10987076280292846, 0.10987076280292846, 0.4023867610977545, 0.4023867610977545, 0.4023867610977545, 0.10987076280292846, 0.10987076280292846, 0.4023867610977545, 0.4023867610977545, 0.4023867610977545, 0.10987076280292846, 0.4023867610977545, 0.4023867610977545, 0.4023867610977545, 0.10987076280292846, 0.10987076280292846, 0.4023867610977545]",2,train,6
0.66,37,29,0,34,100,5,1,1,1,0,0,0,5,1,1,1,0,0,0,"(array([0.55879849, 0.67265487, 0.49144965]), array([0.84062505, 0.72495449, 0.8600322 ]), array([0.16311719, 0.28036088, 0.14103907]), array([0.43073991, 0.3188535 , 0.49617964]))","['QwenPRM_avg_scores (7.63B)', 'EurusPRMStage1_min_scores (7.62B)', 'QwenPRM_min_scores (7.63B)']","[0.10987076280292846, 0.4023867610977545, 0.4023867610977545, 0.10987076280292846, 0.4023867610977545, 0.9645242500435172, 0.4023867610977545, 0.10987076280292846, 0.9645242500435172, 0.8182344565917195, 0.8182344565917195, 0.9645242500435172, 0.10987076280292846, 0.8182344565917195, 0.8182344565917195, 0.10987076280292846, 0.10987076280292846, 0.10987076280292846, 0.9645242500435172, 0.9645242500435172, 0.9645242500435172, 0.10987076280292846, 0.4023867610977545, 0.10987076280292846, 0.9645242500435172, 0.9645242500435172, 0.10987076280292846, 0.8328906272418104, 0.10987076280292846, 0.4023867610977545, 0.10987076280292846, 0.4023867610977545, 0.9645242500435172, 0.10987076280292846, 0.9645242500435172, 0.9645242500435172, 0.10987076280292846, 0.10987076280292846, 0.4023867610977545, 0.10987076280292846, 0.8182344565917195, 0.10987076280292846, 0.9645242500435172, 0.9645242500435172, 0.10987076280292846, 0.4023867610977545, 0.10987076280292846, 0.10987076280292846, 0.10987076280292846, 0.4023867610977545, 0.10987076280292846, 0.4023867610977545, 0.10987076280292846, 0.9645242500435172, 0.8182344565917195, 0.8328906272418104, 0.10987076280292846, 0.10987076280292846, 0.9645242500435172, 0.9645242500435172, 0.4023867610977545, 0.10987076280292846, 0.10987076280292846, 0.10987076280292846, 0.4023867610977545, 0.10987076280292846, 0.8182344565917195, 0.9645242500435172, 0.10987076280292846, 0.4023867610977545, 0.10987076280292846, 0.8182344565917195, 0.10987076280292846, 0.10987076280292846, 0.9645242500435172, 0.8182344565917195, 0.9645242500435172, 0.4023867610977545, 0.4023867610977545, 0.9645242500435172, 0.9645242500435172, 0.45212201506178645, 0.10987076280292846, 0.10987076280292846, 0.10987076280292846, 0.9645242500435172, 0.4023867610977545, 0.10987076280292846, 0.4023867610977545, 0.10987076280292846, 0.8182344565917195, 0.9645242500435172, 0.4023867610977545, 0.10987076280292846, 0.10987076280292846, 0.9645242500435172, 0.10987076280292846, 0.10987076280292846, 0.8182344565917195, 0.4023867610977545]",3,train,7
0.72,0,72,0,28,100,82,1,1,1,0,0,0,0,0,1,0,1,0,0,"(array([0.55879849, 0.67265487, 0.49144965]), array([0.84062505, 0.72495449, 0.8600322 ]), array([0.16311719, 0.28036088, 0.14103907]), array([0.43073991, 0.3188535 , 0.49617964]))","['QwenPRM_avg_scores (7.63B)', 'EurusPRMStage1_min_scores (7.62B)', 'QwenPRM_min_scores (7.63B)']","[0.10987076280292846, 0.10987076280292846, 0.10987076280292846, 0.10987076280292846, 0.10987076280292846, 0.10987076280292846, 0.10987076280292846, 0.10987076280292846, 0.10987076280292846, 0.10987076280292846, 0.10987076280292846, 0.10987076280292846, 0.4023867610977545, 0.10987076280292846, 0.10987076280292846, 0.10987076280292846, 0.10987076280292846, 0.10987076280292846, 0.10987076280292846, 0.10987076280292846, 0.10987076280292846, 0.4023867610977545, 0.4023867610977545, 0.10987076280292846, 0.10987076280292846, 0.4023867610977545, 0.4023867610977545, 0.10987076280292846, 0.10987076280292846, 0.10987076280292846, 0.10987076280292846, 0.10987076280292846, 0.10987076280292846, 0.10987076280292846, 0.10987076280292846, 0.10987076280292846, 0.10987076280292846, 0.10987076280292846, 0.10987076280292846, 0.10987076280292846, 0.4023867610977545, 0.4023867610977545, 0.10987076280292846, 0.10987076280292846, 0.4023867610977545, 0.10987076280292846, 0.10987076280292846, 0.10987076280292846, 0.4023867610977545, 0.4023867610977545, 0.10987076280292846, 0.10987076280292846, 0.4023867610977545, 0.4023867610977545, 0.10987076280292846, 0.4023867610977545, 0.4023867610977545, 0.10987076280292846, 0.10987076280292846, 0.10987076280292846, 0.10987076280292846, 0.10987076280292846, 0.10987076280292846, 0.10987076280292846, 0.10987076280292846, 0.10987076280292846, 0.10987076280292846, 0.4023867610977545, 0.4023867610977545, 0.4023867610977545, 0.10987076280292846, 0.10987076280292846, 0.10987076280292846, 0.10987076280292846, 0.10987076280292846, 0.10987076280292846, 0.10987076280292846, 0.4023867610977545, 0.4023867610977545, 0.10987076280292846, 0.10987076280292846, 0.10987076280292846, 0.45212201506178645, 0.10987076280292846, 0.10987076280292846, 0.10987076280292846, 0.4023867610977545, 0.10987076280292846, 0.4023867610977545, 0.10987076280292846, 0.10987076280292846, 0.10987076280292846, 0.4023867610977545, 0.10987076280292846, 0.10987076280292846, 0.4023867610977545, 0.10987076280292846, 0.10987076280292846, 0.4023867610977545, 0.10987076280292846]",4,train,2
0.63,31,32,5,32,100,6,1,1,1,0,0,0,6,1,1,1,0,0,0,"(array([0.55879849, 0.67265487, 0.49144965]), array([0.84062505, 0.72495449, 0.8600322 ]), array([0.16311719, 0.28036088, 0.14103907]), array([0.43073991, 0.3188535 , 0.49617964]))","['QwenPRM_avg_scores (7.63B)', 'EurusPRMStage1_min_scores (7.62B)', 'QwenPRM_min_scores (7.63B)']","[0.8182344565917195, 0.4023867610977545, 0.10987076280292846, 0.8182344565917195, 0.8182344565917195, 0.10987076280292846, 0.9645242500435172, 0.8328906272418104, 0.10987076280292846, 0.9645242500435172, 0.8182344565917195, 0.8182344565917195, 0.4023867610977545, 0.9645242500435172, 0.10987076280292846, 0.9645242500435172, 0.10987076280292846, 0.8328906272418104, 0.8182344565917195, 0.10987076280292846, 0.45212201506178645, 0.4023867610977545, 0.9645242500435172, 0.4023867610977545, 0.10987076280292846, 0.8328906272418104, 0.45212201506178645, 0.10987076280292846, 0.10987076280292846, 0.10987076280292846, 0.8328906272418104, 0.10987076280292846, 0.10987076280292846, 0.8328906272418104, 0.9645242500435172, 0.8182344565917195, 0.10987076280292846, 0.10987076280292846, 0.10987076280292846, 0.8182344565917195, 0.4023867610977545, 0.8328906272418104, 0.10987076280292846, 0.45212201506178645, 0.9645242500435172, 0.4023867610977545, 0.4023867610977545, 0.9645242500435172, 0.4023867610977545, 0.45212201506178645, 0.4023867610977545, 0.8182344565917195, 0.8328906272418104, 0.4023867610977545, 0.8182344565917195, 0.10987076280292846, 0.10987076280292846, 0.45212201506178645, 0.9645242500435172, 0.10987076280292846, 0.4023867610977545, 0.10987076280292846, 0.4023867610977545, 0.8328906272418104, 0.10987076280292846, 0.4023867610977545, 0.4023867610977545, 0.10987076280292846, 0.8182344565917195, 0.8182344565917195, 0.4023867610977545, 0.4023867610977545, 0.10987076280292846, 0.45212201506178645, 0.10987076280292846, 0.4023867610977545, 0.10987076280292846, 0.4023867610977545, 0.9645242500435172, 0.10987076280292846, 0.10987076280292846, 0.4023867610977545, 0.8182344565917195, 0.8182344565917195, 0.9645242500435172, 0.4023867610977545, 0.9645242500435172, 0.10987076280292846, 0.42709644232268407, 0.10987076280292846, 0.10987076280292846, 0.4023867610977545, 0.45212201506178645, 0.4023867610977545, 0.10987076280292846, 0.10987076280292846, 0.8182344565917195, 0.8182344565917195, 0.10987076280292846, 0.45212201506178645]",5,train,6
0.99,2,97,1,0,100,23,1,1,1,0,0,0,0,0,1,0,1,0,0,"(array([0.55879849, 0.67265487, 0.49144965]), array([0.84062505, 0.72495449, 0.8600322 ]), array([0.16311719, 0.28036088, 0.14103907]), array([0.43073991, 0.3188535 , 0.49617964]))","['QwenPRM_avg_scores (7.63B)', 'EurusPRMStage1_min_scores (7.62B)', 'QwenPRM_min_scores (7.63B)']","[0.10987076280292846, 0.10987076280292846, 0.10987076280292846, 0.4023867610977545, 0.4023867610977545, 0.10987076280292846, 0.4023867610977545, 0.10987076280292846, 0.4023867610977545, 0.10987076280292846, 0.10987076280292846, 0.10987076280292846, 0.10987076280292846, 0.4023867610977545, 0.10987076280292846, 0.4023867610977545, 0.10987076280292846, 0.4023867610977545, 0.10987076280292846, 0.4023867610977545, 0.10987076280292846, 0.4023867610977545, 0.10987076280292846, 0.8182344565917195, 0.10987076280292846, 0.10987076280292846, 0.4023867610977545, 0.10987076280292846, 0.10987076280292846, 0.10987076280292846, 0.4023867610977545, 0.10987076280292846, 0.10987076280292846, 0.10987076280292846, 0.10987076280292846, 0.10987076280292846, 0.4023867610977545, 0.10987076280292846, 0.4023867610977545, 0.10987076280292846, 0.10987076280292846, 0.10987076280292846, 0.10987076280292846, 0.4023867610977545, 0.4023867610977545, 0.10987076280292846, 0.4023867610977545, 0.10987076280292846, 0.10987076280292846, 0.4023867610977545, 0.10987076280292846, 0.4023867610977545, 0.10987076280292846, 0.10987076280292846, 0.10987076280292846, 0.4023867610977545, 0.4023867610977545, 0.10987076280292846, 0.4023867610977545, 0.4023867610977545, 0.4023867610977545, 0.10987076280292846, 0.4023867610977545, 0.10987076280292846, 0.10987076280292846, 0.10987076280292846, 0.10987076280292846, 0.4023867610977545, 0.10987076280292846, 0.4023867610977545, 0.4023867610977545, 0.8182344565917195, 0.10987076280292846, 0.4023867610977545, 0.4023867610977545, 0.4023867610977545, 0.4023867610977545, 0.10987076280292846, 0.4023867610977545, 0.4023867610977545, 0.10987076280292846, 0.10987076280292846, 0.4023867610977545, 0.10987076280292846, 0.4023867610977545, 0.10987076280292846, 0.10987076280292846, 0.8182344565917195, 0.10987076280292846, 0.10987076280292846, 0.4023867610977545, 0.4023867610977545, 0.10987076280292846, 0.10987076280292846, 0.10987076280292846, 0.10987076280292846, 0.10987076280292846, 0.4023867610977545, 0.4023867610977545, 0.4023867610977545]",6,train,0
0.17,13,4,0,83,100,33,1,1,1,0,0,0,33,1,1,1,0,0,0,"(array([0.55879849, 0.67265487, 0.49144965]), array([0.84062505, 0.72495449, 0.8600322 ]), array([0.16311719, 0.28036088, 0.14103907]), array([0.43073991, 0.3188535 , 0.49617964]))","['QwenPRM_avg_scores (7.63B)', 'EurusPRMStage1_min_scores (7.62B)', 'QwenPRM_min_scores (7.63B)']","[0.8182344565917195, 0.4023867610977545, 0.4023867610977545, 0.4023867610977545, 0.10987076280292846, 0.10987076280292846, 0.4023867610977545, 0.4023867610977545, 0.4023867610977545, 0.8026316733576279, 0.4023867610977545, 0.4023867610977545, 0.8182344565917195, 0.4023867610977545, 0.4023867610977545, 0.4023867610977545, 0.4023867610977545, 0.4023867610977545, 0.4023867610977545, 0.4023867610977545, 0.4023867610977545, 0.8182344565917195, 0.4023867610977545, 0.10987076280292846, 0.10987076280292846, 0.4023867610977545, 0.4023867610977545, 0.4023867610977545, 0.4023867610977545, 0.10987076280292846, 0.45212201506178645, 0.4023867610977545, 0.4023867610977545, 0.9645242500435172, 0.4023867610977545, 0.4023867610977545, 0.10987076280292846, 0.4023867610977545, 0.10987076280292846, 0.4023867610977545, 0.8182344565917195, 0.8182344565917195, 0.4023867610977545, 0.4023867610977545, 0.10987076280292846, 0.4023867610977545, 0.4023867610977545, 0.4023867610977545, 0.10987076280292846, 0.8182344565917195, 0.4023867610977545, 0.8182344565917195, 0.4023867610977545, 0.4023867610977545, 0.4023867610977545, 0.4023867610977545, 0.4023867610977545, 0.4023867610977545, 0.9645242500435172, 0.4023867610977545, 0.4023867610977545, 0.10987076280292846, 0.4023867610977545, 0.4023867610977545, 0.4023867610977545, 0.4023867610977545, 0.4023867610977545, 0.4023867610977545, 0.10987076280292846, 0.4023867610977545, 0.10987076280292846, 0.10987076280292846, 0.4023867610977545, 0.9645242500435172, 0.4023867610977545, 0.4023867610977545, 0.4023867610977545, 0.10987076280292846, 0.10987076280292846, 0.4023867610977545, 0.4023867610977545, 0.8182344565917195, 0.10987076280292846, 0.9645242500435172, 0.4023867610977545, 0.10987076280292846, 0.10987076280292846, 0.4023867610977545, 0.4023867610977545, 0.4023867610977545, 0.4023867610977545, 0.4023867610977545, 0.4023867610977545, 0.4023867610977545, 0.4023867610977545, 0.4023867610977545, 0.4023867610977545, 0.4023867610977545, 0.4023867610977545, 0.4023867610977545]",7,train,9
0.74,31,43,0,26,100,5,1,1,1,0,0,0,5,1,1,1,0,0,0,"(array([0.55879849, 0.67265487, 0.49144965]), array([0.84062505, 0.72495449, 0.8600322 ]), array([0.16311719, 0.28036088, 0.14103907]), array([0.43073991, 0.3188535 , 0.49617964]))","['QwenPRM_avg_scores (7.63B)', 'EurusPRMStage1_min_scores (7.62B)', 'QwenPRM_min_scores (7.63B)']","[0.10987076280292846, 0.8182344565917195, 0.4023867610977545, 0.10987076280292846, 0.8182344565917195, 0.9645242500435172, 0.9645242500435172, 0.10987076280292846, 0.4023867610977545, 0.4023867610977545, 0.8182344565917195, 0.4023867610977545, 0.10987076280292846, 0.8182344565917195, 0.10987076280292846, 0.8182344565917195, 0.4023867610977545, 0.10987076280292846, 0.9645242500435172, 0.4023867610977545, 0.9645242500435172, 0.4023867610977545, 0.8182344565917195, 0.9645242500435172, 0.9645242500435172, 0.9645242500435172, 0.10987076280292846, 0.10987076280292846, 0.4023867610977545, 0.10987076280292846, 0.10987076280292846, 0.10987076280292846, 0.10987076280292846, 0.4023867610977545, 0.10987076280292846, 0.8182344565917195, 0.10987076280292846, 0.10987076280292846, 0.10987076280292846, 0.10987076280292846, 0.10987076280292846, 0.4023867610977545, 0.10987076280292846, 0.8182344565917195, 0.10987076280292846, 0.10987076280292846, 0.8182344565917195, 0.10987076280292846, 0.8182344565917195, 0.4023867610977545, 0.4023867610977545, 0.10987076280292846, 0.8182344565917195, 0.8182344565917195, 0.10987076280292846, 0.10987076280292846, 0.10987076280292846, 0.8182344565917195, 0.10987076280292846, 0.4023867610977545, 0.10987076280292846, 0.4023867610977545, 0.4023867610977545, 0.8182344565917195, 0.10987076280292846, 0.10987076280292846, 0.8182344565917195, 0.10987076280292846, 0.10987076280292846, 0.10987076280292846, 0.9645242500435172, 0.4023867610977545, 0.4023867610977545, 0.8182344565917195, 0.4023867610977545, 0.10987076280292846, 0.10987076280292846, 0.10987076280292846, 0.9645242500435172, 0.10987076280292846, 0.10987076280292846, 0.10987076280292846, 0.10987076280292846, 0.10987076280292846, 0.10987076280292846, 0.4023867610977545, 0.10987076280292846, 0.9645242500435172, 0.9645242500435172, 0.10987076280292846, 0.10987076280292846, 0.8182344565917195, 0.9645242500435172, 0.10987076280292846, 0.10987076280292846, 0.10987076280292846, 0.10987076280292846, 0.8182344565917195, 0.10987076280292846, 0.9645242500435172]",8,train,5
0.79,0,79,0,21,100,16,0,1,0,0,0,1,0,0,1,0,1,0,0,"(array([0.55879849, 0.67265487, 0.49144965]), array([0.84062505, 0.72495449, 0.8600322 ]), array([0.16311719, 0.28036088, 0.14103907]), array([0.43073991, 0.3188535 , 0.49617964]))","['QwenPRM_avg_scores (7.63B)', 'EurusPRMStage1_min_scores (7.62B)', 'QwenPRM_min_scores (7.63B)']","[0.10987076280292846, 0.10987076280292846, 0.10987076280292846, 0.10987076280292846, 0.10987076280292846, 0.10987076280292846, 0.10987076280292846, 0.10987076280292846, 0.10987076280292846, 0.10987076280292846, 0.10987076280292846, 0.10987076280292846, 0.10987076280292846, 0.10987076280292846, 0.10987076280292846, 0.10987076280292846, 0.4023867610977545, 0.4023867610977545, 0.4023867610977545, 0.4023867610977545, 0.10987076280292846, 0.10987076280292846, 0.10987076280292846, 0.10987076280292846, 0.10987076280292846, 0.4023867610977545, 0.10987076280292846, 0.10987076280292846, 0.10987076280292846, 0.10987076280292846, 0.10987076280292846, 0.10987076280292846, 0.10987076280292846, 0.10987076280292846, 0.10987076280292846, 0.4023867610977545, 0.10987076280292846, 0.10987076280292846, 0.10987076280292846, 0.4023867610977545, 0.4023867610977545, 0.4023867610977545, 0.10987076280292846, 0.10987076280292846, 0.10987076280292846, 0.10987076280292846, 0.10987076280292846, 0.10987076280292846, 0.10987076280292846, 0.4023867610977545, 0.4023867610977545, 0.10987076280292846, 0.10987076280292846, 0.4023867610977545, 0.4023867610977545, 0.4023867610977545, 0.10987076280292846, 0.4023867610977545, 0.10987076280292846, 0.10987076280292846, 0.10987076280292846, 0.10987076280292846, 0.10987076280292846, 0.10987076280292846, 0.10987076280292846, 0.10987076280292846, 0.10987076280292846, 0.10987076280292846, 0.10987076280292846, 0.10987076280292846, 0.4023867610977545, 0.4023867610977545, 0.10987076280292846, 0.10987076280292846, 0.10987076280292846, 0.10987076280292846, 0.10987076280292846, 0.10987076280292846, 0.10987076280292846, 0.10987076280292846, 0.10987076280292846, 0.10987076280292846, 0.4023867610977545, 0.10987076280292846, 0.10987076280292846, 0.10987076280292846, 0.10987076280292846, 0.4023867610977545, 0.10987076280292846, 0.10987076280292846, 0.10987076280292846, 0.4023867610977545, 0.4023867610977545, 0.4023867610977545, 0.10987076280292846, 0.10987076280292846, 0.4023867610977545, 0.10987076280292846, 0.10987076280292846, 0.10987076280292846]",9,train,2
0.84,2,82,1,15,100,54,1,1,1,0,0,0,54,1,1,1,0,0,0,"(array([0.55879849, 0.67265487, 0.49144965]), array([0.84062505, 0.72495449, 0.8600322 ]), array([0.16311719, 0.28036088, 0.14103907]), array([0.43073991, 0.3188535 , 0.49617964]))","['QwenPRM_avg_scores (7.63B)', 'EurusPRMStage1_min_scores (7.62B)', 'QwenPRM_min_scores (7.63B)']","[0.10987076280292846, 0.10987076280292846, 0.10987076280292846, 0.10987076280292846, 0.10987076280292846, 0.10987076280292846, 0.10987076280292846, 0.10987076280292846, 0.10987076280292846, 0.10987076280292846, 0.10987076280292846, 0.10987076280292846, 0.10987076280292846, 0.10987076280292846, 0.10987076280292846, 0.10987076280292846, 0.4023867610977545, 0.10987076280292846, 0.10987076280292846, 0.10987076280292846, 0.10987076280292846, 0.10987076280292846, 0.10987076280292846, 0.10987076280292846, 0.10987076280292846, 0.10987076280292846, 0.10987076280292846, 0.10987076280292846, 0.10987076280292846, 0.10987076280292846, 0.10987076280292846, 0.8182344565917195, 0.10987076280292846, 0.10987076280292846, 0.10987076280292846, 0.4023867610977545, 0.10987076280292846, 0.10987076280292846, 0.10987076280292846, 0.10987076280292846, 0.10987076280292846, 0.10987076280292846, 0.10987076280292846, 0.10987076280292846, 0.10987076280292846, 0.10987076280292846, 0.10987076280292846, 0.10987076280292846, 0.10987076280292846, 0.10987076280292846, 0.10987076280292846, 0.4023867610977545, 0.10987076280292846, 0.10987076280292846, 0.9645242500435172, 0.4023867610977545, 0.4023867610977545, 0.10987076280292846, 0.10987076280292846, 0.10987076280292846, 0.10987076280292846, 0.4023867610977545, 0.10987076280292846, 0.10987076280292846, 0.4023867610977545, 0.10987076280292846, 0.10987076280292846, 0.10987076280292846, 0.10987076280292846, 0.10987076280292846, 0.10987076280292846, 0.10987076280292846, 0.10987076280292846, 0.10987076280292846, 0.10987076280292846, 0.10987076280292846, 0.10987076280292846, 0.10987076280292846, 0.45212201506178645, 0.8182344565917195, 0.4023867610977545, 0.10987076280292846, 0.10987076280292846, 0.10987076280292846, 0.10987076280292846, 0.10987076280292846, 0.10987076280292846, 0.10987076280292846, 0.10987076280292846, 0.10987076280292846, 0.10987076280292846, 0.10987076280292846, 0.10987076280292846, 0.10987076280292846, 0.10987076280292846, 0.10987076280292846, 0.10987076280292846, 0.10987076280292846, 0.10987076280292846, 0.4023867610977545]",10,train,1
0.62,28,34,0,38,100,1,1,1,1,0,0,0,1,1,1,1,0,0,0,"(array([0.55879849, 0.67265487, 0.49144965]), array([0.84062505, 0.72495449, 0.8600322 ]), array([0.16311719, 0.28036088, 0.14103907]), array([0.43073991, 0.3188535 , 0.49617964]))","['QwenPRM_avg_scores (7.63B)', 'EurusPRMStage1_min_scores (7.62B)', 'QwenPRM_min_scores (7.63B)']","[0.10987076280292846, 0.9645242500435172, 0.8182344565917195, 0.9645242500435172, 0.8182344565917195, 0.4023867610977545, 0.4023867610977545, 0.8182344565917195, 0.10987076280292846, 0.10987076280292846, 0.4023867610977545, 0.10987076280292846, 0.4023867610977545, 0.10987076280292846, 0.8182344565917195, 0.8182344565917195, 0.4023867610977545, 0.10987076280292846, 0.4023867610977545, 0.10987076280292846, 0.10987076280292846, 0.9645242500435172, 0.8182344565917195, 0.10987076280292846, 0.9645242500435172, 0.8182344565917195, 0.9645242500435172, 0.10987076280292846, 0.10987076280292846, 0.4023867610977545, 0.9645242500435172, 0.4023867610977545, 0.10987076280292846, 0.10987076280292846, 0.4023867610977545, 0.4023867610977545, 0.10987076280292846, 0.4023867610977545, 0.4023867610977545, 0.9645242500435172, 0.10987076280292846, 0.10987076280292846, 0.4023867610977545, 0.4023867610977545, 0.8182344565917195, 0.4023867610977545, 0.9645242500435172, 0.10987076280292846, 0.4023867610977545, 0.10987076280292846, 0.8182344565917195, 0.10987076280292846, 0.4023867610977545, 0.4023867610977545, 0.9645242500435172, 0.10987076280292846, 0.10987076280292846, 0.8182344565917195, 0.10987076280292846, 0.4023867610977545, 0.10987076280292846, 0.10987076280292846, 0.4023867610977545, 0.8182344565917195, 0.10987076280292846, 0.9645242500435172, 0.10987076280292846, 0.10987076280292846, 0.9645242500435172, 0.9645242500435172, 0.9645242500435172, 0.4023867610977545, 0.10987076280292846, 0.10987076280292846, 0.10987076280292846, 0.10987076280292846, 0.4023867610977545, 0.8182344565917195, 0.8182344565917195, 0.4023867610977545, 0.10987076280292846, 0.4023867610977545, 0.10987076280292846, 0.4023867610977545, 0.4023867610977545, 0.10987076280292846, 0.10987076280292846, 0.4023867610977545, 0.8182344565917195, 0.4023867610977545, 0.10987076280292846, 0.10987076280292846, 0.10987076280292846, 0.8182344565917195, 0.10987076280292846, 0.4023867610977545, 0.10987076280292846, 0.10987076280292846, 0.4023867610977545, 0.4023867610977545]",11,train,6
0.67,58,9,0,33,100,0,1,1,1,0,0,0,0,1,1,1,0,0,0,"(array([0.55879849, 0.67265487, 0.49144965]), array([0.84062505, 0.72495449, 0.8600322 ]), array([0.16311719, 0.28036088, 0.14103907]), array([0.43073991, 0.3188535 , 0.49617964]))","['QwenPRM_avg_scores (7.63B)', 'EurusPRMStage1_min_scores (7.62B)', 'QwenPRM_min_scores (7.63B)']","[0.9645242500435172, 0.10987076280292846, 0.4023867610977545, 0.9645242500435172, 0.10987076280292846, 0.10987076280292846, 0.8182344565917195, 0.8182344565917195, 0.8182344565917195, 0.9645242500435172, 0.8182344565917195, 0.8182344565917195, 0.4023867610977545, 0.4023867610977545, 0.9645242500435172, 0.8182344565917195, 0.45212201506178645, 0.4023867610977545, 0.8328906272418104, 0.10987076280292846, 0.9645242500435172, 0.9645242500435172, 0.8182344565917195, 0.10987076280292846, 0.10987076280292846, 0.9645242500435172, 0.9645242500435172, 0.8328906272418104, 0.9645242500435172, 0.45212201506178645, 0.10987076280292846, 0.4023867610977545, 0.9645242500435172, 0.4023867610977545, 0.8182344565917195, 0.10987076280292846, 0.4023867610977545, 0.8328906272418104, 0.9645242500435172, 0.8328906272418104, 0.8182344565917195, 0.9645242500435172, 0.8182344565917195, 0.9645242500435172, 0.9645242500435172, 0.10987076280292846, 0.8328906272418104, 0.9645242500435172, 0.10987076280292846, 0.8182344565917195, 0.9645242500435172, 0.8328906272418104, 0.9645242500435172, 0.4023867610977545, 0.45212201506178645, 0.10987076280292846, 0.8182344565917195, 0.9645242500435172, 0.9645242500435172, 0.8182344565917195, 0.10987076280292846, 0.45212201506178645, 0.8182344565917195, 0.4023867610977545, 0.8328906272418104, 0.9645242500435172, 0.9645242500435172, 0.9645242500435172, 0.8182344565917195, 0.10987076280292846, 0.9645242500435172, 0.10987076280292846, 0.10987076280292846, 0.10987076280292846, 0.10987076280292846, 0.8182344565917195, 0.9645242500435172, 0.10987076280292846, 0.8328906272418104, 0.4023867610977545, 0.9645242500435172, 0.9645242500435172, 0.10987076280292846, 0.8182344565917195, 0.8182344565917195, 0.9645242500435172, 0.4023867610977545, 0.8328906272418104, 0.8328906272418104, 0.8182344565917195, 0.8182344565917195, 0.4023867610977545, 0.4023867610977545, 0.45212201506178645, 0.45212201506178645, 0.45212201506178645, 0.10987076280292846, 0.4023867610977545, 0.4023867610977545, 0.9645242500435172]",12,train,9
0.75,0,75,1,24,100,50,0,1,0,0,0,1,2,0,1,0,1,0,0,"(array([0.55879849, 0.67265487, 0.49144965]), array([0.84062505, 0.72495449, 0.8600322 ]), array([0.16311719, 0.28036088, 0.14103907]), array([0.43073991, 0.3188535 , 0.49617964]))","['QwenPRM_avg_scores (7.63B)', 'EurusPRMStage1_min_scores (7.62B)', 'QwenPRM_min_scores (7.63B)']","[0.4023867610977545, 0.4023867610977545, 0.10987076280292846, 0.4023867610977545, 0.10987076280292846, 0.4023867610977545, 0.4023867610977545, 0.4023867610977545, 0.4023867610977545, 0.10987076280292846, 0.10987076280292846, 0.4023867610977545, 0.10987076280292846, 0.10987076280292846, 0.10987076280292846, 0.10987076280292846, 0.4023867610977545, 0.10987076280292846, 0.45212201506178645, 0.10987076280292846, 0.10987076280292846, 0.10987076280292846, 0.10987076280292846, 0.4023867610977545, 0.4023867610977545, 0.10987076280292846, 0.10987076280292846, 0.10987076280292846, 0.10987076280292846, 0.10987076280292846, 0.10987076280292846, 0.4023867610977545, 0.4023867610977545, 0.4023867610977545, 0.10987076280292846, 0.4023867610977545, 0.10987076280292846, 0.4023867610977545, 0.4023867610977545, 0.4023867610977545, 0.4023867610977545, 0.4023867610977545, 0.10987076280292846, 0.4023867610977545, 0.4023867610977545, 0.10987076280292846, 0.10987076280292846, 0.10987076280292846, 0.10987076280292846, 0.4023867610977545, 0.8182344565917195, 0.4023867610977545, 0.10987076280292846, 0.4023867610977545, 0.10987076280292846, 0.4023867610977545, 0.10987076280292846, 0.10987076280292846, 0.10987076280292846, 0.4023867610977545, 0.4023867610977545, 0.4023867610977545, 0.10987076280292846, 0.4023867610977545, 0.10987076280292846, 0.4023867610977545, 0.4023867610977545, 0.4023867610977545, 0.4023867610977545, 0.4023867610977545, 0.10987076280292846, 0.4023867610977545, 0.10987076280292846, 0.10987076280292846, 0.4023867610977545, 0.4023867610977545, 0.4023867610977545, 0.4023867610977545, 0.4023867610977545, 0.4023867610977545, 0.10987076280292846, 0.4023867610977545, 0.4023867610977545, 0.4023867610977545, 0.10987076280292846, 0.4023867610977545, 0.4023867610977545, 0.10987076280292846, 0.4023867610977545, 0.4023867610977545, 0.10987076280292846, 0.10987076280292846, 0.10987076280292846, 0.10987076280292846, 0.4023867610977545, 0.4023867610977545, 0.4023867610977545, 0.10987076280292846, 0.4023867610977545, 0.4023867610977545]",13,train,2
0.38,1,37,0,62,100,12,1,1,1,0,0,0,0,0,1,0,1,0,0,"(array([0.55879849, 0.67265487, 0.49144965]), array([0.84062505, 0.72495449, 0.8600322 ]), array([0.16311719, 0.28036088, 0.14103907]), array([0.43073991, 0.3188535 , 0.49617964]))","['QwenPRM_avg_scores (7.63B)', 'EurusPRMStage1_min_scores (7.62B)', 'QwenPRM_min_scores (7.63B)']","[0.10987076280292846, 0.4023867610977545, 0.10987076280292846, 0.10987076280292846, 0.10987076280292846, 0.10987076280292846, 0.10987076280292846, 0.4023867610977545, 0.10987076280292846, 0.10987076280292846, 0.10987076280292846, 0.4023867610977545, 0.8182344565917195, 0.10987076280292846, 0.4023867610977545, 0.10987076280292846, 0.10987076280292846, 0.10987076280292846, 0.10987076280292846, 0.10987076280292846, 0.10987076280292846, 0.10987076280292846, 0.10987076280292846, 0.4023867610977545, 0.10987076280292846, 0.4023867610977545, 0.4023867610977545, 0.10987076280292846, 0.10987076280292846, 0.4023867610977545, 0.10987076280292846, 0.10987076280292846, 0.4023867610977545, 0.10987076280292846, 0.10987076280292846, 0.10987076280292846, 0.4023867610977545, 0.10987076280292846, 0.10987076280292846, 0.10987076280292846, 0.10987076280292846, 0.4023867610977545, 0.10987076280292846, 0.4023867610977545, 0.10987076280292846, 0.10987076280292846, 0.4023867610977545, 0.4023867610977545, 0.10987076280292846, 0.4023867610977545, 0.4023867610977545, 0.10987076280292846, 0.10987076280292846, 0.10987076280292846, 0.10987076280292846, 0.4023867610977545, 0.4023867610977545, 0.4023867610977545, 0.10987076280292846, 0.10987076280292846, 0.4023867610977545, 0.4023867610977545, 0.10987076280292846, 0.4023867610977545, 0.10987076280292846, 0.10987076280292846, 0.10987076280292846, 0.10987076280292846, 0.10987076280292846, 0.10987076280292846, 0.4023867610977545, 0.10987076280292846, 0.4023867610977545, 0.4023867610977545, 0.10987076280292846, 0.4023867610977545, 0.4023867610977545, 0.4023867610977545, 0.10987076280292846, 0.10987076280292846, 0.10987076280292846, 0.4023867610977545, 0.4023867610977545, 0.10987076280292846, 0.4023867610977545, 0.10987076280292846, 0.10987076280292846, 0.10987076280292846, 0.10987076280292846, 0.4023867610977545, 0.4023867610977545, 0.4023867610977545, 0.10987076280292846, 0.4023867610977545, 0.10987076280292846, 0.10987076280292846, 0.10987076280292846, 0.4023867610977545, 0.10987076280292846, 0.10987076280292846]",14,train,6
0.64,27,37,0,36,100,3,1,1,1,0,0,0,3,1,1,1,0,0,0,"(array([0.55879849, 0.67265487, 0.49144965]), array([0.84062505, 0.72495449, 0.8600322 ]), array([0.16311719, 0.28036088, 0.14103907]), array([0.43073991, 0.3188535 , 0.49617964]))","['QwenPRM_avg_scores (7.63B)', 'EurusPRMStage1_min_scores (7.62B)', 'QwenPRM_min_scores (7.63B)']","[0.8026316733576279, 0.10987076280292846, 0.4023867610977545, 0.9645242500435172, 0.10987076280292846, 0.8182344565917195, 0.10987076280292846, 0.9645242500435172, 0.4023867610977545, 0.4023867610977545, 0.4023867610977545, 0.10987076280292846, 0.9645242500435172, 0.9645242500435172, 0.4023867610977545, 0.10987076280292846, 0.10987076280292846, 0.10987076280292846, 0.10987076280292846, 0.4023867610977545, 0.10987076280292846, 0.4023867610977545, 0.10987076280292846, 0.10987076280292846, 0.10987076280292846, 0.10987076280292846, 0.10987076280292846, 0.9645242500435172, 0.4023867610977545, 0.4023867610977545, 0.4023867610977545, 0.10987076280292846, 0.4023867610977545, 0.10987076280292846, 0.4023867610977545, 0.10987076280292846, 0.10987076280292846, 0.9645242500435172, 0.10987076280292846, 0.10987076280292846, 0.8182344565917195, 0.10987076280292846, 0.4023867610977545, 0.10987076280292846, 0.4023867610977545, 0.8182344565917195, 0.10987076280292846, 0.10987076280292846, 0.8026316733576279, 0.9645242500435172, 0.9645242500435172, 0.4023867610977545, 0.4023867610977545, 0.9645242500435172, 0.10987076280292846, 0.4023867610977545, 0.10987076280292846, 0.4023867610977545, 0.4023867610977545, 0.9645242500435172, 0.10987076280292846, 0.10987076280292846, 0.10987076280292846, 0.4023867610977545, 0.9645242500435172, 0.4023867610977545, 0.4023867610977545, 0.9645242500435172, 0.10987076280292846, 0.4023867610977545, 0.8182344565917195, 0.45212201506178645, 0.10987076280292846, 0.10987076280292846, 0.4023867610977545, 0.10987076280292846, 0.8182344565917195, 0.4023867610977545, 0.8026316733576279, 0.10987076280292846, 0.8182344565917195, 0.8182344565917195, 0.10987076280292846, 0.4023867610977545, 0.4023867610977545, 0.9645242500435172, 0.8182344565917195, 0.8182344565917195, 0.10987076280292846, 0.9645242500435172, 0.4023867610977545, 0.10987076280292846, 0.10987076280292846, 0.8182344565917195, 0.10987076280292846, 0.10987076280292846, 0.10987076280292846, 0.4023867610977545, 0.10987076280292846, 0.10987076280292846]",15,train,6
0.72,50,22,0,28,100,3,1,1,1,0,0,0,3,1,1,1,0,0,0,"(array([0.55879849, 0.67265487, 0.49144965]), array([0.84062505, 0.72495449, 0.8600322 ]), array([0.16311719, 0.28036088, 0.14103907]), array([0.43073991, 0.3188535 , 0.49617964]))","['QwenPRM_avg_scores (7.63B)', 'EurusPRMStage1_min_scores (7.62B)', 'QwenPRM_min_scores (7.63B)']","[0.4023867610977545, 0.10987076280292846, 0.8182344565917195, 0.9645242500435172, 0.8182344565917195, 0.9645242500435172, 0.10987076280292846, 0.10987076280292846, 0.4023867610977545, 0.10987076280292846, 0.8182344565917195, 0.8182344565917195, 0.9645242500435172, 0.9645242500435172, 0.10987076280292846, 0.9645242500435172, 0.9645242500435172, 0.8182344565917195, 0.9645242500435172, 0.9645242500435172, 0.4023867610977545, 0.8182344565917195, 0.4023867610977545, 0.10987076280292846, 0.9645242500435172, 0.8182344565917195, 0.10987076280292846, 0.9645242500435172, 0.10987076280292846, 0.9645242500435172, 0.10987076280292846, 0.4023867610977545, 0.4023867610977545, 0.10987076280292846, 0.4023867610977545, 0.8182344565917195, 0.8182344565917195, 0.10987076280292846, 0.4023867610977545, 0.4023867610977545, 0.8182344565917195, 0.8328906272418104, 0.8182344565917195, 0.10987076280292846, 0.8182344565917195, 0.9645242500435172, 0.9645242500435172, 0.10987076280292846, 0.4023867610977545, 0.9645242500435172, 0.10987076280292846, 0.10987076280292846, 0.9645242500435172, 0.9645242500435172, 0.9645242500435172, 0.9645242500435172, 0.9645242500435172, 0.9645242500435172, 0.4023867610977545, 0.9645242500435172, 0.8182344565917195, 0.10987076280292846, 0.9645242500435172, 0.9645242500435172, 0.4023867610977545, 0.10987076280292846, 0.10987076280292846, 0.8182344565917195, 0.9645242500435172, 0.10987076280292846, 0.4023867610977545, 0.10987076280292846, 0.4023867610977545, 0.8182344565917195, 0.10987076280292846, 0.8182344565917195, 0.10987076280292846, 0.10987076280292846, 0.4023867610977545, 0.4023867610977545, 0.8182344565917195, 0.4023867610977545, 0.10987076280292846, 0.8328906272418104, 0.45212201506178645, 0.10987076280292846, 0.10987076280292846, 0.10987076280292846, 0.4023867610977545, 0.9645242500435172, 0.9645242500435172, 0.10987076280292846, 0.10987076280292846, 0.9645242500435172, 0.8182344565917195, 0.4023867610977545, 0.10987076280292846, 0.8182344565917195, 0.8182344565917195, 0.9645242500435172]",16,train,7
0.76,75,1,0,24,100,5,1,1,1,0,0,0,5,1,1,1,0,0,0,"(array([0.55879849, 0.67265487, 0.49144965]), array([0.84062505, 0.72495449, 0.8600322 ]), array([0.16311719, 0.28036088, 0.14103907]), array([0.43073991, 0.3188535 , 0.49617964]))","['QwenPRM_avg_scores (7.63B)', 'EurusPRMStage1_min_scores (7.62B)', 'QwenPRM_min_scores (7.63B)']","[0.8182344565917195, 0.8182344565917195, 0.4023867610977545, 0.4023867610977545, 0.8182344565917195, 0.9645242500435172, 0.8182344565917195, 0.9645242500435172, 0.45212201506178645, 0.9645242500435172, 0.9645242500435172, 0.9645242500435172, 0.8182344565917195, 0.4023867610977545, 0.8182344565917195, 0.8182344565917195, 0.9645242500435172, 0.8182344565917195, 0.4023867610977545, 0.4023867610977545, 0.9645242500435172, 0.9645242500435172, 0.8182344565917195, 0.9645242500435172, 0.10987076280292846, 0.8182344565917195, 0.8328906272418104, 0.4023867610977545, 0.9645242500435172, 0.9645242500435172, 0.4023867610977545, 0.8182344565917195, 0.9645242500435172, 0.8182344565917195, 0.8182344565917195, 0.8182344565917195, 0.4023867610977545, 0.8182344565917195, 0.4023867610977545, 0.8182344565917195, 0.4023867610977545, 0.9645242500435172, 0.8182344565917195, 0.4023867610977545, 0.9645242500435172, 0.9645242500435172, 0.9645242500435172, 0.8182344565917195, 0.4023867610977545, 0.9645242500435172, 0.9645242500435172, 0.8182344565917195, 0.9645242500435172, 0.9645242500435172, 0.9645242500435172, 0.8182344565917195, 0.10987076280292846, 0.8182344565917195, 0.9645242500435172, 0.9645242500435172, 0.8182344565917195, 0.9645242500435172, 0.4023867610977545, 0.8182344565917195, 0.8182344565917195, 0.4023867610977545, 0.9645242500435172, 0.4023867610977545, 0.8182344565917195, 0.8182344565917195, 0.8182344565917195, 0.8182344565917195, 0.9645242500435172, 0.8182344565917195, 0.9645242500435172, 0.8182344565917195, 0.4023867610977545, 0.8182344565917195, 0.8182344565917195, 0.9645242500435172, 0.9645242500435172, 0.8182344565917195, 0.45212201506178645, 0.10987076280292846, 0.9645242500435172, 0.9645242500435172, 0.9645242500435172, 0.8182344565917195, 0.9645242500435172, 0.9645242500435172, 0.8182344565917195, 0.9645242500435172, 0.4023867610977545, 0.8182344565917195, 0.10987076280292846, 0.10987076280292846, 0.4023867610977545, 0.9645242500435172, 0.9645242500435172, 0.9645242500435172]",17,train,9
0.99,0,99,0,1,100,0,0,1,0,0,0,1,1,0,1,0,1,0,0,"(array([0.55879849, 0.67265487, 0.49144965]), array([0.84062505, 0.72495449, 0.8600322 ]), array([0.16311719, 0.28036088, 0.14103907]), array([0.43073991, 0.3188535 , 0.49617964]))","['QwenPRM_avg_scores (7.63B)', 'EurusPRMStage1_min_scores (7.62B)', 'QwenPRM_min_scores (7.63B)']","[0.4023867610977545, 0.10987076280292846, 0.10987076280292846, 0.10987076280292846, 0.10987076280292846, 0.10987076280292846, 0.10987076280292846, 0.10987076280292846, 0.4023867610977545, 0.10987076280292846, 0.10987076280292846, 0.10987076280292846, 0.4023867610977545, 0.10987076280292846, 0.10987076280292846, 0.10987076280292846, 0.4023867610977545, 0.10987076280292846, 0.10987076280292846, 0.10987076280292846, 0.10987076280292846, 0.10987076280292846, 0.10987076280292846, 0.10987076280292846, 0.10987076280292846, 0.10987076280292846, 0.10987076280292846, 0.10987076280292846, 0.4023867610977545, 0.10987076280292846, 0.4023867610977545, 0.4023867610977545, 0.10987076280292846, 0.4023867610977545, 0.10987076280292846, 0.10987076280292846, 0.4023867610977545, 0.10987076280292846, 0.10987076280292846, 0.10987076280292846, 0.4023867610977545, 0.10987076280292846, 0.10987076280292846, 0.10987076280292846, 0.10987076280292846, 0.4023867610977545, 0.4023867610977545, 0.4023867610977545, 0.10987076280292846, 0.4023867610977545, 0.10987076280292846, 0.10987076280292846, 0.10987076280292846, 0.10987076280292846, 0.10987076280292846, 0.10987076280292846, 0.10987076280292846, 0.10987076280292846, 0.10987076280292846, 0.10987076280292846, 0.10987076280292846, 0.4023867610977545, 0.10987076280292846, 0.4023867610977545, 0.10987076280292846, 0.10987076280292846, 0.10987076280292846, 0.10987076280292846, 0.4023867610977545, 0.10987076280292846, 0.4023867610977545, 0.10987076280292846, 0.10987076280292846, 0.10987076280292846, 0.4023867610977545, 0.10987076280292846, 0.10987076280292846, 0.10987076280292846, 0.4023867610977545, 0.10987076280292846, 0.10987076280292846, 0.10987076280292846, 0.10987076280292846, 0.10987076280292846, 0.10987076280292846, 0.10987076280292846, 0.4023867610977545, 0.10987076280292846, 0.4023867610977545, 0.10987076280292846, 0.10987076280292846, 0.4023867610977545, 0.4023867610977545, 0.10987076280292846, 0.10987076280292846, 0.10987076280292846, 0.10987076280292846, 0.4023867610977545, 0.4023867610977545, 0.10987076280292846]",18,train,0
0.58,54,4,1,41,100,0,1,1,1,0,0,0,0,1,1,1,0,0,0,"(array([0.55879849, 0.67265487, 0.49144965]), array([0.84062505, 0.72495449, 0.8600322 ]), array([0.16311719, 0.28036088, 0.14103907]), array([0.43073991, 0.3188535 , 0.49617964]))","['QwenPRM_avg_scores (7.63B)', 'EurusPRMStage1_min_scores (7.62B)', 'QwenPRM_min_scores (7.63B)']","[0.9645242500435172, 0.4023867610977545, 0.4023867610977545, 0.9645242500435172, 0.9645242500435172, 0.4023867610977545, 0.8182344565917195, 0.4023867610977545, 0.8182344565917195, 0.9645242500435172, 0.9645242500435172, 0.4023867610977545, 0.8182344565917195, 0.9645242500435172, 0.9645242500435172, 0.8182344565917195, 0.9645242500435172, 0.10987076280292846, 0.10987076280292846, 0.8182344565917195, 0.10987076280292846, 0.8182344565917195, 0.4023867610977545, 0.4023867610977545, 0.9645242500435172, 0.9645242500435172, 0.8182344565917195, 0.9645242500435172, 0.9645242500435172, 0.8182344565917195, 0.4023867610977545, 0.10987076280292846, 0.4023867610977545, 0.4023867610977545, 0.8182344565917195, 0.4023867610977545, 0.9645242500435172, 0.8182344565917195, 0.4023867610977545, 0.4023867610977545, 0.8182344565917195, 0.8182344565917195, 0.10987076280292846, 0.8182344565917195, 0.9645242500435172, 0.4023867610977545, 0.9645242500435172, 0.4023867610977545, 0.4023867610977545, 0.10987076280292846, 0.9645242500435172, 0.8182344565917195, 0.8182344565917195, 0.4023867610977545, 0.10987076280292846, 0.4023867610977545, 0.8182344565917195, 0.8182344565917195, 0.10987076280292846, 0.4023867610977545, 0.4023867610977545, 0.8182344565917195, 0.45212201506178645, 0.9645242500435172, 0.8182344565917195, 0.4023867610977545, 0.8182344565917195, 0.9645242500435172, 0.4023867610977545, 0.10987076280292846, 0.9645242500435172, 0.8182344565917195, 0.10987076280292846, 0.10987076280292846, 0.4023867610977545, 0.9645242500435172, 0.8182344565917195, 0.9645242500435172, 0.4023867610977545, 0.8182344565917195, 0.4023867610977545, 0.9645242500435172, 0.4023867610977545, 0.10987076280292846, 0.4023867610977545, 0.4023867610977545, 0.8182344565917195, 0.9645242500435172, 0.4023867610977545, 0.8182344565917195, 0.8182344565917195, 0.9645242500435172, 0.9645242500435172, 0.4023867610977545, 0.45212201506178645, 0.8182344565917195, 0.8182344565917195, 0.4023867610977545, 0.8182344565917195, 0.8182344565917195]",19,train,9
0.67,20,47,0,33,100,21,1,1,1,0,0,0,21,1,1,1,0,0,0,"(array([0.55879849, 0.67265487, 0.49144965]), array([0.84062505, 0.72495449, 0.8600322 ]), array([0.16311719, 0.28036088, 0.14103907]), array([0.43073991, 0.3188535 , 0.49617964]))","['QwenPRM_avg_scores (7.63B)', 'EurusPRMStage1_min_scores (7.62B)', 'QwenPRM_min_scores (7.63B)']","[0.10987076280292846, 0.45212201506178645, 0.10987076280292846, 0.10987076280292846, 0.10987076280292846, 0.4023867610977545, 0.10987076280292846, 0.10987076280292846, 0.10987076280292846, 0.10987076280292846, 0.45212201506178645, 0.4023867610977545, 0.4023867610977545, 0.4023867610977545, 0.10987076280292846, 0.10987076280292846, 0.10987076280292846, 0.10987076280292846, 0.10987076280292846, 0.10987076280292846, 0.10987076280292846, 0.9645242500435172, 0.10987076280292846, 0.10987076280292846, 0.8182344565917195, 0.9645242500435172, 0.4023867610977545, 0.10987076280292846, 0.10987076280292846, 0.8182344565917195, 0.4023867610977545, 0.10987076280292846, 0.4023867610977545, 0.10987076280292846, 0.8182344565917195, 0.4023867610977545, 0.10987076280292846, 0.10987076280292846, 0.10987076280292846, 0.10987076280292846, 0.10987076280292846, 0.10987076280292846, 0.10987076280292846, 0.45212201506178645, 0.4023867610977545, 0.10987076280292846, 0.10987076280292846, 0.8182344565917195, 0.10987076280292846, 0.10987076280292846, 0.10987076280292846, 0.10987076280292846, 0.8182344565917195, 0.8182344565917195, 0.45212201506178645, 0.10987076280292846, 0.8328906272418104, 0.4023867610977545, 0.10987076280292846, 0.4023867610977545, 0.10987076280292846, 0.10987076280292846, 0.4023867610977545, 0.4023867610977545, 0.4023867610977545, 0.10987076280292846, 0.10987076280292846, 0.10987076280292846, 0.10987076280292846, 0.10987076280292846, 0.10987076280292846, 0.8328906272418104, 0.10987076280292846, 0.10987076280292846, 0.4023867610977545, 0.4023867610977545, 0.10987076280292846, 0.9645242500435172, 0.4023867610977545, 0.8182344565917195, 0.8182344565917195, 0.8182344565917195, 0.4023867610977545, 0.4023867610977545, 0.9645242500435172, 0.8182344565917195, 0.8182344565917195, 0.10987076280292846, 0.8182344565917195, 0.10987076280292846, 0.10987076280292846, 0.10987076280292846, 0.10987076280292846, 0.10987076280292846, 0.8182344565917195, 0.10987076280292846, 0.9645242500435172, 0.4023867610977545, 0.10987076280292846, 0.10987076280292846]",20,train,5
0.39,32,7,0,61,100,22,1,1,1,0,0,0,22,1,1,1,0,0,0,"(array([0.55879849, 0.67265487, 0.49144965]), array([0.84062505, 0.72495449, 0.8600322 ]), array([0.16311719, 0.28036088, 0.14103907]), array([0.43073991, 0.3188535 , 0.49617964]))","['QwenPRM_avg_scores (7.63B)', 'EurusPRMStage1_min_scores (7.62B)', 'QwenPRM_min_scores (7.63B)']","[0.10987076280292846, 0.8182344565917195, 0.8182344565917195, 0.8182344565917195, 0.45212201506178645, 0.8182344565917195, 0.4023867610977545, 0.8182344565917195, 0.45212201506178645, 0.4023867610977545, 0.8182344565917195, 0.4023867610977545, 0.4023867610977545, 0.10987076280292846, 0.45212201506178645, 0.10987076280292846, 0.4023867610977545, 0.4023867610977545, 0.8182344565917195, 0.10987076280292846, 0.10987076280292846, 0.4023867610977545, 0.9645242500435172, 0.8182344565917195, 0.4023867610977545, 0.9645242500435172, 0.4023867610977545, 0.9645242500435172, 0.4023867610977545, 0.4023867610977545, 0.10987076280292846, 0.8182344565917195, 0.4023867610977545, 0.10987076280292846, 0.8182344565917195, 0.8182344565917195, 0.10987076280292846, 0.10987076280292846, 0.45212201506178645, 0.4023867610977545, 0.9645242500435172, 0.4023867610977545, 0.8182344565917195, 0.8182344565917195, 0.4023867610977545, 0.10987076280292846, 0.9645242500435172, 0.4023867610977545, 0.4023867610977545, 0.4023867610977545, 0.10987076280292846, 0.8182344565917195, 0.8182344565917195, 0.4023867610977545, 0.4023867610977545, 0.8182344565917195, 0.4023867610977545, 0.4023867610977545, 0.4023867610977545, 0.4023867610977545, 0.10987076280292846, 0.8182344565917195, 0.45212201506178645, 0.10987076280292846, 0.8182344565917195, 0.8182344565917195, 0.8182344565917195, 0.4023867610977545, 0.4023867610977545, 0.4023867610977545, 0.4023867610977545, 0.4023867610977545, 0.4023867610977545, 0.10987076280292846, 0.4023867610977545, 0.4023867610977545, 0.8182344565917195, 0.4023867610977545, 0.10987076280292846, 0.4023867610977545, 0.10987076280292846, 0.4023867610977545, 0.8182344565917195, 0.8182344565917195, 0.4023867610977545, 0.4023867610977545, 0.10987076280292846, 0.45212201506178645, 0.10987076280292846, 0.8182344565917195, 0.4023867610977545, 0.8182344565917195, 0.4023867610977545, 0.4023867610977545, 0.9645242500435172, 0.4023867610977545, 0.4023867610977545, 0.8182344565917195, 0.4023867610977545, 0.4023867610977545]",21,train,9
0.93,5,88,1,6,100,1,1,1,1,0,0,0,1,1,1,1,0,0,0,"(array([0.55879849, 0.67265487, 0.49144965]), array([0.84062505, 0.72495449, 0.8600322 ]), array([0.16311719, 0.28036088, 0.14103907]), array([0.43073991, 0.3188535 , 0.49617964]))","['QwenPRM_avg_scores (7.63B)', 'EurusPRMStage1_min_scores (7.62B)', 'QwenPRM_min_scores (7.63B)']","[0.4023867610977545, 0.9645242500435172, 0.10987076280292846, 0.10987076280292846, 0.4023867610977545, 0.10987076280292846, 0.10987076280292846, 0.10987076280292846, 0.10987076280292846, 0.10987076280292846, 0.10987076280292846, 0.10987076280292846, 0.10987076280292846, 0.45212201506178645, 0.10987076280292846, 0.10987076280292846, 0.10987076280292846, 0.10987076280292846, 0.10987076280292846, 0.10987076280292846, 0.10987076280292846, 0.10987076280292846, 0.10987076280292846, 0.10987076280292846, 0.10987076280292846, 0.10987076280292846, 0.4023867610977545, 0.9645242500435172, 0.10987076280292846, 0.10987076280292846, 0.10987076280292846, 0.10987076280292846, 0.10987076280292846, 0.10987076280292846, 0.10987076280292846, 0.10987076280292846, 0.4023867610977545, 0.10987076280292846, 0.10987076280292846, 0.10987076280292846, 0.10987076280292846, 0.10987076280292846, 0.10987076280292846, 0.10987076280292846, 0.10987076280292846, 0.10987076280292846, 0.10987076280292846, 0.8182344565917195, 0.10987076280292846, 0.10987076280292846, 0.10987076280292846, 0.10987076280292846, 0.10987076280292846, 0.10987076280292846, 0.10987076280292846, 0.10987076280292846, 0.9645242500435172, 0.10987076280292846, 0.10987076280292846, 0.10987076280292846, 0.4023867610977545, 0.10987076280292846, 0.10987076280292846, 0.10987076280292846, 0.10987076280292846, 0.10987076280292846, 0.10987076280292846, 0.10987076280292846, 0.10987076280292846, 0.10987076280292846, 0.4023867610977545, 0.10987076280292846, 0.10987076280292846, 0.8182344565917195, 0.10987076280292846, 0.10987076280292846, 0.10987076280292846, 0.10987076280292846, 0.8182344565917195, 0.4023867610977545, 0.10987076280292846, 0.10987076280292846, 0.10987076280292846, 0.10987076280292846, 0.10987076280292846, 0.10987076280292846, 0.10987076280292846, 0.10987076280292846, 0.10987076280292846, 0.10987076280292846, 0.10987076280292846, 0.10987076280292846, 0.10987076280292846, 0.10987076280292846, 0.10987076280292846, 0.10987076280292846, 0.4023867610977545, 0.10987076280292846, 0.10987076280292846, 0.10987076280292846]",22,train,1
1.0,0,100,0,0,100,10,0,0,0,0,1,0,0,0,1,0,1,0,0,"(array([0.55879849, 0.67265487, 0.49144965]), array([0.84062505, 0.72495449, 0.8600322 ]), array([0.16311719, 0.28036088, 0.14103907]), array([0.43073991, 0.3188535 , 0.49617964]))","['QwenPRM_avg_scores (7.63B)', 'EurusPRMStage1_min_scores (7.62B)', 'QwenPRM_min_scores (7.63B)']","[0.10987076280292846, 0.10987076280292846, 0.10987076280292846, 0.10987076280292846, 0.10987076280292846, 0.10987076280292846, 0.10987076280292846, 0.10987076280292846, 0.10987076280292846, 0.10987076280292846, 0.4023867610977545, 0.10987076280292846, 0.10987076280292846, 0.10987076280292846, 0.10987076280292846, 0.10987076280292846, 0.10987076280292846, 0.10987076280292846, 0.10987076280292846, 0.10987076280292846, 0.10987076280292846, 0.10987076280292846, 0.10987076280292846, 0.10987076280292846, 0.10987076280292846, 0.10987076280292846, 0.10987076280292846, 0.4023867610977545, 0.10987076280292846, 0.10987076280292846, 0.10987076280292846, 0.4023867610977545, 0.10987076280292846, 0.10987076280292846, 0.10987076280292846, 0.10987076280292846, 0.10987076280292846, 0.10987076280292846, 0.10987076280292846, 0.10987076280292846, 0.4023867610977545, 0.10987076280292846, 0.10987076280292846, 0.10987076280292846, 0.10987076280292846, 0.10987076280292846, 0.10987076280292846, 0.10987076280292846, 0.10987076280292846, 0.10987076280292846, 0.10987076280292846, 0.10987076280292846, 0.10987076280292846, 0.10987076280292846, 0.10987076280292846, 0.10987076280292846, 0.10987076280292846, 0.4023867610977545, 0.10987076280292846, 0.10987076280292846, 0.10987076280292846, 0.10987076280292846, 0.10987076280292846, 0.10987076280292846, 0.4023867610977545, 0.10987076280292846, 0.10987076280292846, 0.10987076280292846, 0.10987076280292846, 0.10987076280292846, 0.10987076280292846, 0.10987076280292846, 0.10987076280292846, 0.10987076280292846, 0.4023867610977545, 0.10987076280292846, 0.10987076280292846, 0.10987076280292846, 0.10987076280292846, 0.10987076280292846, 0.10987076280292846, 0.10987076280292846, 0.10987076280292846, 0.10987076280292846, 0.10987076280292846, 0.10987076280292846, 0.4023867610977545, 0.10987076280292846, 0.10987076280292846, 0.10987076280292846, 0.10987076280292846, 0.4023867610977545, 0.10987076280292846, 0.10987076280292846, 0.10987076280292846, 0.10987076280292846, 0.10987076280292846, 0.10987076280292846, 0.10987076280292846, 0.10987076280292846]",23,train,0
0.55,51,4,0,45,100,4,1,1,1,0,0,0,4,1,1,1,0,0,0,"(array([0.55879849, 0.67265487, 0.49144965]), array([0.84062505, 0.72495449, 0.8600322 ]), array([0.16311719, 0.28036088, 0.14103907]), array([0.43073991, 0.3188535 , 0.49617964]))","['QwenPRM_avg_scores (7.63B)', 'EurusPRMStage1_min_scores (7.62B)', 'QwenPRM_min_scores (7.63B)']","[0.45212201506178645, 0.10987076280292846, 0.8182344565917195, 0.4023867610977545, 0.9645242500435172, 0.9645242500435172, 0.9645242500435172, 0.10987076280292846, 0.4023867610977545, 0.8182344565917195, 0.4023867610977545, 0.9645242500435172, 0.9645242500435172, 0.4023867610977545, 0.8182344565917195, 0.4023867610977545, 0.45212201506178645, 0.8182344565917195, 0.45212201506178645, 0.9645242500435172, 0.8182344565917195, 0.9645242500435172, 0.4023867610977545, 0.8182344565917195, 0.9645242500435172, 0.9645242500435172, 0.9645242500435172, 0.8182344565917195, 0.8182344565917195, 0.9645242500435172, 0.9645242500435172, 0.9645242500435172, 0.9645242500435172, 0.4023867610977545, 0.9645242500435172, 0.9645242500435172, 0.4023867610977545, 0.9645242500435172, 0.10987076280292846, 0.4023867610977545, 0.45212201506178645, 0.8182344565917195, 0.4023867610977545, 0.9645242500435172, 0.8182344565917195, 0.4023867610977545, 0.10987076280292846, 0.4023867610977545, 0.9645242500435172, 0.8182344565917195, 0.4023867610977545, 0.8182344565917195, 0.9645242500435172, 0.4023867610977545, 0.4023867610977545, 0.4023867610977545, 0.8182344565917195, 0.10987076280292846, 0.4023867610977545, 0.10987076280292846, 0.8182344565917195, 0.4023867610977545, 0.10987076280292846, 0.4023867610977545, 0.10987076280292846, 0.4023867610977545, 0.9645242500435172, 0.10987076280292846, 0.9645242500435172, 0.4023867610977545, 0.8328906272418104, 0.9645242500435172, 0.8182344565917195, 0.9645242500435172, 0.8182344565917195, 0.10987076280292846, 0.9645242500435172, 0.9645242500435172, 0.10987076280292846, 0.8182344565917195, 0.4023867610977545, 0.9645242500435172, 0.9645242500435172, 0.9645242500435172, 0.4023867610977545, 0.10987076280292846, 0.9645242500435172, 0.9645242500435172, 0.10987076280292846, 0.45212201506178645, 0.4023867610977545, 0.10987076280292846, 0.8182344565917195, 0.4023867610977545, 0.4023867610977545, 0.4023867610977545, 0.4023867610977545, 0.8328906272418104, 0.10987076280292846, 0.4023867610977545]",24,train,9
0.9,0,90,0,10,100,10,1,1,1,0,0,0,0,0,1,0,1,0,0,"(array([0.55879849, 0.67265487, 0.49144965]), array([0.84062505, 0.72495449, 0.8600322 ]), array([0.16311719, 0.28036088, 0.14103907]), array([0.43073991, 0.3188535 , 0.49617964]))","['QwenPRM_avg_scores (7.63B)', 'EurusPRMStage1_min_scores (7.62B)', 'QwenPRM_min_scores (7.63B)']","[0.10987076280292846, 0.10987076280292846, 0.10987076280292846, 0.10987076280292846, 0.10987076280292846, 0.10987076280292846, 0.10987076280292846, 0.10987076280292846, 0.10987076280292846, 0.10987076280292846, 0.4023867610977545, 0.10987076280292846, 0.10987076280292846, 0.4023867610977545, 0.10987076280292846, 0.10987076280292846, 0.4023867610977545, 0.10987076280292846, 0.10987076280292846, 0.10987076280292846, 0.10987076280292846, 0.4023867610977545, 0.4023867610977545, 0.10987076280292846, 0.10987076280292846, 0.10987076280292846, 0.10987076280292846, 0.10987076280292846, 0.10987076280292846, 0.10987076280292846, 0.4023867610977545, 0.10987076280292846, 0.10987076280292846, 0.4023867610977545, 0.10987076280292846, 0.4023867610977545, 0.4023867610977545, 0.10987076280292846, 0.10987076280292846, 0.10987076280292846, 0.10987076280292846, 0.10987076280292846, 0.4023867610977545, 0.10987076280292846, 0.10987076280292846, 0.4023867610977545, 0.10987076280292846, 0.10987076280292846, 0.10987076280292846, 0.4023867610977545, 0.4023867610977545, 0.10987076280292846, 0.10987076280292846, 0.10987076280292846, 0.4023867610977545, 0.10987076280292846, 0.10987076280292846, 0.10987076280292846, 0.10987076280292846, 0.10987076280292846, 0.10987076280292846, 0.4023867610977545, 0.10987076280292846, 0.10987076280292846, 0.10987076280292846, 0.10987076280292846, 0.10987076280292846, 0.10987076280292846, 0.4023867610977545, 0.10987076280292846, 0.10987076280292846, 0.10987076280292846, 0.10987076280292846, 0.10987076280292846, 0.10987076280292846, 0.10987076280292846, 0.10987076280292846, 0.4023867610977545, 0.4023867610977545, 0.10987076280292846, 0.4023867610977545, 0.10987076280292846, 0.10987076280292846, 0.10987076280292846, 0.10987076280292846, 0.10987076280292846, 0.10987076280292846, 0.10987076280292846, 0.4023867610977545, 0.10987076280292846, 0.10987076280292846, 0.10987076280292846, 0.10987076280292846, 0.10987076280292846, 0.10987076280292846, 0.10987076280292846, 0.10987076280292846, 0.10987076280292846, 0.10987076280292846, 0.4023867610977545]",25,train,1
0.92,0,92,6,2,100,39,0,1,0,0,0,1,2,0,1,0,1,0,0,"(array([0.55879849, 0.67265487, 0.49144965]), array([0.84062505, 0.72495449, 0.8600322 ]), array([0.16311719, 0.28036088, 0.14103907]), array([0.43073991, 0.3188535 , 0.49617964]))","['QwenPRM_avg_scores (7.63B)', 'EurusPRMStage1_min_scores (7.62B)', 'QwenPRM_min_scores (7.63B)']","[0.4023867610977545, 0.4023867610977545, 0.10987076280292846, 0.4023867610977545, 0.10987076280292846, 0.4023867610977545, 0.10987076280292846, 0.10987076280292846, 0.10987076280292846, 0.4023867610977545, 0.10987076280292846, 0.10987076280292846, 0.4023867610977545, 0.4023867610977545, 0.4023867610977545, 0.4023867610977545, 0.4023867610977545, 0.10987076280292846, 0.4023867610977545, 0.10987076280292846, 0.4023867610977545, 0.4023867610977545, 0.10987076280292846, 0.10987076280292846, 0.4023867610977545, 0.10987076280292846, 0.4023867610977545, 0.10987076280292846, 0.4023867610977545, 0.10987076280292846, 0.10987076280292846, 0.10987076280292846, 0.4023867610977545, 0.10987076280292846, 0.4023867610977545, 0.4023867610977545, 0.4023867610977545, 0.4023867610977545, 0.10987076280292846, 0.8182344565917195, 0.10987076280292846, 0.10987076280292846, 0.10987076280292846, 0.4023867610977545, 0.10987076280292846, 0.10987076280292846, 0.10987076280292846, 0.10987076280292846, 0.10987076280292846, 0.10987076280292846, 0.4023867610977545, 0.4023867610977545, 0.4023867610977545, 0.10987076280292846, 0.4023867610977545, 0.4023867610977545, 0.10987076280292846, 0.8182344565917195, 0.8182344565917195, 0.4023867610977545, 0.4023867610977545, 0.10987076280292846, 0.4023867610977545, 0.10987076280292846, 0.10987076280292846, 0.8182344565917195, 0.10987076280292846, 0.4023867610977545, 0.10987076280292846, 0.10987076280292846, 0.8182344565917195, 0.4023867610977545, 0.8182344565917195, 0.10987076280292846, 0.4023867610977545, 0.4023867610977545, 0.10987076280292846, 0.10987076280292846, 0.10987076280292846, 0.4023867610977545, 0.4023867610977545, 0.4023867610977545, 0.10987076280292846, 0.10987076280292846, 0.10987076280292846, 0.4023867610977545, 0.10987076280292846, 0.4023867610977545, 0.10987076280292846, 0.4023867610977545, 0.4023867610977545, 0.10987076280292846, 0.4023867610977545, 0.10987076280292846, 0.10987076280292846, 0.10987076280292846, 0.4023867610977545, 0.4023867610977545, 0.10987076280292846, 0.4023867610977545]",26,train,0
0.68,52,16,3,29,100,1,1,1,1,0,0,0,1,1,1,1,0,0,0,"(array([0.55879849, 0.67265487, 0.49144965]), array([0.84062505, 0.72495449, 0.8600322 ]), array([0.16311719, 0.28036088, 0.14103907]), array([0.43073991, 0.3188535 , 0.49617964]))","['QwenPRM_avg_scores (7.63B)', 'EurusPRMStage1_min_scores (7.62B)', 'QwenPRM_min_scores (7.63B)']","[0.4023867610977545, 0.9645242500435172, 0.4023867610977545, 0.4023867610977545, 0.9645242500435172, 0.9645242500435172, 0.8182344565917195, 0.8182344565917195, 0.4023867610977545, 0.8182344565917195, 0.8182344565917195, 0.45212201506178645, 0.8328906272418104, 0.4023867610977545, 0.45212201506178645, 0.9645242500435172, 0.10987076280292846, 0.8182344565917195, 0.8182344565917195, 0.10987076280292846, 0.9645242500435172, 0.10987076280292846, 0.8182344565917195, 0.4023867610977545, 0.8182344565917195, 0.9645242500435172, 0.8182344565917195, 0.10987076280292846, 0.9645242500435172, 0.4023867610977545, 0.8182344565917195, 0.9645242500435172, 0.8182344565917195, 0.8182344565917195, 0.45212201506178645, 0.8328906272418104, 0.9645242500435172, 0.9645242500435172, 0.8328906272418104, 0.4023867610977545, 0.8182344565917195, 0.4023867610977545, 0.10987076280292846, 0.9645242500435172, 0.4023867610977545, 0.9645242500435172, 0.4023867610977545, 0.8182344565917195, 0.9645242500435172, 0.9645242500435172, 0.9645242500435172, 0.9645242500435172, 0.4023867610977545, 0.4023867610977545, 0.10987076280292846, 0.10987076280292846, 0.4023867610977545, 0.9645242500435172, 0.4023867610977545, 0.8182344565917195, 0.10987076280292846, 0.9645242500435172, 0.4023867610977545, 0.9645242500435172, 0.8328906272418104, 0.9645242500435172, 0.10987076280292846, 0.9645242500435172, 0.4023867610977545, 0.4023867610977545, 0.4023867610977545, 0.9645242500435172, 0.9645242500435172, 0.8182344565917195, 0.8182344565917195, 0.9645242500435172, 0.10987076280292846, 0.45212201506178645, 0.4023867610977545, 0.10987076280292846, 0.4023867610977545, 0.10987076280292846, 0.10987076280292846, 0.4023867610977545, 0.4023867610977545, 0.8182344565917195, 0.9645242500435172, 0.9645242500435172, 0.8182344565917195, 0.10987076280292846, 0.8182344565917195, 0.8182344565917195, 0.4023867610977545, 0.45212201506178645, 0.9645242500435172, 0.8182344565917195, 0.4023867610977545, 0.9645242500435172, 0.8182344565917195, 0.4023867610977545]",27,train,8
0.98,0,98,0,2,100,3,0,1,0,0,0,1,0,0,1,0,1,0,0,"(array([0.55879849, 0.67265487, 0.49144965]), array([0.84062505, 0.72495449, 0.8600322 ]), array([0.16311719, 0.28036088, 0.14103907]), array([0.43073991, 0.3188535 , 0.49617964]))","['QwenPRM_avg_scores (7.63B)', 'EurusPRMStage1_min_scores (7.62B)', 'QwenPRM_min_scores (7.63B)']","[0.10987076280292846, 0.4023867610977545, 0.10987076280292846, 0.45212201506178645, 0.10987076280292846, 0.4023867610977545, 0.10987076280292846, 0.4023867610977545, 0.10987076280292846, 0.10987076280292846, 0.10987076280292846, 0.10987076280292846, 0.10987076280292846, 0.4023867610977545, 0.10987076280292846, 0.10987076280292846, 0.4023867610977545, 0.10987076280292846, 0.10987076280292846, 0.10987076280292846, 0.4023867610977545, 0.10987076280292846, 0.10987076280292846, 0.10987076280292846, 0.10987076280292846, 0.10987076280292846, 0.4023867610977545, 0.10987076280292846, 0.10987076280292846, 0.10987076280292846, 0.10987076280292846, 0.10987076280292846, 0.10987076280292846, 0.10987076280292846, 0.10987076280292846, 0.10987076280292846, 0.10987076280292846, 0.4023867610977545, 0.10987076280292846, 0.4023867610977545, 0.10987076280292846, 0.10987076280292846, 0.10987076280292846, 0.10987076280292846, 0.10987076280292846, 0.10987076280292846, 0.10987076280292846, 0.10987076280292846, 0.10987076280292846, 0.10987076280292846, 0.10987076280292846, 0.10987076280292846, 0.10987076280292846, 0.10987076280292846, 0.10987076280292846, 0.10987076280292846, 0.4023867610977545, 0.10987076280292846, 0.10987076280292846, 0.10987076280292846, 0.10987076280292846, 0.10987076280292846, 0.10987076280292846, 0.10987076280292846, 0.10987076280292846, 0.4023867610977545, 0.4023867610977545, 0.10987076280292846, 0.10987076280292846, 0.10987076280292846, 0.10987076280292846, 0.10987076280292846, 0.10987076280292846, 0.4023867610977545, 0.10987076280292846, 0.10987076280292846, 0.4023867610977545, 0.10987076280292846, 0.10987076280292846, 0.10987076280292846, 0.4023867610977545, 0.10987076280292846, 0.10987076280292846, 0.4023867610977545, 0.10987076280292846, 0.10987076280292846, 0.10987076280292846, 0.10987076280292846, 0.10987076280292846, 0.10987076280292846, 0.10987076280292846, 0.10987076280292846, 0.10987076280292846, 0.10987076280292846, 0.10987076280292846, 0.10987076280292846, 0.4023867610977545, 0.10987076280292846, 0.10987076280292846, 0.10987076280292846]",28,train,0
0.77,12,65,0,23,100,3,1,1,1,0,0,0,3,1,1,1,0,0,0,"(array([0.55879849, 0.67265487, 0.49144965]), array([0.84062505, 0.72495449, 0.8600322 ]), array([0.16311719, 0.28036088, 0.14103907]), array([0.43073991, 0.3188535 , 0.49617964]))","['QwenPRM_avg_scores (7.63B)', 'EurusPRMStage1_min_scores (7.62B)', 'QwenPRM_min_scores (7.63B)']","[0.10987076280292846, 0.10987076280292846, 0.4023867610977545, 0.9645242500435172, 0.9645242500435172, 0.10987076280292846, 0.10987076280292846, 0.10987076280292846, 0.10987076280292846, 0.8182344565917195, 0.10987076280292846, 0.10987076280292846, 0.10987076280292846, 0.10987076280292846, 0.10987076280292846, 0.10987076280292846, 0.10987076280292846, 0.4023867610977545, 0.10987076280292846, 0.10987076280292846, 0.10987076280292846, 0.10987076280292846, 0.10987076280292846, 0.10987076280292846, 0.10987076280292846, 0.10987076280292846, 0.10987076280292846, 0.10987076280292846, 0.10987076280292846, 0.10987076280292846, 0.4023867610977545, 0.4023867610977545, 0.10987076280292846, 0.10987076280292846, 0.4023867610977545, 0.4023867610977545, 0.10987076280292846, 0.8182344565917195, 0.10987076280292846, 0.10987076280292846, 0.10987076280292846, 0.10987076280292846, 0.4023867610977545, 0.4023867610977545, 0.10987076280292846, 0.10987076280292846, 0.10987076280292846, 0.4023867610977545, 0.45212201506178645, 0.9645242500435172, 0.10987076280292846, 0.10987076280292846, 0.10987076280292846, 0.10987076280292846, 0.4023867610977545, 0.10987076280292846, 0.8182344565917195, 0.9645242500435172, 0.10987076280292846, 0.10987076280292846, 0.10987076280292846, 0.10987076280292846, 0.10987076280292846, 0.10987076280292846, 0.9645242500435172, 0.4023867610977545, 0.10987076280292846, 0.10987076280292846, 0.4023867610977545, 0.10987076280292846, 0.10987076280292846, 0.4023867610977545, 0.10987076280292846, 0.10987076280292846, 0.4023867610977545, 0.4023867610977545, 0.10987076280292846, 0.8182344565917195, 0.10987076280292846, 0.10987076280292846, 0.10987076280292846, 0.10987076280292846, 0.8182344565917195, 0.10987076280292846, 0.8182344565917195, 0.8182344565917195, 0.10987076280292846, 0.10987076280292846, 0.10987076280292846, 0.4023867610977545, 0.10987076280292846, 0.10987076280292846, 0.10987076280292846, 0.10987076280292846, 0.10987076280292846, 0.10987076280292846, 0.10987076280292846, 0.10987076280292846, 0.10987076280292846, 0.4023867610977545]",29,train,3
0.97,0,97,0,3,100,22,1,1,1,0,0,0,0,0,1,0,1,0,0,"(array([0.55879849, 0.67265487, 0.49144965]), array([0.84062505, 0.72495449, 0.8600322 ]), array([0.16311719, 0.28036088, 0.14103907]), array([0.43073991, 0.3188535 , 0.49617964]))","['QwenPRM_avg_scores (7.63B)', 'EurusPRMStage1_min_scores (7.62B)', 'QwenPRM_min_scores (7.63B)']","[0.10987076280292846, 0.10987076280292846, 0.10987076280292846, 0.10987076280292846, 0.10987076280292846, 0.10987076280292846, 0.10987076280292846, 0.10987076280292846, 0.10987076280292846, 0.10987076280292846, 0.10987076280292846, 0.10987076280292846, 0.10987076280292846, 0.10987076280292846, 0.10987076280292846, 0.10987076280292846, 0.10987076280292846, 0.10987076280292846, 0.10987076280292846, 0.10987076280292846, 0.10987076280292846, 0.10987076280292846, 0.4023867610977545, 0.10987076280292846, 0.4023867610977545, 0.4023867610977545, 0.4023867610977545, 0.4023867610977545, 0.10987076280292846, 0.10987076280292846, 0.10987076280292846, 0.10987076280292846, 0.10987076280292846, 0.10987076280292846, 0.10987076280292846, 0.10987076280292846, 0.4023867610977545, 0.10987076280292846, 0.10987076280292846, 0.4023867610977545, 0.10987076280292846, 0.10987076280292846, 0.10987076280292846, 0.10987076280292846, 0.10987076280292846, 0.10987076280292846, 0.10987076280292846, 0.10987076280292846, 0.10987076280292846, 0.10987076280292846, 0.4023867610977545, 0.10987076280292846, 0.10987076280292846, 0.10987076280292846, 0.10987076280292846, 0.10987076280292846, 0.10987076280292846, 0.10987076280292846, 0.10987076280292846, 0.10987076280292846, 0.10987076280292846, 0.10987076280292846, 0.10987076280292846, 0.10987076280292846, 0.10987076280292846, 0.10987076280292846, 0.10987076280292846, 0.10987076280292846, 0.10987076280292846, 0.10987076280292846, 0.10987076280292846, 0.10987076280292846, 0.10987076280292846, 0.10987076280292846, 0.10987076280292846, 0.10987076280292846, 0.10987076280292846, 0.10987076280292846, 0.10987076280292846, 0.10987076280292846, 0.4023867610977545, 0.10987076280292846, 0.10987076280292846, 0.10987076280292846, 0.10987076280292846, 0.10987076280292846, 0.10987076280292846, 0.10987076280292846, 0.4023867610977545, 0.4023867610977545, 0.10987076280292846, 0.10987076280292846, 0.10987076280292846, 0.10987076280292846, 0.10987076280292846, 0.4023867610977545, 0.10987076280292846, 0.10987076280292846, 0.10987076280292846, 0.10987076280292846]",30,train,0
0.89,15,74,0,11,100,4,1,1,1,0,0,0,4,1,1,1,0,0,0,"(array([0.55879849, 0.67265487, 0.49144965]), array([0.84062505, 0.72495449, 0.8600322 ]), array([0.16311719, 0.28036088, 0.14103907]), array([0.43073991, 0.3188535 , 0.49617964]))","['QwenPRM_avg_scores (7.63B)', 'EurusPRMStage1_min_scores (7.62B)', 'QwenPRM_min_scores (7.63B)']","[0.10987076280292846, 0.10987076280292846, 0.8182344565917195, 0.10987076280292846, 0.9645242500435172, 0.9645242500435172, 0.10987076280292846, 0.10987076280292846, 0.10987076280292846, 0.10987076280292846, 0.8182344565917195, 0.10987076280292846, 0.9645242500435172, 0.10987076280292846, 0.10987076280292846, 0.10987076280292846, 0.10987076280292846, 0.10987076280292846, 0.10987076280292846, 0.10987076280292846, 0.4023867610977545, 0.10987076280292846, 0.4023867610977545, 0.10987076280292846, 0.10987076280292846, 0.10987076280292846, 0.10987076280292846, 0.10987076280292846, 0.10987076280292846, 0.10987076280292846, 0.10987076280292846, 0.10987076280292846, 0.10987076280292846, 0.8182344565917195, 0.10987076280292846, 0.10987076280292846, 0.10987076280292846, 0.8182344565917195, 0.8182344565917195, 0.10987076280292846, 0.10987076280292846, 0.10987076280292846, 0.10987076280292846, 0.10987076280292846, 0.4023867610977545, 0.45212201506178645, 0.10987076280292846, 0.10987076280292846, 0.10987076280292846, 0.10987076280292846, 0.10987076280292846, 0.10987076280292846, 0.10987076280292846, 0.10987076280292846, 0.10987076280292846, 0.10987076280292846, 0.10987076280292846, 0.4023867610977545, 0.10987076280292846, 0.10987076280292846, 0.4023867610977545, 0.10987076280292846, 0.10987076280292846, 0.9645242500435172, 0.10987076280292846, 0.10987076280292846, 0.10987076280292846, 0.8182344565917195, 0.8182344565917195, 0.10987076280292846, 0.10987076280292846, 0.10987076280292846, 0.45212201506178645, 0.4023867610977545, 0.10987076280292846, 0.45212201506178645, 0.10987076280292846, 0.10987076280292846, 0.10987076280292846, 0.8182344565917195, 0.10987076280292846, 0.10987076280292846, 0.10987076280292846, 0.10987076280292846, 0.45212201506178645, 0.10987076280292846, 0.45212201506178645, 0.10987076280292846, 0.10987076280292846, 0.9645242500435172, 0.10987076280292846, 0.10987076280292846, 0.9645242500435172, 0.10987076280292846, 0.10987076280292846, 0.45212201506178645, 0.4023867610977545, 0.10987076280292846, 0.9645242500435172, 0.10987076280292846]",31,train,2
0.69,6,63,0,31,100,44,1,1,1,0,0,0,44,1,1,1,0,0,0,"(array([0.55879849, 0.67265487, 0.49144965]), array([0.84062505, 0.72495449, 0.8600322 ]), array([0.16311719, 0.28036088, 0.14103907]), array([0.43073991, 0.3188535 , 0.49617964]))","['QwenPRM_avg_scores (7.63B)', 'EurusPRMStage1_min_scores (7.62B)', 'QwenPRM_min_scores (7.63B)']","[0.10987076280292846, 0.10987076280292846, 0.10987076280292846, 0.4023867610977545, 0.10987076280292846, 0.10987076280292846, 0.4023867610977545, 0.4023867610977545, 0.10987076280292846, 0.4023867610977545, 0.4023867610977545, 0.10987076280292846, 0.10987076280292846, 0.10987076280292846, 0.4023867610977545, 0.10987076280292846, 0.4023867610977545, 0.10987076280292846, 0.10987076280292846, 0.10987076280292846, 0.10987076280292846, 0.4023867610977545, 0.10987076280292846, 0.10987076280292846, 0.10987076280292846, 0.10987076280292846, 0.4023867610977545, 0.10987076280292846, 0.4023867610977545, 0.10987076280292846, 0.4023867610977545, 0.4023867610977545, 0.10987076280292846, 0.10987076280292846, 0.10987076280292846, 0.10987076280292846, 0.10987076280292846, 0.10987076280292846, 0.10987076280292846, 0.10987076280292846, 0.10987076280292846, 0.10987076280292846, 0.10987076280292846, 0.10987076280292846, 0.9645242500435172, 0.10987076280292846, 0.10987076280292846, 0.10987076280292846, 0.9645242500435172, 0.10987076280292846, 0.4023867610977545, 0.10987076280292846, 0.10987076280292846, 0.10987076280292846, 0.10987076280292846, 0.10987076280292846, 0.10987076280292846, 0.10987076280292846, 0.10987076280292846, 0.10987076280292846, 0.10987076280292846, 0.10987076280292846, 0.4023867610977545, 0.10987076280292846, 0.10987076280292846, 0.10987076280292846, 0.9645242500435172, 0.4023867610977545, 0.10987076280292846, 0.10987076280292846, 0.4023867610977545, 0.10987076280292846, 0.8182344565917195, 0.10987076280292846, 0.10987076280292846, 0.10987076280292846, 0.10987076280292846, 0.4023867610977545, 0.10987076280292846, 0.10987076280292846, 0.10987076280292846, 0.10987076280292846, 0.10987076280292846, 0.10987076280292846, 0.10987076280292846, 0.10987076280292846, 0.10987076280292846, 0.10987076280292846, 0.10987076280292846, 0.10987076280292846, 0.10987076280292846, 0.10987076280292846, 0.10987076280292846, 0.4023867610977545, 0.10987076280292846, 0.8182344565917195, 0.10987076280292846, 0.10987076280292846, 0.10987076280292846, 0.8182344565917195]",32,train,3
0.71,66,5,0,29,100,0,1,1,1,0,0,0,0,1,1,1,0,0,0,"(array([0.55879849, 0.67265487, 0.49144965]), array([0.84062505, 0.72495449, 0.8600322 ]), array([0.16311719, 0.28036088, 0.14103907]), array([0.43073991, 0.3188535 , 0.49617964]))","['QwenPRM_avg_scores (7.63B)', 'EurusPRMStage1_min_scores (7.62B)', 'QwenPRM_min_scores (7.63B)']","[0.9645242500435172, 0.9645242500435172, 0.45212201506178645, 0.4023867610977545, 0.10987076280292846, 0.9645242500435172, 0.8328906272418104, 0.4023867610977545, 0.4023867610977545, 0.9645242500435172, 0.9645242500435172, 0.8182344565917195, 0.8328906272418104, 0.45212201506178645, 0.8182344565917195, 0.9645242500435172, 0.9645242500435172, 0.10987076280292846, 0.9645242500435172, 0.9645242500435172, 0.9645242500435172, 0.9645242500435172, 0.9645242500435172, 0.8182344565917195, 0.10987076280292846, 0.9645242500435172, 0.9645242500435172, 0.9645242500435172, 0.8182344565917195, 0.8182344565917195, 0.9645242500435172, 0.10987076280292846, 0.9645242500435172, 0.10987076280292846, 0.8182344565917195, 0.10987076280292846, 0.8182344565917195, 0.8182344565917195, 0.8182344565917195, 0.9645242500435172, 0.9645242500435172, 0.8182344565917195, 0.10987076280292846, 0.8182344565917195, 0.9645242500435172, 0.9645242500435172, 0.10987076280292846, 0.9645242500435172, 0.4023867610977545, 0.45212201506178645, 0.9645242500435172, 0.10987076280292846, 0.9645242500435172, 0.45212201506178645, 0.4023867610977545, 0.8182344565917195, 0.4023867610977545, 0.45212201506178645, 0.9645242500435172, 0.9645242500435172, 0.8182344565917195, 0.9645242500435172, 0.9645242500435172, 0.10987076280292846, 0.10987076280292846, 0.8182344565917195, 0.4023867610977545, 0.8182344565917195, 0.4023867610977545, 0.8182344565917195, 0.10987076280292846, 0.45212201506178645, 0.8328906272418104, 0.8182344565917195, 0.9645242500435172, 0.9645242500435172, 0.8328906272418104, 0.45212201506178645, 0.8328906272418104, 0.9645242500435172, 0.4023867610977545, 0.8182344565917195, 0.8328906272418104, 0.10987076280292846, 0.8182344565917195, 0.8182344565917195, 0.9645242500435172, 0.9645242500435172, 0.8182344565917195, 0.10987076280292846, 0.9645242500435172, 0.8182344565917195, 0.9645242500435172, 0.45212201506178645, 0.45212201506178645, 0.4023867610977545, 0.45212201506178645, 0.9645242500435172, 0.8182344565917195, 0.8182344565917195]",33,train,9
0.98,0,98,0,2,100,39,0,1,0,0,0,1,0,0,1,0,1,0,0,"(array([0.55879849, 0.67265487, 0.49144965]), array([0.84062505, 0.72495449, 0.8600322 ]), array([0.16311719, 0.28036088, 0.14103907]), array([0.43073991, 0.3188535 , 0.49617964]))","['QwenPRM_avg_scores (7.63B)', 'EurusPRMStage1_min_scores (7.62B)', 'QwenPRM_min_scores (7.63B)']","[0.10987076280292846, 0.10987076280292846, 0.10987076280292846, 0.10987076280292846, 0.10987076280292846, 0.10987076280292846, 0.10987076280292846, 0.10987076280292846, 0.10987076280292846, 0.10987076280292846, 0.10987076280292846, 0.10987076280292846, 0.10987076280292846, 0.10987076280292846, 0.10987076280292846, 0.10987076280292846, 0.10987076280292846, 0.10987076280292846, 0.10987076280292846, 0.10987076280292846, 0.10987076280292846, 0.10987076280292846, 0.10987076280292846, 0.10987076280292846, 0.10987076280292846, 0.10987076280292846, 0.10987076280292846, 0.10987076280292846, 0.10987076280292846, 0.10987076280292846, 0.10987076280292846, 0.10987076280292846, 0.10987076280292846, 0.10987076280292846, 0.10987076280292846, 0.10987076280292846, 0.10987076280292846, 0.10987076280292846, 0.10987076280292846, 0.4023867610977545, 0.10987076280292846, 0.10987076280292846, 0.10987076280292846, 0.10987076280292846, 0.10987076280292846, 0.10987076280292846, 0.4023867610977545, 0.10987076280292846, 0.10987076280292846, 0.10987076280292846, 0.4023867610977545, 0.10987076280292846, 0.10987076280292846, 0.10987076280292846, 0.10987076280292846, 0.10987076280292846, 0.10987076280292846, 0.4023867610977545, 0.10987076280292846, 0.10987076280292846, 0.10987076280292846, 0.10987076280292846, 0.10987076280292846, 0.10987076280292846, 0.10987076280292846, 0.10987076280292846, 0.10987076280292846, 0.10987076280292846, 0.10987076280292846, 0.4023867610977545, 0.10987076280292846, 0.10987076280292846, 0.10987076280292846, 0.10987076280292846, 0.10987076280292846, 0.10987076280292846, 0.10987076280292846, 0.4023867610977545, 0.10987076280292846, 0.4023867610977545, 0.10987076280292846, 0.10987076280292846, 0.10987076280292846, 0.10987076280292846, 0.4023867610977545, 0.10987076280292846, 0.10987076280292846, 0.4023867610977545, 0.10987076280292846, 0.10987076280292846, 0.10987076280292846, 0.10987076280292846, 0.10987076280292846, 0.4023867610977545, 0.10987076280292846, 0.10987076280292846, 0.10987076280292846, 0.4023867610977545, 0.10987076280292846, 0.10987076280292846]",34,train,0
0.55,24,31,0,45,100,4,1,1,1,0,0,0,4,1,1,1,0,0,0,"(array([0.55879849, 0.67265487, 0.49144965]), array([0.84062505, 0.72495449, 0.8600322 ]), array([0.16311719, 0.28036088, 0.14103907]), array([0.43073991, 0.3188535 , 0.49617964]))","['QwenPRM_avg_scores (7.63B)', 'EurusPRMStage1_min_scores (7.62B)', 'QwenPRM_min_scores (7.63B)']","[0.10987076280292846, 0.45212201506178645, 0.10987076280292846, 0.8182344565917195, 0.9645242500435172, 0.8328906272418104, 0.9645242500435172, 0.10987076280292846, 0.10987076280292846, 0.4023867610977545, 0.4023867610977545, 0.8328906272418104, 0.4023867610977545, 0.9645242500435172, 0.8182344565917195, 0.8182344565917195, 0.10987076280292846, 0.10987076280292846, 0.8182344565917195, 0.4023867610977545, 0.10987076280292846, 0.10987076280292846, 0.45212201506178645, 0.4023867610977545, 0.9645242500435172, 0.10987076280292846, 0.10987076280292846, 0.10987076280292846, 0.4023867610977545, 0.4023867610977545, 0.10987076280292846, 0.10987076280292846, 0.45212201506178645, 0.10987076280292846, 0.9645242500435172, 0.4023867610977545, 0.10987076280292846, 0.4023867610977545, 0.4023867610977545, 0.10987076280292846, 0.10987076280292846, 0.8328906272418104, 0.9645242500435172, 0.9645242500435172, 0.4023867610977545, 0.10987076280292846, 0.10987076280292846, 0.10987076280292846, 0.4023867610977545, 0.10987076280292846, 0.4023867610977545, 0.10987076280292846, 0.10987076280292846, 0.45212201506178645, 0.10987076280292846, 0.9645242500435172, 0.10987076280292846, 0.8182344565917195, 0.10987076280292846, 0.8182344565917195, 0.10987076280292846, 0.10987076280292846, 0.10987076280292846, 0.8182344565917195, 0.4023867610977545, 0.10987076280292846, 0.10987076280292846, 0.4023867610977545, 0.4023867610977545, 0.8182344565917195, 0.10987076280292846, 0.10987076280292846, 0.8182344565917195, 0.4023867610977545, 0.10987076280292846, 0.8026316733576279, 0.10987076280292846, 0.10987076280292846, 0.10987076280292846, 0.4023867610977545, 0.9645242500435172, 0.10987076280292846, 0.45212201506178645, 0.10987076280292846, 0.10987076280292846, 0.4023867610977545, 0.10987076280292846, 0.4023867610977545, 0.10987076280292846, 0.10987076280292846, 0.4023867610977545, 0.4023867610977545, 0.10987076280292846, 0.4023867610977545, 0.4023867610977545, 0.10987076280292846, 0.8328906272418104, 0.9645242500435172, 0.4023867610977545, 0.4023867610977545]",35,train,6
0.85,20,65,0,15,100,0,1,1,1,0,0,0,0,1,1,1,0,0,0,"(array([0.55879849, 0.67265487, 0.49144965]), array([0.84062505, 0.72495449, 0.8600322 ]), array([0.16311719, 0.28036088, 0.14103907]), array([0.43073991, 0.3188535 , 0.49617964]))","['QwenPRM_avg_scores (7.63B)', 'EurusPRMStage1_min_scores (7.62B)', 'QwenPRM_min_scores (7.63B)']","[0.9645242500435172, 0.10987076280292846, 0.4023867610977545, 0.8182344565917195, 0.10987076280292846, 0.4023867610977545, 0.9645242500435172, 0.4023867610977545, 0.10987076280292846, 0.9645242500435172, 0.10987076280292846, 0.8182344565917195, 0.10987076280292846, 0.10987076280292846, 0.10987076280292846, 0.10987076280292846, 0.8182344565917195, 0.9645242500435172, 0.9645242500435172, 0.10987076280292846, 0.10987076280292846, 0.10987076280292846, 0.10987076280292846, 0.10987076280292846, 0.8182344565917195, 0.10987076280292846, 0.10987076280292846, 0.4023867610977545, 0.10987076280292846, 0.10987076280292846, 0.10987076280292846, 0.10987076280292846, 0.10987076280292846, 0.10987076280292846, 0.8182344565917195, 0.8182344565917195, 0.10987076280292846, 0.4023867610977545, 0.10987076280292846, 0.4023867610977545, 0.10987076280292846, 0.4023867610977545, 0.8182344565917195, 0.10987076280292846, 0.8182344565917195, 0.10987076280292846, 0.10987076280292846, 0.10987076280292846, 0.10987076280292846, 0.10987076280292846, 0.4023867610977545, 0.10987076280292846, 0.10987076280292846, 0.10987076280292846, 0.4023867610977545, 0.10987076280292846, 0.10987076280292846, 0.10987076280292846, 0.4023867610977545, 0.4023867610977545, 0.9645242500435172, 0.10987076280292846, 0.4023867610977545, 0.9645242500435172, 0.10987076280292846, 0.4023867610977545, 0.10987076280292846, 0.10987076280292846, 0.9645242500435172, 0.10987076280292846, 0.8182344565917195, 0.10987076280292846, 0.10987076280292846, 0.8182344565917195, 0.45212201506178645, 0.4023867610977545, 0.10987076280292846, 0.4023867610977545, 0.10987076280292846, 0.10987076280292846, 0.10987076280292846, 0.10987076280292846, 0.9645242500435172, 0.10987076280292846, 0.10987076280292846, 0.10987076280292846, 0.10987076280292846, 0.4023867610977545, 0.4023867610977545, 0.4023867610977545, 0.4023867610977545, 0.10987076280292846, 0.9645242500435172, 0.10987076280292846, 0.10987076280292846, 0.10987076280292846, 0.4023867610977545, 0.10987076280292846, 0.10987076280292846, 0.4023867610977545]",36,train,3
0.69,0,69,0,31,100,0,1,1,1,0,0,0,2,0,1,0,1,0,0,"(array([0.55879849, 0.67265487, 0.49144965]), array([0.84062505, 0.72495449, 0.8600322 ]), array([0.16311719, 0.28036088, 0.14103907]), array([0.43073991, 0.3188535 , 0.49617964]))","['QwenPRM_avg_scores (7.63B)', 'EurusPRMStage1_min_scores (7.62B)', 'QwenPRM_min_scores (7.63B)']","[0.4023867610977545, 0.4023867610977545, 0.10987076280292846, 0.4023867610977545, 0.10987076280292846, 0.10987076280292846, 0.10987076280292846, 0.10987076280292846, 0.10987076280292846, 0.4023867610977545, 0.10987076280292846, 0.10987076280292846, 0.10987076280292846, 0.10987076280292846, 0.10987076280292846, 0.10987076280292846, 0.10987076280292846, 0.10987076280292846, 0.10987076280292846, 0.10987076280292846, 0.10987076280292846, 0.10987076280292846, 0.10987076280292846, 0.4023867610977545, 0.10987076280292846, 0.4023867610977545, 0.4023867610977545, 0.10987076280292846, 0.10987076280292846, 0.4023867610977545, 0.4023867610977545, 0.10987076280292846, 0.10987076280292846, 0.10987076280292846, 0.4023867610977545, 0.10987076280292846, 0.10987076280292846, 0.10987076280292846, 0.10987076280292846, 0.10987076280292846, 0.10987076280292846, 0.4023867610977545, 0.10987076280292846, 0.10987076280292846, 0.10987076280292846, 0.10987076280292846, 0.10987076280292846, 0.10987076280292846, 0.10987076280292846, 0.10987076280292846, 0.4023867610977545, 0.10987076280292846, 0.10987076280292846, 0.10987076280292846, 0.10987076280292846, 0.10987076280292846, 0.10987076280292846, 0.10987076280292846, 0.10987076280292846, 0.10987076280292846, 0.10987076280292846, 0.10987076280292846, 0.10987076280292846, 0.10987076280292846, 0.10987076280292846, 0.4023867610977545, 0.10987076280292846, 0.4023867610977545, 0.10987076280292846, 0.10987076280292846, 0.10987076280292846, 0.10987076280292846, 0.4023867610977545, 0.10987076280292846, 0.10987076280292846, 0.10987076280292846, 0.4023867610977545, 0.10987076280292846, 0.4023867610977545, 0.4023867610977545, 0.10987076280292846, 0.10987076280292846, 0.4023867610977545, 0.4023867610977545, 0.10987076280292846, 0.10987076280292846, 0.10987076280292846, 0.4023867610977545, 0.10987076280292846, 0.10987076280292846, 0.10987076280292846, 0.10987076280292846, 0.10987076280292846, 0.10987076280292846, 0.4023867610977545, 0.10987076280292846, 0.10987076280292846, 0.10987076280292846, 0.4023867610977545, 0.10987076280292846]",37,train,3
0.8,12,68,0,20,100,16,1,1,1,0,0,0,16,1,1,1,0,0,0,"(array([0.55879849, 0.67265487, 0.49144965]), array([0.84062505, 0.72495449, 0.8600322 ]), array([0.16311719, 0.28036088, 0.14103907]), array([0.43073991, 0.3188535 , 0.49617964]))","['QwenPRM_avg_scores (7.63B)', 'EurusPRMStage1_min_scores (7.62B)', 'QwenPRM_min_scores (7.63B)']","[0.10987076280292846, 0.10987076280292846, 0.10987076280292846, 0.10987076280292846, 0.8182344565917195, 0.10987076280292846, 0.10987076280292846, 0.10987076280292846, 0.10987076280292846, 0.10987076280292846, 0.10987076280292846, 0.4023867610977545, 0.4023867610977545, 0.10987076280292846, 0.10987076280292846, 0.10987076280292846, 0.9645242500435172, 0.10987076280292846, 0.10987076280292846, 0.10987076280292846, 0.10987076280292846, 0.10987076280292846, 0.8182344565917195, 0.10987076280292846, 0.10987076280292846, 0.10987076280292846, 0.10987076280292846, 0.10987076280292846, 0.10987076280292846, 0.10987076280292846, 0.8182344565917195, 0.10987076280292846, 0.4023867610977545, 0.10987076280292846, 0.10987076280292846, 0.10987076280292846, 0.10987076280292846, 0.10987076280292846, 0.10987076280292846, 0.10987076280292846, 0.10987076280292846, 0.10987076280292846, 0.9645242500435172, 0.10987076280292846, 0.10987076280292846, 0.10987076280292846, 0.10987076280292846, 0.4023867610977545, 0.10987076280292846, 0.10987076280292846, 0.10987076280292846, 0.4023867610977545, 0.10987076280292846, 0.8182344565917195, 0.10987076280292846, 0.45212201506178645, 0.10987076280292846, 0.10987076280292846, 0.10987076280292846, 0.10987076280292846, 0.10987076280292846, 0.10987076280292846, 0.8182344565917195, 0.10987076280292846, 0.10987076280292846, 0.9645242500435172, 0.4023867610977545, 0.10987076280292846, 0.8182344565917195, 0.10987076280292846, 0.4023867610977545, 0.10987076280292846, 0.10987076280292846, 0.10987076280292846, 0.10987076280292846, 0.10987076280292846, 0.10987076280292846, 0.10987076280292846, 0.4023867610977545, 0.10987076280292846, 0.10987076280292846, 0.10987076280292846, 0.10987076280292846, 0.10987076280292846, 0.10987076280292846, 0.10987076280292846, 0.9645242500435172, 0.10987076280292846, 0.10987076280292846, 0.10987076280292846, 0.9645242500435172, 0.10987076280292846, 0.8182344565917195, 0.10987076280292846, 0.10987076280292846, 0.10987076280292846, 0.4023867610977545, 0.10987076280292846, 0.10987076280292846, 0.10987076280292846]",38,train,3
0.96,2,94,1,3,100,28,0,1,0,0,0,1,0,0,1,0,1,0,0,"(array([0.55879849, 0.67265487, 0.49144965]), array([0.84062505, 0.72495449, 0.8600322 ]), array([0.16311719, 0.28036088, 0.14103907]), array([0.43073991, 0.3188535 , 0.49617964]))","['QwenPRM_avg_scores (7.63B)', 'EurusPRMStage1_min_scores (7.62B)', 'QwenPRM_min_scores (7.63B)']","[0.10987076280292846, 0.4023867610977545, 0.10987076280292846, 0.10987076280292846, 0.10987076280292846, 0.45212201506178645, 0.10987076280292846, 0.10987076280292846, 0.10987076280292846, 0.10987076280292846, 0.10987076280292846, 0.10987076280292846, 0.10987076280292846, 0.10987076280292846, 0.10987076280292846, 0.10987076280292846, 0.10987076280292846, 0.10987076280292846, 0.4023867610977545, 0.10987076280292846, 0.10987076280292846, 0.10987076280292846, 0.10987076280292846, 0.10987076280292846, 0.4023867610977545, 0.4023867610977545, 0.10987076280292846, 0.10987076280292846, 0.8328906272418104, 0.4023867610977545, 0.10987076280292846, 0.10987076280292846, 0.10987076280292846, 0.4023867610977545, 0.10987076280292846, 0.10987076280292846, 0.10987076280292846, 0.10987076280292846, 0.10987076280292846, 0.4023867610977545, 0.4023867610977545, 0.10987076280292846, 0.4023867610977545, 0.10987076280292846, 0.10987076280292846, 0.10987076280292846, 0.10987076280292846, 0.10987076280292846, 0.4023867610977545, 0.10987076280292846, 0.4023867610977545, 0.4023867610977545, 0.10987076280292846, 0.10987076280292846, 0.10987076280292846, 0.10987076280292846, 0.45212201506178645, 0.10987076280292846, 0.4023867610977545, 0.4023867610977545, 0.10987076280292846, 0.10987076280292846, 0.10987076280292846, 0.10987076280292846, 0.10987076280292846, 0.10987076280292846, 0.10987076280292846, 0.10987076280292846, 0.45212201506178645, 0.10987076280292846, 0.42709644232268407, 0.10987076280292846, 0.10987076280292846, 0.4023867610977545, 0.10987076280292846, 0.10987076280292846, 0.10987076280292846, 0.10987076280292846, 0.10987076280292846, 0.10987076280292846, 0.10987076280292846, 0.10987076280292846, 0.4023867610977545, 0.10987076280292846, 0.10987076280292846, 0.4023867610977545, 0.10987076280292846, 0.10987076280292846, 0.10987076280292846, 0.4023867610977545, 0.10987076280292846, 0.10987076280292846, 0.8182344565917195, 0.4023867610977545, 0.10987076280292846, 0.10987076280292846, 0.10987076280292846, 0.10987076280292846, 0.8328906272418104, 0.4023867610977545]",39,train,0
0.74,31,43,0,26,100,25,1,1,1,0,0,0,25,1,1,1,0,0,0,"(array([0.55879849, 0.67265487, 0.49144965]), array([0.84062505, 0.72495449, 0.8600322 ]), array([0.16311719, 0.28036088, 0.14103907]), array([0.43073991, 0.3188535 , 0.49617964]))","['QwenPRM_avg_scores (7.63B)', 'EurusPRMStage1_min_scores (7.62B)', 'QwenPRM_min_scores (7.63B)']","[0.10987076280292846, 0.10987076280292846, 0.4023867610977545, 0.4023867610977545, 0.10987076280292846, 0.4023867610977545, 0.10987076280292846, 0.8182344565917195, 0.4023867610977545, 0.10987076280292846, 0.8182344565917195, 0.10987076280292846, 0.8182344565917195, 0.10987076280292846, 0.10987076280292846, 0.8182344565917195, 0.8182344565917195, 0.4023867610977545, 0.4023867610977545, 0.4023867610977545, 0.10987076280292846, 0.8182344565917195, 0.10987076280292846, 0.4023867610977545, 0.4023867610977545, 0.9645242500435172, 0.10987076280292846, 0.4023867610977545, 0.10987076280292846, 0.10987076280292846, 0.8182344565917195, 0.10987076280292846, 0.10987076280292846, 0.10987076280292846, 0.9645242500435172, 0.4023867610977545, 0.4023867610977545, 0.9645242500435172, 0.4023867610977545, 0.9645242500435172, 0.8182344565917195, 0.4023867610977545, 0.9645242500435172, 0.4023867610977545, 0.10987076280292846, 0.10987076280292846, 0.10987076280292846, 0.10987076280292846, 0.10987076280292846, 0.9645242500435172, 0.10987076280292846, 0.10987076280292846, 0.10987076280292846, 0.10987076280292846, 0.9645242500435172, 0.10987076280292846, 0.10987076280292846, 0.8182344565917195, 0.4023867610977545, 0.9645242500435172, 0.10987076280292846, 0.10987076280292846, 0.10987076280292846, 0.4023867610977545, 0.10987076280292846, 0.10987076280292846, 0.10987076280292846, 0.10987076280292846, 0.10987076280292846, 0.10987076280292846, 0.10987076280292846, 0.10987076280292846, 0.10987076280292846, 0.8182344565917195, 0.8182344565917195, 0.10987076280292846, 0.9645242500435172, 0.10987076280292846, 0.4023867610977545, 0.10987076280292846, 0.10987076280292846, 0.4023867610977545, 0.8182344565917195, 0.9645242500435172, 0.10987076280292846, 0.8182344565917195, 0.8182344565917195, 0.9645242500435172, 0.9645242500435172, 0.10987076280292846, 0.8182344565917195, 0.9645242500435172, 0.9645242500435172, 0.10987076280292846, 0.4023867610977545, 0.10987076280292846, 0.9645242500435172, 0.4023867610977545, 0.10987076280292846, 0.8182344565917195]",40,train,5
0.83,9,74,1,16,100,12,1,1,1,0,0,0,12,1,1,1,0,0,0,"(array([0.55879849, 0.67265487, 0.49144965]), array([0.84062505, 0.72495449, 0.8600322 ]), array([0.16311719, 0.28036088, 0.14103907]), array([0.43073991, 0.3188535 , 0.49617964]))","['QwenPRM_avg_scores (7.63B)', 'EurusPRMStage1_min_scores (7.62B)', 'QwenPRM_min_scores (7.63B)']","[0.10987076280292846, 0.45212201506178645, 0.10987076280292846, 0.10987076280292846, 0.10987076280292846, 0.10987076280292846, 0.10987076280292846, 0.45212201506178645, 0.10987076280292846, 0.10987076280292846, 0.10987076280292846, 0.10987076280292846, 0.9645242500435172, 0.10987076280292846, 0.10987076280292846, 0.10987076280292846, 0.10987076280292846, 0.4023867610977545, 0.10987076280292846, 0.10987076280292846, 0.4023867610977545, 0.10987076280292846, 0.10987076280292846, 0.9645242500435172, 0.4023867610977545, 0.10987076280292846, 0.10987076280292846, 0.10987076280292846, 0.10987076280292846, 0.10987076280292846, 0.10987076280292846, 0.8182344565917195, 0.10987076280292846, 0.4023867610977545, 0.10987076280292846, 0.8182344565917195, 0.10987076280292846, 0.4023867610977545, 0.10987076280292846, 0.10987076280292846, 0.10987076280292846, 0.10987076280292846, 0.10987076280292846, 0.10987076280292846, 0.10987076280292846, 0.9645242500435172, 0.8182344565917195, 0.8182344565917195, 0.10987076280292846, 0.10987076280292846, 0.4023867610977545, 0.10987076280292846, 0.45212201506178645, 0.8182344565917195, 0.4023867610977545, 0.10987076280292846, 0.10987076280292846, 0.10987076280292846, 0.45212201506178645, 0.4023867610977545, 0.45212201506178645, 0.10987076280292846, 0.10987076280292846, 0.4023867610977545, 0.4023867610977545, 0.10987076280292846, 0.10987076280292846, 0.10987076280292846, 0.10987076280292846, 0.10987076280292846, 0.45212201506178645, 0.10987076280292846, 0.10987076280292846, 0.8182344565917195, 0.45212201506178645, 0.10987076280292846, 0.10987076280292846, 0.10987076280292846, 0.10987076280292846, 0.10987076280292846, 0.4023867610977545, 0.10987076280292846, 0.10987076280292846, 0.10987076280292846, 0.4023867610977545, 0.10987076280292846, 0.10987076280292846, 0.10987076280292846, 0.9645242500435172, 0.4023867610977545, 0.4023867610977545, 0.4023867610977545, 0.10987076280292846, 0.10987076280292846, 0.10987076280292846, 0.45212201506178645, 0.4023867610977545, 0.45212201506178645, 0.10987076280292846, 0.10987076280292846]",41,train,2
0.86,0,86,0,14,100,4,1,1,1,0,0,0,0,0,1,0,1,0,0,"(array([0.55879849, 0.67265487, 0.49144965]), array([0.84062505, 0.72495449, 0.8600322 ]), array([0.16311719, 0.28036088, 0.14103907]), array([0.43073991, 0.3188535 , 0.49617964]))","['QwenPRM_avg_scores (7.63B)', 'EurusPRMStage1_min_scores (7.62B)', 'QwenPRM_min_scores (7.63B)']","[0.10987076280292846, 0.10987076280292846, 0.10987076280292846, 0.10987076280292846, 0.4023867610977545, 0.10987076280292846, 0.10987076280292846, 0.10987076280292846, 0.10987076280292846, 0.4023867610977545, 0.10987076280292846, 0.10987076280292846, 0.4023867610977545, 0.10987076280292846, 0.10987076280292846, 0.10987076280292846, 0.10987076280292846, 0.10987076280292846, 0.10987076280292846, 0.10987076280292846, 0.10987076280292846, 0.10987076280292846, 0.10987076280292846, 0.10987076280292846, 0.10987076280292846, 0.10987076280292846, 0.10987076280292846, 0.10987076280292846, 0.10987076280292846, 0.10987076280292846, 0.10987076280292846, 0.10987076280292846, 0.10987076280292846, 0.10987076280292846, 0.10987076280292846, 0.10987076280292846, 0.10987076280292846, 0.10987076280292846, 0.10987076280292846, 0.4023867610977545, 0.10987076280292846, 0.10987076280292846, 0.10987076280292846, 0.4023867610977545, 0.10987076280292846, 0.10987076280292846, 0.10987076280292846, 0.10987076280292846, 0.10987076280292846, 0.10987076280292846, 0.10987076280292846, 0.10987076280292846, 0.10987076280292846, 0.10987076280292846, 0.10987076280292846, 0.10987076280292846, 0.4023867610977545, 0.10987076280292846, 0.10987076280292846, 0.10987076280292846, 0.10987076280292846, 0.10987076280292846, 0.10987076280292846, 0.10987076280292846, 0.10987076280292846, 0.10987076280292846, 0.10987076280292846, 0.10987076280292846, 0.10987076280292846, 0.4023867610977545, 0.10987076280292846, 0.10987076280292846, 0.10987076280292846, 0.10987076280292846, 0.4023867610977545, 0.10987076280292846, 0.10987076280292846, 0.10987076280292846, 0.10987076280292846, 0.10987076280292846, 0.10987076280292846, 0.10987076280292846, 0.10987076280292846, 0.10987076280292846, 0.10987076280292846, 0.10987076280292846, 0.4023867610977545, 0.10987076280292846, 0.10987076280292846, 0.4023867610977545, 0.10987076280292846, 0.10987076280292846, 0.10987076280292846, 0.10987076280292846, 0.4023867610977545, 0.10987076280292846, 0.10987076280292846, 0.10987076280292846, 0.10987076280292846, 0.4023867610977545]",42,train,1
0.69,54,15,0,31,100,1,1,1,1,0,0,0,1,1,1,1,0,0,0,"(array([0.55879849, 0.67265487, 0.49144965]), array([0.84062505, 0.72495449, 0.8600322 ]), array([0.16311719, 0.28036088, 0.14103907]), array([0.43073991, 0.3188535 , 0.49617964]))","['QwenPRM_avg_scores (7.63B)', 'EurusPRMStage1_min_scores (7.62B)', 'QwenPRM_min_scores (7.63B)']","[0.8182344565917195, 0.9645242500435172, 0.9645242500435172, 0.10987076280292846, 0.9645242500435172, 0.4023867610977545, 0.10987076280292846, 0.9645242500435172, 0.4023867610977545, 0.10987076280292846, 0.10987076280292846, 0.9645242500435172, 0.10987076280292846, 0.9645242500435172, 0.9645242500435172, 0.4023867610977545, 0.8182344565917195, 0.9645242500435172, 0.9645242500435172, 0.9645242500435172, 0.45212201506178645, 0.4023867610977545, 0.9645242500435172, 0.10987076280292846, 0.9645242500435172, 0.4023867610977545, 0.45212201506178645, 0.8182344565917195, 0.10987076280292846, 0.9645242500435172, 0.10987076280292846, 0.8182344565917195, 0.8182344565917195, 0.8182344565917195, 0.10987076280292846, 0.4023867610977545, 0.9645242500435172, 0.10987076280292846, 0.45212201506178645, 0.8182344565917195, 0.10987076280292846, 0.9645242500435172, 0.45212201506178645, 0.8182344565917195, 0.4023867610977545, 0.4023867610977545, 0.8182344565917195, 0.9645242500435172, 0.4023867610977545, 0.45212201506178645, 0.9645242500435172, 0.4023867610977545, 0.10987076280292846, 0.10987076280292846, 0.9645242500435172, 0.8182344565917195, 0.4023867610977545, 0.8182344565917195, 0.9645242500435172, 0.8328906272418104, 0.8182344565917195, 0.8328906272418104, 0.4023867610977545, 0.9645242500435172, 0.10987076280292846, 0.8182344565917195, 0.9645242500435172, 0.4023867610977545, 0.10987076280292846, 0.9645242500435172, 0.4023867610977545, 0.9645242500435172, 0.8328906272418104, 0.10987076280292846, 0.9645242500435172, 0.9645242500435172, 0.42709644232268407, 0.4023867610977545, 0.45212201506178645, 0.8182344565917195, 0.8182344565917195, 0.9645242500435172, 0.9645242500435172, 0.9645242500435172, 0.10987076280292846, 0.9645242500435172, 0.9645242500435172, 0.4023867610977545, 0.4023867610977545, 0.4023867610977545, 0.4023867610977545, 0.8182344565917195, 0.9645242500435172, 0.9645242500435172, 0.10987076280292846, 0.10987076280292846, 0.9645242500435172, 0.9645242500435172, 0.45212201506178645, 0.9645242500435172]",43,train,8
0.78,12,66,4,18,100,19,1,1,1,0,0,0,19,1,1,1,0,0,0,"(array([0.55879849, 0.67265487, 0.49144965]), array([0.84062505, 0.72495449, 0.8600322 ]), array([0.16311719, 0.28036088, 0.14103907]), array([0.43073991, 0.3188535 , 0.49617964]))","['QwenPRM_avg_scores (7.63B)', 'EurusPRMStage1_min_scores (7.62B)', 'QwenPRM_min_scores (7.63B)']","[0.45212201506178645, 0.10987076280292846, 0.10987076280292846, 0.8328906272418104, 0.8328906272418104, 0.10987076280292846, 0.4023867610977545, 0.4023867610977545, 0.8182344565917195, 0.8328906272418104, 0.4023867610977545, 0.10987076280292846, 0.4023867610977545, 0.4023867610977545, 0.10987076280292846, 0.10987076280292846, 0.10987076280292846, 0.10987076280292846, 0.4023867610977545, 0.9645242500435172, 0.4023867610977545, 0.10987076280292846, 0.10987076280292846, 0.4023867610977545, 0.9645242500435172, 0.10987076280292846, 0.45212201506178645, 0.10987076280292846, 0.45212201506178645, 0.4023867610977545, 0.4023867610977545, 0.4023867610977545, 0.10987076280292846, 0.10987076280292846, 0.10987076280292846, 0.10987076280292846, 0.10987076280292846, 0.10987076280292846, 0.4023867610977545, 0.10987076280292846, 0.10987076280292846, 0.10987076280292846, 0.45212201506178645, 0.4023867610977545, 0.10987076280292846, 0.10987076280292846, 0.10987076280292846, 0.8328906272418104, 0.10987076280292846, 0.10987076280292846, 0.10987076280292846, 0.10987076280292846, 0.8182344565917195, 0.45212201506178645, 0.4023867610977545, 0.10987076280292846, 0.10987076280292846, 0.10987076280292846, 0.10987076280292846, 0.45212201506178645, 0.10987076280292846, 0.10987076280292846, 0.4023867610977545, 0.10987076280292846, 0.9645242500435172, 0.4023867610977545, 0.10987076280292846, 0.10987076280292846, 0.4023867610977545, 0.4023867610977545, 0.4023867610977545, 0.4023867610977545, 0.10987076280292846, 0.4023867610977545, 0.4023867610977545, 0.10987076280292846, 0.4023867610977545, 0.4023867610977545, 0.10987076280292846, 0.10987076280292846, 0.9645242500435172, 0.10987076280292846, 0.4023867610977545, 0.10987076280292846, 0.9645242500435172, 0.4023867610977545, 0.10987076280292846, 0.4023867610977545, 0.8182344565917195, 0.4023867610977545, 0.9645242500435172, 0.9645242500435172, 0.4023867610977545, 0.10987076280292846, 0.45212201506178645, 0.9645242500435172, 0.4023867610977545, 0.45212201506178645, 0.9645242500435172, 0.10987076280292846]",44,train,2
0.48,45,3,0,52,100,2,1,1,1,0,0,0,2,1,1,1,0,0,0,"(array([0.55879849, 0.67265487, 0.49144965]), array([0.84062505, 0.72495449, 0.8600322 ]), array([0.16311719, 0.28036088, 0.14103907]), array([0.43073991, 0.3188535 , 0.49617964]))","['QwenPRM_avg_scores (7.63B)', 'EurusPRMStage1_min_scores (7.62B)', 'QwenPRM_min_scores (7.63B)']","[0.8182344565917195, 0.4023867610977545, 0.9645242500435172, 0.8182344565917195, 0.10987076280292846, 0.10987076280292846, 0.4023867610977545, 0.9645242500435172, 0.9645242500435172, 0.8182344565917195, 0.8182344565917195, 0.8182344565917195, 0.4023867610977545, 0.10987076280292846, 0.4023867610977545, 0.4023867610977545, 0.4023867610977545, 0.4023867610977545, 0.8182344565917195, 0.9645242500435172, 0.9645242500435172, 0.8182344565917195, 0.4023867610977545, 0.10987076280292846, 0.9645242500435172, 0.9645242500435172, 0.4023867610977545, 0.9645242500435172, 0.8026316733576279, 0.4023867610977545, 0.10987076280292846, 0.42709644232268407, 0.10987076280292846, 0.4023867610977545, 0.4023867610977545, 0.9645242500435172, 0.4023867610977545, 0.8026316733576279, 0.4023867610977545, 0.4023867610977545, 0.9645242500435172, 0.8026316733576279, 0.4023867610977545, 0.9645242500435172, 0.4023867610977545, 0.10987076280292846, 0.4023867610977545, 0.4023867610977545, 0.4023867610977545, 0.4023867610977545, 0.9645242500435172, 0.8182344565917195, 0.10987076280292846, 0.8182344565917195, 0.4023867610977545, 0.8182344565917195, 0.8182344565917195, 0.10987076280292846, 0.8026316733576279, 0.10987076280292846, 0.4023867610977545, 0.4023867610977545, 0.4023867610977545, 0.10987076280292846, 0.4023867610977545, 0.4023867610977545, 0.4023867610977545, 0.4023867610977545, 0.8182344565917195, 0.4023867610977545, 0.8182344565917195, 0.8328906272418104, 0.4023867610977545, 0.10987076280292846, 0.4023867610977545, 0.4023867610977545, 0.4023867610977545, 0.10987076280292846, 0.4023867610977545, 0.9645242500435172, 0.9645242500435172, 0.4023867610977545, 0.4023867610977545, 0.8182344565917195, 0.8182344565917195, 0.8182344565917195, 0.4023867610977545, 0.4023867610977545, 0.8026316733576279, 0.9645242500435172, 0.8182344565917195, 0.4023867610977545, 0.8182344565917195, 0.9645242500435172, 0.9645242500435172, 0.9645242500435172, 0.8328906272418104, 0.10987076280292846, 0.8182344565917195, 0.8182344565917195]",45,train,9
0.26,11,15,0,74,100,18,1,1,1,0,0,0,18,1,1,1,0,0,0,"(array([0.55879849, 0.67265487, 0.49144965]), array([0.84062505, 0.72495449, 0.8600322 ]), array([0.16311719, 0.28036088, 0.14103907]), array([0.43073991, 0.3188535 , 0.49617964]))","['QwenPRM_avg_scores (7.63B)', 'EurusPRMStage1_min_scores (7.62B)', 'QwenPRM_min_scores (7.63B)']","[0.10987076280292846, 0.10987076280292846, 0.10987076280292846, 0.4023867610977545, 0.10987076280292846, 0.4023867610977545, 0.10987076280292846, 0.10987076280292846, 0.4023867610977545, 0.10987076280292846, 0.4023867610977545, 0.10987076280292846, 0.10987076280292846, 0.10987076280292846, 0.4023867610977545, 0.10987076280292846, 0.10987076280292846, 0.10987076280292846, 0.9645242500435172, 0.8182344565917195, 0.10987076280292846, 0.10987076280292846, 0.4023867610977545, 0.9645242500435172, 0.9645242500435172, 0.4023867610977545, 0.10987076280292846, 0.4023867610977545, 0.10987076280292846, 0.10987076280292846, 0.10987076280292846, 0.10987076280292846, 0.4023867610977545, 0.10987076280292846, 0.4023867610977545, 0.10987076280292846, 0.4023867610977545, 0.9645242500435172, 0.10987076280292846, 0.10987076280292846, 0.10987076280292846, 0.4023867610977545, 0.10987076280292846, 0.4023867610977545, 0.10987076280292846, 0.10987076280292846, 0.10987076280292846, 0.10987076280292846, 0.10987076280292846, 0.4023867610977545, 0.4023867610977545, 0.10987076280292846, 0.10987076280292846, 0.10987076280292846, 0.4023867610977545, 0.8026316733576279, 0.9645242500435172, 0.4023867610977545, 0.4023867610977545, 0.4023867610977545, 0.10987076280292846, 0.10987076280292846, 0.4023867610977545, 0.10987076280292846, 0.4023867610977545, 0.10987076280292846, 0.8182344565917195, 0.9645242500435172, 0.4023867610977545, 0.4023867610977545, 0.10987076280292846, 0.10987076280292846, 0.10987076280292846, 0.8182344565917195, 0.10987076280292846, 0.10987076280292846, 0.4023867610977545, 0.10987076280292846, 0.10987076280292846, 0.10987076280292846, 0.10987076280292846, 0.45212201506178645, 0.4023867610977545, 0.4023867610977545, 0.10987076280292846, 0.10987076280292846, 0.4023867610977545, 0.10987076280292846, 0.4023867610977545, 0.10987076280292846, 0.10987076280292846, 0.9645242500435172, 0.10987076280292846, 0.10987076280292846, 0.10987076280292846, 0.4023867610977545, 0.10987076280292846, 0.4023867610977545, 0.10987076280292846, 0.10987076280292846]",46,train,8
0.78,12,66,0,22,100,1,1,1,1,0,0,0,1,1,1,1,0,0,0,"(array([0.55879849, 0.67265487, 0.49144965]), array([0.84062505, 0.72495449, 0.8600322 ]), array([0.16311719, 0.28036088, 0.14103907]), array([0.43073991, 0.3188535 , 0.49617964]))","['QwenPRM_avg_scores (7.63B)', 'EurusPRMStage1_min_scores (7.62B)', 'QwenPRM_min_scores (7.63B)']","[0.10987076280292846, 0.9645242500435172, 0.10987076280292846, 0.10987076280292846, 0.10987076280292846, 0.10987076280292846, 0.10987076280292846, 0.4023867610977545, 0.10987076280292846, 0.45212201506178645, 0.10987076280292846, 0.10987076280292846, 0.45212201506178645, 0.10987076280292846, 0.10987076280292846, 0.10987076280292846, 0.10987076280292846, 0.10987076280292846, 0.45212201506178645, 0.10987076280292846, 0.10987076280292846, 0.10987076280292846, 0.10987076280292846, 0.10987076280292846, 0.10987076280292846, 0.10987076280292846, 0.10987076280292846, 0.10987076280292846, 0.10987076280292846, 0.10987076280292846, 0.10987076280292846, 0.10987076280292846, 0.10987076280292846, 0.10987076280292846, 0.45212201506178645, 0.10987076280292846, 0.10987076280292846, 0.4023867610977545, 0.10987076280292846, 0.45212201506178645, 0.10987076280292846, 0.10987076280292846, 0.8182344565917195, 0.9645242500435172, 0.10987076280292846, 0.10987076280292846, 0.10987076280292846, 0.10987076280292846, 0.10987076280292846, 0.10987076280292846, 0.10987076280292846, 0.10987076280292846, 0.45212201506178645, 0.10987076280292846, 0.10987076280292846, 0.10987076280292846, 0.10987076280292846, 0.9645242500435172, 0.10987076280292846, 0.45212201506178645, 0.10987076280292846, 0.8328906272418104, 0.10987076280292846, 0.10987076280292846, 0.10987076280292846, 0.8328906272418104, 0.10987076280292846, 0.10987076280292846, 0.10987076280292846, 0.10987076280292846, 0.10987076280292846, 0.10987076280292846, 0.10987076280292846, 0.4023867610977545, 0.10987076280292846, 0.8182344565917195, 0.8182344565917195, 0.45212201506178645, 0.10987076280292846, 0.4023867610977545, 0.10987076280292846, 0.10987076280292846, 0.10987076280292846, 0.10987076280292846, 0.8328906272418104, 0.10987076280292846, 0.10987076280292846, 0.10987076280292846, 0.10987076280292846, 0.10987076280292846, 0.10987076280292846, 0.10987076280292846, 0.4023867610977545, 0.10987076280292846, 0.10987076280292846, 0.8182344565917195, 0.10987076280292846, 0.8182344565917195, 0.9645242500435172, 0.10987076280292846]",47,train,3
0.73,73,0,0,27,100,0,1,1,1,0,0,0,0,1,1,1,0,0,0,"(array([0.55879849, 0.67265487, 0.49144965]), array([0.84062505, 0.72495449, 0.8600322 ]), array([0.16311719, 0.28036088, 0.14103907]), array([0.43073991, 0.3188535 , 0.49617964]))","['QwenPRM_avg_scores (7.63B)', 'EurusPRMStage1_min_scores (7.62B)', 'QwenPRM_min_scores (7.63B)']","[0.9645242500435172, 0.9645242500435172, 0.9645242500435172, 0.9645242500435172, 0.8182344565917195, 0.4023867610977545, 0.9645242500435172, 0.9645242500435172, 0.8182344565917195, 0.8182344565917195, 0.9645242500435172, 0.4023867610977545, 0.9645242500435172, 0.9645242500435172, 0.9645242500435172, 0.9645242500435172, 0.8182344565917195, 0.9645242500435172, 0.9645242500435172, 0.9645242500435172, 0.9645242500435172, 0.4023867610977545, 0.10987076280292846, 0.4023867610977545, 0.9645242500435172, 0.8182344565917195, 0.9645242500435172, 0.4023867610977545, 0.4023867610977545, 0.9645242500435172, 0.9645242500435172, 0.4023867610977545, 0.9645242500435172, 0.8328906272418104, 0.45212201506178645, 0.9645242500435172, 0.9645242500435172, 0.8182344565917195, 0.8182344565917195, 0.8182344565917195, 0.9645242500435172, 0.8182344565917195, 0.9645242500435172, 0.4023867610977545, 0.4023867610977545, 0.8182344565917195, 0.8182344565917195, 0.8182344565917195, 0.4023867610977545, 0.9645242500435172, 0.4023867610977545, 0.4023867610977545, 0.4023867610977545, 0.4023867610977545, 0.10987076280292846, 0.8182344565917195, 0.9645242500435172, 0.9645242500435172, 0.4023867610977545, 0.10987076280292846, 0.8182344565917195, 0.9645242500435172, 0.8328906272418104, 0.9645242500435172, 0.8182344565917195, 0.9645242500435172, 0.4023867610977545, 0.9645242500435172, 0.4023867610977545, 0.9645242500435172, 0.8182344565917195, 0.8182344565917195, 0.8182344565917195, 0.9645242500435172, 0.9645242500435172, 0.8182344565917195, 0.9645242500435172, 0.8182344565917195, 0.8182344565917195, 0.9645242500435172, 0.4023867610977545, 0.8182344565917195, 0.9645242500435172, 0.8182344565917195, 0.9645242500435172, 0.4023867610977545, 0.8182344565917195, 0.8182344565917195, 0.8182344565917195, 0.9645242500435172, 0.4023867610977545, 0.8182344565917195, 0.9645242500435172, 0.8182344565917195, 0.4023867610977545, 0.9645242500435172, 0.4023867610977545, 0.9645242500435172, 0.9645242500435172, 0.10987076280292846]",48,train,9
1.0,1,99,0,0,100,67,1,1,1,0,0,0,67,1,1,1,0,0,0,"(array([0.55879849, 0.67265487, 0.49144965]), array([0.84062505, 0.72495449, 0.8600322 ]), array([0.16311719, 0.28036088, 0.14103907]), array([0.43073991, 0.3188535 , 0.49617964]))","['QwenPRM_avg_scores (7.63B)', 'EurusPRMStage1_min_scores (7.62B)', 'QwenPRM_min_scores (7.63B)']","[0.10987076280292846, 0.4023867610977545, 0.10987076280292846, 0.10987076280292846, 0.4023867610977545, 0.4023867610977545, 0.4023867610977545, 0.4023867610977545, 0.4023867610977545, 0.10987076280292846, 0.4023867610977545, 0.10987076280292846, 0.10987076280292846, 0.10987076280292846, 0.4023867610977545, 0.4023867610977545, 0.10987076280292846, 0.4023867610977545, 0.4023867610977545, 0.10987076280292846, 0.4023867610977545, 0.4023867610977545, 0.10987076280292846, 0.10987076280292846, 0.4023867610977545, 0.4023867610977545, 0.4023867610977545, 0.10987076280292846, 0.10987076280292846, 0.4023867610977545, 0.4023867610977545, 0.10987076280292846, 0.4023867610977545, 0.10987076280292846, 0.4023867610977545, 0.4023867610977545, 0.4023867610977545, 0.4023867610977545, 0.10987076280292846, 0.4023867610977545, 0.4023867610977545, 0.4023867610977545, 0.4023867610977545, 0.4023867610977545, 0.4023867610977545, 0.4023867610977545, 0.4023867610977545, 0.4023867610977545, 0.4023867610977545, 0.4023867610977545, 0.4023867610977545, 0.4023867610977545, 0.10987076280292846, 0.10987076280292846, 0.10987076280292846, 0.4023867610977545, 0.4023867610977545, 0.4023867610977545, 0.10987076280292846, 0.4023867610977545, 0.10987076280292846, 0.4023867610977545, 0.4023867610977545, 0.4023867610977545, 0.10987076280292846, 0.4023867610977545, 0.10987076280292846, 0.9645242500435172, 0.4023867610977545, 0.10987076280292846, 0.4023867610977545, 0.4023867610977545, 0.10987076280292846, 0.10987076280292846, 0.4023867610977545, 0.10987076280292846, 0.4023867610977545, 0.10987076280292846, 0.4023867610977545, 0.45212201506178645, 0.4023867610977545, 0.10987076280292846, 0.10987076280292846, 0.4023867610977545, 0.10987076280292846, 0.10987076280292846, 0.4023867610977545, 0.10987076280292846, 0.10987076280292846, 0.4023867610977545, 0.10987076280292846, 0.4023867610977545, 0.4023867610977545, 0.10987076280292846, 0.4023867610977545, 0.4023867610977545, 0.4023867610977545, 0.4023867610977545, 0.4023867610977545, 0.4023867610977545]",49,train,0
