sample_accuracy,sample_tp,sample_tn,sample_fp,sample_fn,num_samples,top1_idx,top1_positive,has_positive,top1_tp,top1_fp,top1_tn,top1_fn,prediction_idx,prediction_class,prediction_accuracy,prediction_tp,prediction_tn,prediction_fp,prediction_fn,model_params,verifier_subset,weaver_sample_scores,problem,set,difficulty
0.5,44,6,0,50,100,2,1,1,1,0,0,0,2,1,1,1,0,0,0,"(array([0.54215348, 0.67394865, 0.45924377, 0.48502403, 0.80976319]), array([0.87629122, 0.73795253, 0.90842098, 0.89504331, 0.5613268 ]), array([0.13293348, 0.27245945, 0.09839571, 0.11260214, 0.44753927]), array([0.45115772, 0.32140714, 0.53217304, 0.5070945 , 0.18597336]))","['QwenPRM_avg_scores (7.63B)', 'EurusPRMStage1_min_scores (7.62B)', 'QwenPRM_min_scores (7.63B)', 'EurusPRMStage2_avg_scores (7.62B)', 'QwenPRM_max_scores (7.63B)']","[0.11334693716360904, 0.11334693716360904, 0.9971376676548883, 0.5850201966031534, 0.11334693716360904, 0.8466217768776477, 0.9971376676548883, 0.022872589976765594, 0.4206354362351615, 0.11334693716360904, 0.022872589976765594, 0.4206354362351615, 0.11334693716360904, 0.4206354362351615, 0.11734223418813865, 0.11334693716360904, 0.9971376676548883, 0.5031452990279016, 0.5031452990279016, 0.5031452990279016, 0.11334693716360904, 0.4206354362351615, 0.5031452990279016, 0.022872589976765594, 0.4206354362351615, 0.5031452990279016, 0.11334693716360904, 0.11334693716360904, 0.8466217768776477, 0.11334693716360904, 0.9786419995817247, 0.4206354362351615, 0.8466217768776477, 0.8850446096482976, 0.9786419995817247, 0.4206354362351615, 0.851879173411772, 0.022872589976765594, 0.4206354362351615, 0.11334693716360904, 0.9786419995817247, 0.8466217768776477, 0.9786419995817247, 0.4206354362351615, 0.11334693716360904, 0.8897219894705287, 0.9786419995817247, 0.4206354362351615, 0.8466217768776477, 0.8466217768776477, 0.11334693716360904, 0.9786419995817247, 0.8466217768776477, 0.11334693716360904, 0.11734223418813865, 0.022872589976765594, 0.9786419995817247, 0.4928785141540538, 0.11334693716360904, 0.5031452990279016, 0.4206354362351615, 0.9971376676548883, 0.11334693716360904, 0.851879173411772, 0.022872589976765594, 0.4928785141540538, 0.11334693716360904, 0.9786419995817247, 0.9786419995817247, 0.11334693716360904, 0.4206354362351615, 0.9786419995817247, 0.8466217768776477, 0.4206354362351615, 0.4206354362351615, 0.8889688616621653, 0.851879173411772, 0.11334693716360904, 0.11334693716360904, 0.8466217768776477, 0.4206354362351615, 0.4206354362351615, 0.11334693716360904, 0.4206354362351615, 0.9786419995817247, 0.9786419995817247, 0.022872589976765594, 0.11334693716360904, 0.9786419995817247, 0.9786419995817247, 0.022872589976765594, 0.11334693716360904, 0.4206354362351615, 0.4206354362351615, 0.9786419995817247, 0.5031452990279016, 0.11334693716360904, 0.11334693716360904, 0.9971376676548883, 0.97764133460499]",0,train,9
0.84,76,8,0,16,100,3,1,1,1,0,0,0,3,1,1,1,0,0,0,"(array([0.54215348, 0.67394865, 0.45924377, 0.48502403, 0.80976319]), array([0.87629122, 0.73795253, 0.90842098, 0.89504331, 0.5613268 ]), array([0.13293348, 0.27245945, 0.09839571, 0.11260214, 0.44753927]), array([0.45115772, 0.32140714, 0.53217304, 0.5070945 , 0.18597336]))","['QwenPRM_avg_scores (7.63B)', 'EurusPRMStage1_min_scores (7.62B)', 'QwenPRM_min_scores (7.63B)', 'EurusPRMStage2_avg_scores (7.62B)', 'QwenPRM_max_scores (7.63B)']","[0.851879173411772, 0.8897219894705287, 0.4206354362351615, 0.9971376676548883, 0.97764133460499, 0.9971376676548883, 0.9971376676548883, 0.9971376676548883, 0.851879173411772, 0.9971376676548883, 0.851879173411772, 0.9786419995817247, 0.9786419995817247, 0.4206354362351615, 0.11734223418813865, 0.9786419995817247, 0.851879173411772, 0.851879173411772, 0.9971376676548883, 0.9971376676548883, 0.9971376676548883, 0.9971376676548883, 0.022872589976765594, 0.8466217768776477, 0.9786419995817247, 0.022872589976765594, 0.4206354362351615, 0.8897219894705287, 0.9971376676548883, 0.9786419995817247, 0.5031452990279016, 0.4206354362351615, 0.9971376676548883, 0.8466217768776477, 0.9971376676548883, 0.851879173411772, 0.8526021613397781, 0.4206354362351615, 0.9786419995817247, 0.8466217768776477, 0.9786419995817247, 0.97764133460499, 0.022872589976765594, 0.9786419995817247, 0.11334693716360904, 0.8466217768776477, 0.9786419995817247, 0.9786419995817247, 0.9971376676548883, 0.851879173411772, 0.9786419995817247, 0.9971376676548883, 0.9971376676548883, 0.5031452990279016, 0.11334693716360904, 0.851879173411772, 0.4206354362351615, 0.851879173411772, 0.9786419995817247, 0.9786419995817247, 0.11734223418813865, 0.5026674107576559, 0.11334693716360904, 0.851879173411772, 0.9786419995817247, 0.9786419995817247, 0.9971376676548883, 0.851879173411772, 0.9971376676548883, 0.9971376676548883, 0.022872589976765594, 0.022872589976765594, 0.4206354362351615, 0.9786419995817247, 0.8466217768776477, 0.851879173411772, 0.4206354362351615, 0.8466217768776477, 0.9971376676548883, 0.851879173411772, 0.9786419995817247, 0.022872589976765594, 0.4206354362351615, 0.851879173411772, 0.97764133460499, 0.9971376676548883, 0.4206354362351615, 0.9971376676548883, 0.9777664899827055, 0.4206354362351615, 0.9971376676548883, 0.851879173411772, 0.4206354362351615, 0.97764133460499, 0.022872589976765594, 0.851879173411772, 0.9971376676548883, 0.9971376676548883, 0.8466217768776477, 0.9971376676548883]",1,train,9
0.37,5,32,0,63,100,17,1,1,1,0,0,0,17,1,1,1,0,0,0,"(array([0.54215348, 0.67394865, 0.45924377, 0.48502403, 0.80976319]), array([0.87629122, 0.73795253, 0.90842098, 0.89504331, 0.5613268 ]), array([0.13293348, 0.27245945, 0.09839571, 0.11260214, 0.44753927]), array([0.45115772, 0.32140714, 0.53217304, 0.5070945 , 0.18597336]))","['QwenPRM_avg_scores (7.63B)', 'EurusPRMStage1_min_scores (7.62B)', 'QwenPRM_min_scores (7.63B)', 'EurusPRMStage2_avg_scores (7.62B)', 'QwenPRM_max_scores (7.63B)']","[0.11334693716360904, 0.11334693716360904, 0.11734223418813865, 0.022872589976765594, 0.022872589976765594, 0.11334693716360904, 0.11334693716360904, 0.4206354362351615, 0.4206354362351615, 0.4206354362351615, 0.4206354362351615, 0.11334693716360904, 0.11334693716360904, 0.4206354362351615, 0.4206354362351615, 0.11734223418813865, 0.4206354362351615, 0.9786419995817247, 0.8466217768776477, 0.4206354362351615, 0.8466217768776477, 0.8466217768776477, 0.022872589976765594, 0.11334693716360904, 0.11334693716360904, 0.022872589976765594, 0.11334693716360904, 0.11334693716360904, 0.11334693716360904, 0.11734223418813865, 0.11334693716360904, 0.11334693716360904, 0.4206354362351615, 0.11334693716360904, 0.4206354362351615, 0.4206354362351615, 0.4206354362351615, 0.11334693716360904, 0.11334693716360904, 0.11334693716360904, 0.4206354362351615, 0.4206354362351615, 0.4206354362351615, 0.4206354362351615, 0.4206354362351615, 0.11334693716360904, 0.4206354362351615, 0.022872589976765594, 0.4206354362351615, 0.11734223418813865, 0.022872589976765594, 0.4206354362351615, 0.11334693716360904, 0.11334693716360904, 0.4206354362351615, 0.11734223418813865, 0.11734223418813865, 0.11334693716360904, 0.11334693716360904, 0.022872589976765594, 0.8466217768776477, 0.4206354362351615, 0.11334693716360904, 0.4206354362351615, 0.4206354362351615, 0.4206354362351615, 0.4206354362351615, 0.4206354362351615, 0.022872589976765594, 0.11734223418813865, 0.11334693716360904, 0.4206354362351615, 0.4206354362351615, 0.11734223418813865, 0.022872589976765594, 0.022872589976765594, 0.11334693716360904, 0.11334693716360904, 0.4206354362351615, 0.11334693716360904, 0.4206354362351615, 0.4206354362351615, 0.4206354362351615, 0.022872589976765594, 0.11334693716360904, 0.4206354362351615, 0.4206354362351615, 0.11734223418813865, 0.022872589976765594, 0.11334693716360904, 0.11734223418813865, 0.4206354362351615, 0.4206354362351615, 0.11334693716360904, 0.4206354362351615, 0.4206354362351615, 0.4206354362351615, 0.11334693716360904, 0.11334693716360904, 0.4206354362351615]",2,train,6
0.73,44,29,0,27,100,18,1,1,1,0,0,0,18,1,1,1,0,0,0,"(array([0.54215348, 0.67394865, 0.45924377, 0.48502403, 0.80976319]), array([0.87629122, 0.73795253, 0.90842098, 0.89504331, 0.5613268 ]), array([0.13293348, 0.27245945, 0.09839571, 0.11260214, 0.44753927]), array([0.45115772, 0.32140714, 0.53217304, 0.5070945 , 0.18597336]))","['QwenPRM_avg_scores (7.63B)', 'EurusPRMStage1_min_scores (7.62B)', 'QwenPRM_min_scores (7.63B)', 'EurusPRMStage2_avg_scores (7.62B)', 'QwenPRM_max_scores (7.63B)']","[0.11334693716360904, 0.4206354362351615, 0.5026674107576559, 0.022872589976765594, 0.4206354362351615, 0.9786419995817247, 0.4206354362351615, 0.11334693716360904, 0.9786419995817247, 0.851879173411772, 0.97764133460499, 0.9786419995817247, 0.022872589976765594, 0.97764133460499, 0.8889688616621653, 0.11334693716360904, 0.022872589976765594, 0.11334693716360904, 0.9971376676548883, 0.9971376676548883, 0.8935057817790081, 0.11334693716360904, 0.8466217768776477, 0.022872589976765594, 0.9971376676548883, 0.9845651883545611, 0.11334693716360904, 0.8897219894705287, 0.11334693716360904, 0.4206354362351615, 0.11334693716360904, 0.4206354362351615, 0.9971376676548883, 0.022872589976765594, 0.9786419995817247, 0.9971376676548883, 0.11334693716360904, 0.11334693716360904, 0.11734223418813865, 0.022872589976765594, 0.5129318593758885, 0.022872589976765594, 0.9786419995817247, 0.9971376676548883, 0.11334693716360904, 0.5026674107576559, 0.022872589976765594, 0.11334693716360904, 0.11334693716360904, 0.11734223418813865, 0.022872589976765594, 0.8466217768776477, 0.022872589976765594, 0.9786419995817247, 0.97764133460499, 0.8897219894705287, 0.11334693716360904, 0.11334693716360904, 0.9786419995817247, 0.9786419995817247, 0.4206354362351615, 0.11334693716360904, 0.11334693716360904, 0.022872589976765594, 0.4206354362351615, 0.11334693716360904, 0.851879173411772, 0.9971376676548883, 0.11334693716360904, 0.4206354362351615, 0.022872589976765594, 0.851879173411772, 0.11334693716360904, 0.022872589976765594, 0.9971376676548883, 0.97764133460499, 0.9786419995817247, 0.5026674107576559, 0.5026674107576559, 0.9786419995817247, 0.9786419995817247, 0.5031452990279016, 0.022872589976765594, 0.11334693716360904, 0.11334693716360904, 0.9971376676548883, 0.11734223418813865, 0.11334693716360904, 0.4206354362351615, 0.022872589976765594, 0.851879173411772, 0.9786419995817247, 0.4206354362351615, 0.11334693716360904, 0.022872589976765594, 0.9786419995817247, 0.022872589976765594, 0.11334693716360904, 0.851879173411772, 0.4206354362351615]",3,train,7
0.74,2,72,0,26,100,40,1,1,1,0,0,0,3,0,1,0,1,0,0,"(array([0.54215348, 0.67394865, 0.45924377, 0.48502403, 0.80976319]), array([0.87629122, 0.73795253, 0.90842098, 0.89504331, 0.5613268 ]), array([0.13293348, 0.27245945, 0.09839571, 0.11260214, 0.44753927]), array([0.45115772, 0.32140714, 0.53217304, 0.5070945 , 0.18597336]))","['QwenPRM_avg_scores (7.63B)', 'EurusPRMStage1_min_scores (7.62B)', 'QwenPRM_min_scores (7.63B)', 'EurusPRMStage2_avg_scores (7.62B)', 'QwenPRM_max_scores (7.63B)']","[0.11334693716360904, 0.11334693716360904, 0.11334693716360904, 0.022872589976765594, 0.022872589976765594, 0.022872589976765594, 0.11334693716360904, 0.022872589976765594, 0.11334693716360904, 0.022872589976765594, 0.022872589976765594, 0.022872589976765594, 0.4206354362351615, 0.11334693716360904, 0.022872589976765594, 0.11334693716360904, 0.022872589976765594, 0.11334693716360904, 0.11334693716360904, 0.11334693716360904, 0.022872589976765594, 0.11734223418813865, 0.11734223418813865, 0.11334693716360904, 0.022872589976765594, 0.11734223418813865, 0.11734223418813865, 0.11334693716360904, 0.11334693716360904, 0.022872589976765594, 0.022872589976765594, 0.11334693716360904, 0.022872589976765594, 0.022872589976765594, 0.022872589976765594, 0.022872589976765594, 0.022872589976765594, 0.11334693716360904, 0.11334693716360904, 0.022872589976765594, 0.8466217768776477, 0.4206354362351615, 0.022872589976765594, 0.022872589976765594, 0.4206354362351615, 0.022872589976765594, 0.022872589976765594, 0.022872589976765594, 0.4206354362351615, 0.11734223418813865, 0.022872589976765594, 0.11334693716360904, 0.4206354362351615, 0.4206354362351615, 0.022872589976765594, 0.4206354362351615, 0.4206354362351615, 0.022872589976765594, 0.022872589976765594, 0.15107874270637264, 0.11334693716360904, 0.11334693716360904, 0.022872589976765594, 0.022872589976765594, 0.11334693716360904, 0.022872589976765594, 0.022872589976765594, 0.4206354362351615, 0.11734223418813865, 0.11734223418813865, 0.022872589976765594, 0.11334693716360904, 0.022872589976765594, 0.11334693716360904, 0.022872589976765594, 0.11334693716360904, 0.022872589976765594, 0.11734223418813865, 0.11734223418813865, 0.022872589976765594, 0.022872589976765594, 0.11334693716360904, 0.5031452990279016, 0.11334693716360904, 0.022872589976765594, 0.11334693716360904, 0.11734223418813865, 0.022872589976765594, 0.4206354362351615, 0.11334693716360904, 0.022872589976765594, 0.11334693716360904, 0.11734223418813865, 0.022872589976765594, 0.022872589976765594, 0.4206354362351615, 0.11334693716360904, 0.022872589976765594, 0.4206354362351615, 0.022872589976765594]",4,train,2
0.56,33,23,14,30,100,9,1,1,1,0,0,0,9,1,1,1,0,0,0,"(array([0.54215348, 0.67394865, 0.45924377, 0.48502403, 0.80976319]), array([0.87629122, 0.73795253, 0.90842098, 0.89504331, 0.5613268 ]), array([0.13293348, 0.27245945, 0.09839571, 0.11260214, 0.44753927]), array([0.45115772, 0.32140714, 0.53217304, 0.5070945 , 0.18597336]))","['QwenPRM_avg_scores (7.63B)', 'EurusPRMStage1_min_scores (7.62B)', 'QwenPRM_min_scores (7.63B)', 'EurusPRMStage2_avg_scores (7.62B)', 'QwenPRM_max_scores (7.63B)']","[0.97764133460499, 0.4206354362351615, 0.11334693716360904, 0.97764133460499, 0.97764133460499, 0.11334693716360904, 0.9786419995817247, 0.8897219894705287, 0.11334693716360904, 0.9971376676548883, 0.851879173411772, 0.851879173411772, 0.4206354362351615, 0.9971376676548883, 0.022872589976765594, 0.9971376676548883, 0.11334693716360904, 0.8897219894705287, 0.851879173411772, 0.11334693716360904, 0.5031452990279016, 0.4206354362351615, 0.9786419995817247, 0.4206354362351615, 0.11334693716360904, 0.9839586962681637, 0.5031452990279016, 0.11334693716360904, 0.11334693716360904, 0.11334693716360904, 0.9839586962681637, 0.11334693716360904, 0.4928785141540538, 0.8897219894705287, 0.9971376676548883, 0.851879173411772, 0.11334693716360904, 0.11334693716360904, 0.11334693716360904, 0.97764133460499, 0.4206354362351615, 0.9839586962681637, 0.11334693716360904, 0.8850446096482976, 0.8935057817790081, 0.8466217768776477, 0.8466217768776477, 0.9786419995817247, 0.4206354362351615, 0.5031452990279016, 0.4206354362351615, 0.97764133460499, 0.8897219894705287, 0.4206354362351615, 0.851879173411772, 0.11334693716360904, 0.11334693716360904, 0.8850446096482976, 0.9971376676548883, 0.11334693716360904, 0.4206354362351615, 0.11334693716360904, 0.4206354362351615, 0.8897219894705287, 0.11334693716360904, 0.4206354362351615, 0.4206354362351615, 0.4928785141540538, 0.851879173411772, 0.851879173411772, 0.4206354362351615, 0.4206354362351615, 0.11334693716360904, 0.5031452990279016, 0.11334693716360904, 0.4206354362351615, 0.11334693716360904, 0.4206354362351615, 0.9786419995817247, 0.11334693716360904, 0.11334693716360904, 0.4206354362351615, 0.97764133460499, 0.851879173411772, 0.9971376676548883, 0.4206354362351615, 0.9971376676548883, 0.11334693716360904, 0.5045805518192775, 0.11334693716360904, 0.11334693716360904, 0.4206354362351615, 0.5031452990279016, 0.4206354362351615, 0.11334693716360904, 0.11334693716360904, 0.851879173411772, 0.851879173411772, 0.11334693716360904, 0.5031452990279016]",5,train,6
0.93,2,91,7,0,100,71,0,1,0,0,0,1,71,1,0,0,0,1,0,"(array([0.54215348, 0.67394865, 0.45924377, 0.48502403, 0.80976319]), array([0.87629122, 0.73795253, 0.90842098, 0.89504331, 0.5613268 ]), array([0.13293348, 0.27245945, 0.09839571, 0.11260214, 0.44753927]), array([0.45115772, 0.32140714, 0.53217304, 0.5070945 , 0.18597336]))","['QwenPRM_avg_scores (7.63B)', 'EurusPRMStage1_min_scores (7.62B)', 'QwenPRM_min_scores (7.63B)', 'EurusPRMStage2_avg_scores (7.62B)', 'QwenPRM_max_scores (7.63B)']","[0.022872589976765594, 0.022872589976765594, 0.022872589976765594, 0.11734223418813865, 0.11734223418813865, 0.022872589976765594, 0.11734223418813865, 0.022872589976765594, 0.11734223418813865, 0.022872589976765594, 0.11334693716360904, 0.022872589976765594, 0.022872589976765594, 0.11734223418813865, 0.022872589976765594, 0.11734223418813865, 0.11334693716360904, 0.11734223418813865, 0.11334693716360904, 0.4206354362351615, 0.022872589976765594, 0.11734223418813865, 0.022872589976765594, 0.851879173411772, 0.022872589976765594, 0.022872589976765594, 0.11734223418813865, 0.022872589976765594, 0.11334693716360904, 0.022872589976765594, 0.11734223418813865, 0.022872589976765594, 0.022872589976765594, 0.022872589976765594, 0.022872589976765594, 0.022872589976765594, 0.11734223418813865, 0.022872589976765594, 0.11734223418813865, 0.11334693716360904, 0.11334693716360904, 0.022872589976765594, 0.022872589976765594, 0.4206354362351615, 0.5026674107576559, 0.022872589976765594, 0.4206354362351615, 0.022872589976765594, 0.11334693716360904, 0.11734223418813865, 0.022872589976765594, 0.11734223418813865, 0.022872589976765594, 0.11334693716360904, 0.11334693716360904, 0.11734223418813865, 0.4206354362351615, 0.11334693716360904, 0.5026674107576559, 0.11734223418813865, 0.8466217768776477, 0.11334693716360904, 0.4206354362351615, 0.11334693716360904, 0.022872589976765594, 0.11334693716360904, 0.022872589976765594, 0.8466217768776477, 0.022872589976765594, 0.11734223418813865, 0.5026674107576559, 0.97764133460499, 0.11334693716360904, 0.11734223418813865, 0.4206354362351615, 0.11734223418813865, 0.11734223418813865, 0.022872589976765594, 0.4206354362351615, 0.11734223418813865, 0.022872589976765594, 0.022872589976765594, 0.11734223418813865, 0.022872589976765594, 0.4206354362351615, 0.022872589976765594, 0.022872589976765594, 0.97764133460499, 0.11334693716360904, 0.022872589976765594, 0.8466217768776477, 0.11734223418813865, 0.022872589976765594, 0.11334693716360904, 0.022872589976765594, 0.022872589976765594, 0.022872589976765594, 0.11734223418813865, 0.11734223418813865, 0.11734223418813865]",6,train,0
0.22,18,4,0,78,100,58,1,1,1,0,0,0,58,1,1,1,0,0,0,"(array([0.54215348, 0.67394865, 0.45924377, 0.48502403, 0.80976319]), array([0.87629122, 0.73795253, 0.90842098, 0.89504331, 0.5613268 ]), array([0.13293348, 0.27245945, 0.09839571, 0.11260214, 0.44753927]), array([0.45115772, 0.32140714, 0.53217304, 0.5070945 , 0.18597336]))","['QwenPRM_avg_scores (7.63B)', 'EurusPRMStage1_min_scores (7.62B)', 'QwenPRM_min_scores (7.63B)', 'EurusPRMStage2_avg_scores (7.62B)', 'QwenPRM_max_scores (7.63B)']","[0.97764133460499, 0.11734223418813865, 0.4206354362351615, 0.11734223418813865, 0.11334693716360904, 0.022872589976765594, 0.4206354362351615, 0.11734223418813865, 0.11734223418813865, 0.5143661282531263, 0.11734223418813865, 0.4206354362351615, 0.97764133460499, 0.11734223418813865, 0.11734223418813865, 0.11734223418813865, 0.4206354362351615, 0.4206354362351615, 0.11734223418813865, 0.11734223418813865, 0.4206354362351615, 0.851879173411772, 0.11734223418813865, 0.022872589976765594, 0.022872589976765594, 0.11734223418813865, 0.11734223418813865, 0.11734223418813865, 0.4206354362351615, 0.11334693716360904, 0.1564218495267788, 0.11734223418813865, 0.11734223418813865, 0.9786419995817247, 0.11734223418813865, 0.11734223418813865, 0.022872589976765594, 0.11734223418813865, 0.022872589976765594, 0.11734223418813865, 0.851879173411772, 0.5129318593758885, 0.11734223418813865, 0.4206354362351615, 0.11334693716360904, 0.5026674107576559, 0.11734223418813865, 0.4206354362351615, 0.022872589976765594, 0.851879173411772, 0.4206354362351615, 0.851879173411772, 0.4206354362351615, 0.11734223418813865, 0.11734223418813865, 0.11734223418813865, 0.5026674107576559, 0.5026674107576559, 0.9845651883545611, 0.8466217768776477, 0.4206354362351615, 0.022872589976765594, 0.11734223418813865, 0.11734223418813865, 0.11734223418813865, 0.11734223418813865, 0.4206354362351615, 0.11734223418813865, 0.022872589976765594, 0.4206354362351615, 0.022872589976765594, 0.022872589976765594, 0.11734223418813865, 0.9786419995817247, 0.11734223418813865, 0.11734223418813865, 0.11734223418813865, 0.022872589976765594, 0.022872589976765594, 0.11734223418813865, 0.4206354362351615, 0.97764133460499, 0.11334693716360904, 0.9845651883545611, 0.11734223418813865, 0.022872589976765594, 0.022872589976765594, 0.11734223418813865, 0.11734223418813865, 0.4206354362351615, 0.4206354362351615, 0.4206354362351615, 0.4206354362351615, 0.4206354362351615, 0.8466217768776477, 0.4206354362351615, 0.4206354362351615, 0.11734223418813865, 0.4206354362351615, 0.11734223418813865]",7,train,9
0.8,37,43,0,20,100,5,1,1,1,0,0,0,5,1,1,1,0,0,0,"(array([0.54215348, 0.67394865, 0.45924377, 0.48502403, 0.80976319]), array([0.87629122, 0.73795253, 0.90842098, 0.89504331, 0.5613268 ]), array([0.13293348, 0.27245945, 0.09839571, 0.11260214, 0.44753927]), array([0.45115772, 0.32140714, 0.53217304, 0.5070945 , 0.18597336]))","['QwenPRM_avg_scores (7.63B)', 'EurusPRMStage1_min_scores (7.62B)', 'QwenPRM_min_scores (7.63B)', 'EurusPRMStage2_avg_scores (7.62B)', 'QwenPRM_max_scores (7.63B)']","[0.11334693716360904, 0.851879173411772, 0.4206354362351615, 0.022872589976765594, 0.97764133460499, 0.9971376676548883, 0.9971376676548883, 0.11334693716360904, 0.8466217768776477, 0.8466217768776477, 0.851879173411772, 0.8466217768776477, 0.11334693716360904, 0.851879173411772, 0.11334693716360904, 0.97764133460499, 0.4206354362351615, 0.11334693716360904, 0.9971376676548883, 0.8466217768776477, 0.9971376676548883, 0.4206354362351615, 0.851879173411772, 0.9971376676548883, 0.9971376676548883, 0.9971376676548883, 0.11334693716360904, 0.11334693716360904, 0.4206354362351615, 0.022872589976765594, 0.11334693716360904, 0.11334693716360904, 0.11334693716360904, 0.4206354362351615, 0.022872589976765594, 0.851879173411772, 0.11334693716360904, 0.11334693716360904, 0.11334693716360904, 0.11334693716360904, 0.022872589976765594, 0.11734223418813865, 0.11334693716360904, 0.851879173411772, 0.11334693716360904, 0.11334693716360904, 0.97764133460499, 0.022872589976765594, 0.97764133460499, 0.8466217768776477, 0.4206354362351615, 0.022872589976765594, 0.97764133460499, 0.851879173411772, 0.11334693716360904, 0.11334693716360904, 0.022872589976765594, 0.851879173411772, 0.11334693716360904, 0.4206354362351615, 0.11334693716360904, 0.4206354362351615, 0.5026674107576559, 0.851879173411772, 0.022872589976765594, 0.11334693716360904, 0.851879173411772, 0.022872589976765594, 0.11334693716360904, 0.022872589976765594, 0.9971376676548883, 0.4206354362351615, 0.4206354362351615, 0.97764133460499, 0.4206354362351615, 0.11334693716360904, 0.11334693716360904, 0.11334693716360904, 0.9786419995817247, 0.11334693716360904, 0.11334693716360904, 0.11334693716360904, 0.11334693716360904, 0.11334693716360904, 0.11334693716360904, 0.4206354362351615, 0.11334693716360904, 0.9786419995817247, 0.9971376676548883, 0.11334693716360904, 0.022872589976765594, 0.97764133460499, 0.9971376676548883, 0.11334693716360904, 0.11334693716360904, 0.11334693716360904, 0.11334693716360904, 0.851879173411772, 0.022872589976765594, 0.9786419995817247]",8,train,5
0.79,0,79,0,21,100,16,0,1,0,0,0,1,0,0,1,0,1,0,0,"(array([0.54215348, 0.67394865, 0.45924377, 0.48502403, 0.80976319]), array([0.87629122, 0.73795253, 0.90842098, 0.89504331, 0.5613268 ]), array([0.13293348, 0.27245945, 0.09839571, 0.11260214, 0.44753927]), array([0.45115772, 0.32140714, 0.53217304, 0.5070945 , 0.18597336]))","['QwenPRM_avg_scores (7.63B)', 'EurusPRMStage1_min_scores (7.62B)', 'QwenPRM_min_scores (7.63B)', 'EurusPRMStage2_avg_scores (7.62B)', 'QwenPRM_max_scores (7.63B)']","[0.022872589976765594, 0.11334693716360904, 0.022872589976765594, 0.022872589976765594, 0.11334693716360904, 0.022872589976765594, 0.022872589976765594, 0.022872589976765594, 0.022872589976765594, 0.11334693716360904, 0.022872589976765594, 0.022872589976765594, 0.022872589976765594, 0.022872589976765594, 0.022872589976765594, 0.022872589976765594, 0.4206354362351615, 0.4206354362351615, 0.11734223418813865, 0.11734223418813865, 0.022872589976765594, 0.022872589976765594, 0.11334693716360904, 0.022872589976765594, 0.11334693716360904, 0.4206354362351615, 0.022872589976765594, 0.022872589976765594, 0.022872589976765594, 0.022872589976765594, 0.11334693716360904, 0.11334693716360904, 0.11334693716360904, 0.11334693716360904, 0.022872589976765594, 0.11734223418813865, 0.022872589976765594, 0.022872589976765594, 0.022872589976765594, 0.11734223418813865, 0.4206354362351615, 0.11734223418813865, 0.022872589976765594, 0.022872589976765594, 0.022872589976765594, 0.11334693716360904, 0.022872589976765594, 0.11334693716360904, 0.022872589976765594, 0.11734223418813865, 0.11734223418813865, 0.022872589976765594, 0.022872589976765594, 0.4206354362351615, 0.11734223418813865, 0.11734223418813865, 0.022872589976765594, 0.11734223418813865, 0.022872589976765594, 0.022872589976765594, 0.11334693716360904, 0.022872589976765594, 0.022872589976765594, 0.022872589976765594, 0.022872589976765594, 0.022872589976765594, 0.022872589976765594, 0.022872589976765594, 0.022872589976765594, 0.022872589976765594, 0.4206354362351615, 0.11734223418813865, 0.022872589976765594, 0.022872589976765594, 0.022872589976765594, 0.11334693716360904, 0.11334693716360904, 0.11334693716360904, 0.022872589976765594, 0.022872589976765594, 0.022872589976765594, 0.022872589976765594, 0.4206354362351615, 0.11334693716360904, 0.022872589976765594, 0.022872589976765594, 0.022872589976765594, 0.4206354362351615, 0.022872589976765594, 0.022872589976765594, 0.022872589976765594, 0.11734223418813865, 0.4206354362351615, 0.4206354362351615, 0.022872589976765594, 0.022872589976765594, 0.11734223418813865, 0.022872589976765594, 0.022872589976765594, 0.022872589976765594]",9,train,2
0.84,3,81,2,14,100,54,1,1,1,0,0,0,54,1,1,1,0,0,0,"(array([0.54215348, 0.67394865, 0.45924377, 0.48502403, 0.80976319]), array([0.87629122, 0.73795253, 0.90842098, 0.89504331, 0.5613268 ]), array([0.13293348, 0.27245945, 0.09839571, 0.11260214, 0.44753927]), array([0.45115772, 0.32140714, 0.53217304, 0.5070945 , 0.18597336]))","['QwenPRM_avg_scores (7.63B)', 'EurusPRMStage1_min_scores (7.62B)', 'QwenPRM_min_scores (7.63B)', 'EurusPRMStage2_avg_scores (7.62B)', 'QwenPRM_max_scores (7.63B)']","[0.11334693716360904, 0.11334693716360904, 0.022872589976765594, 0.11334693716360904, 0.11334693716360904, 0.11334693716360904, 0.11334693716360904, 0.11334693716360904, 0.022872589976765594, 0.11334693716360904, 0.022872589976765594, 0.11334693716360904, 0.11334693716360904, 0.11334693716360904, 0.022872589976765594, 0.11334693716360904, 0.4206354362351615, 0.11334693716360904, 0.022872589976765594, 0.11334693716360904, 0.11334693716360904, 0.11334693716360904, 0.11334693716360904, 0.022872589976765594, 0.022872589976765594, 0.022872589976765594, 0.022872589976765594, 0.022872589976765594, 0.11334693716360904, 0.11334693716360904, 0.11334693716360904, 0.851879173411772, 0.11334693716360904, 0.11334693716360904, 0.11334693716360904, 0.11734223418813865, 0.022872589976765594, 0.022872589976765594, 0.11334693716360904, 0.11334693716360904, 0.022872589976765594, 0.11334693716360904, 0.022872589976765594, 0.11334693716360904, 0.11334693716360904, 0.11334693716360904, 0.11334693716360904, 0.11334693716360904, 0.022872589976765594, 0.022872589976765594, 0.11334693716360904, 0.4206354362351615, 0.022872589976765594, 0.11334693716360904, 0.9786419995817247, 0.8466217768776477, 0.4206354362351615, 0.11334693716360904, 0.11334693716360904, 0.11334693716360904, 0.11334693716360904, 0.11734223418813865, 0.11334693716360904, 0.11334693716360904, 0.4206354362351615, 0.11334693716360904, 0.022872589976765594, 0.11334693716360904, 0.022872589976765594, 0.11334693716360904, 0.11334693716360904, 0.11334693716360904, 0.022872589976765594, 0.11334693716360904, 0.11334693716360904, 0.022872589976765594, 0.11334693716360904, 0.11334693716360904, 0.5031452990279016, 0.851879173411772, 0.11734223418813865, 0.11334693716360904, 0.11334693716360904, 0.11334693716360904, 0.11334693716360904, 0.11334693716360904, 0.11334693716360904, 0.022872589976765594, 0.11334693716360904, 0.022872589976765594, 0.11334693716360904, 0.11334693716360904, 0.11334693716360904, 0.022872589976765594, 0.022872589976765594, 0.022872589976765594, 0.11334693716360904, 0.11334693716360904, 0.11334693716360904, 0.11734223418813865]",10,train,1
0.67,33,34,0,33,100,1,1,1,1,0,0,0,1,1,1,1,0,0,0,"(array([0.54215348, 0.67394865, 0.45924377, 0.48502403, 0.80976319]), array([0.87629122, 0.73795253, 0.90842098, 0.89504331, 0.5613268 ]), array([0.13293348, 0.27245945, 0.09839571, 0.11260214, 0.44753927]), array([0.45115772, 0.32140714, 0.53217304, 0.5070945 , 0.18597336]))","['QwenPRM_avg_scores (7.63B)', 'EurusPRMStage1_min_scores (7.62B)', 'QwenPRM_min_scores (7.63B)', 'EurusPRMStage2_avg_scores (7.62B)', 'QwenPRM_max_scores (7.63B)']","[0.11334693716360904, 0.9971376676548883, 0.851879173411772, 0.9971376676548883, 0.97764133460499, 0.11734223418813865, 0.8466217768776477, 0.851879173411772, 0.11334693716360904, 0.11334693716360904, 0.4206354362351615, 0.11334693716360904, 0.4206354362351615, 0.022872589976765594, 0.97764133460499, 0.851879173411772, 0.4206354362351615, 0.022872589976765594, 0.11734223418813865, 0.11334693716360904, 0.022872589976765594, 0.9786419995817247, 0.851879173411772, 0.11334693716360904, 0.9971376676548883, 0.851879173411772, 0.9971376676548883, 0.11334693716360904, 0.11334693716360904, 0.8466217768776477, 0.9786419995817247, 0.5026674107576559, 0.022872589976765594, 0.11334693716360904, 0.4206354362351615, 0.5026674107576559, 0.11334693716360904, 0.4206354362351615, 0.4206354362351615, 0.9971376676548883, 0.022872589976765594, 0.11334693716360904, 0.4206354362351615, 0.4206354362351615, 0.851879173411772, 0.4206354362351615, 0.9971376676548883, 0.022872589976765594, 0.4206354362351615, 0.022872589976765594, 0.851879173411772, 0.11334693716360904, 0.4206354362351615, 0.11734223418813865, 0.9971376676548883, 0.11334693716360904, 0.022872589976765594, 0.97764133460499, 0.022872589976765594, 0.8466217768776477, 0.022872589976765594, 0.022872589976765594, 0.4206354362351615, 0.851879173411772, 0.11334693716360904, 0.9786419995817247, 0.11334693716360904, 0.022872589976765594, 0.9971376676548883, 0.9786419995817247, 0.9971376676548883, 0.4206354362351615, 0.11334693716360904, 0.022872589976765594, 0.11334693716360904, 0.022872589976765594, 0.4206354362351615, 0.97764133460499, 0.851879173411772, 0.4206354362351615, 0.022872589976765594, 0.4206354362351615, 0.11334693716360904, 0.11734223418813865, 0.11734223418813865, 0.11334693716360904, 0.11334693716360904, 0.4206354362351615, 0.851879173411772, 0.11734223418813865, 0.022872589976765594, 0.11334693716360904, 0.11334693716360904, 0.851879173411772, 0.11334693716360904, 0.11734223418813865, 0.11334693716360904, 0.022872589976765594, 0.11734223418813865, 0.4206354362351615]",11,train,6
0.74,65,9,0,26,100,20,1,1,1,0,0,0,20,1,1,1,0,0,0,"(array([0.54215348, 0.67394865, 0.45924377, 0.48502403, 0.80976319]), array([0.87629122, 0.73795253, 0.90842098, 0.89504331, 0.5613268 ]), array([0.13293348, 0.27245945, 0.09839571, 0.11260214, 0.44753927]), array([0.45115772, 0.32140714, 0.53217304, 0.5070945 , 0.18597336]))","['QwenPRM_avg_scores (7.63B)', 'EurusPRMStage1_min_scores (7.62B)', 'QwenPRM_min_scores (7.63B)', 'EurusPRMStage2_avg_scores (7.62B)', 'QwenPRM_max_scores (7.63B)']","[0.9786419995817247, 0.11334693716360904, 0.4206354362351615, 0.9786419995817247, 0.11334693716360904, 0.11334693716360904, 0.851879173411772, 0.851879173411772, 0.851879173411772, 0.9786419995817247, 0.851879173411772, 0.851879173411772, 0.4206354362351615, 0.4206354362351615, 0.9786419995817247, 0.851879173411772, 0.5031452990279016, 0.4206354362351615, 0.8897219894705287, 0.11334693716360904, 0.9971376676548883, 0.9786419995817247, 0.851879173411772, 0.11334693716360904, 0.11334693716360904, 0.9786419995817247, 0.9786419995817247, 0.8897219894705287, 0.9786419995817247, 0.5031452990279016, 0.022872589976765594, 0.4206354362351615, 0.9786419995817247, 0.4206354362351615, 0.851879173411772, 0.022872589976765594, 0.4206354362351615, 0.8897219894705287, 0.9786419995817247, 0.8897219894705287, 0.851879173411772, 0.9786419995817247, 0.851879173411772, 0.9786419995817247, 0.9786419995817247, 0.11334693716360904, 0.8897219894705287, 0.9786419995817247, 0.11334693716360904, 0.851879173411772, 0.9786419995817247, 0.9839586962681637, 0.9971376676548883, 0.4206354362351615, 0.5031452990279016, 0.11334693716360904, 0.851879173411772, 0.9786419995817247, 0.9786419995817247, 0.851879173411772, 0.11334693716360904, 0.5031452990279016, 0.97764133460499, 0.4206354362351615, 0.8897219894705287, 0.9971376676548883, 0.9786419995817247, 0.9786419995817247, 0.851879173411772, 0.11334693716360904, 0.9786419995817247, 0.11334693716360904, 0.11334693716360904, 0.11334693716360904, 0.11334693716360904, 0.851879173411772, 0.9786419995817247, 0.11334693716360904, 0.8897219894705287, 0.4206354362351615, 0.9971376676548883, 0.9786419995817247, 0.11334693716360904, 0.851879173411772, 0.851879173411772, 0.9786419995817247, 0.4206354362351615, 0.8897219894705287, 0.8897219894705287, 0.851879173411772, 0.97764133460499, 0.4206354362351615, 0.4206354362351615, 0.5031452990279016, 0.5031452990279016, 0.5031452990279016, 0.11334693716360904, 0.4206354362351615, 0.4206354362351615, 0.9971376676548883]",12,train,9
0.77,3,74,2,21,100,50,0,1,0,0,0,1,50,1,0,0,0,1,0,"(array([0.54215348, 0.67394865, 0.45924377, 0.48502403, 0.80976319]), array([0.87629122, 0.73795253, 0.90842098, 0.89504331, 0.5613268 ]), array([0.13293348, 0.27245945, 0.09839571, 0.11260214, 0.44753927]), array([0.45115772, 0.32140714, 0.53217304, 0.5070945 , 0.18597336]))","['QwenPRM_avg_scores (7.63B)', 'EurusPRMStage1_min_scores (7.62B)', 'QwenPRM_min_scores (7.63B)', 'EurusPRMStage2_avg_scores (7.62B)', 'QwenPRM_max_scores (7.63B)']","[0.4206354362351615, 0.11734223418813865, 0.11334693716360904, 0.4206354362351615, 0.11334693716360904, 0.4206354362351615, 0.4206354362351615, 0.4206354362351615, 0.4206354362351615, 0.022872589976765594, 0.022872589976765594, 0.11734223418813865, 0.11334693716360904, 0.022872589976765594, 0.11334693716360904, 0.11334693716360904, 0.4206354362351615, 0.11334693716360904, 0.5031452990279016, 0.022872589976765594, 0.11334693716360904, 0.11334693716360904, 0.022872589976765594, 0.4206354362351615, 0.4206354362351615, 0.022872589976765594, 0.022872589976765594, 0.11334693716360904, 0.11334693716360904, 0.022872589976765594, 0.11334693716360904, 0.4206354362351615, 0.4206354362351615, 0.4206354362351615, 0.11334693716360904, 0.4206354362351615, 0.11334693716360904, 0.4206354362351615, 0.11734223418813865, 0.4206354362351615, 0.5026674107576559, 0.8466217768776477, 0.022872589976765594, 0.4206354362351615, 0.11734223418813865, 0.11334693716360904, 0.022872589976765594, 0.11334693716360904, 0.11334693716360904, 0.4206354362351615, 0.97764133460499, 0.4206354362351615, 0.022872589976765594, 0.4206354362351615, 0.11334693716360904, 0.4206354362351615, 0.11334693716360904, 0.11334693716360904, 0.11334693716360904, 0.11734223418813865, 0.4206354362351615, 0.11734223418813865, 0.11334693716360904, 0.4206354362351615, 0.11334693716360904, 0.4206354362351615, 0.4206354362351615, 0.4206354362351615, 0.11734223418813865, 0.4206354362351615, 0.11334693716360904, 0.4206354362351615, 0.022872589976765594, 0.11334693716360904, 0.11734223418813865, 0.11734223418813865, 0.4206354362351615, 0.4206354362351615, 0.4206354362351615, 0.4206354362351615, 0.022872589976765594, 0.11734223418813865, 0.11734223418813865, 0.8466217768776477, 0.11334693716360904, 0.11734223418813865, 0.4206354362351615, 0.022872589976765594, 0.4206354362351615, 0.4206354362351615, 0.022872589976765594, 0.11334693716360904, 0.11334693716360904, 0.11334693716360904, 0.4206354362351615, 0.11734223418813865, 0.4206354362351615, 0.11334693716360904, 0.4206354362351615, 0.4206354362351615]",13,train,2
0.37,1,36,1,62,100,12,1,1,1,0,0,0,12,1,1,1,0,0,0,"(array([0.54215348, 0.67394865, 0.45924377, 0.48502403, 0.80976319]), array([0.87629122, 0.73795253, 0.90842098, 0.89504331, 0.5613268 ]), array([0.13293348, 0.27245945, 0.09839571, 0.11260214, 0.44753927]), array([0.45115772, 0.32140714, 0.53217304, 0.5070945 , 0.18597336]))","['QwenPRM_avg_scores (7.63B)', 'EurusPRMStage1_min_scores (7.62B)', 'QwenPRM_min_scores (7.63B)', 'EurusPRMStage2_avg_scores (7.62B)', 'QwenPRM_max_scores (7.63B)']","[0.022872589976765594, 0.11734223418813865, 0.022872589976765594, 0.022872589976765594, 0.022872589976765594, 0.022872589976765594, 0.11334693716360904, 0.11734223418813865, 0.022872589976765594, 0.022872589976765594, 0.022872589976765594, 0.11734223418813865, 0.97764133460499, 0.022872589976765594, 0.11734223418813865, 0.022872589976765594, 0.022872589976765594, 0.022872589976765594, 0.11334693716360904, 0.022872589976765594, 0.022872589976765594, 0.022872589976765594, 0.022872589976765594, 0.11734223418813865, 0.11334693716360904, 0.11734223418813865, 0.4206354362351615, 0.022872589976765594, 0.022872589976765594, 0.4206354362351615, 0.11334693716360904, 0.022872589976765594, 0.4206354362351615, 0.022872589976765594, 0.022872589976765594, 0.022872589976765594, 0.11734223418813865, 0.022872589976765594, 0.022872589976765594, 0.11334693716360904, 0.022872589976765594, 0.11734223418813865, 0.022872589976765594, 0.11734223418813865, 0.022872589976765594, 0.022872589976765594, 0.11734223418813865, 0.11734223418813865, 0.022872589976765594, 0.11734223418813865, 0.4206354362351615, 0.022872589976765594, 0.022872589976765594, 0.022872589976765594, 0.022872589976765594, 0.4206354362351615, 0.11734223418813865, 0.11734223418813865, 0.022872589976765594, 0.022872589976765594, 0.11734223418813865, 0.11734223418813865, 0.11334693716360904, 0.11734223418813865, 0.022872589976765594, 0.022872589976765594, 0.11334693716360904, 0.022872589976765594, 0.11334693716360904, 0.022872589976765594, 0.11734223418813865, 0.022872589976765594, 0.11734223418813865, 0.11734223418813865, 0.11334693716360904, 0.11734223418813865, 0.11734223418813865, 0.11734223418813865, 0.022872589976765594, 0.022872589976765594, 0.11334693716360904, 0.5026674107576559, 0.11734223418813865, 0.022872589976765594, 0.4206354362351615, 0.022872589976765594, 0.022872589976765594, 0.022872589976765594, 0.022872589976765594, 0.11734223418813865, 0.4206354362351615, 0.4206354362351615, 0.022872589976765594, 0.4206354362351615, 0.022872589976765594, 0.022872589976765594, 0.11334693716360904, 0.11734223418813865, 0.11334693716360904, 0.11334693716360904]",14,train,6
0.76,39,37,0,24,100,3,1,1,1,0,0,0,3,1,1,1,0,0,0,"(array([0.54215348, 0.67394865, 0.45924377, 0.48502403, 0.80976319]), array([0.87629122, 0.73795253, 0.90842098, 0.89504331, 0.5613268 ]), array([0.13293348, 0.27245945, 0.09839571, 0.11260214, 0.44753927]), array([0.45115772, 0.32140714, 0.53217304, 0.5070945 , 0.18597336]))","['QwenPRM_avg_scores (7.63B)', 'EurusPRMStage1_min_scores (7.62B)', 'QwenPRM_min_scores (7.63B)', 'EurusPRMStage2_avg_scores (7.62B)', 'QwenPRM_max_scores (7.63B)']","[0.9777664899827055, 0.11334693716360904, 0.11734223418813865, 0.9971376676548883, 0.11334693716360904, 0.97764133460499, 0.11334693716360904, 0.9845651883545611, 0.11734223418813865, 0.8466217768776477, 0.5026674107576559, 0.11334693716360904, 0.9971376676548883, 0.9971376676548883, 0.8466217768776477, 0.11334693716360904, 0.11334693716360904, 0.11334693716360904, 0.11334693716360904, 0.8466217768776477, 0.022872589976765594, 0.4206354362351615, 0.022872589976765594, 0.11334693716360904, 0.11334693716360904, 0.11334693716360904, 0.022872589976765594, 0.9971376676548883, 0.4206354362351615, 0.11734223418813865, 0.4206354362351615, 0.11334693716360904, 0.4206354362351615, 0.11334693716360904, 0.4206354362351615, 0.11334693716360904, 0.11334693716360904, 0.9971376676548883, 0.15107874270637264, 0.11334693716360904, 0.851879173411772, 0.11334693716360904, 0.8466217768776477, 0.11334693716360904, 0.8466217768776477, 0.851879173411772, 0.11334693716360904, 0.022872589976765594, 0.889534287922834, 0.9971376676548883, 0.9971376676548883, 0.4206354362351615, 0.4206354362351615, 0.9971376676548883, 0.022872589976765594, 0.4206354362351615, 0.11334693716360904, 0.4206354362351615, 0.11734223418813865, 0.9971376676548883, 0.11334693716360904, 0.11334693716360904, 0.022872589976765594, 0.4206354362351615, 0.9971376676548883, 0.8466217768776477, 0.5026674107576559, 0.9786419995817247, 0.11334693716360904, 0.4206354362351615, 0.97764133460499, 0.5031452990279016, 0.11334693716360904, 0.11334693716360904, 0.8466217768776477, 0.11334693716360904, 0.851879173411772, 0.8466217768776477, 0.8526021613397781, 0.022872589976765594, 0.851879173411772, 0.97764133460499, 0.11334693716360904, 0.11734223418813865, 0.11734223418813865, 0.8935057817790081, 0.97764133460499, 0.851879173411772, 0.11334693716360904, 0.9971376676548883, 0.8466217768776477, 0.11334693716360904, 0.11334693716360904, 0.851879173411772, 0.022872589976765594, 0.11334693716360904, 0.022872589976765594, 0.11734223418813865, 0.11334693716360904, 0.11334693716360904]",15,train,6
0.78,56,22,0,22,100,5,1,1,1,0,0,0,5,1,1,1,0,0,0,"(array([0.54215348, 0.67394865, 0.45924377, 0.48502403, 0.80976319]), array([0.87629122, 0.73795253, 0.90842098, 0.89504331, 0.5613268 ]), array([0.13293348, 0.27245945, 0.09839571, 0.11260214, 0.44753927]), array([0.45115772, 0.32140714, 0.53217304, 0.5070945 , 0.18597336]))","['QwenPRM_avg_scores (7.63B)', 'EurusPRMStage1_min_scores (7.62B)', 'QwenPRM_min_scores (7.63B)', 'EurusPRMStage2_avg_scores (7.62B)', 'QwenPRM_max_scores (7.63B)']","[0.4206354362351615, 0.11334693716360904, 0.851879173411772, 0.9786419995817247, 0.97764133460499, 0.9971376676548883, 0.11334693716360904, 0.11334693716360904, 0.4206354362351615, 0.11334693716360904, 0.97764133460499, 0.97764133460499, 0.9971376676548883, 0.9786419995817247, 0.11334693716360904, 0.9971376676548883, 0.9786419995817247, 0.851879173411772, 0.9971376676548883, 0.9786419995817247, 0.8466217768776477, 0.851879173411772, 0.4206354362351615, 0.11334693716360904, 0.9971376676548883, 0.97764133460499, 0.11334693716360904, 0.9971376676548883, 0.11334693716360904, 0.9971376676548883, 0.11334693716360904, 0.8466217768776477, 0.4206354362351615, 0.022872589976765594, 0.4206354362351615, 0.851879173411772, 0.851879173411772, 0.11334693716360904, 0.4206354362351615, 0.4206354362351615, 0.851879173411772, 0.8897219894705287, 0.851879173411772, 0.11334693716360904, 0.97764133460499, 0.9786419995817247, 0.9971376676548883, 0.11334693716360904, 0.8466217768776477, 0.9786419995817247, 0.022872589976765594, 0.11334693716360904, 0.9971376676548883, 0.9971376676548883, 0.9971376676548883, 0.9971376676548883, 0.9971376676548883, 0.8935057817790081, 0.4206354362351615, 0.9786419995817247, 0.851879173411772, 0.022872589976765594, 0.9786419995817247, 0.9786419995817247, 0.4206354362351615, 0.11334693716360904, 0.11334693716360904, 0.851879173411772, 0.9971376676548883, 0.11334693716360904, 0.11734223418813865, 0.022872589976765594, 0.8466217768776477, 0.851879173411772, 0.11334693716360904, 0.851879173411772, 0.11334693716360904, 0.11334693716360904, 0.4206354362351615, 0.4206354362351615, 0.851879173411772, 0.8466217768776477, 0.11334693716360904, 0.8897219894705287, 0.5031452990279016, 0.11334693716360904, 0.11334693716360904, 0.11334693716360904, 0.4206354362351615, 0.9786419995817247, 0.9971376676548883, 0.11334693716360904, 0.11334693716360904, 0.9971376676548883, 0.97764133460499, 0.4206354362351615, 0.11334693716360904, 0.97764133460499, 0.851879173411772, 0.9786419995817247]",16,train,7
0.86,85,1,0,14,100,5,1,1,1,0,0,0,5,1,1,1,0,0,0,"(array([0.54215348, 0.67394865, 0.45924377, 0.48502403, 0.80976319]), array([0.87629122, 0.73795253, 0.90842098, 0.89504331, 0.5613268 ]), array([0.13293348, 0.27245945, 0.09839571, 0.11260214, 0.44753927]), array([0.45115772, 0.32140714, 0.53217304, 0.5070945 , 0.18597336]))","['QwenPRM_avg_scores (7.63B)', 'EurusPRMStage1_min_scores (7.62B)', 'QwenPRM_min_scores (7.63B)', 'EurusPRMStage2_avg_scores (7.62B)', 'QwenPRM_max_scores (7.63B)']","[0.851879173411772, 0.851879173411772, 0.8466217768776477, 0.4206354362351615, 0.97764133460499, 0.9971376676548883, 0.97764133460499, 0.9971376676548883, 0.5031452990279016, 0.9971376676548883, 0.9971376676548883, 0.9971376676548883, 0.851879173411772, 0.4206354362351615, 0.851879173411772, 0.97764133460499, 0.9971376676548883, 0.851879173411772, 0.8466217768776477, 0.4206354362351615, 0.9786419995817247, 0.9786419995817247, 0.851879173411772, 0.9971376676548883, 0.11334693716360904, 0.851879173411772, 0.8897219894705287, 0.4206354362351615, 0.9786419995817247, 0.9971376676548883, 0.8466217768776477, 0.97764133460499, 0.9971376676548883, 0.851879173411772, 0.97764133460499, 0.851879173411772, 0.4206354362351615, 0.851879173411772, 0.4206354362351615, 0.851879173411772, 0.8466217768776477, 0.9971376676548883, 0.97764133460499, 0.4206354362351615, 0.9971376676548883, 0.9971376676548883, 0.9786419995817247, 0.851879173411772, 0.8466217768776477, 0.9971376676548883, 0.9971376676548883, 0.97764133460499, 0.9971376676548883, 0.9786419995817247, 0.9971376676548883, 0.97764133460499, 0.11334693716360904, 0.97764133460499, 0.9786419995817247, 0.9971376676548883, 0.97764133460499, 0.9971376676548883, 0.8466217768776477, 0.97764133460499, 0.97764133460499, 0.8466217768776477, 0.9971376676548883, 0.4206354362351615, 0.97764133460499, 0.97764133460499, 0.97764133460499, 0.97764133460499, 0.9971376676548883, 0.97764133460499, 0.9971376676548883, 0.851879173411772, 0.8466217768776477, 0.851879173411772, 0.851879173411772, 0.9971376676548883, 0.9786419995817247, 0.97764133460499, 0.5031452990279016, 0.11334693716360904, 0.9971376676548883, 0.9971376676548883, 0.9786419995817247, 0.97764133460499, 0.9971376676548883, 0.9971376676548883, 0.851879173411772, 0.9971376676548883, 0.4206354362351615, 0.97764133460499, 0.022872589976765594, 0.11334693716360904, 0.4206354362351615, 0.9971376676548883, 0.9971376676548883, 0.9786419995817247]",17,train,9
0.98,0,98,1,1,100,91,0,1,0,0,0,1,1,0,1,0,1,0,0,"(array([0.54215348, 0.67394865, 0.45924377, 0.48502403, 0.80976319]), array([0.87629122, 0.73795253, 0.90842098, 0.89504331, 0.5613268 ]), array([0.13293348, 0.27245945, 0.09839571, 0.11260214, 0.44753927]), array([0.45115772, 0.32140714, 0.53217304, 0.5070945 , 0.18597336]))","['QwenPRM_avg_scores (7.63B)', 'EurusPRMStage1_min_scores (7.62B)', 'QwenPRM_min_scores (7.63B)', 'EurusPRMStage2_avg_scores (7.62B)', 'QwenPRM_max_scores (7.63B)']","[0.11734223418813865, 0.022872589976765594, 0.022872589976765594, 0.022872589976765594, 0.022872589976765594, 0.022872589976765594, 0.022872589976765594, 0.022872589976765594, 0.11734223418813865, 0.022872589976765594, 0.022872589976765594, 0.022872589976765594, 0.11734223418813865, 0.11334693716360904, 0.022872589976765594, 0.022872589976765594, 0.11734223418813865, 0.022872589976765594, 0.022872589976765594, 0.11334693716360904, 0.022872589976765594, 0.022872589976765594, 0.022872589976765594, 0.022872589976765594, 0.022872589976765594, 0.11334693716360904, 0.022872589976765594, 0.022872589976765594, 0.11734223418813865, 0.022872589976765594, 0.11734223418813865, 0.11734223418813865, 0.022872589976765594, 0.11734223418813865, 0.022872589976765594, 0.022872589976765594, 0.11734223418813865, 0.11334693716360904, 0.022872589976765594, 0.022872589976765594, 0.11734223418813865, 0.022872589976765594, 0.022872589976765594, 0.022872589976765594, 0.022872589976765594, 0.11734223418813865, 0.11734223418813865, 0.11734223418813865, 0.022872589976765594, 0.4206354362351615, 0.022872589976765594, 0.022872589976765594, 0.022872589976765594, 0.022872589976765594, 0.022872589976765594, 0.022872589976765594, 0.022872589976765594, 0.11334693716360904, 0.022872589976765594, 0.11334693716360904, 0.11334693716360904, 0.11734223418813865, 0.11334693716360904, 0.11734223418813865, 0.11334693716360904, 0.022872589976765594, 0.022872589976765594, 0.022872589976765594, 0.4206354362351615, 0.022872589976765594, 0.11734223418813865, 0.022872589976765594, 0.022872589976765594, 0.022872589976765594, 0.4206354362351615, 0.022872589976765594, 0.022872589976765594, 0.022872589976765594, 0.11734223418813865, 0.11334693716360904, 0.022872589976765594, 0.022872589976765594, 0.022872589976765594, 0.11334693716360904, 0.022872589976765594, 0.022872589976765594, 0.11734223418813865, 0.022872589976765594, 0.11734223418813865, 0.022872589976765594, 0.11334693716360904, 0.5026674107576559, 0.11734223418813865, 0.11334693716360904, 0.022872589976765594, 0.022872589976765594, 0.11334693716360904, 0.11734223418813865, 0.11734223418813865, 0.11334693716360904]",18,train,0
0.74,70,4,1,25,100,0,1,1,1,0,0,0,0,1,1,1,0,0,0,"(array([0.54215348, 0.67394865, 0.45924377, 0.48502403, 0.80976319]), array([0.87629122, 0.73795253, 0.90842098, 0.89504331, 0.5613268 ]), array([0.13293348, 0.27245945, 0.09839571, 0.11260214, 0.44753927]), array([0.45115772, 0.32140714, 0.53217304, 0.5070945 , 0.18597336]))","['QwenPRM_avg_scores (7.63B)', 'EurusPRMStage1_min_scores (7.62B)', 'QwenPRM_min_scores (7.63B)', 'EurusPRMStage2_avg_scores (7.62B)', 'QwenPRM_max_scores (7.63B)']","[0.9971376676548883, 0.8466217768776477, 0.4206354362351615, 0.9971376676548883, 0.9971376676548883, 0.4206354362351615, 0.851879173411772, 0.4206354362351615, 0.851879173411772, 0.9786419995817247, 0.9971376676548883, 0.4206354362351615, 0.97764133460499, 0.9971376676548883, 0.9971376676548883, 0.851879173411772, 0.9971376676548883, 0.11334693716360904, 0.022872589976765594, 0.851879173411772, 0.11334693716360904, 0.97764133460499, 0.8466217768776477, 0.4206354362351615, 0.9971376676548883, 0.9971376676548883, 0.97764133460499, 0.9786419995817247, 0.9845651883545611, 0.97764133460499, 0.4206354362351615, 0.11334693716360904, 0.4206354362351615, 0.4206354362351615, 0.851879173411772, 0.8466217768776477, 0.9786419995817247, 0.97764133460499, 0.4206354362351615, 0.4206354362351615, 0.851879173411772, 0.851879173411772, 0.11334693716360904, 0.97764133460499, 0.9971376676548883, 0.8466217768776477, 0.9971376676548883, 0.4206354362351615, 0.8466217768776477, 0.11334693716360904, 0.9971376676548883, 0.97764133460499, 0.97764133460499, 0.4206354362351615, 0.11334693716360904, 0.4206354362351615, 0.97764133460499, 0.851879173411772, 0.11334693716360904, 0.5026674107576559, 0.4206354362351615, 0.851879173411772, 0.5031452990279016, 0.9971376676548883, 0.851879173411772, 0.4206354362351615, 0.97764133460499, 0.9786419995817247, 0.4206354362351615, 0.022872589976765594, 0.9786419995817247, 0.97764133460499, 0.11334693716360904, 0.11334693716360904, 0.8466217768776477, 0.9971376676548883, 0.97764133460499, 0.9971376676548883, 0.8466217768776477, 0.97764133460499, 0.8466217768776477, 0.9971376676548883, 0.8466217768776477, 0.11334693716360904, 0.8466217768776477, 0.8466217768776477, 0.97764133460499, 0.9971376676548883, 0.8466217768776477, 0.851879173411772, 0.851879173411772, 0.9786419995817247, 0.9971376676548883, 0.8466217768776477, 0.5031452990279016, 0.851879173411772, 0.97764133460499, 0.4206354362351615, 0.851879173411772, 0.851879173411772]",19,train,9
0.75,28,47,0,25,100,25,1,1,1,0,0,0,25,1,1,1,0,0,0,"(array([0.54215348, 0.67394865, 0.45924377, 0.48502403, 0.80976319]), array([0.87629122, 0.73795253, 0.90842098, 0.89504331, 0.5613268 ]), array([0.13293348, 0.27245945, 0.09839571, 0.11260214, 0.44753927]), array([0.45115772, 0.32140714, 0.53217304, 0.5070945 , 0.18597336]))","['QwenPRM_avg_scores (7.63B)', 'EurusPRMStage1_min_scores (7.62B)', 'QwenPRM_min_scores (7.63B)', 'EurusPRMStage2_avg_scores (7.62B)', 'QwenPRM_max_scores (7.63B)']","[0.022872589976765594, 0.5031452990279016, 0.022872589976765594, 0.022872589976765594, 0.022872589976765594, 0.4206354362351615, 0.022872589976765594, 0.022872589976765594, 0.022872589976765594, 0.022872589976765594, 0.5031452990279016, 0.11734223418813865, 0.4206354362351615, 0.11734223418813865, 0.022872589976765594, 0.022872589976765594, 0.022872589976765594, 0.11334693716360904, 0.022872589976765594, 0.11334693716360904, 0.022872589976765594, 0.9786419995817247, 0.022872589976765594, 0.022872589976765594, 0.851879173411772, 0.9971376676548883, 0.8466217768776477, 0.022872589976765594, 0.022872589976765594, 0.97764133460499, 0.8466217768776477, 0.022872589976765594, 0.11734223418813865, 0.022872589976765594, 0.851879173411772, 0.11734223418813865, 0.022872589976765594, 0.15107874270637264, 0.022872589976765594, 0.022872589976765594, 0.022872589976765594, 0.022872589976765594, 0.022872589976765594, 0.5031452990279016, 0.4206354362351615, 0.022872589976765594, 0.022872589976765594, 0.851879173411772, 0.022872589976765594, 0.022872589976765594, 0.11334693716360904, 0.11334693716360904, 0.97764133460499, 0.5129318593758885, 0.5031452990279016, 0.022872589976765594, 0.9839586962681637, 0.11734223418813865, 0.022872589976765594, 0.11734223418813865, 0.4928785141540538, 0.022872589976765594, 0.11734223418813865, 0.4206354362351615, 0.11734223418813865, 0.022872589976765594, 0.11334693716360904, 0.022872589976765594, 0.11334693716360904, 0.022872589976765594, 0.11334693716360904, 0.8897219894705287, 0.022872589976765594, 0.11334693716360904, 0.8466217768776477, 0.4206354362351615, 0.022872589976765594, 0.9786419995817247, 0.5026674107576559, 0.851879173411772, 0.97764133460499, 0.851879173411772, 0.11734223418813865, 0.4206354362351615, 0.9971376676548883, 0.97764133460499, 0.851879173411772, 0.11334693716360904, 0.5129318593758885, 0.11334693716360904, 0.022872589976765594, 0.022872589976765594, 0.022872589976765594, 0.022872589976765594, 0.851879173411772, 0.022872589976765594, 0.9971376676548883, 0.4206354362351615, 0.022872589976765594, 0.022872589976765594]",20,train,5
0.52,45,7,0,48,100,40,1,1,1,0,0,0,40,1,1,1,0,0,0,"(array([0.54215348, 0.67394865, 0.45924377, 0.48502403, 0.80976319]), array([0.87629122, 0.73795253, 0.90842098, 0.89504331, 0.5613268 ]), array([0.13293348, 0.27245945, 0.09839571, 0.11260214, 0.44753927]), array([0.45115772, 0.32140714, 0.53217304, 0.5070945 , 0.18597336]))","['QwenPRM_avg_scores (7.63B)', 'EurusPRMStage1_min_scores (7.62B)', 'QwenPRM_min_scores (7.63B)', 'EurusPRMStage2_avg_scores (7.62B)', 'QwenPRM_max_scores (7.63B)']","[0.022872589976765594, 0.851879173411772, 0.851879173411772, 0.851879173411772, 0.5031452990279016, 0.851879173411772, 0.4206354362351615, 0.851879173411772, 0.5031452990279016, 0.5026674107576559, 0.5129318593758885, 0.4206354362351615, 0.4206354362351615, 0.022872589976765594, 0.5031452990279016, 0.022872589976765594, 0.4206354362351615, 0.5026674107576559, 0.851879173411772, 0.11334693716360904, 0.11334693716360904, 0.4206354362351615, 0.9786419995817247, 0.851879173411772, 0.4206354362351615, 0.9786419995817247, 0.4206354362351615, 0.9786419995817247, 0.4206354362351615, 0.4206354362351615, 0.022872589976765594, 0.851879173411772, 0.8466217768776477, 0.022872589976765594, 0.851879173411772, 0.851879173411772, 0.11334693716360904, 0.022872589976765594, 0.5031452990279016, 0.4206354362351615, 0.9971376676548883, 0.4206354362351615, 0.851879173411772, 0.851879173411772, 0.4206354362351615, 0.11334693716360904, 0.9971376676548883, 0.4206354362351615, 0.4206354362351615, 0.4206354362351615, 0.11334693716360904, 0.851879173411772, 0.851879173411772, 0.8466217768776477, 0.4206354362351615, 0.851879173411772, 0.4206354362351615, 0.4206354362351615, 0.11734223418813865, 0.5026674107576559, 0.022872589976765594, 0.851879173411772, 0.5031452990279016, 0.11334693716360904, 0.97764133460499, 0.851879173411772, 0.97764133460499, 0.11734223418813865, 0.4206354362351615, 0.4206354362351615, 0.4206354362351615, 0.4206354362351615, 0.8466217768776477, 0.022872589976765594, 0.4206354362351615, 0.4206354362351615, 0.851879173411772, 0.4206354362351615, 0.022872589976765594, 0.4206354362351615, 0.022872589976765594, 0.11734223418813865, 0.851879173411772, 0.851879173411772, 0.4206354362351615, 0.11734223418813865, 0.11334693716360904, 0.5031452990279016, 0.11334693716360904, 0.851879173411772, 0.4206354362351615, 0.97764133460499, 0.4206354362351615, 0.4206354362351615, 0.9971376676548883, 0.4206354362351615, 0.4206354362351615, 0.851879173411772, 0.8466217768776477, 0.11734223418813865]",21,train,9
0.94,7,87,2,4,100,1,1,1,1,0,0,0,1,1,1,1,0,0,0,"(array([0.54215348, 0.67394865, 0.45924377, 0.48502403, 0.80976319]), array([0.87629122, 0.73795253, 0.90842098, 0.89504331, 0.5613268 ]), array([0.13293348, 0.27245945, 0.09839571, 0.11260214, 0.44753927]), array([0.45115772, 0.32140714, 0.53217304, 0.5070945 , 0.18597336]))","['QwenPRM_avg_scores (7.63B)', 'EurusPRMStage1_min_scores (7.62B)', 'QwenPRM_min_scores (7.63B)', 'EurusPRMStage2_avg_scores (7.62B)', 'QwenPRM_max_scores (7.63B)']","[0.4206354362351615, 0.9971376676548883, 0.022872589976765594, 0.11334693716360904, 0.4206354362351615, 0.11334693716360904, 0.022872589976765594, 0.022872589976765594, 0.022872589976765594, 0.11334693716360904, 0.022872589976765594, 0.022872589976765594, 0.11334693716360904, 0.5031452990279016, 0.11334693716360904, 0.11334693716360904, 0.11334693716360904, 0.11334693716360904, 0.022872589976765594, 0.11334693716360904, 0.11334693716360904, 0.11334693716360904, 0.11334693716360904, 0.11334693716360904, 0.11334693716360904, 0.11334693716360904, 0.8466217768776477, 0.9971376676548883, 0.11334693716360904, 0.11334693716360904, 0.022872589976765594, 0.11334693716360904, 0.022872589976765594, 0.11334693716360904, 0.11334693716360904, 0.11334693716360904, 0.8466217768776477, 0.11334693716360904, 0.11334693716360904, 0.11334693716360904, 0.11334693716360904, 0.11334693716360904, 0.11334693716360904, 0.11334693716360904, 0.11334693716360904, 0.11334693716360904, 0.11334693716360904, 0.851879173411772, 0.022872589976765594, 0.11334693716360904, 0.11334693716360904, 0.022872589976765594, 0.11334693716360904, 0.11334693716360904, 0.11334693716360904, 0.022872589976765594, 0.9786419995817247, 0.022872589976765594, 0.11334693716360904, 0.11334693716360904, 0.4206354362351615, 0.11334693716360904, 0.022872589976765594, 0.11334693716360904, 0.022872589976765594, 0.11334693716360904, 0.11334693716360904, 0.11334693716360904, 0.022872589976765594, 0.11334693716360904, 0.4206354362351615, 0.022872589976765594, 0.022872589976765594, 0.851879173411772, 0.11334693716360904, 0.11334693716360904, 0.11334693716360904, 0.022872589976765594, 0.851879173411772, 0.4206354362351615, 0.11334693716360904, 0.11334693716360904, 0.11334693716360904, 0.11334693716360904, 0.022872589976765594, 0.022872589976765594, 0.11334693716360904, 0.11334693716360904, 0.022872589976765594, 0.11334693716360904, 0.11334693716360904, 0.11334693716360904, 0.022872589976765594, 0.11334693716360904, 0.022872589976765594, 0.11334693716360904, 0.4206354362351615, 0.11334693716360904, 0.022872589976765594, 0.11334693716360904]",22,train,1
0.99,0,99,1,0,100,27,0,0,0,0,1,0,0,0,1,0,1,0,0,"(array([0.54215348, 0.67394865, 0.45924377, 0.48502403, 0.80976319]), array([0.87629122, 0.73795253, 0.90842098, 0.89504331, 0.5613268 ]), array([0.13293348, 0.27245945, 0.09839571, 0.11260214, 0.44753927]), array([0.45115772, 0.32140714, 0.53217304, 0.5070945 , 0.18597336]))","['QwenPRM_avg_scores (7.63B)', 'EurusPRMStage1_min_scores (7.62B)', 'QwenPRM_min_scores (7.63B)', 'EurusPRMStage2_avg_scores (7.62B)', 'QwenPRM_max_scores (7.63B)']","[0.022872589976765594, 0.022872589976765594, 0.022872589976765594, 0.022872589976765594, 0.11334693716360904, 0.022872589976765594, 0.022872589976765594, 0.022872589976765594, 0.11334693716360904, 0.022872589976765594, 0.11734223418813865, 0.022872589976765594, 0.022872589976765594, 0.022872589976765594, 0.11334693716360904, 0.022872589976765594, 0.022872589976765594, 0.022872589976765594, 0.022872589976765594, 0.022872589976765594, 0.11334693716360904, 0.022872589976765594, 0.022872589976765594, 0.022872589976765594, 0.022872589976765594, 0.11334693716360904, 0.11334693716360904, 0.5026674107576559, 0.11334693716360904, 0.022872589976765594, 0.022872589976765594, 0.11734223418813865, 0.11334693716360904, 0.022872589976765594, 0.022872589976765594, 0.11334693716360904, 0.11334693716360904, 0.022872589976765594, 0.11334693716360904, 0.11334693716360904, 0.11734223418813865, 0.11334693716360904, 0.022872589976765594, 0.022872589976765594, 0.11334693716360904, 0.022872589976765594, 0.022872589976765594, 0.022872589976765594, 0.11334693716360904, 0.022872589976765594, 0.11334693716360904, 0.11334693716360904, 0.11334693716360904, 0.11334693716360904, 0.022872589976765594, 0.022872589976765594, 0.022872589976765594, 0.11734223418813865, 0.11334693716360904, 0.11334693716360904, 0.11334693716360904, 0.022872589976765594, 0.022872589976765594, 0.11334693716360904, 0.11734223418813865, 0.11334693716360904, 0.022872589976765594, 0.022872589976765594, 0.11334693716360904, 0.11334693716360904, 0.11334693716360904, 0.11334693716360904, 0.11334693716360904, 0.11334693716360904, 0.11734223418813865, 0.11334693716360904, 0.11334693716360904, 0.022872589976765594, 0.11334693716360904, 0.11334693716360904, 0.022872589976765594, 0.11334693716360904, 0.11334693716360904, 0.11334693716360904, 0.022872589976765594, 0.11334693716360904, 0.11734223418813865, 0.022872589976765594, 0.022872589976765594, 0.11334693716360904, 0.11334693716360904, 0.4206354362351615, 0.022872589976765594, 0.022872589976765594, 0.022872589976765594, 0.11334693716360904, 0.11334693716360904, 0.022872589976765594, 0.11334693716360904, 0.11334693716360904]",23,train,0
0.69,65,4,0,31,100,6,1,1,1,0,0,0,6,1,1,1,0,0,0,"(array([0.54215348, 0.67394865, 0.45924377, 0.48502403, 0.80976319]), array([0.87629122, 0.73795253, 0.90842098, 0.89504331, 0.5613268 ]), array([0.13293348, 0.27245945, 0.09839571, 0.11260214, 0.44753927]), array([0.45115772, 0.32140714, 0.53217304, 0.5070945 , 0.18597336]))","['QwenPRM_avg_scores (7.63B)', 'EurusPRMStage1_min_scores (7.62B)', 'QwenPRM_min_scores (7.63B)', 'EurusPRMStage2_avg_scores (7.62B)', 'QwenPRM_max_scores (7.63B)']","[0.5031452990279016, 0.022872589976765594, 0.851879173411772, 0.4206354362351615, 0.9786419995817247, 0.9786419995817247, 0.9971376676548883, 0.11334693716360904, 0.4206354362351615, 0.851879173411772, 0.4206354362351615, 0.9971376676548883, 0.9971376676548883, 0.4206354362351615, 0.97764133460499, 0.4206354362351615, 0.5031452990279016, 0.97764133460499, 0.5031452990279016, 0.9971376676548883, 0.851879173411772, 0.9786419995817247, 0.8466217768776477, 0.851879173411772, 0.9786419995817247, 0.9971376676548883, 0.9786419995817247, 0.97764133460499, 0.97764133460499, 0.9971376676548883, 0.9971376676548883, 0.9786419995817247, 0.9971376676548883, 0.8466217768776477, 0.9786419995817247, 0.9971376676548883, 0.4206354362351615, 0.9786419995817247, 0.11334693716360904, 0.4206354362351615, 0.5031452990279016, 0.851879173411772, 0.4206354362351615, 0.9971376676548883, 0.97764133460499, 0.4206354362351615, 0.11334693716360904, 0.8466217768776477, 0.9971376676548883, 0.851879173411772, 0.4206354362351615, 0.851879173411772, 0.9786419995817247, 0.4206354362351615, 0.4206354362351615, 0.4206354362351615, 0.851879173411772, 0.11334693716360904, 0.4206354362351615, 0.11334693716360904, 0.851879173411772, 0.4206354362351615, 0.11334693716360904, 0.4206354362351615, 0.022872589976765594, 0.8466217768776477, 0.9786419995817247, 0.11334693716360904, 0.9971376676548883, 0.4206354362351615, 0.8897219894705287, 0.9971376676548883, 0.97764133460499, 0.9971376676548883, 0.851879173411772, 0.11334693716360904, 0.9971376676548883, 0.9971376676548883, 0.11334693716360904, 0.851879173411772, 0.8466217768776477, 0.9971376676548883, 0.9786419995817247, 0.9971376676548883, 0.8466217768776477, 0.11334693716360904, 0.9971376676548883, 0.9971376676548883, 0.11334693716360904, 0.5031452990279016, 0.4206354362351615, 0.11334693716360904, 0.97764133460499, 0.8466217768776477, 0.8466217768776477, 0.4206354362351615, 0.4206354362351615, 0.8897219894705287, 0.11334693716360904, 0.8466217768776477]",24,train,9
0.85,0,85,5,10,100,30,0,1,0,0,0,1,2,0,1,0,1,0,0,"(array([0.54215348, 0.67394865, 0.45924377, 0.48502403, 0.80976319]), array([0.87629122, 0.73795253, 0.90842098, 0.89504331, 0.5613268 ]), array([0.13293348, 0.27245945, 0.09839571, 0.11260214, 0.44753927]), array([0.45115772, 0.32140714, 0.53217304, 0.5070945 , 0.18597336]))","['QwenPRM_avg_scores (7.63B)', 'EurusPRMStage1_min_scores (7.62B)', 'QwenPRM_min_scores (7.63B)', 'EurusPRMStage2_avg_scores (7.62B)', 'QwenPRM_max_scores (7.63B)']","[0.11334693716360904, 0.11334693716360904, 0.022872589976765594, 0.022872589976765594, 0.022872589976765594, 0.11334693716360904, 0.11334693716360904, 0.11334693716360904, 0.11334693716360904, 0.022872589976765594, 0.11734223418813865, 0.022872589976765594, 0.022872589976765594, 0.4206354362351615, 0.11334693716360904, 0.11334693716360904, 0.5026674107576559, 0.11334693716360904, 0.022872589976765594, 0.11334693716360904, 0.11334693716360904, 0.11734223418813865, 0.11734223418813865, 0.022872589976765594, 0.022872589976765594, 0.11334693716360904, 0.11334693716360904, 0.022872589976765594, 0.11334693716360904, 0.11334693716360904, 0.8466217768776477, 0.11334693716360904, 0.022872589976765594, 0.8466217768776477, 0.11334693716360904, 0.11734223418813865, 0.4206354362351615, 0.11334693716360904, 0.11334693716360904, 0.022872589976765594, 0.11334693716360904, 0.11334693716360904, 0.4206354362351615, 0.11334693716360904, 0.11334693716360904, 0.4206354362351615, 0.11334693716360904, 0.11334693716360904, 0.11334693716360904, 0.5026674107576559, 0.4206354362351615, 0.11334693716360904, 0.11334693716360904, 0.022872589976765594, 0.11734223418813865, 0.11334693716360904, 0.11334693716360904, 0.11334693716360904, 0.022872589976765594, 0.11334693716360904, 0.11334693716360904, 0.4206354362351615, 0.11334693716360904, 0.11334693716360904, 0.11334693716360904, 0.022872589976765594, 0.022872589976765594, 0.11334693716360904, 0.4206354362351615, 0.11334693716360904, 0.11334693716360904, 0.022872589976765594, 0.11334693716360904, 0.11334693716360904, 0.022872589976765594, 0.11334693716360904, 0.11334693716360904, 0.4206354362351615, 0.11734223418813865, 0.11334693716360904, 0.8466217768776477, 0.4928785141540538, 0.11334693716360904, 0.11334693716360904, 0.11334693716360904, 0.022872589976765594, 0.022872589976765594, 0.11334693716360904, 0.4206354362351615, 0.11334693716360904, 0.11334693716360904, 0.11334693716360904, 0.11334693716360904, 0.4928785141540538, 0.4928785141540538, 0.11334693716360904, 0.022872589976765594, 0.11334693716360904, 0.11334693716360904, 0.4206354362351615]",25,train,1
0.88,0,88,10,2,100,65,0,1,0,0,0,1,65,1,0,0,0,1,0,"(array([0.54215348, 0.67394865, 0.45924377, 0.48502403, 0.80976319]), array([0.87629122, 0.73795253, 0.90842098, 0.89504331, 0.5613268 ]), array([0.13293348, 0.27245945, 0.09839571, 0.11260214, 0.44753927]), array([0.45115772, 0.32140714, 0.53217304, 0.5070945 , 0.18597336]))","['QwenPRM_avg_scores (7.63B)', 'EurusPRMStage1_min_scores (7.62B)', 'QwenPRM_min_scores (7.63B)', 'EurusPRMStage2_avg_scores (7.62B)', 'QwenPRM_max_scores (7.63B)']","[0.11734223418813865, 0.4206354362351615, 0.11334693716360904, 0.11734223418813865, 0.022872589976765594, 0.4206354362351615, 0.022872589976765594, 0.022872589976765594, 0.022872589976765594, 0.11734223418813865, 0.022872589976765594, 0.11334693716360904, 0.11734223418813865, 0.8466217768776477, 0.11734223418813865, 0.11734223418813865, 0.4206354362351615, 0.11334693716360904, 0.11734223418813865, 0.11334693716360904, 0.4206354362351615, 0.11734223418813865, 0.11334693716360904, 0.15107874270637264, 0.4206354362351615, 0.022872589976765594, 0.4206354362351615, 0.11334693716360904, 0.11734223418813865, 0.022872589976765594, 0.11334693716360904, 0.11334693716360904, 0.4206354362351615, 0.11334693716360904, 0.4206354362351615, 0.4206354362351615, 0.11734223418813865, 0.11734223418813865, 0.022872589976765594, 0.851879173411772, 0.022872589976765594, 0.022872589976765594, 0.022872589976765594, 0.11734223418813865, 0.11334693716360904, 0.11334693716360904, 0.11334693716360904, 0.022872589976765594, 0.022872589976765594, 0.11334693716360904, 0.11734223418813865, 0.4206354362351615, 0.4206354362351615, 0.022872589976765594, 0.11734223418813865, 0.11734223418813865, 0.022872589976765594, 0.851879173411772, 0.851879173411772, 0.4206354362351615, 0.5026674107576559, 0.11334693716360904, 0.11734223418813865, 0.022872589976765594, 0.11334693716360904, 0.97764133460499, 0.11334693716360904, 0.4206354362351615, 0.11334693716360904, 0.11334693716360904, 0.851879173411772, 0.4206354362351615, 0.851879173411772, 0.11334693716360904, 0.11734223418813865, 0.4206354362351615, 0.11334693716360904, 0.022872589976765594, 0.11334693716360904, 0.11734223418813865, 0.11734223418813865, 0.11734223418813865, 0.022872589976765594, 0.11334693716360904, 0.022872589976765594, 0.4206354362351615, 0.11334693716360904, 0.4206354362351615, 0.11334693716360904, 0.4206354362351615, 0.4206354362351615, 0.022872589976765594, 0.8466217768776477, 0.11334693716360904, 0.11334693716360904, 0.11334693716360904, 0.11734223418813865, 0.8466217768776477, 0.11334693716360904, 0.11734223418813865]",26,train,0
0.87,73,14,5,8,100,1,1,1,1,0,0,0,1,1,1,1,0,0,0,"(array([0.54215348, 0.67394865, 0.45924377, 0.48502403, 0.80976319]), array([0.87629122, 0.73795253, 0.90842098, 0.89504331, 0.5613268 ]), array([0.13293348, 0.27245945, 0.09839571, 0.11260214, 0.44753927]), array([0.45115772, 0.32140714, 0.53217304, 0.5070945 , 0.18597336]))","['QwenPRM_avg_scores (7.63B)', 'EurusPRMStage1_min_scores (7.62B)', 'QwenPRM_min_scores (7.63B)', 'EurusPRMStage2_avg_scores (7.62B)', 'QwenPRM_max_scores (7.63B)']","[0.8466217768776477, 0.9971376676548883, 0.8466217768776477, 0.8466217768776477, 0.9786419995817247, 0.9786419995817247, 0.97764133460499, 0.97764133460499, 0.8466217768776477, 0.97764133460499, 0.97764133460499, 0.5031452990279016, 0.9839586962681637, 0.8466217768776477, 0.8850446096482976, 0.9971376676548883, 0.11334693716360904, 0.851879173411772, 0.97764133460499, 0.022872589976765594, 0.9786419995817247, 0.11334693716360904, 0.97764133460499, 0.8466217768776477, 0.97764133460499, 0.9971376676548883, 0.97764133460499, 0.11334693716360904, 0.9786419995817247, 0.4206354362351615, 0.97764133460499, 0.9971376676548883, 0.851879173411772, 0.851879173411772, 0.5031452990279016, 0.8897219894705287, 0.9971376676548883, 0.9971376676548883, 0.9839586962681637, 0.8466217768776477, 0.851879173411772, 0.4206354362351615, 0.022872589976765594, 0.9786419995817247, 0.8466217768776477, 0.9971376676548883, 0.4206354362351615, 0.97764133460499, 0.9971376676548883, 0.9971376676548883, 0.9971376676548883, 0.9971376676548883, 0.8466217768776477, 0.5026674107576559, 0.4928785141540538, 0.11334693716360904, 0.8466217768776477, 0.9971376676548883, 0.8466217768776477, 0.851879173411772, 0.022872589976765594, 0.9971376676548883, 0.4206354362351615, 0.9971376676548883, 0.8897219894705287, 0.9971376676548883, 0.11334693716360904, 0.9971376676548883, 0.8466217768776477, 0.8466217768776477, 0.4206354362351615, 0.9845651883545611, 0.9845651883545611, 0.851879173411772, 0.97764133460499, 0.9786419995817247, 0.11334693716360904, 0.1564218495267788, 0.8466217768776477, 0.11334693716360904, 0.4206354362351615, 0.11334693716360904, 0.022872589976765594, 0.8466217768776477, 0.8466217768776477, 0.851879173411772, 0.9971376676548883, 0.9971376676548883, 0.851879173411772, 0.11334693716360904, 0.97764133460499, 0.97764133460499, 0.8466217768776477, 0.5031452990279016, 0.9971376676548883, 0.97764133460499, 0.4206354362351615, 0.9971376676548883, 0.97764133460499, 0.8466217768776477]",27,train,8
0.95,0,95,3,2,100,7,0,1,0,0,0,1,9,0,1,0,1,0,0,"(array([0.54215348, 0.67394865, 0.45924377, 0.48502403, 0.80976319]), array([0.87629122, 0.73795253, 0.90842098, 0.89504331, 0.5613268 ]), array([0.13293348, 0.27245945, 0.09839571, 0.11260214, 0.44753927]), array([0.45115772, 0.32140714, 0.53217304, 0.5070945 , 0.18597336]))","['QwenPRM_avg_scores (7.63B)', 'EurusPRMStage1_min_scores (7.62B)', 'QwenPRM_min_scores (7.63B)', 'EurusPRMStage2_avg_scores (7.62B)', 'QwenPRM_max_scores (7.63B)']","[0.11334693716360904, 0.4206354362351615, 0.11334693716360904, 0.5031452990279016, 0.11334693716360904, 0.4206354362351615, 0.11334693716360904, 0.8466217768776477, 0.11334693716360904, 0.022872589976765594, 0.11334693716360904, 0.11334693716360904, 0.022872589976765594, 0.4206354362351615, 0.11334693716360904, 0.11334693716360904, 0.4206354362351615, 0.11334693716360904, 0.022872589976765594, 0.11334693716360904, 0.4206354362351615, 0.11334693716360904, 0.022872589976765594, 0.11334693716360904, 0.11334693716360904, 0.11334693716360904, 0.4206354362351615, 0.11334693716360904, 0.11334693716360904, 0.022872589976765594, 0.022872589976765594, 0.11334693716360904, 0.022872589976765594, 0.11334693716360904, 0.11334693716360904, 0.11334693716360904, 0.022872589976765594, 0.4206354362351615, 0.022872589976765594, 0.4206354362351615, 0.022872589976765594, 0.11334693716360904, 0.11334693716360904, 0.022872589976765594, 0.022872589976765594, 0.11334693716360904, 0.11334693716360904, 0.11334693716360904, 0.11334693716360904, 0.022872589976765594, 0.11334693716360904, 0.11334693716360904, 0.11334693716360904, 0.11334693716360904, 0.022872589976765594, 0.022872589976765594, 0.4206354362351615, 0.11334693716360904, 0.11334693716360904, 0.11334693716360904, 0.11334693716360904, 0.11334693716360904, 0.11334693716360904, 0.022872589976765594, 0.11334693716360904, 0.4206354362351615, 0.8466217768776477, 0.022872589976765594, 0.11334693716360904, 0.022872589976765594, 0.022872589976765594, 0.022872589976765594, 0.11334693716360904, 0.4206354362351615, 0.022872589976765594, 0.11334693716360904, 0.4206354362351615, 0.022872589976765594, 0.022872589976765594, 0.11334693716360904, 0.4206354362351615, 0.022872589976765594, 0.022872589976765594, 0.4206354362351615, 0.11334693716360904, 0.11334693716360904, 0.022872589976765594, 0.11334693716360904, 0.11334693716360904, 0.022872589976765594, 0.11334693716360904, 0.11334693716360904, 0.11334693716360904, 0.11334693716360904, 0.11334693716360904, 0.11334693716360904, 0.11734223418813865, 0.022872589976765594, 0.022872589976765594, 0.11334693716360904]",28,train,0
0.83,19,64,1,16,100,4,1,1,1,0,0,0,4,1,1,1,0,0,0,"(array([0.54215348, 0.67394865, 0.45924377, 0.48502403, 0.80976319]), array([0.87629122, 0.73795253, 0.90842098, 0.89504331, 0.5613268 ]), array([0.13293348, 0.27245945, 0.09839571, 0.11260214, 0.44753927]), array([0.45115772, 0.32140714, 0.53217304, 0.5070945 , 0.18597336]))","['QwenPRM_avg_scores (7.63B)', 'EurusPRMStage1_min_scores (7.62B)', 'QwenPRM_min_scores (7.63B)', 'EurusPRMStage2_avg_scores (7.62B)', 'QwenPRM_max_scores (7.63B)']","[0.11334693716360904, 0.11334693716360904, 0.4206354362351615, 0.9786419995817247, 0.9971376676548883, 0.11334693716360904, 0.11334693716360904, 0.11334693716360904, 0.4928785141540538, 0.97764133460499, 0.11334693716360904, 0.11334693716360904, 0.11334693716360904, 0.11334693716360904, 0.11334693716360904, 0.11334693716360904, 0.11334693716360904, 0.8466217768776477, 0.11334693716360904, 0.11334693716360904, 0.022872589976765594, 0.11334693716360904, 0.11334693716360904, 0.11334693716360904, 0.4928785141540538, 0.11334693716360904, 0.11334693716360904, 0.11334693716360904, 0.11334693716360904, 0.022872589976765594, 0.8466217768776477, 0.4206354362351615, 0.11334693716360904, 0.11334693716360904, 0.4206354362351615, 0.8466217768776477, 0.11334693716360904, 0.97764133460499, 0.022872589976765594, 0.022872589976765594, 0.11334693716360904, 0.11334693716360904, 0.4206354362351615, 0.4206354362351615, 0.11334693716360904, 0.11334693716360904, 0.11334693716360904, 0.8466217768776477, 0.5031452990279016, 0.9971376676548883, 0.11334693716360904, 0.11334693716360904, 0.11334693716360904, 0.11334693716360904, 0.4206354362351615, 0.11334693716360904, 0.851879173411772, 0.9971376676548883, 0.11334693716360904, 0.11334693716360904, 0.11334693716360904, 0.11334693716360904, 0.11334693716360904, 0.11334693716360904, 0.9971376676548883, 0.4206354362351615, 0.11334693716360904, 0.11334693716360904, 0.11734223418813865, 0.11334693716360904, 0.11334693716360904, 0.8466217768776477, 0.11334693716360904, 0.11334693716360904, 0.8466217768776477, 0.4206354362351615, 0.11334693716360904, 0.851879173411772, 0.11334693716360904, 0.11334693716360904, 0.11334693716360904, 0.11334693716360904, 0.97764133460499, 0.11334693716360904, 0.97764133460499, 0.851879173411772, 0.11334693716360904, 0.11334693716360904, 0.11334693716360904, 0.4206354362351615, 0.11334693716360904, 0.11334693716360904, 0.022872589976765594, 0.11334693716360904, 0.11334693716360904, 0.11334693716360904, 0.11334693716360904, 0.11334693716360904, 0.11334693716360904, 0.8466217768776477]",29,train,3
0.97,0,97,0,3,100,28,0,1,0,0,0,1,1,0,1,0,1,0,0,"(array([0.54215348, 0.67394865, 0.45924377, 0.48502403, 0.80976319]), array([0.87629122, 0.73795253, 0.90842098, 0.89504331, 0.5613268 ]), array([0.13293348, 0.27245945, 0.09839571, 0.11260214, 0.44753927]), array([0.45115772, 0.32140714, 0.53217304, 0.5070945 , 0.18597336]))","['QwenPRM_avg_scores (7.63B)', 'EurusPRMStage1_min_scores (7.62B)', 'QwenPRM_min_scores (7.63B)', 'EurusPRMStage2_avg_scores (7.62B)', 'QwenPRM_max_scores (7.63B)']","[0.11334693716360904, 0.022872589976765594, 0.022872589976765594, 0.11334693716360904, 0.022872589976765594, 0.11334693716360904, 0.022872589976765594, 0.022872589976765594, 0.022872589976765594, 0.022872589976765594, 0.022872589976765594, 0.11334693716360904, 0.022872589976765594, 0.022872589976765594, 0.022872589976765594, 0.022872589976765594, 0.11334693716360904, 0.022872589976765594, 0.11334693716360904, 0.022872589976765594, 0.022872589976765594, 0.022872589976765594, 0.4206354362351615, 0.022872589976765594, 0.11734223418813865, 0.11734223418813865, 0.11734223418813865, 0.11734223418813865, 0.4928785141540538, 0.11334693716360904, 0.022872589976765594, 0.022872589976765594, 0.022872589976765594, 0.11334693716360904, 0.11334693716360904, 0.022872589976765594, 0.11734223418813865, 0.11334693716360904, 0.022872589976765594, 0.4206354362351615, 0.11334693716360904, 0.11334693716360904, 0.022872589976765594, 0.11334693716360904, 0.022872589976765594, 0.11334693716360904, 0.022872589976765594, 0.11334693716360904, 0.11334693716360904, 0.022872589976765594, 0.4206354362351615, 0.022872589976765594, 0.022872589976765594, 0.022872589976765594, 0.11334693716360904, 0.022872589976765594, 0.022872589976765594, 0.11334693716360904, 0.022872589976765594, 0.11334693716360904, 0.11334693716360904, 0.022872589976765594, 0.022872589976765594, 0.11334693716360904, 0.022872589976765594, 0.11334693716360904, 0.11334693716360904, 0.11334693716360904, 0.11334693716360904, 0.15107874270637264, 0.11334693716360904, 0.11334693716360904, 0.022872589976765594, 0.11334693716360904, 0.022872589976765594, 0.022872589976765594, 0.022872589976765594, 0.11334693716360904, 0.022872589976765594, 0.11334693716360904, 0.11734223418813865, 0.022872589976765594, 0.022872589976765594, 0.022872589976765594, 0.11334693716360904, 0.022872589976765594, 0.4928785141540538, 0.11334693716360904, 0.11734223418813865, 0.4206354362351615, 0.11334693716360904, 0.11334693716360904, 0.022872589976765594, 0.022872589976765594, 0.11334693716360904, 0.4206354362351615, 0.022872589976765594, 0.022872589976765594, 0.11334693716360904, 0.11334693716360904]",30,train,0
0.89,19,70,4,7,100,12,1,1,1,0,0,0,12,1,1,1,0,0,0,"(array([0.54215348, 0.67394865, 0.45924377, 0.48502403, 0.80976319]), array([0.87629122, 0.73795253, 0.90842098, 0.89504331, 0.5613268 ]), array([0.13293348, 0.27245945, 0.09839571, 0.11260214, 0.44753927]), array([0.45115772, 0.32140714, 0.53217304, 0.5070945 , 0.18597336]))","['QwenPRM_avg_scores (7.63B)', 'EurusPRMStage1_min_scores (7.62B)', 'QwenPRM_min_scores (7.63B)', 'EurusPRMStage2_avg_scores (7.62B)', 'QwenPRM_max_scores (7.63B)']","[0.022872589976765594, 0.022872589976765594, 0.851879173411772, 0.022872589976765594, 0.9786419995817247, 0.9786419995817247, 0.022872589976765594, 0.11334693716360904, 0.022872589976765594, 0.11334693716360904, 0.851879173411772, 0.022872589976765594, 0.9971376676548883, 0.022872589976765594, 0.11334693716360904, 0.11334693716360904, 0.11334693716360904, 0.022872589976765594, 0.022872589976765594, 0.11334693716360904, 0.4206354362351615, 0.022872589976765594, 0.11734223418813865, 0.022872589976765594, 0.022872589976765594, 0.022872589976765594, 0.022872589976765594, 0.022872589976765594, 0.022872589976765594, 0.022872589976765594, 0.11334693716360904, 0.022872589976765594, 0.022872589976765594, 0.851879173411772, 0.11334693716360904, 0.11334693716360904, 0.11334693716360904, 0.851879173411772, 0.851879173411772, 0.022872589976765594, 0.11334693716360904, 0.022872589976765594, 0.11334693716360904, 0.022872589976765594, 0.5026674107576559, 0.5031452990279016, 0.11334693716360904, 0.11334693716360904, 0.022872589976765594, 0.11334693716360904, 0.022872589976765594, 0.11334693716360904, 0.022872589976765594, 0.11334693716360904, 0.11334693716360904, 0.11334693716360904, 0.022872589976765594, 0.11734223418813865, 0.022872589976765594, 0.11334693716360904, 0.11734223418813865, 0.022872589976765594, 0.11334693716360904, 0.9786419995817247, 0.022872589976765594, 0.022872589976765594, 0.022872589976765594, 0.851879173411772, 0.851879173411772, 0.022872589976765594, 0.022872589976765594, 0.11334693716360904, 0.5031452990279016, 0.8466217768776477, 0.022872589976765594, 0.5031452990279016, 0.11334693716360904, 0.022872589976765594, 0.022872589976765594, 0.851879173411772, 0.11334693716360904, 0.022872589976765594, 0.11334693716360904, 0.022872589976765594, 0.5031452990279016, 0.022872589976765594, 0.5031452990279016, 0.022872589976765594, 0.11334693716360904, 0.9786419995817247, 0.11334693716360904, 0.11334693716360904, 0.9971376676548883, 0.11334693716360904, 0.022872589976765594, 0.5031452990279016, 0.11734223418813865, 0.11334693716360904, 0.9786419995817247, 0.11334693716360904]",31,train,2
0.72,9,63,0,28,100,48,1,1,1,0,0,0,48,1,1,1,0,0,0,"(array([0.54215348, 0.67394865, 0.45924377, 0.48502403, 0.80976319]), array([0.87629122, 0.73795253, 0.90842098, 0.89504331, 0.5613268 ]), array([0.13293348, 0.27245945, 0.09839571, 0.11260214, 0.44753927]), array([0.45115772, 0.32140714, 0.53217304, 0.5070945 , 0.18597336]))","['QwenPRM_avg_scores (7.63B)', 'EurusPRMStage1_min_scores (7.62B)', 'QwenPRM_min_scores (7.63B)', 'EurusPRMStage2_avg_scores (7.62B)', 'QwenPRM_max_scores (7.63B)']","[0.11334693716360904, 0.022872589976765594, 0.022872589976765594, 0.4206354362351615, 0.022872589976765594, 0.022872589976765594, 0.4206354362351615, 0.8466217768776477, 0.022872589976765594, 0.11734223418813865, 0.8466217768776477, 0.11334693716360904, 0.11334693716360904, 0.022872589976765594, 0.4206354362351615, 0.022872589976765594, 0.4206354362351615, 0.022872589976765594, 0.022872589976765594, 0.11334693716360904, 0.022872589976765594, 0.11734223418813865, 0.11334693716360904, 0.022872589976765594, 0.022872589976765594, 0.022872589976765594, 0.4206354362351615, 0.022872589976765594, 0.11734223418813865, 0.022872589976765594, 0.11734223418813865, 0.4206354362351615, 0.022872589976765594, 0.022872589976765594, 0.11334693716360904, 0.022872589976765594, 0.11334693716360904, 0.11334693716360904, 0.022872589976765594, 0.11334693716360904, 0.11334693716360904, 0.022872589976765594, 0.022872589976765594, 0.022872589976765594, 0.9786419995817247, 0.022872589976765594, 0.022872589976765594, 0.022872589976765594, 0.9971376676548883, 0.022872589976765594, 0.8466217768776477, 0.022872589976765594, 0.11334693716360904, 0.022872589976765594, 0.022872589976765594, 0.022872589976765594, 0.022872589976765594, 0.022872589976765594, 0.11334693716360904, 0.11334693716360904, 0.11334693716360904, 0.022872589976765594, 0.4206354362351615, 0.022872589976765594, 0.11334693716360904, 0.022872589976765594, 0.9971376676548883, 0.11734223418813865, 0.022872589976765594, 0.022872589976765594, 0.11734223418813865, 0.022872589976765594, 0.97764133460499, 0.022872589976765594, 0.022872589976765594, 0.022872589976765594, 0.022872589976765594, 0.4206354362351615, 0.11334693716360904, 0.022872589976765594, 0.022872589976765594, 0.022872589976765594, 0.022872589976765594, 0.022872589976765594, 0.022872589976765594, 0.022872589976765594, 0.022872589976765594, 0.022872589976765594, 0.022872589976765594, 0.022872589976765594, 0.022872589976765594, 0.022872589976765594, 0.022872589976765594, 0.4206354362351615, 0.022872589976765594, 0.851879173411772, 0.022872589976765594, 0.022872589976765594, 0.022872589976765594, 0.97764133460499]",32,train,3
0.8,76,4,1,19,100,9,1,1,1,0,0,0,9,1,1,1,0,0,0,"(array([0.54215348, 0.67394865, 0.45924377, 0.48502403, 0.80976319]), array([0.87629122, 0.73795253, 0.90842098, 0.89504331, 0.5613268 ]), array([0.13293348, 0.27245945, 0.09839571, 0.11260214, 0.44753927]), array([0.45115772, 0.32140714, 0.53217304, 0.5070945 , 0.18597336]))","['QwenPRM_avg_scores (7.63B)', 'EurusPRMStage1_min_scores (7.62B)', 'QwenPRM_min_scores (7.63B)', 'EurusPRMStage2_avg_scores (7.62B)', 'QwenPRM_max_scores (7.63B)']","[0.9786419995817247, 0.9786419995817247, 0.5031452990279016, 0.4206354362351615, 0.11334693716360904, 0.9786419995817247, 0.8897219894705287, 0.4206354362351615, 0.4206354362351615, 0.9971376676548883, 0.9786419995817247, 0.851879173411772, 0.8897219894705287, 0.5031452990279016, 0.851879173411772, 0.9786419995817247, 0.9971376676548883, 0.11334693716360904, 0.9971376676548883, 0.9971376676548883, 0.9971376676548883, 0.9786419995817247, 0.9971376676548883, 0.851879173411772, 0.11334693716360904, 0.9786419995817247, 0.9971376676548883, 0.9971376676548883, 0.851879173411772, 0.851879173411772, 0.9971376676548883, 0.11334693716360904, 0.9786419995817247, 0.11334693716360904, 0.851879173411772, 0.11334693716360904, 0.97764133460499, 0.851879173411772, 0.851879173411772, 0.9786419995817247, 0.9971376676548883, 0.851879173411772, 0.11334693716360904, 0.851879173411772, 0.9971376676548883, 0.9786419995817247, 0.11334693716360904, 0.9971376676548883, 0.4206354362351615, 0.5031452990279016, 0.9786419995817247, 0.11334693716360904, 0.9971376676548883, 0.5031452990279016, 0.8466217768776477, 0.97764133460499, 0.4206354362351615, 0.5031452990279016, 0.9786419995817247, 0.9971376676548883, 0.851879173411772, 0.9786419995817247, 0.9786419995817247, 0.11334693716360904, 0.11334693716360904, 0.851879173411772, 0.4206354362351615, 0.851879173411772, 0.4206354362351615, 0.851879173411772, 0.11334693716360904, 0.5031452990279016, 0.8897219894705287, 0.851879173411772, 0.9786419995817247, 0.9971376676548883, 0.8897219894705287, 0.5031452990279016, 0.8897219894705287, 0.9971376676548883, 0.4206354362351615, 0.851879173411772, 0.8897219894705287, 0.11334693716360904, 0.851879173411772, 0.851879173411772, 0.9786419995817247, 0.9971376676548883, 0.851879173411772, 0.11334693716360904, 0.9786419995817247, 0.97764133460499, 0.9971376676548883, 0.5031452990279016, 0.5031452990279016, 0.4206354362351615, 0.5031452990279016, 0.9786419995817247, 0.97764133460499, 0.97764133460499]",33,train,9
0.97,0,97,1,2,100,79,0,1,0,0,0,1,0,0,1,0,1,0,0,"(array([0.54215348, 0.67394865, 0.45924377, 0.48502403, 0.80976319]), array([0.87629122, 0.73795253, 0.90842098, 0.89504331, 0.5613268 ]), array([0.13293348, 0.27245945, 0.09839571, 0.11260214, 0.44753927]), array([0.45115772, 0.32140714, 0.53217304, 0.5070945 , 0.18597336]))","['QwenPRM_avg_scores (7.63B)', 'EurusPRMStage1_min_scores (7.62B)', 'QwenPRM_min_scores (7.63B)', 'EurusPRMStage2_avg_scores (7.62B)', 'QwenPRM_max_scores (7.63B)']","[0.022872589976765594, 0.022872589976765594, 0.022872589976765594, 0.11334693716360904, 0.022872589976765594, 0.022872589976765594, 0.022872589976765594, 0.022872589976765594, 0.022872589976765594, 0.022872589976765594, 0.11334693716360904, 0.022872589976765594, 0.022872589976765594, 0.022872589976765594, 0.11334693716360904, 0.022872589976765594, 0.022872589976765594, 0.022872589976765594, 0.022872589976765594, 0.022872589976765594, 0.11334693716360904, 0.022872589976765594, 0.022872589976765594, 0.11334693716360904, 0.11334693716360904, 0.11334693716360904, 0.022872589976765594, 0.11334693716360904, 0.022872589976765594, 0.022872589976765594, 0.022872589976765594, 0.022872589976765594, 0.022872589976765594, 0.022872589976765594, 0.022872589976765594, 0.11334693716360904, 0.022872589976765594, 0.11334693716360904, 0.022872589976765594, 0.11734223418813865, 0.022872589976765594, 0.022872589976765594, 0.022872589976765594, 0.022872589976765594, 0.022872589976765594, 0.11334693716360904, 0.11734223418813865, 0.022872589976765594, 0.022872589976765594, 0.022872589976765594, 0.11734223418813865, 0.022872589976765594, 0.022872589976765594, 0.022872589976765594, 0.022872589976765594, 0.022872589976765594, 0.11334693716360904, 0.4206354362351615, 0.022872589976765594, 0.11334693716360904, 0.022872589976765594, 0.022872589976765594, 0.022872589976765594, 0.022872589976765594, 0.022872589976765594, 0.022872589976765594, 0.11334693716360904, 0.022872589976765594, 0.11334693716360904, 0.4206354362351615, 0.022872589976765594, 0.022872589976765594, 0.022872589976765594, 0.022872589976765594, 0.11334693716360904, 0.11334693716360904, 0.022872589976765594, 0.4206354362351615, 0.11334693716360904, 0.8466217768776477, 0.022872589976765594, 0.022872589976765594, 0.022872589976765594, 0.11334693716360904, 0.11734223418813865, 0.11334693716360904, 0.022872589976765594, 0.4206354362351615, 0.11334693716360904, 0.022872589976765594, 0.022872589976765594, 0.022872589976765594, 0.022872589976765594, 0.4206354362351615, 0.022872589976765594, 0.11334693716360904, 0.022872589976765594, 0.11734223418813865, 0.022872589976765594, 0.022872589976765594]",34,train,0
0.6,29,31,0,40,100,13,1,1,1,0,0,0,13,1,1,1,0,0,0,"(array([0.54215348, 0.67394865, 0.45924377, 0.48502403, 0.80976319]), array([0.87629122, 0.73795253, 0.90842098, 0.89504331, 0.5613268 ]), array([0.13293348, 0.27245945, 0.09839571, 0.11260214, 0.44753927]), array([0.45115772, 0.32140714, 0.53217304, 0.5070945 , 0.18597336]))","['QwenPRM_avg_scores (7.63B)', 'EurusPRMStage1_min_scores (7.62B)', 'QwenPRM_min_scores (7.63B)', 'EurusPRMStage2_avg_scores (7.62B)', 'QwenPRM_max_scores (7.63B)']","[0.022872589976765594, 0.5031452990279016, 0.022872589976765594, 0.851879173411772, 0.9786419995817247, 0.596337369714578, 0.9786419995817247, 0.022872589976765594, 0.022872589976765594, 0.11734223418813865, 0.4206354362351615, 0.8897219894705287, 0.11734223418813865, 0.9971376676548883, 0.851879173411772, 0.851879173411772, 0.022872589976765594, 0.022872589976765594, 0.5129318593758885, 0.4206354362351615, 0.022872589976765594, 0.022872589976765594, 0.5031452990279016, 0.4206354362351615, 0.9786419995817247, 0.022872589976765594, 0.022872589976765594, 0.022872589976765594, 0.4206354362351615, 0.4206354362351615, 0.022872589976765594, 0.022872589976765594, 0.5031452990279016, 0.022872589976765594, 0.9786419995817247, 0.4206354362351615, 0.022872589976765594, 0.4206354362351615, 0.4206354362351615, 0.022872589976765594, 0.022872589976765594, 0.9839586962681637, 0.9786419995817247, 0.9971376676548883, 0.11734223418813865, 0.022872589976765594, 0.022872589976765594, 0.022872589976765594, 0.11734223418813865, 0.022872589976765594, 0.4206354362351615, 0.11334693716360904, 0.022872589976765594, 0.5031452990279016, 0.022872589976765594, 0.9786419995817247, 0.022872589976765594, 0.851879173411772, 0.022872589976765594, 0.851879173411772, 0.022872589976765594, 0.022872589976765594, 0.11334693716360904, 0.97764133460499, 0.11734223418813865, 0.022872589976765594, 0.11334693716360904, 0.4206354362351615, 0.4206354362351615, 0.851879173411772, 0.022872589976765594, 0.11334693716360904, 0.851879173411772, 0.4206354362351615, 0.022872589976765594, 0.8526021613397781, 0.11334693716360904, 0.022872589976765594, 0.022872589976765594, 0.4206354362351615, 0.9971376676548883, 0.022872589976765594, 0.5031452990279016, 0.022872589976765594, 0.022872589976765594, 0.4206354362351615, 0.022872589976765594, 0.4206354362351615, 0.022872589976765594, 0.022872589976765594, 0.11734223418813865, 0.4206354362351615, 0.022872589976765594, 0.4206354362351615, 0.11734223418813865, 0.022872589976765594, 0.8897219894705287, 0.9786419995817247, 0.11734223418813865, 0.4206354362351615]",35,train,6
0.89,26,63,2,9,100,0,1,1,1,0,0,0,0,1,1,1,0,0,0,"(array([0.54215348, 0.67394865, 0.45924377, 0.48502403, 0.80976319]), array([0.87629122, 0.73795253, 0.90842098, 0.89504331, 0.5613268 ]), array([0.13293348, 0.27245945, 0.09839571, 0.11260214, 0.44753927]), array([0.45115772, 0.32140714, 0.53217304, 0.5070945 , 0.18597336]))","['QwenPRM_avg_scores (7.63B)', 'EurusPRMStage1_min_scores (7.62B)', 'QwenPRM_min_scores (7.63B)', 'EurusPRMStage2_avg_scores (7.62B)', 'QwenPRM_max_scores (7.63B)']","[0.9971376676548883, 0.11334693716360904, 0.8466217768776477, 0.851879173411772, 0.11334693716360904, 0.8466217768776477, 0.9786419995817247, 0.4206354362351615, 0.11334693716360904, 0.9971376676548883, 0.11334693716360904, 0.851879173411772, 0.11334693716360904, 0.11334693716360904, 0.11334693716360904, 0.11334693716360904, 0.851879173411772, 0.9786419995817247, 0.9971376676548883, 0.11334693716360904, 0.11334693716360904, 0.11334693716360904, 0.11334693716360904, 0.11334693716360904, 0.97764133460499, 0.11334693716360904, 0.11334693716360904, 0.4206354362351615, 0.022872589976765594, 0.11334693716360904, 0.11334693716360904, 0.022872589976765594, 0.11334693716360904, 0.11334693716360904, 0.851879173411772, 0.851879173411772, 0.11334693716360904, 0.4206354362351615, 0.11334693716360904, 0.11734223418813865, 0.11334693716360904, 0.8466217768776477, 0.851879173411772, 0.11334693716360904, 0.97764133460499, 0.11334693716360904, 0.11334693716360904, 0.11334693716360904, 0.11334693716360904, 0.11334693716360904, 0.4206354362351615, 0.11334693716360904, 0.11334693716360904, 0.11334693716360904, 0.4206354362351615, 0.11334693716360904, 0.11334693716360904, 0.022872589976765594, 0.4206354362351615, 0.4206354362351615, 0.9971376676548883, 0.11334693716360904, 0.8466217768776477, 0.9786419995817247, 0.11334693716360904, 0.8466217768776477, 0.11334693716360904, 0.022872589976765594, 0.9971376676548883, 0.11334693716360904, 0.97764133460499, 0.022872589976765594, 0.11334693716360904, 0.97764133460499, 0.5031452990279016, 0.4206354362351615, 0.11334693716360904, 0.4206354362351615, 0.11334693716360904, 0.4928785141540538, 0.022872589976765594, 0.022872589976765594, 0.9971376676548883, 0.11334693716360904, 0.11334693716360904, 0.11334693716360904, 0.022872589976765594, 0.8466217768776477, 0.4206354362351615, 0.4206354362351615, 0.4206354362351615, 0.022872589976765594, 0.9786419995817247, 0.11334693716360904, 0.11334693716360904, 0.11334693716360904, 0.8466217768776477, 0.11334693716360904, 0.11334693716360904, 0.4206354362351615]",36,train,3
0.69,0,69,0,31,100,0,1,1,1,0,0,0,4,0,1,0,1,0,0,"(array([0.54215348, 0.67394865, 0.45924377, 0.48502403, 0.80976319]), array([0.87629122, 0.73795253, 0.90842098, 0.89504331, 0.5613268 ]), array([0.13293348, 0.27245945, 0.09839571, 0.11260214, 0.44753927]), array([0.45115772, 0.32140714, 0.53217304, 0.5070945 , 0.18597336]))","['QwenPRM_avg_scores (7.63B)', 'EurusPRMStage1_min_scores (7.62B)', 'QwenPRM_min_scores (7.63B)', 'EurusPRMStage2_avg_scores (7.62B)', 'QwenPRM_max_scores (7.63B)']","[0.4206354362351615, 0.11734223418813865, 0.11334693716360904, 0.4206354362351615, 0.022872589976765594, 0.11334693716360904, 0.11334693716360904, 0.11334693716360904, 0.11334693716360904, 0.4206354362351615, 0.11334693716360904, 0.022872589976765594, 0.022872589976765594, 0.022872589976765594, 0.022872589976765594, 0.022872589976765594, 0.11334693716360904, 0.022872589976765594, 0.11334693716360904, 0.11334693716360904, 0.022872589976765594, 0.11334693716360904, 0.11334693716360904, 0.4206354362351615, 0.022872589976765594, 0.11734223418813865, 0.4206354362351615, 0.022872589976765594, 0.022872589976765594, 0.11734223418813865, 0.11734223418813865, 0.022872589976765594, 0.11334693716360904, 0.022872589976765594, 0.4206354362351615, 0.11334693716360904, 0.11334693716360904, 0.022872589976765594, 0.11334693716360904, 0.11334693716360904, 0.11334693716360904, 0.11734223418813865, 0.11334693716360904, 0.022872589976765594, 0.022872589976765594, 0.022872589976765594, 0.022872589976765594, 0.022872589976765594, 0.022872589976765594, 0.022872589976765594, 0.4206354362351615, 0.022872589976765594, 0.11334693716360904, 0.022872589976765594, 0.11334693716360904, 0.022872589976765594, 0.11334693716360904, 0.11334693716360904, 0.11334693716360904, 0.022872589976765594, 0.11334693716360904, 0.022872589976765594, 0.022872589976765594, 0.11334693716360904, 0.022872589976765594, 0.4206354362351615, 0.022872589976765594, 0.4206354362351615, 0.022872589976765594, 0.11334693716360904, 0.022872589976765594, 0.022872589976765594, 0.11734223418813865, 0.11334693716360904, 0.022872589976765594, 0.11334693716360904, 0.11734223418813865, 0.022872589976765594, 0.11734223418813865, 0.4206354362351615, 0.022872589976765594, 0.11334693716360904, 0.11734223418813865, 0.4206354362351615, 0.11334693716360904, 0.022872589976765594, 0.11334693716360904, 0.4206354362351615, 0.11334693716360904, 0.022872589976765594, 0.022872589976765594, 0.022872589976765594, 0.11334693716360904, 0.022872589976765594, 0.11734223418813865, 0.022872589976765594, 0.022872589976765594, 0.022872589976765594, 0.4206354362351615, 0.022872589976765594]",37,train,3
0.8,13,67,1,19,100,16,1,1,1,0,0,0,16,1,1,1,0,0,0,"(array([0.54215348, 0.67394865, 0.45924377, 0.48502403, 0.80976319]), array([0.87629122, 0.73795253, 0.90842098, 0.89504331, 0.5613268 ]), array([0.13293348, 0.27245945, 0.09839571, 0.11260214, 0.44753927]), array([0.45115772, 0.32140714, 0.53217304, 0.5070945 , 0.18597336]))","['QwenPRM_avg_scores (7.63B)', 'EurusPRMStage1_min_scores (7.62B)', 'QwenPRM_min_scores (7.63B)', 'EurusPRMStage2_avg_scores (7.62B)', 'QwenPRM_max_scores (7.63B)']","[0.11334693716360904, 0.11334693716360904, 0.11334693716360904, 0.11334693716360904, 0.851879173411772, 0.11334693716360904, 0.11334693716360904, 0.11334693716360904, 0.11334693716360904, 0.11334693716360904, 0.11334693716360904, 0.4206354362351615, 0.4206354362351615, 0.022872589976765594, 0.11334693716360904, 0.11334693716360904, 0.9786419995817247, 0.11334693716360904, 0.11334693716360904, 0.11334693716360904, 0.11334693716360904, 0.11334693716360904, 0.851879173411772, 0.11334693716360904, 0.11334693716360904, 0.11334693716360904, 0.11334693716360904, 0.11334693716360904, 0.11334693716360904, 0.11334693716360904, 0.851879173411772, 0.11334693716360904, 0.4206354362351615, 0.11334693716360904, 0.11334693716360904, 0.11334693716360904, 0.022872589976765594, 0.11334693716360904, 0.022872589976765594, 0.022872589976765594, 0.11334693716360904, 0.11334693716360904, 0.9786419995817247, 0.022872589976765594, 0.11334693716360904, 0.022872589976765594, 0.11334693716360904, 0.4206354362351615, 0.11334693716360904, 0.11334693716360904, 0.11334693716360904, 0.8466217768776477, 0.11334693716360904, 0.851879173411772, 0.11334693716360904, 0.5031452990279016, 0.11334693716360904, 0.11334693716360904, 0.11334693716360904, 0.022872589976765594, 0.11334693716360904, 0.022872589976765594, 0.5129318593758885, 0.022872589976765594, 0.11334693716360904, 0.9786419995817247, 0.4206354362351615, 0.022872589976765594, 0.851879173411772, 0.11334693716360904, 0.4206354362351615, 0.022872589976765594, 0.022872589976765594, 0.022872589976765594, 0.11334693716360904, 0.022872589976765594, 0.11334693716360904, 0.11334693716360904, 0.4206354362351615, 0.022872589976765594, 0.11334693716360904, 0.11334693716360904, 0.11334693716360904, 0.11334693716360904, 0.11334693716360904, 0.022872589976765594, 0.9786419995817247, 0.11334693716360904, 0.11334693716360904, 0.022872589976765594, 0.9786419995817247, 0.11334693716360904, 0.851879173411772, 0.11334693716360904, 0.022872589976765594, 0.11334693716360904, 0.4206354362351615, 0.022872589976765594, 0.022872589976765594, 0.11334693716360904]",38,train,3
0.89,3,86,9,2,100,28,0,1,0,0,0,1,28,1,0,0,0,1,0,"(array([0.54215348, 0.67394865, 0.45924377, 0.48502403, 0.80976319]), array([0.87629122, 0.73795253, 0.90842098, 0.89504331, 0.5613268 ]), array([0.13293348, 0.27245945, 0.09839571, 0.11260214, 0.44753927]), array([0.45115772, 0.32140714, 0.53217304, 0.5070945 , 0.18597336]))","['QwenPRM_avg_scores (7.63B)', 'EurusPRMStage1_min_scores (7.62B)', 'QwenPRM_min_scores (7.63B)', 'EurusPRMStage2_avg_scores (7.62B)', 'QwenPRM_max_scores (7.63B)']","[0.022872589976765594, 0.4206354362351615, 0.11334693716360904, 0.11334693716360904, 0.022872589976765594, 0.5031452990279016, 0.11334693716360904, 0.11334693716360904, 0.022872589976765594, 0.11334693716360904, 0.11334693716360904, 0.022872589976765594, 0.022872589976765594, 0.4928785141540538, 0.11334693716360904, 0.022872589976765594, 0.11334693716360904, 0.11334693716360904, 0.4206354362351615, 0.11334693716360904, 0.11334693716360904, 0.11334693716360904, 0.11334693716360904, 0.11334693716360904, 0.11734223418813865, 0.8466217768776477, 0.11334693716360904, 0.11334693716360904, 0.9839586962681637, 0.4206354362351615, 0.11334693716360904, 0.11334693716360904, 0.11334693716360904, 0.4206354362351615, 0.11334693716360904, 0.11334693716360904, 0.022872589976765594, 0.022872589976765594, 0.11334693716360904, 0.4206354362351615, 0.8466217768776477, 0.11334693716360904, 0.4206354362351615, 0.11334693716360904, 0.022872589976765594, 0.022872589976765594, 0.11334693716360904, 0.11334693716360904, 0.4206354362351615, 0.11334693716360904, 0.11734223418813865, 0.8466217768776477, 0.022872589976765594, 0.11334693716360904, 0.11334693716360904, 0.11334693716360904, 0.5031452990279016, 0.11334693716360904, 0.4206354362351615, 0.8466217768776477, 0.022872589976765594, 0.11334693716360904, 0.11334693716360904, 0.11334693716360904, 0.022872589976765594, 0.11334693716360904, 0.11334693716360904, 0.022872589976765594, 0.5031452990279016, 0.11334693716360904, 0.15718094026846025, 0.022872589976765594, 0.11334693716360904, 0.4206354362351615, 0.11334693716360904, 0.11334693716360904, 0.11334693716360904, 0.022872589976765594, 0.022872589976765594, 0.11334693716360904, 0.022872589976765594, 0.022872589976765594, 0.5026674107576559, 0.022872589976765594, 0.11334693716360904, 0.4206354362351615, 0.11334693716360904, 0.11334693716360904, 0.11334693716360904, 0.4206354362351615, 0.022872589976765594, 0.11334693716360904, 0.851879173411772, 0.4206354362351615, 0.11334693716360904, 0.022872589976765594, 0.11334693716360904, 0.022872589976765594, 0.8897219894705287, 0.8466217768776477]",39,train,0
0.79,36,43,0,21,100,25,1,1,1,0,0,0,25,1,1,1,0,0,0,"(array([0.54215348, 0.67394865, 0.45924377, 0.48502403, 0.80976319]), array([0.87629122, 0.73795253, 0.90842098, 0.89504331, 0.5613268 ]), array([0.13293348, 0.27245945, 0.09839571, 0.11260214, 0.44753927]), array([0.45115772, 0.32140714, 0.53217304, 0.5070945 , 0.18597336]))","['QwenPRM_avg_scores (7.63B)', 'EurusPRMStage1_min_scores (7.62B)', 'QwenPRM_min_scores (7.63B)', 'EurusPRMStage2_avg_scores (7.62B)', 'QwenPRM_max_scores (7.63B)']","[0.11334693716360904, 0.11334693716360904, 0.4206354362351615, 0.4206354362351615, 0.11334693716360904, 0.4206354362351615, 0.11334693716360904, 0.851879173411772, 0.8466217768776477, 0.11334693716360904, 0.851879173411772, 0.022872589976765594, 0.97764133460499, 0.11334693716360904, 0.11334693716360904, 0.851879173411772, 0.97764133460499, 0.5026674107576559, 0.8466217768776477, 0.4206354362351615, 0.11334693716360904, 0.97764133460499, 0.11334693716360904, 0.4206354362351615, 0.8466217768776477, 0.9971376676548883, 0.11334693716360904, 0.4206354362351615, 0.11334693716360904, 0.11334693716360904, 0.97764133460499, 0.022872589976765594, 0.022872589976765594, 0.15107874270637264, 0.9971376676548883, 0.4206354362351615, 0.4206354362351615, 0.9786419995817247, 0.4206354362351615, 0.9786419995817247, 0.851879173411772, 0.4206354362351615, 0.9786419995817247, 0.4206354362351615, 0.11334693716360904, 0.11334693716360904, 0.11334693716360904, 0.11334693716360904, 0.11334693716360904, 0.9971376676548883, 0.11334693716360904, 0.11334693716360904, 0.11334693716360904, 0.022872589976765594, 0.9786419995817247, 0.11334693716360904, 0.11334693716360904, 0.97764133460499, 0.8466217768776477, 0.9971376676548883, 0.11334693716360904, 0.11334693716360904, 0.11334693716360904, 0.11734223418813865, 0.11334693716360904, 0.022872589976765594, 0.11334693716360904, 0.11334693716360904, 0.11334693716360904, 0.11334693716360904, 0.022872589976765594, 0.11334693716360904, 0.11334693716360904, 0.851879173411772, 0.97764133460499, 0.11334693716360904, 0.9971376676548883, 0.11334693716360904, 0.4206354362351615, 0.11334693716360904, 0.11334693716360904, 0.4206354362351615, 0.97764133460499, 0.9971376676548883, 0.11334693716360904, 0.97764133460499, 0.97764133460499, 0.9971376676548883, 0.9971376676548883, 0.11334693716360904, 0.97764133460499, 0.9971376676548883, 0.9971376676548883, 0.022872589976765594, 0.4206354362351615, 0.11334693716360904, 0.9971376676548883, 0.4206354362351615, 0.11334693716360904, 0.97764133460499]",40,train,5
0.77,12,65,10,13,100,12,1,1,1,0,0,0,12,1,1,1,0,0,0,"(array([0.54215348, 0.67394865, 0.45924377, 0.48502403, 0.80976319]), array([0.87629122, 0.73795253, 0.90842098, 0.89504331, 0.5613268 ]), array([0.13293348, 0.27245945, 0.09839571, 0.11260214, 0.44753927]), array([0.45115772, 0.32140714, 0.53217304, 0.5070945 , 0.18597336]))","['QwenPRM_avg_scores (7.63B)', 'EurusPRMStage1_min_scores (7.62B)', 'QwenPRM_min_scores (7.63B)', 'EurusPRMStage2_avg_scores (7.62B)', 'QwenPRM_max_scores (7.63B)']","[0.022872589976765594, 0.5031452990279016, 0.11334693716360904, 0.022872589976765594, 0.11334693716360904, 0.11334693716360904, 0.11334693716360904, 0.5031452990279016, 0.022872589976765594, 0.11334693716360904, 0.11334693716360904, 0.11334693716360904, 0.9971376676548883, 0.022872589976765594, 0.022872589976765594, 0.11334693716360904, 0.11334693716360904, 0.4206354362351615, 0.11334693716360904, 0.022872589976765594, 0.8466217768776477, 0.11334693716360904, 0.022872589976765594, 0.9786419995817247, 0.11734223418813865, 0.022872589976765594, 0.11334693716360904, 0.11334693716360904, 0.11334693716360904, 0.022872589976765594, 0.022872589976765594, 0.851879173411772, 0.022872589976765594, 0.4206354362351615, 0.11334693716360904, 0.851879173411772, 0.022872589976765594, 0.11734223418813865, 0.11334693716360904, 0.022872589976765594, 0.022872589976765594, 0.022872589976765594, 0.11334693716360904, 0.022872589976765594, 0.022872589976765594, 0.9971376676548883, 0.851879173411772, 0.97764133460499, 0.11334693716360904, 0.11334693716360904, 0.8466217768776477, 0.11334693716360904, 0.8850446096482976, 0.851879173411772, 0.11734223418813865, 0.022872589976765594, 0.022872589976765594, 0.11334693716360904, 0.5031452990279016, 0.11734223418813865, 0.5031452990279016, 0.022872589976765594, 0.11334693716360904, 0.4206354362351615, 0.4206354362351615, 0.022872589976765594, 0.022872589976765594, 0.022872589976765594, 0.11334693716360904, 0.022872589976765594, 0.5031452990279016, 0.11334693716360904, 0.022872589976765594, 0.851879173411772, 0.5031452990279016, 0.022872589976765594, 0.022872589976765594, 0.11334693716360904, 0.11334693716360904, 0.022872589976765594, 0.4206354362351615, 0.022872589976765594, 0.11334693716360904, 0.11334693716360904, 0.4206354362351615, 0.022872589976765594, 0.11334693716360904, 0.11334693716360904, 0.9971376676548883, 0.5026674107576559, 0.4206354362351615, 0.11734223418813865, 0.11334693716360904, 0.022872589976765594, 0.11334693716360904, 0.5031452990279016, 0.4206354362351615, 0.5031452990279016, 0.11334693716360904, 0.11334693716360904]",41,train,2
0.86,0,86,0,14,100,69,1,1,1,0,0,0,0,0,1,0,1,0,0,"(array([0.54215348, 0.67394865, 0.45924377, 0.48502403, 0.80976319]), array([0.87629122, 0.73795253, 0.90842098, 0.89504331, 0.5613268 ]), array([0.13293348, 0.27245945, 0.09839571, 0.11260214, 0.44753927]), array([0.45115772, 0.32140714, 0.53217304, 0.5070945 , 0.18597336]))","['QwenPRM_avg_scores (7.63B)', 'EurusPRMStage1_min_scores (7.62B)', 'QwenPRM_min_scores (7.63B)', 'EurusPRMStage2_avg_scores (7.62B)', 'QwenPRM_max_scores (7.63B)']","[0.022872589976765594, 0.022872589976765594, 0.022872589976765594, 0.022872589976765594, 0.11734223418813865, 0.11334693716360904, 0.022872589976765594, 0.022872589976765594, 0.11334693716360904, 0.11734223418813865, 0.11334693716360904, 0.11334693716360904, 0.11734223418813865, 0.022872589976765594, 0.022872589976765594, 0.022872589976765594, 0.022872589976765594, 0.022872589976765594, 0.022872589976765594, 0.022872589976765594, 0.022872589976765594, 0.022872589976765594, 0.022872589976765594, 0.11334693716360904, 0.022872589976765594, 0.022872589976765594, 0.022872589976765594, 0.11334693716360904, 0.022872589976765594, 0.022872589976765594, 0.022872589976765594, 0.11334693716360904, 0.11334693716360904, 0.022872589976765594, 0.022872589976765594, 0.022872589976765594, 0.022872589976765594, 0.022872589976765594, 0.022872589976765594, 0.11734223418813865, 0.022872589976765594, 0.022872589976765594, 0.022872589976765594, 0.11734223418813865, 0.022872589976765594, 0.022872589976765594, 0.022872589976765594, 0.022872589976765594, 0.022872589976765594, 0.022872589976765594, 0.022872589976765594, 0.11334693716360904, 0.022872589976765594, 0.11334693716360904, 0.022872589976765594, 0.022872589976765594, 0.11734223418813865, 0.11334693716360904, 0.11334693716360904, 0.11334693716360904, 0.022872589976765594, 0.022872589976765594, 0.11334693716360904, 0.022872589976765594, 0.11334693716360904, 0.022872589976765594, 0.022872589976765594, 0.022872589976765594, 0.022872589976765594, 0.4206354362351615, 0.022872589976765594, 0.11334693716360904, 0.022872589976765594, 0.022872589976765594, 0.4206354362351615, 0.022872589976765594, 0.022872589976765594, 0.022872589976765594, 0.11334693716360904, 0.022872589976765594, 0.11334693716360904, 0.022872589976765594, 0.022872589976765594, 0.022872589976765594, 0.11334693716360904, 0.11334693716360904, 0.11734223418813865, 0.022872589976765594, 0.022872589976765594, 0.11734223418813865, 0.022872589976765594, 0.11334693716360904, 0.022872589976765594, 0.022872589976765594, 0.4206354362351615, 0.022872589976765594, 0.022872589976765594, 0.11334693716360904, 0.022872589976765594, 0.11734223418813865]",42,train,1
0.85,70,15,0,15,100,1,1,1,1,0,0,0,1,1,1,1,0,0,0,"(array([0.54215348, 0.67394865, 0.45924377, 0.48502403, 0.80976319]), array([0.87629122, 0.73795253, 0.90842098, 0.89504331, 0.5613268 ]), array([0.13293348, 0.27245945, 0.09839571, 0.11260214, 0.44753927]), array([0.45115772, 0.32140714, 0.53217304, 0.5070945 , 0.18597336]))","['QwenPRM_avg_scores (7.63B)', 'EurusPRMStage1_min_scores (7.62B)', 'QwenPRM_min_scores (7.63B)', 'EurusPRMStage2_avg_scores (7.62B)', 'QwenPRM_max_scores (7.63B)']","[0.851879173411772, 0.9971376676548883, 0.9971376676548883, 0.4928785141540538, 0.9786419995817247, 0.4206354362351615, 0.11334693716360904, 0.9971376676548883, 0.8466217768776477, 0.11334693716360904, 0.11334693716360904, 0.9971376676548883, 0.11334693716360904, 0.9786419995817247, 0.9786419995817247, 0.8466217768776477, 0.851879173411772, 0.9786419995817247, 0.9971376676548883, 0.9971376676548883, 0.5031452990279016, 0.4206354362351615, 0.9971376676548883, 0.11334693716360904, 0.9786419995817247, 0.4206354362351615, 0.5031452990279016, 0.851879173411772, 0.11334693716360904, 0.9971376676548883, 0.11334693716360904, 0.851879173411772, 0.97764133460499, 0.97764133460499, 0.11334693716360904, 0.8466217768776477, 0.9971376676548883, 0.11334693716360904, 0.5031452990279016, 0.97764133460499, 0.11334693716360904, 0.9971376676548883, 0.5031452990279016, 0.851879173411772, 0.4206354362351615, 0.4206354362351615, 0.97764133460499, 0.9971376676548883, 0.4206354362351615, 0.5031452990279016, 0.9971376676548883, 0.4206354362351615, 0.11334693716360904, 0.11334693716360904, 0.9971376676548883, 0.97764133460499, 0.8466217768776477, 0.851879173411772, 0.9971376676548883, 0.8897219894705287, 0.851879173411772, 0.8897219894705287, 0.4206354362351615, 0.9786419995817247, 0.11334693716360904, 0.97764133460499, 0.9971376676548883, 0.8466217768776477, 0.11334693716360904, 0.9786419995817247, 0.8466217768776477, 0.9971376676548883, 0.8897219894705287, 0.11334693716360904, 0.9786419995817247, 0.9971376676548883, 0.5045805518192775, 0.8466217768776477, 0.5031452990279016, 0.97764133460499, 0.851879173411772, 0.9971376676548883, 0.9971376676548883, 0.9971376676548883, 0.11334693716360904, 0.9786419995817247, 0.9971376676548883, 0.4206354362351615, 0.4206354362351615, 0.4206354362351615, 0.8466217768776477, 0.851879173411772, 0.9786419995817247, 0.9971376676548883, 0.11334693716360904, 0.11334693716360904, 0.9971376676548883, 0.9786419995817247, 0.5031452990279016, 0.9971376676548883]",43,train,8
0.73,18,55,15,12,100,19,1,1,1,0,0,0,19,1,1,1,0,0,0,"(array([0.54215348, 0.67394865, 0.45924377, 0.48502403, 0.80976319]), array([0.87629122, 0.73795253, 0.90842098, 0.89504331, 0.5613268 ]), array([0.13293348, 0.27245945, 0.09839571, 0.11260214, 0.44753927]), array([0.45115772, 0.32140714, 0.53217304, 0.5070945 , 0.18597336]))","['QwenPRM_avg_scores (7.63B)', 'EurusPRMStage1_min_scores (7.62B)', 'QwenPRM_min_scores (7.63B)', 'EurusPRMStage2_avg_scores (7.62B)', 'QwenPRM_max_scores (7.63B)']","[0.5031452990279016, 0.11334693716360904, 0.022872589976765594, 0.8897219894705287, 0.8897219894705287, 0.11334693716360904, 0.4206354362351615, 0.4206354362351615, 0.851879173411772, 0.9839586962681637, 0.4206354362351615, 0.11334693716360904, 0.4206354362351615, 0.4206354362351615, 0.022872589976765594, 0.022872589976765594, 0.11334693716360904, 0.11334693716360904, 0.4206354362351615, 0.9971376676548883, 0.4206354362351615, 0.022872589976765594, 0.11334693716360904, 0.8466217768776477, 0.9971376676548883, 0.4928785141540538, 0.5031452990279016, 0.15107874270637264, 0.5031452990279016, 0.4206354362351615, 0.4206354362351615, 0.4206354362351615, 0.4928785141540538, 0.11334693716360904, 0.11334693716360904, 0.11334693716360904, 0.4928785141540538, 0.11334693716360904, 0.4206354362351615, 0.11334693716360904, 0.022872589976765594, 0.11334693716360904, 0.5031452990279016, 0.8466217768776477, 0.022872589976765594, 0.4928785141540538, 0.11334693716360904, 0.8897219894705287, 0.11334693716360904, 0.11334693716360904, 0.11334693716360904, 0.022872589976765594, 0.851879173411772, 0.5031452990279016, 0.8466217768776477, 0.11334693716360904, 0.11334693716360904, 0.11334693716360904, 0.11334693716360904, 0.5031452990279016, 0.11334693716360904, 0.11334693716360904, 0.4206354362351615, 0.11334693716360904, 0.9971376676548883, 0.8466217768776477, 0.11334693716360904, 0.022872589976765594, 0.4206354362351615, 0.8466217768776477, 0.11734223418813865, 0.11734223418813865, 0.11334693716360904, 0.4206354362351615, 0.4206354362351615, 0.11334693716360904, 0.4206354362351615, 0.4206354362351615, 0.11334693716360904, 0.11334693716360904, 0.9971376676548883, 0.11334693716360904, 0.8466217768776477, 0.11334693716360904, 0.9971376676548883, 0.8466217768776477, 0.11334693716360904, 0.11734223418813865, 0.97764133460499, 0.4206354362351615, 0.9971376676548883, 0.9971376676548883, 0.8466217768776477, 0.11334693716360904, 0.5031452990279016, 0.9971376676548883, 0.8466217768776477, 0.5031452990279016, 0.9971376676548883, 0.11334693716360904]",44,train,2
0.68,65,3,0,32,100,2,1,1,1,0,0,0,2,1,1,1,0,0,0,"(array([0.54215348, 0.67394865, 0.45924377, 0.48502403, 0.80976319]), array([0.87629122, 0.73795253, 0.90842098, 0.89504331, 0.5613268 ]), array([0.13293348, 0.27245945, 0.09839571, 0.11260214, 0.44753927]), array([0.45115772, 0.32140714, 0.53217304, 0.5070945 , 0.18597336]))","['QwenPRM_avg_scores (7.63B)', 'EurusPRMStage1_min_scores (7.62B)', 'QwenPRM_min_scores (7.63B)', 'EurusPRMStage2_avg_scores (7.62B)', 'QwenPRM_max_scores (7.63B)']","[0.851879173411772, 0.5026674107576559, 0.9971376676548883, 0.97764133460499, 0.11334693716360904, 0.022872589976765594, 0.4206354362351615, 0.9786419995817247, 0.9971376676548883, 0.97764133460499, 0.97764133460499, 0.851879173411772, 0.8466217768776477, 0.022872589976765594, 0.8466217768776477, 0.8466217768776477, 0.4206354362351615, 0.8466217768776477, 0.5129318593758885, 0.9971376676548883, 0.9786419995817247, 0.97764133460499, 0.4206354362351615, 0.11334693716360904, 0.9971376676548883, 0.9971376676548883, 0.8466217768776477, 0.9971376676548883, 0.9777664899827055, 0.5026674107576559, 0.11334693716360904, 0.15718094026846025, 0.11334693716360904, 0.8466217768776477, 0.8466217768776477, 0.9971376676548883, 0.8466217768776477, 0.9777664899827055, 0.4206354362351615, 0.11734223418813865, 0.9971376676548883, 0.9777664899827055, 0.4206354362351615, 0.9971376676548883, 0.5026674107576559, 0.022872589976765594, 0.8466217768776477, 0.8466217768776477, 0.4206354362351615, 0.4206354362351615, 0.9971376676548883, 0.851879173411772, 0.11334693716360904, 0.851879173411772, 0.8466217768776477, 0.851879173411772, 0.851879173411772, 0.022872589976765594, 0.9777664899827055, 0.022872589976765594, 0.11734223418813865, 0.5026674107576559, 0.8466217768776477, 0.11334693716360904, 0.4206354362351615, 0.8466217768776477, 0.11734223418813865, 0.4206354362351615, 0.97764133460499, 0.8466217768776477, 0.851879173411772, 0.8897219894705287, 0.11734223418813865, 0.11334693716360904, 0.4206354362351615, 0.4206354362351615, 0.8466217768776477, 0.11334693716360904, 0.4206354362351615, 0.9971376676548883, 0.9971376676548883, 0.4206354362351615, 0.4206354362351615, 0.97764133460499, 0.851879173411772, 0.851879173411772, 0.4206354362351615, 0.8466217768776477, 0.9777664899827055, 0.9971376676548883, 0.851879173411772, 0.4206354362351615, 0.851879173411772, 0.9971376676548883, 0.9971376676548883, 0.9971376676548883, 0.596337369714578, 0.11334693716360904, 0.97764133460499, 0.851879173411772]",45,train,9
0.33,18,15,0,67,100,24,1,1,1,0,0,0,24,1,1,1,0,0,0,"(array([0.54215348, 0.67394865, 0.45924377, 0.48502403, 0.80976319]), array([0.87629122, 0.73795253, 0.90842098, 0.89504331, 0.5613268 ]), array([0.13293348, 0.27245945, 0.09839571, 0.11260214, 0.44753927]), array([0.45115772, 0.32140714, 0.53217304, 0.5070945 , 0.18597336]))","['QwenPRM_avg_scores (7.63B)', 'EurusPRMStage1_min_scores (7.62B)', 'QwenPRM_min_scores (7.63B)', 'EurusPRMStage2_avg_scores (7.62B)', 'QwenPRM_max_scores (7.63B)']","[0.11334693716360904, 0.022872589976765594, 0.022872589976765594, 0.11734223418813865, 0.11334693716360904, 0.4206354362351615, 0.11334693716360904, 0.022872589976765594, 0.11734223418813865, 0.022872589976765594, 0.4206354362351615, 0.11334693716360904, 0.11334693716360904, 0.11334693716360904, 0.4206354362351615, 0.022872589976765594, 0.022872589976765594, 0.022872589976765594, 0.9786419995817247, 0.851879173411772, 0.022872589976765594, 0.022872589976765594, 0.4206354362351615, 0.9786419995817247, 0.9971376676548883, 0.4206354362351615, 0.022872589976765594, 0.4206354362351615, 0.11334693716360904, 0.022872589976765594, 0.022872589976765594, 0.11334693716360904, 0.4206354362351615, 0.022872589976765594, 0.5026674107576559, 0.11334693716360904, 0.11734223418813865, 0.9786419995817247, 0.11334693716360904, 0.022872589976765594, 0.022872589976765594, 0.11734223418813865, 0.022872589976765594, 0.11734223418813865, 0.022872589976765594, 0.11334693716360904, 0.022872589976765594, 0.022872589976765594, 0.022872589976765594, 0.4206354362351615, 0.11734223418813865, 0.022872589976765594, 0.022872589976765594, 0.022872589976765594, 0.4206354362351615, 0.889534287922834, 0.9786419995817247, 0.11734223418813865, 0.11734223418813865, 0.11734223418813865, 0.022872589976765594, 0.11334693716360904, 0.5026674107576559, 0.022872589976765594, 0.4206354362351615, 0.022872589976765594, 0.97764133460499, 0.9786419995817247, 0.5026674107576559, 0.4206354362351615, 0.022872589976765594, 0.022872589976765594, 0.11334693716360904, 0.851879173411772, 0.11334693716360904, 0.022872589976765594, 0.8466217768776477, 0.022872589976765594, 0.022872589976765594, 0.11334693716360904, 0.11334693716360904, 0.5031452990279016, 0.4206354362351615, 0.4206354362351615, 0.11334693716360904, 0.022872589976765594, 0.5026674107576559, 0.022872589976765594, 0.11734223418813865, 0.022872589976765594, 0.11334693716360904, 0.9971376676548883, 0.11334693716360904, 0.022872589976765594, 0.022872589976765594, 0.5026674107576559, 0.022872589976765594, 0.4206354362351615, 0.11334693716360904, 0.11334693716360904]",46,train,8
0.86,20,66,0,14,100,98,1,1,1,0,0,0,98,1,1,1,0,0,0,"(array([0.54215348, 0.67394865, 0.45924377, 0.48502403, 0.80976319]), array([0.87629122, 0.73795253, 0.90842098, 0.89504331, 0.5613268 ]), array([0.13293348, 0.27245945, 0.09839571, 0.11260214, 0.44753927]), array([0.45115772, 0.32140714, 0.53217304, 0.5070945 , 0.18597336]))","['QwenPRM_avg_scores (7.63B)', 'EurusPRMStage1_min_scores (7.62B)', 'QwenPRM_min_scores (7.63B)', 'EurusPRMStage2_avg_scores (7.62B)', 'QwenPRM_max_scores (7.63B)']","[0.11334693716360904, 0.9786419995817247, 0.11334693716360904, 0.11334693716360904, 0.11334693716360904, 0.11334693716360904, 0.11334693716360904, 0.4206354362351615, 0.11334693716360904, 0.5031452990279016, 0.11334693716360904, 0.11334693716360904, 0.5031452990279016, 0.11334693716360904, 0.11334693716360904, 0.11334693716360904, 0.11334693716360904, 0.11334693716360904, 0.5031452990279016, 0.11334693716360904, 0.11334693716360904, 0.11334693716360904, 0.11334693716360904, 0.11334693716360904, 0.11334693716360904, 0.11334693716360904, 0.11334693716360904, 0.11334693716360904, 0.11334693716360904, 0.11334693716360904, 0.4928785141540538, 0.022872589976765594, 0.11334693716360904, 0.11334693716360904, 0.5031452990279016, 0.11334693716360904, 0.11334693716360904, 0.4206354362351615, 0.11334693716360904, 0.5031452990279016, 0.11334693716360904, 0.11334693716360904, 0.851879173411772, 0.9786419995817247, 0.11334693716360904, 0.11334693716360904, 0.11334693716360904, 0.022872589976765594, 0.11334693716360904, 0.11334693716360904, 0.11334693716360904, 0.11334693716360904, 0.5031452990279016, 0.11334693716360904, 0.11334693716360904, 0.11334693716360904, 0.11334693716360904, 0.9786419995817247, 0.11334693716360904, 0.5031452990279016, 0.11334693716360904, 0.8897219894705287, 0.11334693716360904, 0.11334693716360904, 0.11334693716360904, 0.8897219894705287, 0.11334693716360904, 0.11334693716360904, 0.11334693716360904, 0.11334693716360904, 0.11334693716360904, 0.11334693716360904, 0.11334693716360904, 0.4206354362351615, 0.11334693716360904, 0.851879173411772, 0.851879173411772, 0.5031452990279016, 0.11334693716360904, 0.4206354362351615, 0.11334693716360904, 0.11334693716360904, 0.11334693716360904, 0.11334693716360904, 0.8897219894705287, 0.11334693716360904, 0.11334693716360904, 0.11334693716360904, 0.11334693716360904, 0.11334693716360904, 0.11334693716360904, 0.022872589976765594, 0.4206354362351615, 0.11334693716360904, 0.022872589976765594, 0.851879173411772, 0.11334693716360904, 0.851879173411772, 0.9971376676548883, 0.022872589976765594]",47,train,3
0.8,80,0,0,20,100,1,1,1,1,0,0,0,1,1,1,1,0,0,0,"(array([0.54215348, 0.67394865, 0.45924377, 0.48502403, 0.80976319]), array([0.87629122, 0.73795253, 0.90842098, 0.89504331, 0.5613268 ]), array([0.13293348, 0.27245945, 0.09839571, 0.11260214, 0.44753927]), array([0.45115772, 0.32140714, 0.53217304, 0.5070945 , 0.18597336]))","['QwenPRM_avg_scores (7.63B)', 'EurusPRMStage1_min_scores (7.62B)', 'QwenPRM_min_scores (7.63B)', 'EurusPRMStage2_avg_scores (7.62B)', 'QwenPRM_max_scores (7.63B)']","[0.9786419995817247, 0.9971376676548883, 0.9786419995817247, 0.9971376676548883, 0.97764133460499, 0.4206354362351615, 0.9971376676548883, 0.9971376676548883, 0.97764133460499, 0.851879173411772, 0.9971376676548883, 0.8466217768776477, 0.9786419995817247, 0.9971376676548883, 0.9786419995817247, 0.9971376676548883, 0.851879173411772, 0.9971376676548883, 0.9971376676548883, 0.9971376676548883, 0.9971376676548883, 0.8466217768776477, 0.11334693716360904, 0.4206354362351615, 0.9786419995817247, 0.97764133460499, 0.9786419995817247, 0.4206354362351615, 0.4206354362351615, 0.9971376676548883, 0.9786419995817247, 0.4206354362351615, 0.9971376676548883, 0.8897219894705287, 0.8850446096482976, 0.9971376676548883, 0.9971376676548883, 0.851879173411772, 0.97764133460499, 0.97764133460499, 0.9971376676548883, 0.851879173411772, 0.9971376676548883, 0.8466217768776477, 0.11734223418813865, 0.851879173411772, 0.97764133460499, 0.851879173411772, 0.4206354362351615, 0.9971376676548883, 0.4206354362351615, 0.4206354362351615, 0.4206354362351615, 0.8466217768776477, 0.11334693716360904, 0.97764133460499, 0.9786419995817247, 0.9971376676548883, 0.4206354362351615, 0.022872589976765594, 0.97764133460499, 0.9786419995817247, 0.8897219894705287, 0.9971376676548883, 0.97764133460499, 0.9786419995817247, 0.4206354362351615, 0.9971376676548883, 0.4206354362351615, 0.9971376676548883, 0.851879173411772, 0.97764133460499, 0.851879173411772, 0.9971376676548883, 0.9971376676548883, 0.851879173411772, 0.9971376676548883, 0.851879173411772, 0.97764133460499, 0.9971376676548883, 0.8466217768776477, 0.851879173411772, 0.9786419995817247, 0.97764133460499, 0.9971376676548883, 0.4206354362351615, 0.97764133460499, 0.97764133460499, 0.97764133460499, 0.9971376676548883, 0.8466217768776477, 0.97764133460499, 0.9971376676548883, 0.97764133460499, 0.4206354362351615, 0.9971376676548883, 0.4206354362351615, 0.9971376676548883, 0.9786419995817247, 0.11334693716360904]",48,train,9
0.8,1,79,20,0,100,67,1,1,1,0,0,0,67,1,1,1,0,0,0,"(array([0.54215348, 0.67394865, 0.45924377, 0.48502403, 0.80976319]), array([0.87629122, 0.73795253, 0.90842098, 0.89504331, 0.5613268 ]), array([0.13293348, 0.27245945, 0.09839571, 0.11260214, 0.44753927]), array([0.45115772, 0.32140714, 0.53217304, 0.5070945 , 0.18597336]))","['QwenPRM_avg_scores (7.63B)', 'EurusPRMStage1_min_scores (7.62B)', 'QwenPRM_min_scores (7.63B)', 'EurusPRMStage2_avg_scores (7.62B)', 'QwenPRM_max_scores (7.63B)']","[0.11334693716360904, 0.11734223418813865, 0.11334693716360904, 0.022872589976765594, 0.8466217768776477, 0.11734223418813865, 0.11734223418813865, 0.11734223418813865, 0.5026674107576559, 0.11334693716360904, 0.11734223418813865, 0.11334693716360904, 0.022872589976765594, 0.11334693716360904, 0.5026674107576559, 0.4206354362351615, 0.11334693716360904, 0.11734223418813865, 0.11734223418813865, 0.11334693716360904, 0.5026674107576559, 0.4206354362351615, 0.11334693716360904, 0.11334693716360904, 0.5026674107576559, 0.4206354362351615, 0.11734223418813865, 0.022872589976765594, 0.11334693716360904, 0.5026674107576559, 0.11734223418813865, 0.11334693716360904, 0.4206354362351615, 0.11334693716360904, 0.5026674107576559, 0.4206354362351615, 0.4206354362351615, 0.11734223418813865, 0.4928785141540538, 0.5026674107576559, 0.5026674107576559, 0.4206354362351615, 0.11734223418813865, 0.4206354362351615, 0.11734223418813865, 0.4206354362351615, 0.5026674107576559, 0.5026674107576559, 0.4206354362351615, 0.4206354362351615, 0.5026674107576559, 0.4206354362351615, 0.11334693716360904, 0.11334693716360904, 0.11334693716360904, 0.8466217768776477, 0.4206354362351615, 0.5026674107576559, 0.022872589976765594, 0.4206354362351615, 0.11334693716360904, 0.11734223418813865, 0.4206354362351615, 0.11734223418813865, 0.11334693716360904, 0.4206354362351615, 0.11334693716360904, 0.9786419995817247, 0.11734223418813865, 0.11334693716360904, 0.5026674107576559, 0.4206354362351615, 0.022872589976765594, 0.11334693716360904, 0.4206354362351615, 0.11334693716360904, 0.5026674107576559, 0.022872589976765594, 0.4206354362351615, 0.5031452990279016, 0.4206354362351615, 0.11334693716360904, 0.11334693716360904, 0.11734223418813865, 0.11334693716360904, 0.11334693716360904, 0.11734223418813865, 0.11334693716360904, 0.11334693716360904, 0.4206354362351615, 0.11334693716360904, 0.5026674107576559, 0.5026674107576559, 0.11334693716360904, 0.4206354362351615, 0.11734223418813865, 0.11734223418813865, 0.4206354362351615, 0.5026674107576559, 0.4206354362351615]",49,train,0
