sample_accuracy,sample_tp,sample_tn,sample_fp,sample_fn,num_samples,top1_idx,top1_positive,has_positive,top1_tp,top1_fp,top1_tn,top1_fn,prediction_idx,prediction_class,prediction_accuracy,prediction_tp,prediction_tn,prediction_fp,prediction_fn,model_params,verifier_subset,weaver_sample_scores,problem,set,difficulty
0.56,50,6,0,44,100,2,1,1,1,0,0,0,2,1,1,1,0,0,0,"(array([0.44203988, 0.67526847, 0.53231394, 0.4718577 , 0.81916422,
       0.4131909 , 0.52038801]), array([0.96222311, 0.75019062, 0.912265  , 0.94817054, 0.53580958,
       0.94405925, 0.91680199]), array([0.05371158, 0.26863867, 0.10577004, 0.06850419, 0.48130608,
       0.07149726, 0.1010346 ]), array([0.54943138, 0.31999436, 0.46087578, 0.52026153, 0.17699856,
       0.57772326, 0.47263506]))","['QwenPRM_min_scores (7.63B)', 'EurusPRMStage1_min_scores (7.62B)', 'QwenPRM_avg_scores (7.63B)', 'EurusPRMStage2_avg_scores (7.62B)', 'QwenPRM_max_scores (7.63B)', 'GPM (8B)', 'EurusPRMStage2_min_scores (7.62B)']","[0.24528135044682473, 0.2558589886558321, 0.9997262578874878, 0.4551338607462514, 0.03326934345208272, 0.962172162936037, 0.9997262578874878, 0.006635246956690763, 0.6695527502453799, 0.03326934345208272, 0.006635246956690763, 0.6695527502453799, 0.2558589886558321, 0.6695527502453799, 0.03787201479853098, 0.03326934345208272, 0.9997262578874878, 0.2553050953123055, 0.2553050953123055, 0.2553050953123055, 0.03326934345208272, 0.6569716759307468, 0.2553050953123055, 0.006635246956690763, 0.6695527502453799, 0.2553050953123055, 0.24528135044682473, 0.2558589886558321, 0.962172162936037, 0.03326934345208272, 0.9667981970210411, 0.16860916899480996, 0.962172162936037, 0.8114515831510429, 0.9667981970210411, 0.16860916899480996, 0.6689083137030727, 0.006635246956690763, 0.6695527502453799, 0.24528135044682473, 0.9965744612036076, 0.962172162936037, 0.9667981970210411, 0.16860916899480996, 0.24528135044682473, 0.9801460399114345, 0.9965744612036076, 0.16860916899480996, 0.9958541484122096, 0.962172162936037, 0.2558589886558321, 0.9965744612036076, 0.962172162936037, 0.03326934345208272, 0.28226470009390175, 0.006635246956690763, 0.9965744612036076, 0.9760542099012987, 0.03326934345208272, 0.2553050953123055, 0.6569716759307468, 0.9997262578874878, 0.24528135044682473, 0.9501970953085207, 0.006635246956690763, 0.8118965940980384, 0.2558589886558321, 0.9667981970210411, 0.9965744612036076, 0.24528135044682473, 0.16860916899480996, 0.9667981970210411, 0.962172162936037, 0.9503346826050156, 0.16860916899480996, 0.9800719540107401, 0.9947813053037469, 0.03326934345208272, 0.24528135044682473, 0.962172162936037, 0.6695527502453799, 0.6569716759307468, 0.2558589886558321, 0.16860916899480996, 0.9667981970210411, 0.9667981970210411, 0.059336682467917276, 0.24528135044682473, 0.9667981970210411, 0.9963766634397356, 0.059336682467917276, 0.24528135044682473, 0.6569716759307468, 0.6695527502453799, 0.9965744612036076, 0.2553050953123055, 0.24528135044682473, 0.2558589886558321, 0.9997262578874878, 0.9960689752839179]",0,train,9
0.85,77,8,0,15,100,3,1,1,1,0,0,0,3,1,1,1,0,0,0,"(array([0.44203988, 0.67526847, 0.53231394, 0.4718577 , 0.81916422,
       0.4131909 , 0.52038801]), array([0.96222311, 0.75019062, 0.912265  , 0.94817054, 0.53580958,
       0.94405925, 0.91680199]), array([0.05371158, 0.26863867, 0.10577004, 0.06850419, 0.48130608,
       0.07149726, 0.1010346 ]), array([0.54943138, 0.31999436, 0.46087578, 0.52026153, 0.17699856,
       0.57772326, 0.47263506]))","['QwenPRM_min_scores (7.63B)', 'EurusPRMStage1_min_scores (7.62B)', 'QwenPRM_avg_scores (7.63B)', 'EurusPRMStage2_avg_scores (7.62B)', 'QwenPRM_max_scores (7.63B)', 'GPM (8B)', 'EurusPRMStage2_min_scores (7.62B)']","[0.6689083137030727, 0.9790196014481732, 0.16860916899480996, 0.9999710060613255, 0.9960689752839179, 0.9997262578874878, 0.9997262578874878, 0.9997262578874878, 0.6689083137030727, 0.9972717715033825, 0.6689083137030727, 0.9667981970210411, 0.9965744612036076, 0.16860916899480996, 0.03787201479853098, 0.9667981970210411, 0.6689083137030727, 0.6689083137030727, 0.9997262578874878, 0.9997262578874878, 0.9997262578874878, 0.9997262578874878, 0.006635246956690763, 0.962172162936037, 0.9667981970210411, 0.006635246956690763, 0.16860916899480996, 0.9790196014481732, 0.9997262578874878, 0.9667981970210411, 0.7640167937753356, 0.16860916899480996, 0.9997262578874878, 0.962172162936037, 0.9997262578874878, 0.6689083137030727, 0.7450943476626134, 0.16860916899480996, 0.9667981970210411, 0.962172162936037, 0.9667981970210411, 0.9960689752839179, 0.006635246956690763, 0.9965744612036076, 0.03326934345208272, 0.9958541484122096, 0.9965744612036076, 0.9667981970210411, 0.9999710060613255, 0.6689083137030727, 0.9965744612036076, 0.9997262578874878, 0.9972717715033825, 0.2553050953123055, 0.03326934345208272, 0.952796403228692, 0.16860916899480996, 0.6689083137030727, 0.9667981970210411, 0.9667981970210411, 0.03787201479853098, 0.8315608147713702, 0.03326934345208272, 0.952796403228692, 0.9965744612036076, 0.9963766634397356, 0.9997262578874878, 0.952796403228692, 0.9997262578874878, 0.9997262578874878, 0.006635246956690763, 0.006635246956690763, 0.6569716759307468, 0.9963766634397356, 0.962172162936037, 0.6689083137030727, 0.16860916899480996, 0.9958541484122096, 0.9972717715033825, 0.9501970953085207, 0.9963766634397356, 0.006635246956690763, 0.16860916899480996, 0.6689083137030727, 0.9960689752839179, 0.9997262578874878, 0.9503346826050156, 0.9999710060613255, 0.9997112401923917, 0.16860916899480996, 0.9997262578874878, 0.6689083137030727, 0.16860916899480996, 0.9995822714113272, 0.006635246956690763, 0.952796403228692, 0.9997262578874878, 0.9997262578874878, 0.7179809979859836, 0.9997262578874878]",1,train,9
0.46,14,32,0,54,100,17,1,1,1,0,0,0,17,1,1,1,0,0,0,"(array([0.44203988, 0.67526847, 0.53231394, 0.4718577 , 0.81916422,
       0.4131909 , 0.52038801]), array([0.96222311, 0.75019062, 0.912265  , 0.94817054, 0.53580958,
       0.94405925, 0.91680199]), array([0.05371158, 0.26863867, 0.10577004, 0.06850419, 0.48130608,
       0.07149726, 0.1010346 ]), array([0.54943138, 0.31999436, 0.46087578, 0.52026153, 0.17699856,
       0.57772326, 0.47263506]))","['QwenPRM_min_scores (7.63B)', 'EurusPRMStage1_min_scores (7.62B)', 'QwenPRM_avg_scores (7.63B)', 'EurusPRMStage2_avg_scores (7.62B)', 'QwenPRM_max_scores (7.63B)', 'GPM (8B)', 'EurusPRMStage2_min_scores (7.62B)']","[0.03326934345208272, 0.03326934345208272, 0.03787201479853098, 0.006635246956690763, 0.006635246956690763, 0.03326934345208272, 0.03326934345208272, 0.6695527502453799, 0.16860916899480996, 0.6695527502453799, 0.6695527502453799, 0.03326934345208272, 0.03326934345208272, 0.16860916899480996, 0.16860916899480996, 0.03787201479853098, 0.16860916899480996, 0.9965744612036076, 0.962172162936037, 0.16860916899480996, 0.962172162936037, 0.962172162936037, 0.006635246956690763, 0.03326934345208272, 0.03326934345208272, 0.006635246956690763, 0.2558589886558321, 0.03326934345208272, 0.03326934345208272, 0.03787201479853098, 0.03326934345208272, 0.03326934345208272, 0.16860916899480996, 0.03326934345208272, 0.16860916899480996, 0.16860916899480996, 0.16860916899480996, 0.2558589886558321, 0.03326934345208272, 0.03326934345208272, 0.16860916899480996, 0.16860916899480996, 0.16860916899480996, 0.16860916899480996, 0.16860916899480996, 0.03326934345208272, 0.16860916899480996, 0.006635246956690763, 0.16860916899480996, 0.03787201479853098, 0.006635246956690763, 0.6695527502453799, 0.03326934345208272, 0.03326934345208272, 0.16860916899480996, 0.03787201479853098, 0.03787201479853098, 0.03326934345208272, 0.03326934345208272, 0.006635246956690763, 0.962172162936037, 0.6695527502453799, 0.03326934345208272, 0.16860916899480996, 0.16860916899480996, 0.16860916899480996, 0.16860916899480996, 0.16860916899480996, 0.006635246956690763, 0.03787201479853098, 0.03326934345208272, 0.16860916899480996, 0.16860916899480996, 0.28226470009390175, 0.006635246956690763, 0.006635246956690763, 0.03326934345208272, 0.03326934345208272, 0.16860916899480996, 0.03326934345208272, 0.16860916899480996, 0.16860916899480996, 0.6695527502453799, 0.006635246956690763, 0.03326934345208272, 0.16860916899480996, 0.6695527502453799, 0.28226470009390175, 0.006635246956690763, 0.03326934345208272, 0.03787201479853098, 0.16860916899480996, 0.16860916899480996, 0.03326934345208272, 0.6695527502453799, 0.6695527502453799, 0.16860916899480996, 0.03326934345208272, 0.03326934345208272, 0.16860916899480996]",2,train,6
0.8,51,29,0,20,100,19,1,1,1,0,0,0,19,1,1,1,0,0,0,"(array([0.44203988, 0.67526847, 0.53231394, 0.4718577 , 0.81916422,
       0.4131909 , 0.52038801]), array([0.96222311, 0.75019062, 0.912265  , 0.94817054, 0.53580958,
       0.94405925, 0.91680199]), array([0.05371158, 0.26863867, 0.10577004, 0.06850419, 0.48130608,
       0.07149726, 0.1010346 ]), array([0.54943138, 0.31999436, 0.46087578, 0.52026153, 0.17699856,
       0.57772326, 0.47263506]))","['QwenPRM_min_scores (7.63B)', 'EurusPRMStage1_min_scores (7.62B)', 'QwenPRM_avg_scores (7.63B)', 'EurusPRMStage2_avg_scores (7.62B)', 'QwenPRM_max_scores (7.63B)', 'GPM (8B)', 'EurusPRMStage2_min_scores (7.62B)']","[0.24528135044682473, 0.6569716759307468, 0.9790013346476677, 0.059336682467917276, 0.6569716759307468, 0.9965744612036076, 0.16860916899480996, 0.03326934345208272, 0.9965744612036076, 0.6689083137030727, 0.9958421114842271, 0.9963766634397356, 0.059336682467917276, 0.9960689752839179, 0.9789414025039362, 0.03326934345208272, 0.059336682467917276, 0.03326934345208272, 0.9997262578874878, 0.9999710060613255, 0.9825985416487337, 0.24528135044682473, 0.962172162936037, 0.059336682467917276, 0.9997262578874878, 0.9985912346565152, 0.24528135044682473, 0.9801460399114345, 0.03326934345208272, 0.6569716759307468, 0.03326934345208272, 0.6569716759307468, 0.9999710060613255, 0.006635246956690763, 0.9963766634397356, 0.9997262578874878, 0.24528135044682473, 0.24528135044682473, 0.03787201479853098, 0.059336682467917276, 0.281675280640356, 0.006635246956690763, 0.9963766634397356, 0.9997262578874878, 0.03326934345208272, 0.8315608147713702, 0.006635246956690763, 0.03326934345208272, 0.03326934345208272, 0.28226470009390175, 0.006635246956690763, 0.962172162936037, 0.059336682467917276, 0.9667981970210411, 0.9620660598961284, 0.9801460399114345, 0.03326934345208272, 0.03326934345208272, 0.9965744612036076, 0.999636151671919, 0.6569716759307468, 0.24528135044682473, 0.24528135044682473, 0.059336682467917276, 0.6569716759307468, 0.03326934345208272, 0.9501970953085207, 0.9997262578874878, 0.24528135044682473, 0.6569716759307468, 0.059336682467917276, 0.6689083137030727, 0.03326934345208272, 0.38658780920685676, 0.9999710060613255, 0.9620660598961284, 0.9965744612036076, 0.8315608147713702, 0.9790013346476677, 0.9965744612036076, 0.9965744612036076, 0.7640167937753356, 0.006635246956690763, 0.24528135044682473, 0.03326934345208272, 0.9997262578874878, 0.28226470009390175, 0.03326934345208272, 0.16860916899480996, 0.059336682467917276, 0.6689083137030727, 0.9965744612036076, 0.16860916899480996, 0.24528135044682473, 0.059336682467917276, 0.9963766634397356, 0.006635246956690763, 0.03326934345208272, 0.6689083137030727, 0.6569716759307468]",3,train,7
0.74,3,71,1,25,100,40,1,1,1,0,0,0,3,0,1,0,1,0,0,"(array([0.44203988, 0.67526847, 0.53231394, 0.4718577 , 0.81916422,
       0.4131909 , 0.52038801]), array([0.96222311, 0.75019062, 0.912265  , 0.94817054, 0.53580958,
       0.94405925, 0.91680199]), array([0.05371158, 0.26863867, 0.10577004, 0.06850419, 0.48130608,
       0.07149726, 0.1010346 ]), array([0.54943138, 0.31999436, 0.46087578, 0.52026153, 0.17699856,
       0.57772326, 0.47263506]))","['QwenPRM_min_scores (7.63B)', 'EurusPRMStage1_min_scores (7.62B)', 'QwenPRM_avg_scores (7.63B)', 'EurusPRMStage2_avg_scores (7.62B)', 'QwenPRM_max_scores (7.63B)', 'GPM (8B)', 'EurusPRMStage2_min_scores (7.62B)']","[0.03326934345208272, 0.03326934345208272, 0.03326934345208272, 0.006635246956690763, 0.006635246956690763, 0.006635246956690763, 0.03326934345208272, 0.006635246956690763, 0.03326934345208272, 0.006635246956690763, 0.006635246956690763, 0.006635246956690763, 0.16860916899480996, 0.03326934345208272, 0.006635246956690763, 0.03326934345208272, 0.006635246956690763, 0.03326934345208272, 0.03326934345208272, 0.03326934345208272, 0.006635246956690763, 0.03787201479853098, 0.03787201479853098, 0.03326934345208272, 0.006635246956690763, 0.03787201479853098, 0.03787201479853098, 0.03326934345208272, 0.03326934345208272, 0.006635246956690763, 0.006635246956690763, 0.03326934345208272, 0.006635246956690763, 0.006635246956690763, 0.006635246956690763, 0.006635246956690763, 0.006635246956690763, 0.03326934345208272, 0.03326934345208272, 0.006635246956690763, 0.962172162936037, 0.6695527502453799, 0.006635246956690763, 0.006635246956690763, 0.16860916899480996, 0.006635246956690763, 0.006635246956690763, 0.006635246956690763, 0.16860916899480996, 0.03787201479853098, 0.006635246956690763, 0.03326934345208272, 0.6695527502453799, 0.16860916899480996, 0.006635246956690763, 0.16860916899480996, 0.16860916899480996, 0.006635246956690763, 0.006635246956690763, 0.07736374473917758, 0.03326934345208272, 0.03326934345208272, 0.006635246956690763, 0.006635246956690763, 0.03326934345208272, 0.006635246956690763, 0.006635246956690763, 0.6695527502453799, 0.03787201479853098, 0.03787201479853098, 0.006635246956690763, 0.03326934345208272, 0.006635246956690763, 0.03326934345208272, 0.006635246956690763, 0.03326934345208272, 0.006635246956690763, 0.03787201479853098, 0.03787201479853098, 0.006635246956690763, 0.006635246956690763, 0.03326934345208272, 0.2553050953123055, 0.03326934345208272, 0.006635246956690763, 0.03326934345208272, 0.28226470009390175, 0.006635246956690763, 0.16860916899480996, 0.03326934345208272, 0.006635246956690763, 0.03326934345208272, 0.03787201479853098, 0.006635246956690763, 0.006635246956690763, 0.16860916899480996, 0.03326934345208272, 0.006635246956690763, 0.16860916899480996, 0.006635246956690763]",4,train,2
0.68,41,27,10,22,100,25,0,1,0,0,0,1,25,1,0,0,0,1,0,"(array([0.44203988, 0.67526847, 0.53231394, 0.4718577 , 0.81916422,
       0.4131909 , 0.52038801]), array([0.96222311, 0.75019062, 0.912265  , 0.94817054, 0.53580958,
       0.94405925, 0.91680199]), array([0.05371158, 0.26863867, 0.10577004, 0.06850419, 0.48130608,
       0.07149726, 0.1010346 ]), array([0.54943138, 0.31999436, 0.46087578, 0.52026153, 0.17699856,
       0.57772326, 0.47263506]))","['QwenPRM_min_scores (7.63B)', 'EurusPRMStage1_min_scores (7.62B)', 'QwenPRM_avg_scores (7.63B)', 'EurusPRMStage2_avg_scores (7.62B)', 'QwenPRM_max_scores (7.63B)', 'GPM (8B)', 'EurusPRMStage2_min_scores (7.62B)']","[0.9960689752839179, 0.6569716759307468, 0.24528135044682473, 0.9958421114842271, 0.9960689752839179, 0.03326934345208272, 0.9963766634397356, 0.8316852896060785, 0.03326934345208272, 0.9997262578874878, 0.6689083137030727, 0.6689083137030727, 0.16860916899480996, 0.9997262578874878, 0.006635246956690763, 0.9997262578874878, 0.03326934345208272, 0.9790196014481732, 0.6689083137030727, 0.24528135044682473, 0.7640167937753356, 0.16860916899480996, 0.9667981970210411, 0.6569716759307468, 0.03326934345208272, 0.9998291626500777, 0.2553050953123055, 0.03326934345208272, 0.24528135044682473, 0.03326934345208272, 0.9983889926659717, 0.03326934345208272, 0.8118965940980384, 0.9790196014481732, 0.9997262578874878, 0.6689083137030727, 0.03326934345208272, 0.03326934345208272, 0.24528135044682473, 0.9995822714113272, 0.16860916899480996, 0.9998291626500777, 0.24528135044682473, 0.9975433423103813, 0.9816086379257037, 0.962172162936037, 0.962172162936037, 0.9965744612036076, 0.16860916899480996, 0.2553050953123055, 0.16860916899480996, 0.9960689752839179, 0.9790196014481732, 0.16860916899480996, 0.9501970953085207, 0.03326934345208272, 0.24528135044682473, 0.977271600348048, 0.9997262578874878, 0.03326934345208272, 0.6569716759307468, 0.03326934345208272, 0.16860916899480996, 0.9790196014481732, 0.24528135044682473, 0.16860916899480996, 0.16860916899480996, 0.8118965940980384, 0.9501970953085207, 0.952796403228692, 0.6569716759307468, 0.6569716759307468, 0.24528135044682473, 0.2553050953123055, 0.03326934345208272, 0.16860916899480996, 0.24528135044682473, 0.6569716759307468, 0.9667981970210411, 0.24528135044682473, 0.03326934345208272, 0.6569716759307468, 0.9620660598961284, 0.6689083137030727, 0.9997262578874878, 0.16860916899480996, 0.9997262578874878, 0.24528135044682473, 0.8240737024859656, 0.03326934345208272, 0.03326934345208272, 0.16860916899480996, 0.2553050953123055, 0.16860916899480996, 0.03326934345208272, 0.24528135044682473, 0.952796403228692, 0.9501970953085207, 0.2558589886558321, 0.2553050953123055]",5,train,6
0.91,2,89,9,0,100,71,0,1,0,0,0,1,71,1,0,0,0,1,0,"(array([0.44203988, 0.67526847, 0.53231394, 0.4718577 , 0.81916422,
       0.4131909 , 0.52038801]), array([0.96222311, 0.75019062, 0.912265  , 0.94817054, 0.53580958,
       0.94405925, 0.91680199]), array([0.05371158, 0.26863867, 0.10577004, 0.06850419, 0.48130608,
       0.07149726, 0.1010346 ]), array([0.54943138, 0.31999436, 0.46087578, 0.52026153, 0.17699856,
       0.57772326, 0.47263506]))","['QwenPRM_min_scores (7.63B)', 'EurusPRMStage1_min_scores (7.62B)', 'QwenPRM_avg_scores (7.63B)', 'EurusPRMStage2_avg_scores (7.62B)', 'QwenPRM_max_scores (7.63B)', 'GPM (8B)', 'EurusPRMStage2_min_scores (7.62B)']","[0.006635246956690763, 0.006635246956690763, 0.006635246956690763, 0.28226470009390175, 0.03787201479853098, 0.006635246956690763, 0.28226470009390175, 0.006635246956690763, 0.03787201479853098, 0.006635246956690763, 0.03326934345208272, 0.06256024107084608, 0.006635246956690763, 0.2709929528061055, 0.006635246956690763, 0.03787201479853098, 0.03326934345208272, 0.03787201479853098, 0.03326934345208272, 0.16860916899480996, 0.059336682467917276, 0.03787201479853098, 0.006635246956690763, 0.6689083137030727, 0.006635246956690763, 0.006635246956690763, 0.03787201479853098, 0.006635246956690763, 0.03326934345208272, 0.059336682467917276, 0.03787201479853098, 0.059336682467917276, 0.006635246956690763, 0.006635246956690763, 0.006635246956690763, 0.059336682467917276, 0.03787201479853098, 0.059336682467917276, 0.7878624947985085, 0.03326934345208272, 0.03326934345208272, 0.006635246956690763, 0.059336682467917276, 0.16860916899480996, 0.8315608147713702, 0.006635246956690763, 0.16860916899480996, 0.006635246956690763, 0.03326934345208272, 0.03787201479853098, 0.006635246956690763, 0.28226470009390175, 0.006635246956690763, 0.2558589886558321, 0.03326934345208272, 0.03787201479853098, 0.16860916899480996, 0.2558589886558321, 0.8315608147713702, 0.03787201479853098, 0.962172162936037, 0.24528135044682473, 0.16860916899480996, 0.03326934345208272, 0.006635246956690763, 0.24528135044682473, 0.006635246956690763, 0.962172162936037, 0.006635246956690763, 0.2709929528061055, 0.8315608147713702, 0.9960689752839179, 0.03326934345208272, 0.28226470009390175, 0.16860916899480996, 0.03787201479853098, 0.03787201479853098, 0.006635246956690763, 0.16860916899480996, 0.28226470009390175, 0.006635246956690763, 0.006635246956690763, 0.03787201479853098, 0.006635246956690763, 0.6695527502453799, 0.006635246956690763, 0.06256024107084608, 0.9960689752839179, 0.03326934345208272, 0.006635246956690763, 0.962172162936037, 0.03787201479853098, 0.006635246956690763, 0.03326934345208272, 0.006635246956690763, 0.006635246956690763, 0.006635246956690763, 0.03787201479853098, 0.03787201479853098, 0.28226470009390175]",6,train,0
0.42,38,4,0,58,100,0,1,1,1,0,0,0,0,1,1,1,0,0,0,"(array([0.44203988, 0.67526847, 0.53231394, 0.4718577 , 0.81916422,
       0.4131909 , 0.52038801]), array([0.96222311, 0.75019062, 0.912265  , 0.94817054, 0.53580958,
       0.94405925, 0.91680199]), array([0.05371158, 0.26863867, 0.10577004, 0.06850419, 0.48130608,
       0.07149726, 0.1010346 ]), array([0.54943138, 0.31999436, 0.46087578, 0.52026153, 0.17699856,
       0.57772326, 0.47263506]))","['QwenPRM_min_scores (7.63B)', 'EurusPRMStage1_min_scores (7.62B)', 'QwenPRM_avg_scores (7.63B)', 'EurusPRMStage2_avg_scores (7.62B)', 'QwenPRM_max_scores (7.63B)', 'GPM (8B)', 'EurusPRMStage2_min_scores (7.62B)']","[0.9995822714113272, 0.03787201479853098, 0.6695527502453799, 0.03787201479853098, 0.03326934345208272, 0.006635246956690763, 0.6569716759307468, 0.28226470009390175, 0.2709929528061055, 0.8500353557524227, 0.2709929528061055, 0.6695527502453799, 0.9995822714113272, 0.28226470009390175, 0.03787201479853098, 0.2709929528061055, 0.6569716759307468, 0.6569716759307468, 0.2709929528061055, 0.28226470009390175, 0.6569716759307468, 0.9501970953085207, 0.28226470009390175, 0.059336682467917276, 0.059336682467917276, 0.28226470009390175, 0.2709929528061055, 0.2709929528061055, 0.6569716759307468, 0.24528135044682473, 0.3858976711387187, 0.2709929528061055, 0.2709929528061055, 0.9963766634397356, 0.2709929528061055, 0.28226470009390175, 0.059336682467917276, 0.2709929528061055, 0.059336682467917276, 0.28226470009390175, 0.9501970953085207, 0.281675280640356, 0.28226470009390175, 0.6695527502453799, 0.03326934345208272, 0.8315608147713702, 0.2709929528061055, 0.6695527502453799, 0.006635246956690763, 0.6689083137030727, 0.16860916899480996, 0.6689083137030727, 0.6695527502453799, 0.2709929528061055, 0.03787201479853098, 0.7878624947985085, 0.9790013346476677, 0.9790013346476677, 0.9985912346565152, 0.9958541484122096, 0.6695527502453799, 0.059336682467917276, 0.2709929528061055, 0.2709929528061055, 0.2709929528061055, 0.28226470009390175, 0.6695527502453799, 0.2709929528061055, 0.059336682467917276, 0.6569716759307468, 0.006635246956690763, 0.059336682467917276, 0.03787201479853098, 0.9965744612036076, 0.28226470009390175, 0.28226470009390175, 0.2709929528061055, 0.059336682467917276, 0.059336682467917276, 0.28226470009390175, 0.16860916899480996, 0.9960689752839179, 0.03326934345208272, 0.9985912346565152, 0.2709929528061055, 0.059336682467917276, 0.059336682467917276, 0.2709929528061055, 0.03787201479853098, 0.6569716759307468, 0.6569716759307468, 0.6695527502453799, 0.16860916899480996, 0.6695527502453799, 0.9958541484122096, 0.6569716759307468, 0.6695527502453799, 0.2709929528061055, 0.6695527502453799, 0.2709929528061055]",7,train,9
0.83,40,43,0,17,100,5,1,1,1,0,0,0,5,1,1,1,0,0,0,"(array([0.44203988, 0.67526847, 0.53231394, 0.4718577 , 0.81916422,
       0.4131909 , 0.52038801]), array([0.96222311, 0.75019062, 0.912265  , 0.94817054, 0.53580958,
       0.94405925, 0.91680199]), array([0.05371158, 0.26863867, 0.10577004, 0.06850419, 0.48130608,
       0.07149726, 0.1010346 ]), array([0.54943138, 0.31999436, 0.46087578, 0.52026153, 0.17699856,
       0.57772326, 0.47263506]))","['QwenPRM_min_scores (7.63B)', 'EurusPRMStage1_min_scores (7.62B)', 'QwenPRM_avg_scores (7.63B)', 'EurusPRMStage2_avg_scores (7.62B)', 'QwenPRM_max_scores (7.63B)', 'GPM (8B)', 'EurusPRMStage2_min_scores (7.62B)']","[0.03326934345208272, 0.6689083137030727, 0.6695527502453799, 0.006635246956690763, 0.9960689752839179, 0.9997262578874878, 0.9997262578874878, 0.03326934345208272, 0.7179809979859836, 0.962172162936037, 0.952796403228692, 0.7179809979859836, 0.03326934345208272, 0.6689083137030727, 0.03326934345208272, 0.9960689752839179, 0.6695527502453799, 0.03326934345208272, 0.9997262578874878, 0.962172162936037, 0.9997262578874878, 0.16860916899480996, 0.6689083137030727, 0.9997262578874878, 0.9972717715033825, 0.9997262578874878, 0.03326934345208272, 0.03326934345208272, 0.6695527502453799, 0.006635246956690763, 0.03326934345208272, 0.03326934345208272, 0.03326934345208272, 0.16860916899480996, 0.006635246956690763, 0.6689083137030727, 0.03326934345208272, 0.03326934345208272, 0.03326934345208272, 0.03326934345208272, 0.006635246956690763, 0.03787201479853098, 0.03326934345208272, 0.6689083137030727, 0.03326934345208272, 0.03326934345208272, 0.9960689752839179, 0.006635246956690763, 0.9960689752839179, 0.962172162936037, 0.16860916899480996, 0.006635246956690763, 0.9960689752839179, 0.6689083137030727, 0.03326934345208272, 0.03326934345208272, 0.006635246956690763, 0.6689083137030727, 0.03326934345208272, 0.16860916899480996, 0.03326934345208272, 0.16860916899480996, 0.8315608147713702, 0.6689083137030727, 0.006635246956690763, 0.03326934345208272, 0.6689083137030727, 0.006635246956690763, 0.03326934345208272, 0.006635246956690763, 0.9972717715033825, 0.16860916899480996, 0.16860916899480996, 0.9620660598961284, 0.16860916899480996, 0.03326934345208272, 0.03326934345208272, 0.03326934345208272, 0.9667981970210411, 0.03326934345208272, 0.03326934345208272, 0.03326934345208272, 0.03326934345208272, 0.03326934345208272, 0.03326934345208272, 0.16860916899480996, 0.03326934345208272, 0.9667981970210411, 0.9997262578874878, 0.03326934345208272, 0.006635246956690763, 0.9960689752839179, 0.9997262578874878, 0.03326934345208272, 0.03326934345208272, 0.03326934345208272, 0.03326934345208272, 0.6689083137030727, 0.006635246956690763, 0.9667981970210411]",8,train,5
0.78,0,78,1,21,100,25,0,1,0,0,0,1,0,0,1,0,1,0,0,"(array([0.44203988, 0.67526847, 0.53231394, 0.4718577 , 0.81916422,
       0.4131909 , 0.52038801]), array([0.96222311, 0.75019062, 0.912265  , 0.94817054, 0.53580958,
       0.94405925, 0.91680199]), array([0.05371158, 0.26863867, 0.10577004, 0.06850419, 0.48130608,
       0.07149726, 0.1010346 ]), array([0.54943138, 0.31999436, 0.46087578, 0.52026153, 0.17699856,
       0.57772326, 0.47263506]))","['QwenPRM_min_scores (7.63B)', 'EurusPRMStage1_min_scores (7.62B)', 'QwenPRM_avg_scores (7.63B)', 'EurusPRMStage2_avg_scores (7.62B)', 'QwenPRM_max_scores (7.63B)', 'GPM (8B)', 'EurusPRMStage2_min_scores (7.62B)']","[0.006635246956690763, 0.03326934345208272, 0.006635246956690763, 0.006635246956690763, 0.03326934345208272, 0.006635246956690763, 0.006635246956690763, 0.006635246956690763, 0.006635246956690763, 0.03326934345208272, 0.006635246956690763, 0.006635246956690763, 0.006635246956690763, 0.006635246956690763, 0.006635246956690763, 0.006635246956690763, 0.16860916899480996, 0.16860916899480996, 0.03787201479853098, 0.03787201479853098, 0.006635246956690763, 0.006635246956690763, 0.03326934345208272, 0.006635246956690763, 0.03326934345208272, 0.6695527502453799, 0.006635246956690763, 0.006635246956690763, 0.006635246956690763, 0.006635246956690763, 0.03326934345208272, 0.03326934345208272, 0.03326934345208272, 0.03326934345208272, 0.006635246956690763, 0.28226470009390175, 0.006635246956690763, 0.006635246956690763, 0.006635246956690763, 0.03787201479853098, 0.16860916899480996, 0.03787201479853098, 0.006635246956690763, 0.006635246956690763, 0.006635246956690763, 0.03326934345208272, 0.006635246956690763, 0.03326934345208272, 0.006635246956690763, 0.28226470009390175, 0.03787201479853098, 0.006635246956690763, 0.006635246956690763, 0.16860916899480996, 0.03787201479853098, 0.03787201479853098, 0.006635246956690763, 0.28226470009390175, 0.006635246956690763, 0.006635246956690763, 0.03326934345208272, 0.006635246956690763, 0.006635246956690763, 0.006635246956690763, 0.006635246956690763, 0.006635246956690763, 0.006635246956690763, 0.006635246956690763, 0.006635246956690763, 0.006635246956690763, 0.16860916899480996, 0.03787201479853098, 0.006635246956690763, 0.006635246956690763, 0.006635246956690763, 0.03326934345208272, 0.03326934345208272, 0.03326934345208272, 0.006635246956690763, 0.006635246956690763, 0.006635246956690763, 0.006635246956690763, 0.16860916899480996, 0.03326934345208272, 0.006635246956690763, 0.006635246956690763, 0.006635246956690763, 0.16860916899480996, 0.006635246956690763, 0.006635246956690763, 0.006635246956690763, 0.28226470009390175, 0.16860916899480996, 0.16860916899480996, 0.006635246956690763, 0.006635246956690763, 0.03787201479853098, 0.006635246956690763, 0.006635246956690763, 0.006635246956690763]",9,train,2
0.85,4,81,2,13,100,54,1,1,1,0,0,0,54,1,1,1,0,0,0,"(array([0.44203988, 0.67526847, 0.53231394, 0.4718577 , 0.81916422,
       0.4131909 , 0.52038801]), array([0.96222311, 0.75019062, 0.912265  , 0.94817054, 0.53580958,
       0.94405925, 0.91680199]), array([0.05371158, 0.26863867, 0.10577004, 0.06850419, 0.48130608,
       0.07149726, 0.1010346 ]), array([0.54943138, 0.31999436, 0.46087578, 0.52026153, 0.17699856,
       0.57772326, 0.47263506]))","['QwenPRM_min_scores (7.63B)', 'EurusPRMStage1_min_scores (7.62B)', 'QwenPRM_avg_scores (7.63B)', 'EurusPRMStage2_avg_scores (7.62B)', 'QwenPRM_max_scores (7.63B)', 'GPM (8B)', 'EurusPRMStage2_min_scores (7.62B)']","[0.03326934345208272, 0.03326934345208272, 0.006635246956690763, 0.03326934345208272, 0.03326934345208272, 0.03326934345208272, 0.03326934345208272, 0.03326934345208272, 0.006635246956690763, 0.03326934345208272, 0.006635246956690763, 0.03326934345208272, 0.03326934345208272, 0.03326934345208272, 0.006635246956690763, 0.03326934345208272, 0.6695527502453799, 0.03326934345208272, 0.006635246956690763, 0.03326934345208272, 0.03326934345208272, 0.03326934345208272, 0.03326934345208272, 0.006635246956690763, 0.006635246956690763, 0.006635246956690763, 0.006635246956690763, 0.006635246956690763, 0.03326934345208272, 0.03326934345208272, 0.03326934345208272, 0.6689083137030727, 0.03326934345208272, 0.03326934345208272, 0.03326934345208272, 0.03787201479853098, 0.006635246956690763, 0.006635246956690763, 0.03326934345208272, 0.03326934345208272, 0.006635246956690763, 0.03326934345208272, 0.006635246956690763, 0.03326934345208272, 0.03326934345208272, 0.03326934345208272, 0.03326934345208272, 0.03326934345208272, 0.006635246956690763, 0.006635246956690763, 0.03326934345208272, 0.6695527502453799, 0.006635246956690763, 0.03326934345208272, 0.9965744612036076, 0.962172162936037, 0.16860916899480996, 0.03326934345208272, 0.03326934345208272, 0.03326934345208272, 0.03326934345208272, 0.28226470009390175, 0.03326934345208272, 0.03326934345208272, 0.16860916899480996, 0.03326934345208272, 0.006635246956690763, 0.03326934345208272, 0.006635246956690763, 0.03326934345208272, 0.03326934345208272, 0.03326934345208272, 0.006635246956690763, 0.03326934345208272, 0.03326934345208272, 0.006635246956690763, 0.03326934345208272, 0.03326934345208272, 0.2553050953123055, 0.6689083137030727, 0.03787201479853098, 0.03326934345208272, 0.03326934345208272, 0.03326934345208272, 0.03326934345208272, 0.03326934345208272, 0.03326934345208272, 0.006635246956690763, 0.03326934345208272, 0.006635246956690763, 0.03326934345208272, 0.03326934345208272, 0.03326934345208272, 0.006635246956690763, 0.006635246956690763, 0.006635246956690763, 0.03326934345208272, 0.03326934345208272, 0.03326934345208272, 0.03787201479853098]",10,train,1
0.72,38,34,0,28,100,1,1,1,1,0,0,0,1,1,1,1,0,0,0,"(array([0.44203988, 0.67526847, 0.53231394, 0.4718577 , 0.81916422,
       0.4131909 , 0.52038801]), array([0.96222311, 0.75019062, 0.912265  , 0.94817054, 0.53580958,
       0.94405925, 0.91680199]), array([0.05371158, 0.26863867, 0.10577004, 0.06850419, 0.48130608,
       0.07149726, 0.1010346 ]), array([0.54943138, 0.31999436, 0.46087578, 0.52026153, 0.17699856,
       0.57772326, 0.47263506]))","['QwenPRM_min_scores (7.63B)', 'EurusPRMStage1_min_scores (7.62B)', 'QwenPRM_avg_scores (7.63B)', 'EurusPRMStage2_avg_scores (7.62B)', 'QwenPRM_max_scores (7.63B)', 'GPM (8B)', 'EurusPRMStage2_min_scores (7.62B)']","[0.03326934345208272, 0.9997262578874878, 0.6689083137030727, 0.9997262578874878, 0.9960689752839179, 0.03787201479853098, 0.962172162936037, 0.6689083137030727, 0.03326934345208272, 0.03326934345208272, 0.16860916899480996, 0.03326934345208272, 0.16860916899480996, 0.059336682467917276, 0.9960689752839179, 0.6689083137030727, 0.16860916899480996, 0.006635246956690763, 0.03787201479853098, 0.03326934345208272, 0.006635246956690763, 0.9667981970210411, 0.6689083137030727, 0.03326934345208272, 0.9997262578874878, 0.6689083137030727, 0.9997262578874878, 0.03326934345208272, 0.03326934345208272, 0.7179809979859836, 0.9667981970210411, 0.8315608147713702, 0.006635246956690763, 0.03326934345208272, 0.16860916899480996, 0.8315608147713702, 0.03326934345208272, 0.16860916899480996, 0.16860916899480996, 0.9997262578874878, 0.006635246956690763, 0.03326934345208272, 0.16860916899480996, 0.16860916899480996, 0.6689083137030727, 0.16860916899480996, 0.9997262578874878, 0.006635246956690763, 0.6695527502453799, 0.006635246956690763, 0.6689083137030727, 0.03326934345208272, 0.16860916899480996, 0.28226470009390175, 0.9997262578874878, 0.03326934345208272, 0.006635246956690763, 0.9960689752839179, 0.006635246956690763, 0.962172162936037, 0.006635246956690763, 0.006635246956690763, 0.16860916899480996, 0.6689083137030727, 0.03326934345208272, 0.9965744612036076, 0.03326934345208272, 0.06256024107084608, 0.9997262578874878, 0.9963766634397356, 0.9997262578874878, 0.6695527502453799, 0.03326934345208272, 0.006635246956690763, 0.03326934345208272, 0.006635246956690763, 0.16860916899480996, 0.9960689752839179, 0.6689083137030727, 0.16860916899480996, 0.006635246956690763, 0.6695527502453799, 0.03326934345208272, 0.03787201479853098, 0.03787201479853098, 0.03326934345208272, 0.03326934345208272, 0.6695527502453799, 0.6689083137030727, 0.28226470009390175, 0.006635246956690763, 0.03326934345208272, 0.03326934345208272, 0.6689083137030727, 0.03326934345208272, 0.28226470009390175, 0.03326934345208272, 0.006635246956690763, 0.03787201479853098, 0.6695527502453799]",11,train,6
0.73,64,9,0,27,100,52,1,1,1,0,0,0,52,1,1,1,0,0,0,"(array([0.44203988, 0.67526847, 0.53231394, 0.4718577 , 0.81916422,
       0.4131909 , 0.52038801]), array([0.96222311, 0.75019062, 0.912265  , 0.94817054, 0.53580958,
       0.94405925, 0.91680199]), array([0.05371158, 0.26863867, 0.10577004, 0.06850419, 0.48130608,
       0.07149726, 0.1010346 ]), array([0.54943138, 0.31999436, 0.46087578, 0.52026153, 0.17699856,
       0.57772326, 0.47263506]))","['QwenPRM_min_scores (7.63B)', 'EurusPRMStage1_min_scores (7.62B)', 'QwenPRM_avg_scores (7.63B)', 'EurusPRMStage2_avg_scores (7.62B)', 'QwenPRM_max_scores (7.63B)', 'GPM (8B)', 'EurusPRMStage2_min_scores (7.62B)']","[0.9965744612036076, 0.03326934345208272, 0.16860916899480996, 0.9963766634397356, 0.03326934345208272, 0.03326934345208272, 0.6689083137030727, 0.9501970953085207, 0.9501970953085207, 0.9965744612036076, 0.9501970953085207, 0.6689083137030727, 0.16860916899480996, 0.16860916899480996, 0.9667981970210411, 0.6689083137030727, 0.2553050953123055, 0.6569716759307468, 0.9790196014481732, 0.03326934345208272, 0.9997262578874878, 0.9965744612036076, 0.6689083137030727, 0.03326934345208272, 0.03326934345208272, 0.9963766634397356, 0.9963766634397356, 0.9790196014481732, 0.9963766634397356, 0.7640167937753356, 0.059336682467917276, 0.16860916899480996, 0.9965744612036076, 0.16860916899480996, 0.6689083137030727, 0.059336682467917276, 0.6569716759307468, 0.8316852896060785, 0.9667981970210411, 0.8316852896060785, 0.9501970953085207, 0.9965744612036076, 0.9501970953085207, 0.9667981970210411, 0.9965744612036076, 0.2558589886558321, 0.8316852896060785, 0.9963766634397356, 0.03326934345208272, 0.9501970953085207, 0.9965744612036076, 0.9983889926659717, 0.9999710060613255, 0.16860916899480996, 0.7640167937753356, 0.03326934345208272, 0.9501970953085207, 0.9963766634397356, 0.9963766634397356, 0.6689083137030727, 0.03326934345208272, 0.2553050953123055, 0.9960689752839179, 0.16860916899480996, 0.9790196014481732, 0.9972717715033825, 0.9963766634397356, 0.9963766634397356, 0.9501970953085207, 0.03326934345208272, 0.9963766634397356, 0.03326934345208272, 0.24528135044682473, 0.03326934345208272, 0.24528135044682473, 0.6689083137030727, 0.9667981970210411, 0.24528135044682473, 0.9790196014481732, 0.16860916899480996, 0.9997262578874878, 0.9667981970210411, 0.03326934345208272, 0.6689083137030727, 0.6689083137030727, 0.9667981970210411, 0.16860916899480996, 0.8316852896060785, 0.8316852896060785, 0.6689083137030727, 0.9995822714113272, 0.16860916899480996, 0.6569716759307468, 0.7640167937753356, 0.2553050953123055, 0.2553050953123055, 0.24528135044682473, 0.16860916899480996, 0.16860916899480996, 0.9997262578874878]",12,train,9
0.71,5,66,10,19,100,50,0,1,0,0,0,1,50,1,0,0,0,1,0,"(array([0.44203988, 0.67526847, 0.53231394, 0.4718577 , 0.81916422,
       0.4131909 , 0.52038801]), array([0.96222311, 0.75019062, 0.912265  , 0.94817054, 0.53580958,
       0.94405925, 0.91680199]), array([0.05371158, 0.26863867, 0.10577004, 0.06850419, 0.48130608,
       0.07149726, 0.1010346 ]), array([0.54943138, 0.31999436, 0.46087578, 0.52026153, 0.17699856,
       0.57772326, 0.47263506]))","['QwenPRM_min_scores (7.63B)', 'EurusPRMStage1_min_scores (7.62B)', 'QwenPRM_avg_scores (7.63B)', 'EurusPRMStage2_avg_scores (7.62B)', 'QwenPRM_max_scores (7.63B)', 'GPM (8B)', 'EurusPRMStage2_min_scores (7.62B)']","[0.16860916899480996, 0.03787201479853098, 0.03326934345208272, 0.6695527502453799, 0.03326934345208272, 0.16860916899480996, 0.16860916899480996, 0.16860916899480996, 0.16860916899480996, 0.006635246956690763, 0.006635246956690763, 0.28226470009390175, 0.03326934345208272, 0.006635246956690763, 0.03326934345208272, 0.03326934345208272, 0.6695527502453799, 0.03326934345208272, 0.2553050953123055, 0.006635246956690763, 0.03326934345208272, 0.03326934345208272, 0.006635246956690763, 0.6695527502453799, 0.6695527502453799, 0.006635246956690763, 0.006635246956690763, 0.03326934345208272, 0.03326934345208272, 0.006635246956690763, 0.03326934345208272, 0.6695527502453799, 0.16860916899480996, 0.6695527502453799, 0.03326934345208272, 0.16860916899480996, 0.03326934345208272, 0.6695527502453799, 0.03787201479853098, 0.16860916899480996, 0.8315608147713702, 0.962172162936037, 0.006635246956690763, 0.16860916899480996, 0.03787201479853098, 0.03326934345208272, 0.006635246956690763, 0.03326934345208272, 0.03326934345208272, 0.16860916899480996, 0.9960689752839179, 0.16860916899480996, 0.006635246956690763, 0.16860916899480996, 0.03326934345208272, 0.16860916899480996, 0.03326934345208272, 0.03326934345208272, 0.03326934345208272, 0.03787201479853098, 0.16860916899480996, 0.03787201479853098, 0.03326934345208272, 0.16860916899480996, 0.03326934345208272, 0.16860916899480996, 0.16860916899480996, 0.6695527502453799, 0.03787201479853098, 0.16860916899480996, 0.03326934345208272, 0.16860916899480996, 0.006635246956690763, 0.03326934345208272, 0.03787201479853098, 0.28226470009390175, 0.16860916899480996, 0.16860916899480996, 0.6695527502453799, 0.16860916899480996, 0.006635246956690763, 0.28226470009390175, 0.03787201479853098, 0.962172162936037, 0.03326934345208272, 0.28226470009390175, 0.16860916899480996, 0.006635246956690763, 0.16860916899480996, 0.6695527502453799, 0.006635246956690763, 0.03326934345208272, 0.03326934345208272, 0.03326934345208272, 0.16860916899480996, 0.03787201479853098, 0.16860916899480996, 0.03326934345208272, 0.16860916899480996, 0.6695527502453799]",13,train,2
0.41,5,36,1,58,100,12,1,1,1,0,0,0,12,1,1,1,0,0,0,"(array([0.44203988, 0.67526847, 0.53231394, 0.4718577 , 0.81916422,
       0.4131909 , 0.52038801]), array([0.96222311, 0.75019062, 0.912265  , 0.94817054, 0.53580958,
       0.94405925, 0.91680199]), array([0.05371158, 0.26863867, 0.10577004, 0.06850419, 0.48130608,
       0.07149726, 0.1010346 ]), array([0.54943138, 0.31999436, 0.46087578, 0.52026153, 0.17699856,
       0.57772326, 0.47263506]))","['QwenPRM_min_scores (7.63B)', 'EurusPRMStage1_min_scores (7.62B)', 'QwenPRM_avg_scores (7.63B)', 'EurusPRMStage2_avg_scores (7.62B)', 'QwenPRM_max_scores (7.63B)', 'GPM (8B)', 'EurusPRMStage2_min_scores (7.62B)']","[0.006635246956690763, 0.28226470009390175, 0.006635246956690763, 0.006635246956690763, 0.006635246956690763, 0.006635246956690763, 0.03326934345208272, 0.03787201479853098, 0.006635246956690763, 0.006635246956690763, 0.006635246956690763, 0.03787201479853098, 0.9960689752839179, 0.06256024107084608, 0.03787201479853098, 0.006635246956690763, 0.006635246956690763, 0.006635246956690763, 0.03326934345208272, 0.006635246956690763, 0.006635246956690763, 0.006635246956690763, 0.06256024107084608, 0.03787201479853098, 0.03326934345208272, 0.03787201479853098, 0.16860916899480996, 0.006635246956690763, 0.006635246956690763, 0.16860916899480996, 0.03326934345208272, 0.006635246956690763, 0.6695527502453799, 0.006635246956690763, 0.006635246956690763, 0.006635246956690763, 0.03787201479853098, 0.006635246956690763, 0.006635246956690763, 0.03326934345208272, 0.006635246956690763, 0.03787201479853098, 0.006635246956690763, 0.28226470009390175, 0.006635246956690763, 0.006635246956690763, 0.28226470009390175, 0.03787201479853098, 0.006635246956690763, 0.03787201479853098, 0.16860916899480996, 0.006635246956690763, 0.006635246956690763, 0.006635246956690763, 0.059336682467917276, 0.16860916899480996, 0.28226470009390175, 0.03787201479853098, 0.006635246956690763, 0.006635246956690763, 0.7878624947985085, 0.03787201479853098, 0.03326934345208272, 0.03787201479853098, 0.006635246956690763, 0.006635246956690763, 0.03326934345208272, 0.006635246956690763, 0.03326934345208272, 0.006635246956690763, 0.03787201479853098, 0.006635246956690763, 0.03787201479853098, 0.03787201479853098, 0.03326934345208272, 0.03787201479853098, 0.03787201479853098, 0.03787201479853098, 0.006635246956690763, 0.006635246956690763, 0.24528135044682473, 0.8315608147713702, 0.03787201479853098, 0.006635246956690763, 0.6695527502453799, 0.06256024107084608, 0.006635246956690763, 0.006635246956690763, 0.006635246956690763, 0.03787201479853098, 0.16860916899480996, 0.16860916899480996, 0.006635246956690763, 0.6695527502453799, 0.006635246956690763, 0.006635246956690763, 0.03326934345208272, 0.03787201479853098, 0.03326934345208272, 0.2558589886558321]",14,train,6
0.78,41,37,0,22,100,3,1,1,1,0,0,0,3,1,1,1,0,0,0,"(array([0.44203988, 0.67526847, 0.53231394, 0.4718577 , 0.81916422,
       0.4131909 , 0.52038801]), array([0.96222311, 0.75019062, 0.912265  , 0.94817054, 0.53580958,
       0.94405925, 0.91680199]), array([0.05371158, 0.26863867, 0.10577004, 0.06850419, 0.48130608,
       0.07149726, 0.1010346 ]), array([0.54943138, 0.31999436, 0.46087578, 0.52026153, 0.17699856,
       0.57772326, 0.47263506]))","['QwenPRM_min_scores (7.63B)', 'EurusPRMStage1_min_scores (7.62B)', 'QwenPRM_avg_scores (7.63B)', 'EurusPRMStage2_avg_scores (7.62B)', 'QwenPRM_max_scores (7.63B)', 'GPM (8B)', 'EurusPRMStage2_min_scores (7.62B)']","[0.9972796809262687, 0.03326934345208272, 0.03787201479853098, 0.9997262578874878, 0.03326934345208272, 0.9960689752839179, 0.03326934345208272, 0.9985912346565152, 0.03787201479853098, 0.962172162936037, 0.8315608147713702, 0.03326934345208272, 0.9997262578874878, 0.9997262578874878, 0.962172162936037, 0.03326934345208272, 0.03326934345208272, 0.03326934345208272, 0.03326934345208272, 0.962172162936037, 0.006635246956690763, 0.6695527502453799, 0.006635246956690763, 0.03326934345208272, 0.03326934345208272, 0.03326934345208272, 0.006635246956690763, 0.9997262578874878, 0.16860916899480996, 0.03787201479853098, 0.16860916899480996, 0.03326934345208272, 0.6695527502453799, 0.03326934345208272, 0.16860916899480996, 0.24528135044682473, 0.03326934345208272, 0.9997262578874878, 0.4558559061207098, 0.03326934345208272, 0.6689083137030727, 0.2558589886558321, 0.962172162936037, 0.03326934345208272, 0.962172162936037, 0.6689083137030727, 0.03326934345208272, 0.006635246956690763, 0.9861409876993463, 0.9997262578874878, 0.9997262578874878, 0.16860916899480996, 0.16860916899480996, 0.9997262578874878, 0.006635246956690763, 0.16860916899480996, 0.03326934345208272, 0.16860916899480996, 0.28226470009390175, 0.9997262578874878, 0.03326934345208272, 0.03326934345208272, 0.006635246956690763, 0.16860916899480996, 0.9997262578874878, 0.962172162936037, 0.8315608147713702, 0.9667981970210411, 0.03326934345208272, 0.6695527502453799, 0.9620660598961284, 0.2553050953123055, 0.03326934345208272, 0.03326934345208272, 0.962172162936037, 0.03326934345208272, 0.6689083137030727, 0.962172162936037, 0.9668915195510116, 0.006635246956690763, 0.6689083137030727, 0.9960689752839179, 0.03326934345208272, 0.28226470009390175, 0.03787201479853098, 0.849663865473301, 0.9960689752839179, 0.952796403228692, 0.03326934345208272, 0.9997262578874878, 0.962172162936037, 0.03326934345208272, 0.03326934345208272, 0.6689083137030727, 0.006635246956690763, 0.03326934345208272, 0.006635246956690763, 0.03787201479853098, 0.03326934345208272, 0.03326934345208272]",15,train,6
0.79,57,22,0,21,100,5,1,1,1,0,0,0,5,1,1,1,0,0,0,"(array([0.44203988, 0.67526847, 0.53231394, 0.4718577 , 0.81916422,
       0.4131909 , 0.52038801]), array([0.96222311, 0.75019062, 0.912265  , 0.94817054, 0.53580958,
       0.94405925, 0.91680199]), array([0.05371158, 0.26863867, 0.10577004, 0.06850419, 0.48130608,
       0.07149726, 0.1010346 ]), array([0.54943138, 0.31999436, 0.46087578, 0.52026153, 0.17699856,
       0.57772326, 0.47263506]))","['QwenPRM_min_scores (7.63B)', 'EurusPRMStage1_min_scores (7.62B)', 'QwenPRM_avg_scores (7.63B)', 'EurusPRMStage2_avg_scores (7.62B)', 'QwenPRM_max_scores (7.63B)', 'GPM (8B)', 'EurusPRMStage2_min_scores (7.62B)']","[0.16860916899480996, 0.03326934345208272, 0.6689083137030727, 0.9667981970210411, 0.9960689752839179, 0.9997262578874878, 0.03326934345208272, 0.03326934345208272, 0.16860916899480996, 0.03326934345208272, 0.9960689752839179, 0.9620660598961284, 0.9997262578874878, 0.9667981970210411, 0.03326934345208272, 0.9997262578874878, 0.9667981970210411, 0.6689083137030727, 0.9997262578874878, 0.9667981970210411, 0.962172162936037, 0.6689083137030727, 0.16860916899480996, 0.03326934345208272, 0.9997262578874878, 0.9960689752839179, 0.03326934345208272, 0.9972717715033825, 0.03326934345208272, 0.9997262578874878, 0.03326934345208272, 0.962172162936037, 0.16860916899480996, 0.006635246956690763, 0.16860916899480996, 0.6689083137030727, 0.6689083137030727, 0.03326934345208272, 0.6695527502453799, 0.16860916899480996, 0.6689083137030727, 0.8316852896060785, 0.6689083137030727, 0.03326934345208272, 0.9960689752839179, 0.9667981970210411, 0.9997262578874878, 0.24528135044682473, 0.962172162936037, 0.9965744612036076, 0.006635246956690763, 0.03326934345208272, 0.9997262578874878, 0.9997262578874878, 0.9997262578874878, 0.9997262578874878, 0.9997262578874878, 0.9825985416487337, 0.6695527502453799, 0.9667981970210411, 0.6689083137030727, 0.006635246956690763, 0.9667981970210411, 0.9965744612036076, 0.16860916899480996, 0.03326934345208272, 0.03326934345208272, 0.6689083137030727, 0.9997262578874878, 0.03326934345208272, 0.28226470009390175, 0.006635246956690763, 0.962172162936037, 0.6689083137030727, 0.03326934345208272, 0.6689083137030727, 0.03326934345208272, 0.03326934345208272, 0.16860916899480996, 0.16860916899480996, 0.6689083137030727, 0.962172162936037, 0.03326934345208272, 0.8316852896060785, 0.2553050953123055, 0.03326934345208272, 0.03326934345208272, 0.03326934345208272, 0.16860916899480996, 0.9965744612036076, 0.9997262578874878, 0.2558589886558321, 0.03326934345208272, 0.9997262578874878, 0.9960689752839179, 0.16860916899480996, 0.03326934345208272, 0.9960689752839179, 0.6689083137030727, 0.9667981970210411]",16,train,7
0.85,84,1,0,15,100,49,1,1,1,0,0,0,49,1,1,1,0,0,0,"(array([0.44203988, 0.67526847, 0.53231394, 0.4718577 , 0.81916422,
       0.4131909 , 0.52038801]), array([0.96222311, 0.75019062, 0.912265  , 0.94817054, 0.53580958,
       0.94405925, 0.91680199]), array([0.05371158, 0.26863867, 0.10577004, 0.06850419, 0.48130608,
       0.07149726, 0.1010346 ]), array([0.54943138, 0.31999436, 0.46087578, 0.52026153, 0.17699856,
       0.57772326, 0.47263506]))","['QwenPRM_min_scores (7.63B)', 'EurusPRMStage1_min_scores (7.62B)', 'QwenPRM_avg_scores (7.63B)', 'EurusPRMStage2_avg_scores (7.62B)', 'QwenPRM_max_scores (7.63B)', 'GPM (8B)', 'EurusPRMStage2_min_scores (7.62B)']","[0.6689083137030727, 0.6689083137030727, 0.962172162936037, 0.16860916899480996, 0.9960689752839179, 0.9997262578874878, 0.9960689752839179, 0.9997262578874878, 0.2553050953123055, 0.999710398560126, 0.9972717715033825, 0.9997262578874878, 0.6689083137030727, 0.16860916899480996, 0.6689083137030727, 0.9960689752839179, 0.9997262578874878, 0.6689083137030727, 0.962172162936037, 0.16860916899480996, 0.9667981970210411, 0.9963766634397356, 0.6689083137030727, 0.9997262578874878, 0.03326934345208272, 0.6689083137030727, 0.8316852896060785, 0.16860916899480996, 0.9667981970210411, 0.9997262578874878, 0.962172162936037, 0.9620660598961284, 0.9997262578874878, 0.6689083137030727, 0.9620660598961284, 0.6689083137030727, 0.16860916899480996, 0.6689083137030727, 0.6569716759307468, 0.6689083137030727, 0.962172162936037, 0.9997262578874878, 0.9960689752839179, 0.16860916899480996, 0.9997262578874878, 0.9972717715033825, 0.9667981970210411, 0.6689083137030727, 0.962172162936037, 0.9999710060613255, 0.9997262578874878, 0.9960689752839179, 0.9997262578874878, 0.9963766634397356, 0.9997262578874878, 0.9995822714113272, 0.03326934345208272, 0.9958421114842271, 0.9667981970210411, 0.9997262578874878, 0.9960689752839179, 0.9997262578874878, 0.962172162936037, 0.9620660598961284, 0.9620660598961284, 0.962172162936037, 0.999710398560126, 0.16860916899480996, 0.9620660598961284, 0.9620660598961284, 0.9960689752839179, 0.9620660598961284, 0.9997262578874878, 0.9960689752839179, 0.9972717715033825, 0.6689083137030727, 0.7179809979859836, 0.6689083137030727, 0.6689083137030727, 0.9972717715033825, 0.9963766634397356, 0.9620660598961284, 0.2553050953123055, 0.24528135044682473, 0.9997262578874878, 0.9997262578874878, 0.9667981970210411, 0.9960689752839179, 0.9997262578874878, 0.9997262578874878, 0.6689083137030727, 0.9997262578874878, 0.16860916899480996, 0.9620660598961284, 0.006635246956690763, 0.03326934345208272, 0.16860916899480996, 0.9997262578874878, 0.9997262578874878, 0.9667981970210411]",17,train,9
0.97,0,97,2,1,100,91,0,1,0,0,0,1,1,0,1,0,1,0,0,"(array([0.44203988, 0.67526847, 0.53231394, 0.4718577 , 0.81916422,
       0.4131909 , 0.52038801]), array([0.96222311, 0.75019062, 0.912265  , 0.94817054, 0.53580958,
       0.94405925, 0.91680199]), array([0.05371158, 0.26863867, 0.10577004, 0.06850419, 0.48130608,
       0.07149726, 0.1010346 ]), array([0.54943138, 0.31999436, 0.46087578, 0.52026153, 0.17699856,
       0.57772326, 0.47263506]))","['QwenPRM_min_scores (7.63B)', 'EurusPRMStage1_min_scores (7.62B)', 'QwenPRM_avg_scores (7.63B)', 'EurusPRMStage2_avg_scores (7.62B)', 'QwenPRM_max_scores (7.63B)', 'GPM (8B)', 'EurusPRMStage2_min_scores (7.62B)']","[0.03787201479853098, 0.006635246956690763, 0.006635246956690763, 0.006635246956690763, 0.006635246956690763, 0.006635246956690763, 0.006635246956690763, 0.006635246956690763, 0.03787201479853098, 0.006635246956690763, 0.059336682467917276, 0.006635246956690763, 0.03787201479853098, 0.03326934345208272, 0.006635246956690763, 0.006635246956690763, 0.03787201479853098, 0.006635246956690763, 0.006635246956690763, 0.03326934345208272, 0.006635246956690763, 0.006635246956690763, 0.006635246956690763, 0.006635246956690763, 0.006635246956690763, 0.03326934345208272, 0.006635246956690763, 0.006635246956690763, 0.03787201479853098, 0.006635246956690763, 0.03787201479853098, 0.03787201479853098, 0.006635246956690763, 0.03787201479853098, 0.006635246956690763, 0.006635246956690763, 0.03787201479853098, 0.03326934345208272, 0.006635246956690763, 0.006635246956690763, 0.03787201479853098, 0.006635246956690763, 0.006635246956690763, 0.006635246956690763, 0.006635246956690763, 0.03787201479853098, 0.03787201479853098, 0.03787201479853098, 0.006635246956690763, 0.16860916899480996, 0.006635246956690763, 0.006635246956690763, 0.006635246956690763, 0.006635246956690763, 0.006635246956690763, 0.006635246956690763, 0.006635246956690763, 0.03326934345208272, 0.006635246956690763, 0.03326934345208272, 0.03326934345208272, 0.03787201479853098, 0.03326934345208272, 0.03787201479853098, 0.03326934345208272, 0.006635246956690763, 0.006635246956690763, 0.006635246956690763, 0.16860916899480996, 0.006635246956690763, 0.03787201479853098, 0.006635246956690763, 0.006635246956690763, 0.006635246956690763, 0.6695527502453799, 0.006635246956690763, 0.006635246956690763, 0.006635246956690763, 0.03787201479853098, 0.03326934345208272, 0.006635246956690763, 0.006635246956690763, 0.006635246956690763, 0.03326934345208272, 0.006635246956690763, 0.006635246956690763, 0.03787201479853098, 0.006635246956690763, 0.03787201479853098, 0.006635246956690763, 0.03326934345208272, 0.8315608147713702, 0.03787201479853098, 0.03326934345208272, 0.006635246956690763, 0.006635246956690763, 0.03326934345208272, 0.03787201479853098, 0.03787201479853098, 0.03326934345208272]",18,train,0
0.76,72,4,1,23,100,0,1,1,1,0,0,0,0,1,1,1,0,0,0,"(array([0.44203988, 0.67526847, 0.53231394, 0.4718577 , 0.81916422,
       0.4131909 , 0.52038801]), array([0.96222311, 0.75019062, 0.912265  , 0.94817054, 0.53580958,
       0.94405925, 0.91680199]), array([0.05371158, 0.26863867, 0.10577004, 0.06850419, 0.48130608,
       0.07149726, 0.1010346 ]), array([0.54943138, 0.31999436, 0.46087578, 0.52026153, 0.17699856,
       0.57772326, 0.47263506]))","['QwenPRM_min_scores (7.63B)', 'EurusPRMStage1_min_scores (7.62B)', 'QwenPRM_avg_scores (7.63B)', 'EurusPRMStage2_avg_scores (7.62B)', 'QwenPRM_max_scores (7.63B)', 'GPM (8B)', 'EurusPRMStage2_min_scores (7.62B)']","[0.9997262578874878, 0.962172162936037, 0.16860916899480996, 0.9997262578874878, 0.9997262578874878, 0.16860916899480996, 0.6689083137030727, 0.16860916899480996, 0.6689083137030727, 0.9667981970210411, 0.9997262578874878, 0.16860916899480996, 0.9995822714113272, 0.9997262578874878, 0.9997262578874878, 0.6689083137030727, 0.9997262578874878, 0.03326934345208272, 0.006635246956690763, 0.6689083137030727, 0.03326934345208272, 0.9620660598961284, 0.962172162936037, 0.16860916899480996, 0.9997262578874878, 0.9997262578874878, 0.9960689752839179, 0.9965744612036076, 0.9985912346565152, 0.9620660598961284, 0.16860916899480996, 0.03326934345208272, 0.16860916899480996, 0.16860916899480996, 0.6689083137030727, 0.962172162936037, 0.9667981970210411, 0.9960689752839179, 0.6695527502453799, 0.16860916899480996, 0.6689083137030727, 0.952796403228692, 0.03326934345208272, 0.9960689752839179, 0.9997262578874878, 0.9958541484122096, 0.9997262578874878, 0.16860916899480996, 0.962172162936037, 0.03326934345208272, 0.9997262578874878, 0.9960689752839179, 0.9960689752839179, 0.16860916899480996, 0.03326934345208272, 0.6695527502453799, 0.9960689752839179, 0.952796403228692, 0.03326934345208272, 0.8315608147713702, 0.16860916899480996, 0.952796403228692, 0.774022263868793, 0.9972717715033825, 0.6689083137030727, 0.6695527502453799, 0.9620660598961284, 0.9965744612036076, 0.16860916899480996, 0.006635246956690763, 0.9965744612036076, 0.9960689752839179, 0.03326934345208272, 0.03326934345208272, 0.962172162936037, 0.9997262578874878, 0.9960689752839179, 0.9997262578874878, 0.962172162936037, 0.9960689752839179, 0.962172162936037, 0.9997262578874878, 0.962172162936037, 0.03326934345208272, 0.7179809979859836, 0.962172162936037, 0.9960689752839179, 0.9997262578874878, 0.962172162936037, 0.6689083137030727, 0.6689083137030727, 0.9667981970210411, 0.9997262578874878, 0.7179809979859836, 0.2553050953123055, 0.6689083137030727, 0.9960689752839179, 0.16860916899480996, 0.6689083137030727, 0.6689083137030727]",19,train,9
0.71,25,46,1,28,100,25,1,1,1,0,0,0,25,1,1,1,0,0,0,"(array([0.44203988, 0.67526847, 0.53231394, 0.4718577 , 0.81916422,
       0.4131909 , 0.52038801]), array([0.96222311, 0.75019062, 0.912265  , 0.94817054, 0.53580958,
       0.94405925, 0.91680199]), array([0.05371158, 0.26863867, 0.10577004, 0.06850419, 0.48130608,
       0.07149726, 0.1010346 ]), array([0.54943138, 0.31999436, 0.46087578, 0.52026153, 0.17699856,
       0.57772326, 0.47263506]))","['QwenPRM_min_scores (7.63B)', 'EurusPRMStage1_min_scores (7.62B)', 'QwenPRM_avg_scores (7.63B)', 'EurusPRMStage2_avg_scores (7.62B)', 'QwenPRM_max_scores (7.63B)', 'GPM (8B)', 'EurusPRMStage2_min_scores (7.62B)']","[0.006635246956690763, 0.2553050953123055, 0.006635246956690763, 0.006635246956690763, 0.006635246956690763, 0.16860916899480996, 0.006635246956690763, 0.006635246956690763, 0.006635246956690763, 0.006635246956690763, 0.774022263868793, 0.28226470009390175, 0.16860916899480996, 0.28226470009390175, 0.006635246956690763, 0.006635246956690763, 0.006635246956690763, 0.2558589886558321, 0.006635246956690763, 0.03326934345208272, 0.006635246956690763, 0.9667981970210411, 0.006635246956690763, 0.006635246956690763, 0.6689083137030727, 0.9997262578874878, 0.7179809979859836, 0.006635246956690763, 0.006635246956690763, 0.9960689752839179, 0.962172162936037, 0.006635246956690763, 0.03787201479853098, 0.006635246956690763, 0.6689083137030727, 0.03787201479853098, 0.006635246956690763, 0.4558559061207098, 0.006635246956690763, 0.006635246956690763, 0.006635246956690763, 0.006635246956690763, 0.006635246956690763, 0.2553050953123055, 0.6695527502453799, 0.006635246956690763, 0.06256024107084608, 0.6689083137030727, 0.006635246956690763, 0.006635246956690763, 0.03326934345208272, 0.03326934345208272, 0.9620660598961284, 0.281675280640356, 0.2553050953123055, 0.006635246956690763, 0.9841343157114782, 0.28226470009390175, 0.006635246956690763, 0.03787201479853098, 0.3016825817152708, 0.006635246956690763, 0.03787201479853098, 0.16860916899480996, 0.03787201479853098, 0.006635246956690763, 0.03326934345208272, 0.006635246956690763, 0.03326934345208272, 0.006635246956690763, 0.03326934345208272, 0.8316852896060785, 0.006635246956690763, 0.03326934345208272, 0.962172162936037, 0.16860916899480996, 0.006635246956690763, 0.9667981970210411, 0.8315608147713702, 0.6689083137030727, 0.9620660598961284, 0.952796403228692, 0.28226470009390175, 0.6695527502453799, 0.9972717715033825, 0.9620660598961284, 0.952796403228692, 0.03326934345208272, 0.281675280640356, 0.03326934345208272, 0.006635246956690763, 0.006635246956690763, 0.006635246956690763, 0.006635246956690763, 0.6689083137030727, 0.006635246956690763, 0.9997262578874878, 0.6695527502453799, 0.006635246956690763, 0.006635246956690763]",20,train,5
0.7,63,7,0,30,100,40,1,1,1,0,0,0,40,1,1,1,0,0,0,"(array([0.44203988, 0.67526847, 0.53231394, 0.4718577 , 0.81916422,
       0.4131909 , 0.52038801]), array([0.96222311, 0.75019062, 0.912265  , 0.94817054, 0.53580958,
       0.94405925, 0.91680199]), array([0.05371158, 0.26863867, 0.10577004, 0.06850419, 0.48130608,
       0.07149726, 0.1010346 ]), array([0.54943138, 0.31999436, 0.46087578, 0.52026153, 0.17699856,
       0.57772326, 0.47263506]))","['QwenPRM_min_scores (7.63B)', 'EurusPRMStage1_min_scores (7.62B)', 'QwenPRM_avg_scores (7.63B)', 'EurusPRMStage2_avg_scores (7.62B)', 'QwenPRM_max_scores (7.63B)', 'GPM (8B)', 'EurusPRMStage2_min_scores (7.62B)']","[0.006635246956690763, 0.9501970953085207, 0.6689083137030727, 0.6689083137030727, 0.7640167937753356, 0.9501970953085207, 0.6695527502453799, 0.9501970953085207, 0.2553050953123055, 0.3307157049793167, 0.281675280640356, 0.6569716759307468, 0.16860916899480996, 0.006635246956690763, 0.7640167937753356, 0.059336682467917276, 0.6695527502453799, 0.9790013346476677, 0.6689083137030727, 0.24528135044682473, 0.2558589886558321, 0.6569716759307468, 0.9963766634397356, 0.9501970953085207, 0.16860916899480996, 0.9667981970210411, 0.6569716759307468, 0.999636151671919, 0.6695527502453799, 0.16860916899480996, 0.059336682467917276, 0.6689083137030727, 0.9958541484122096, 0.059336682467917276, 0.6689083137030727, 0.9501970953085207, 0.24528135044682473, 0.059336682467917276, 0.2553050953123055, 0.6569716759307468, 0.9999710060613255, 0.16860916899480996, 0.9501970953085207, 0.9501970953085207, 0.6569716759307468, 0.03326934345208272, 0.9999710060613255, 0.6695527502453799, 0.6569716759307468, 0.6569716759307468, 0.2558589886558321, 0.6689083137030727, 0.6689083137030727, 0.962172162936037, 0.6569716759307468, 0.6689083137030727, 0.16860916899480996, 0.6569716759307468, 0.2709929528061055, 0.8315608147713702, 0.059336682467917276, 0.9501970953085207, 0.2553050953123055, 0.03326934345208272, 0.9995822714113272, 0.9501970953085207, 0.9995822714113272, 0.03787201479853098, 0.6569716759307468, 0.16860916899480996, 0.6569716759307468, 0.6569716759307468, 0.9958541484122096, 0.006635246956690763, 0.6569716759307468, 0.6695527502453799, 0.952796403228692, 0.6695527502453799, 0.059336682467917276, 0.6569716759307468, 0.059336682467917276, 0.2709929528061055, 0.6689083137030727, 0.6689083137030727, 0.16860916899480996, 0.2709929528061055, 0.03326934345208272, 0.7640167937753356, 0.24528135044682473, 0.952796403228692, 0.6569716759307468, 0.9960689752839179, 0.16860916899480996, 0.6569716759307468, 0.9997262578874878, 0.6569716759307468, 0.16860916899480996, 0.9501970953085207, 0.9958541484122096, 0.2709929528061055]",21,train,9
0.96,8,88,1,3,100,1,1,1,1,0,0,0,1,1,1,1,0,0,0,"(array([0.44203988, 0.67526847, 0.53231394, 0.4718577 , 0.81916422,
       0.4131909 , 0.52038801]), array([0.96222311, 0.75019062, 0.912265  , 0.94817054, 0.53580958,
       0.94405925, 0.91680199]), array([0.05371158, 0.26863867, 0.10577004, 0.06850419, 0.48130608,
       0.07149726, 0.1010346 ]), array([0.54943138, 0.31999436, 0.46087578, 0.52026153, 0.17699856,
       0.57772326, 0.47263506]))","['QwenPRM_min_scores (7.63B)', 'EurusPRMStage1_min_scores (7.62B)', 'QwenPRM_avg_scores (7.63B)', 'EurusPRMStage2_avg_scores (7.62B)', 'QwenPRM_max_scores (7.63B)', 'GPM (8B)', 'EurusPRMStage2_min_scores (7.62B)']","[0.16860916899480996, 0.9997262578874878, 0.006635246956690763, 0.03326934345208272, 0.16860916899480996, 0.03326934345208272, 0.006635246956690763, 0.006635246956690763, 0.006635246956690763, 0.03326934345208272, 0.006635246956690763, 0.006635246956690763, 0.03326934345208272, 0.2553050953123055, 0.03326934345208272, 0.03326934345208272, 0.2558589886558321, 0.03326934345208272, 0.006635246956690763, 0.03326934345208272, 0.03326934345208272, 0.03326934345208272, 0.03326934345208272, 0.03326934345208272, 0.03326934345208272, 0.03326934345208272, 0.962172162936037, 0.9997262578874878, 0.03326934345208272, 0.03326934345208272, 0.006635246956690763, 0.03326934345208272, 0.006635246956690763, 0.03326934345208272, 0.03326934345208272, 0.03326934345208272, 0.962172162936037, 0.03326934345208272, 0.03326934345208272, 0.03326934345208272, 0.03326934345208272, 0.03326934345208272, 0.03326934345208272, 0.03326934345208272, 0.03326934345208272, 0.03326934345208272, 0.03326934345208272, 0.6689083137030727, 0.006635246956690763, 0.03326934345208272, 0.03326934345208272, 0.006635246956690763, 0.03326934345208272, 0.03326934345208272, 0.03326934345208272, 0.006635246956690763, 0.9667981970210411, 0.006635246956690763, 0.03326934345208272, 0.03326934345208272, 0.16860916899480996, 0.03326934345208272, 0.006635246956690763, 0.03326934345208272, 0.006635246956690763, 0.03326934345208272, 0.03326934345208272, 0.03326934345208272, 0.006635246956690763, 0.03326934345208272, 0.6695527502453799, 0.006635246956690763, 0.006635246956690763, 0.952796403228692, 0.03326934345208272, 0.03326934345208272, 0.03326934345208272, 0.006635246956690763, 0.952796403228692, 0.16860916899480996, 0.03326934345208272, 0.03326934345208272, 0.03326934345208272, 0.03326934345208272, 0.006635246956690763, 0.006635246956690763, 0.03326934345208272, 0.03326934345208272, 0.059336682467917276, 0.03326934345208272, 0.03326934345208272, 0.03326934345208272, 0.006635246956690763, 0.03326934345208272, 0.006635246956690763, 0.03326934345208272, 0.16860916899480996, 0.03326934345208272, 0.006635246956690763, 0.03326934345208272]",22,train,1
0.98,0,98,2,0,100,27,0,0,0,0,1,0,2,0,1,0,1,0,0,"(array([0.44203988, 0.67526847, 0.53231394, 0.4718577 , 0.81916422,
       0.4131909 , 0.52038801]), array([0.96222311, 0.75019062, 0.912265  , 0.94817054, 0.53580958,
       0.94405925, 0.91680199]), array([0.05371158, 0.26863867, 0.10577004, 0.06850419, 0.48130608,
       0.07149726, 0.1010346 ]), array([0.54943138, 0.31999436, 0.46087578, 0.52026153, 0.17699856,
       0.57772326, 0.47263506]))","['QwenPRM_min_scores (7.63B)', 'EurusPRMStage1_min_scores (7.62B)', 'QwenPRM_avg_scores (7.63B)', 'EurusPRMStage2_avg_scores (7.62B)', 'QwenPRM_max_scores (7.63B)', 'GPM (8B)', 'EurusPRMStage2_min_scores (7.62B)']","[0.38658780920685676, 0.059336682467917276, 0.006635246956690763, 0.006635246956690763, 0.03326934345208272, 0.006635246956690763, 0.006635246956690763, 0.006635246956690763, 0.03326934345208272, 0.006635246956690763, 0.28226470009390175, 0.006635246956690763, 0.006635246956690763, 0.059336682467917276, 0.03326934345208272, 0.006635246956690763, 0.059336682467917276, 0.059336682467917276, 0.006635246956690763, 0.006635246956690763, 0.03326934345208272, 0.006635246956690763, 0.006635246956690763, 0.006635246956690763, 0.006635246956690763, 0.03326934345208272, 0.03326934345208272, 0.8315608147713702, 0.03326934345208272, 0.006635246956690763, 0.006635246956690763, 0.03787201479853098, 0.03326934345208272, 0.059336682467917276, 0.006635246956690763, 0.03326934345208272, 0.03326934345208272, 0.059336682467917276, 0.03326934345208272, 0.2558589886558321, 0.03787201479853098, 0.03326934345208272, 0.006635246956690763, 0.006635246956690763, 0.03326934345208272, 0.006635246956690763, 0.006635246956690763, 0.006635246956690763, 0.03326934345208272, 0.006635246956690763, 0.03326934345208272, 0.03326934345208272, 0.03326934345208272, 0.03326934345208272, 0.006635246956690763, 0.006635246956690763, 0.006635246956690763, 0.03787201479853098, 0.03326934345208272, 0.24528135044682473, 0.03326934345208272, 0.006635246956690763, 0.006635246956690763, 0.24528135044682473, 0.2709929528061055, 0.03326934345208272, 0.006635246956690763, 0.006635246956690763, 0.03326934345208272, 0.03326934345208272, 0.03326934345208272, 0.03326934345208272, 0.03326934345208272, 0.03326934345208272, 0.03787201479853098, 0.03326934345208272, 0.03326934345208272, 0.006635246956690763, 0.03326934345208272, 0.03326934345208272, 0.059336682467917276, 0.03326934345208272, 0.24528135044682473, 0.03326934345208272, 0.006635246956690763, 0.03326934345208272, 0.28226470009390175, 0.006635246956690763, 0.006635246956690763, 0.03326934345208272, 0.2558589886558321, 0.6695527502453799, 0.006635246956690763, 0.006635246956690763, 0.006635246956690763, 0.03326934345208272, 0.03326934345208272, 0.006635246956690763, 0.03326934345208272, 0.03326934345208272]",23,train,0
0.68,65,3,1,31,100,6,1,1,1,0,0,0,6,1,1,1,0,0,0,"(array([0.44203988, 0.67526847, 0.53231394, 0.4718577 , 0.81916422,
       0.4131909 , 0.52038801]), array([0.96222311, 0.75019062, 0.912265  , 0.94817054, 0.53580958,
       0.94405925, 0.91680199]), array([0.05371158, 0.26863867, 0.10577004, 0.06850419, 0.48130608,
       0.07149726, 0.1010346 ]), array([0.54943138, 0.31999436, 0.46087578, 0.52026153, 0.17699856,
       0.57772326, 0.47263506]))","['QwenPRM_min_scores (7.63B)', 'EurusPRMStage1_min_scores (7.62B)', 'QwenPRM_avg_scores (7.63B)', 'EurusPRMStage2_avg_scores (7.62B)', 'QwenPRM_max_scores (7.63B)', 'GPM (8B)', 'EurusPRMStage2_min_scores (7.62B)']","[0.2553050953123055, 0.059336682467917276, 0.6689083137030727, 0.6695527502453799, 0.9667981970210411, 0.9667981970210411, 0.9997262578874878, 0.03326934345208272, 0.16860916899480996, 0.952796403228692, 0.16860916899480996, 0.9997262578874878, 0.9997262578874878, 0.16860916899480996, 0.9958421114842271, 0.16860916899480996, 0.2553050953123055, 0.9958421114842271, 0.774022263868793, 0.9997262578874878, 0.9501970953085207, 0.9667981970210411, 0.962172162936037, 0.6689083137030727, 0.9667981970210411, 0.9997262578874878, 0.9667981970210411, 0.9960689752839179, 0.9620660598961284, 0.9997262578874878, 0.9997262578874878, 0.9667981970210411, 0.9997262578874878, 0.962172162936037, 0.9667981970210411, 0.9997262578874878, 0.16860916899480996, 0.9667981970210411, 0.03326934345208272, 0.6695527502453799, 0.2553050953123055, 0.6689083137030727, 0.16860916899480996, 0.9997262578874878, 0.9620660598961284, 0.16860916899480996, 0.24528135044682473, 0.962172162936037, 0.9997262578874878, 0.6689083137030727, 0.16860916899480996, 0.952796403228692, 0.9667981970210411, 0.16860916899480996, 0.16860916899480996, 0.6569716759307468, 0.6689083137030727, 0.24528135044682473, 0.6569716759307468, 0.03326934345208272, 0.6689083137030727, 0.16860916899480996, 0.24528135044682473, 0.16860916899480996, 0.006635246956690763, 0.962172162936037, 0.9667981970210411, 0.03326934345208272, 0.9997262578874878, 0.16860916899480996, 0.8316852896060785, 0.9997262578874878, 0.9620660598961284, 0.9997262578874878, 0.6689083137030727, 0.03326934345208272, 0.9972717715033825, 0.9997262578874878, 0.24528135044682473, 0.6689083137030727, 0.962172162936037, 0.9997262578874878, 0.9965744612036076, 0.9997262578874878, 0.9958541484122096, 0.03326934345208272, 0.9997262578874878, 0.9997262578874878, 0.03326934345208272, 0.2553050953123055, 0.16860916899480996, 0.03326934345208272, 0.9960689752839179, 0.962172162936037, 0.962172162936037, 0.16860916899480996, 0.6695527502453799, 0.8316852896060785, 0.03326934345208272, 0.962172162936037]",24,train,9
0.82,0,82,8,10,100,33,0,1,0,0,0,1,2,0,1,0,1,0,0,"(array([0.44203988, 0.67526847, 0.53231394, 0.4718577 , 0.81916422,
       0.4131909 , 0.52038801]), array([0.96222311, 0.75019062, 0.912265  , 0.94817054, 0.53580958,
       0.94405925, 0.91680199]), array([0.05371158, 0.26863867, 0.10577004, 0.06850419, 0.48130608,
       0.07149726, 0.1010346 ]), array([0.54943138, 0.31999436, 0.46087578, 0.52026153, 0.17699856,
       0.57772326, 0.47263506]))","['QwenPRM_min_scores (7.63B)', 'EurusPRMStage1_min_scores (7.62B)', 'QwenPRM_avg_scores (7.63B)', 'EurusPRMStage2_avg_scores (7.62B)', 'QwenPRM_max_scores (7.63B)', 'GPM (8B)', 'EurusPRMStage2_min_scores (7.62B)']","[0.03326934345208272, 0.03326934345208272, 0.006635246956690763, 0.006635246956690763, 0.059336682467917276, 0.03326934345208272, 0.03326934345208272, 0.03326934345208272, 0.03326934345208272, 0.006635246956690763, 0.03787201479853098, 0.006635246956690763, 0.006635246956690763, 0.6695527502453799, 0.03326934345208272, 0.03326934345208272, 0.8315608147713702, 0.03326934345208272, 0.006635246956690763, 0.03326934345208272, 0.03326934345208272, 0.03787201479853098, 0.03787201479853098, 0.006635246956690763, 0.006635246956690763, 0.03326934345208272, 0.03326934345208272, 0.006635246956690763, 0.03326934345208272, 0.03326934345208272, 0.7179809979859836, 0.03326934345208272, 0.006635246956690763, 0.962172162936037, 0.03326934345208272, 0.03787201479853098, 0.16860916899480996, 0.03326934345208272, 0.03326934345208272, 0.059336682467917276, 0.03326934345208272, 0.03326934345208272, 0.16860916899480996, 0.03326934345208272, 0.03326934345208272, 0.16860916899480996, 0.03326934345208272, 0.03326934345208272, 0.03326934345208272, 0.8315608147713702, 0.16860916899480996, 0.03326934345208272, 0.03326934345208272, 0.006635246956690763, 0.03787201479853098, 0.03326934345208272, 0.03326934345208272, 0.03326934345208272, 0.006635246956690763, 0.03326934345208272, 0.03326934345208272, 0.16860916899480996, 0.03326934345208272, 0.03326934345208272, 0.03326934345208272, 0.006635246956690763, 0.006635246956690763, 0.03326934345208272, 0.16860916899480996, 0.03326934345208272, 0.03326934345208272, 0.006635246956690763, 0.03326934345208272, 0.03326934345208272, 0.006635246956690763, 0.03326934345208272, 0.03326934345208272, 0.16860916899480996, 0.28226470009390175, 0.03326934345208272, 0.962172162936037, 0.3016825817152708, 0.03326934345208272, 0.03326934345208272, 0.03326934345208272, 0.006635246956690763, 0.006635246956690763, 0.03326934345208272, 0.16860916899480996, 0.03326934345208272, 0.03326934345208272, 0.03326934345208272, 0.03326934345208272, 0.8118965940980384, 0.8118965940980384, 0.03326934345208272, 0.006635246956690763, 0.03326934345208272, 0.03326934345208272, 0.16860916899480996]",25,train,1
0.74,0,74,24,2,100,65,0,1,0,0,0,1,65,1,0,0,0,1,0,"(array([0.44203988, 0.67526847, 0.53231394, 0.4718577 , 0.81916422,
       0.4131909 , 0.52038801]), array([0.96222311, 0.75019062, 0.912265  , 0.94817054, 0.53580958,
       0.94405925, 0.91680199]), array([0.05371158, 0.26863867, 0.10577004, 0.06850419, 0.48130608,
       0.07149726, 0.1010346 ]), array([0.54943138, 0.31999436, 0.46087578, 0.52026153, 0.17699856,
       0.57772326, 0.47263506]))","['QwenPRM_min_scores (7.63B)', 'EurusPRMStage1_min_scores (7.62B)', 'QwenPRM_avg_scores (7.63B)', 'EurusPRMStage2_avg_scores (7.62B)', 'QwenPRM_max_scores (7.63B)', 'GPM (8B)', 'EurusPRMStage2_min_scores (7.62B)']","[0.2709929528061055, 0.6569716759307468, 0.03326934345208272, 0.03787201479853098, 0.006635246956690763, 0.16860916899480996, 0.006635246956690763, 0.006635246956690763, 0.006635246956690763, 0.03787201479853098, 0.006635246956690763, 0.03326934345208272, 0.03787201479853098, 0.962172162936037, 0.03787201479853098, 0.03787201479853098, 0.6695527502453799, 0.2558589886558321, 0.03787201479853098, 0.03326934345208272, 0.6695527502453799, 0.28226470009390175, 0.03326934345208272, 0.4558559061207098, 0.6569716759307468, 0.006635246956690763, 0.16860916899480996, 0.03326934345208272, 0.03787201479853098, 0.006635246956690763, 0.03326934345208272, 0.03326934345208272, 0.16860916899480996, 0.03326934345208272, 0.6695527502453799, 0.16860916899480996, 0.03787201479853098, 0.03787201479853098, 0.006635246956690763, 0.6689083137030727, 0.006635246956690763, 0.006635246956690763, 0.059336682467917276, 0.03787201479853098, 0.03326934345208272, 0.03326934345208272, 0.24528135044682473, 0.006635246956690763, 0.006635246956690763, 0.03326934345208272, 0.03787201479853098, 0.6695527502453799, 0.6695527502453799, 0.06256024107084608, 0.28226470009390175, 0.03787201479853098, 0.006635246956690763, 0.952796403228692, 0.6689083137030727, 0.6695527502453799, 0.8235220869702253, 0.03326934345208272, 0.03787201479853098, 0.06256024107084608, 0.03326934345208272, 0.9960689752839179, 0.03326934345208272, 0.6695527502453799, 0.24528135044682473, 0.03326934345208272, 0.6689083137030727, 0.6695527502453799, 0.6689083137030727, 0.03326934345208272, 0.28226470009390175, 0.6695527502453799, 0.03326934345208272, 0.059336682467917276, 0.03326934345208272, 0.2709929528061055, 0.2709929528061055, 0.03787201479853098, 0.006635246956690763, 0.03326934345208272, 0.006635246956690763, 0.6569716759307468, 0.03326934345208272, 0.16860916899480996, 0.03326934345208272, 0.6695527502453799, 0.6695527502453799, 0.059336682467917276, 0.962172162936037, 0.2558589886558321, 0.03326934345208272, 0.03326934345208272, 0.2709929528061055, 0.962172162936037, 0.03326934345208272, 0.03787201479853098]",26,train,0
0.88,75,13,6,6,100,1,1,1,1,0,0,0,1,1,1,1,0,0,0,"(array([0.44203988, 0.67526847, 0.53231394, 0.4718577 , 0.81916422,
       0.4131909 , 0.52038801]), array([0.96222311, 0.75019062, 0.912265  , 0.94817054, 0.53580958,
       0.94405925, 0.91680199]), array([0.05371158, 0.26863867, 0.10577004, 0.06850419, 0.48130608,
       0.07149726, 0.1010346 ]), array([0.54943138, 0.31999436, 0.46087578, 0.52026153, 0.17699856,
       0.57772326, 0.47263506]))","['QwenPRM_min_scores (7.63B)', 'EurusPRMStage1_min_scores (7.62B)', 'QwenPRM_avg_scores (7.63B)', 'EurusPRMStage2_avg_scores (7.62B)', 'QwenPRM_max_scores (7.63B)', 'GPM (8B)', 'EurusPRMStage2_min_scores (7.62B)']","[0.962172162936037, 0.9997262578874878, 0.962172162936037, 0.7179809979859836, 0.9965744612036076, 0.9667981970210411, 0.9960689752839179, 0.9960689752839179, 0.962172162936037, 0.9960689752839179, 0.9960689752839179, 0.2553050953123055, 0.9983889926659717, 0.962172162936037, 0.977271600348048, 0.9997262578874878, 0.2558589886558321, 0.6689083137030727, 0.9960689752839179, 0.006635246956690763, 0.9965744612036076, 0.03326934345208272, 0.9960689752839179, 0.962172162936037, 0.9960689752839179, 0.9997262578874878, 0.9960689752839179, 0.03326934345208272, 0.9667981970210411, 0.6695527502453799, 0.9960689752839179, 0.9997262578874878, 0.6689083137030727, 0.952796403228692, 0.774022263868793, 0.8316852896060785, 0.9997262578874878, 0.9997262578874878, 0.9983889926659717, 0.962172162936037, 0.6689083137030727, 0.16860916899480996, 0.006635246956690763, 0.9965744612036076, 0.962172162936037, 0.9997262578874878, 0.6695527502453799, 0.9960689752839179, 0.9997262578874878, 0.9997262578874878, 0.9997262578874878, 0.9997262578874878, 0.962172162936037, 0.8315608147713702, 0.8118965940980384, 0.2558589886558321, 0.962172162936037, 0.9997262578874878, 0.962172162936037, 0.6689083137030727, 0.006635246956690763, 0.9997262578874878, 0.6695527502453799, 0.9997262578874878, 0.9801460399114345, 0.9997262578874878, 0.03326934345208272, 0.9997262578874878, 0.962172162936037, 0.962172162936037, 0.16860916899480996, 0.9985912346565152, 0.9985912346565152, 0.6689083137030727, 0.9960689752839179, 0.9667981970210411, 0.03326934345208272, 0.06238972400271137, 0.962172162936037, 0.03326934345208272, 0.6695527502453799, 0.03326934345208272, 0.006635246956690763, 0.7179809979859836, 0.962172162936037, 0.952796403228692, 0.9997262578874878, 0.9997262578874878, 0.952796403228692, 0.03326934345208272, 0.9620660598961284, 0.9960689752839179, 0.962172162936037, 0.2553050953123055, 0.9997262578874878, 0.9960689752839179, 0.16860916899480996, 0.9972717715033825, 0.9960689752839179, 0.962172162936037]",27,train,8
0.89,0,89,9,2,100,7,0,1,0,0,0,1,9,0,1,0,1,0,0,"(array([0.44203988, 0.67526847, 0.53231394, 0.4718577 , 0.81916422,
       0.4131909 , 0.52038801]), array([0.96222311, 0.75019062, 0.912265  , 0.94817054, 0.53580958,
       0.94405925, 0.91680199]), array([0.05371158, 0.26863867, 0.10577004, 0.06850419, 0.48130608,
       0.07149726, 0.1010346 ]), array([0.54943138, 0.31999436, 0.46087578, 0.52026153, 0.17699856,
       0.57772326, 0.47263506]))","['QwenPRM_min_scores (7.63B)', 'EurusPRMStage1_min_scores (7.62B)', 'QwenPRM_avg_scores (7.63B)', 'EurusPRMStage2_avg_scores (7.62B)', 'QwenPRM_max_scores (7.63B)', 'GPM (8B)', 'EurusPRMStage2_min_scores (7.62B)']","[0.03326934345208272, 0.16860916899480996, 0.03326934345208272, 0.774022263868793, 0.03326934345208272, 0.16860916899480996, 0.03326934345208272, 0.962172162936037, 0.03326934345208272, 0.006635246956690763, 0.03326934345208272, 0.03326934345208272, 0.006635246956690763, 0.6695527502453799, 0.03326934345208272, 0.03326934345208272, 0.16860916899480996, 0.03326934345208272, 0.006635246956690763, 0.03326934345208272, 0.16860916899480996, 0.03326934345208272, 0.006635246956690763, 0.03326934345208272, 0.03326934345208272, 0.03326934345208272, 0.6695527502453799, 0.03326934345208272, 0.03326934345208272, 0.006635246956690763, 0.006635246956690763, 0.03326934345208272, 0.006635246956690763, 0.03326934345208272, 0.03326934345208272, 0.03326934345208272, 0.006635246956690763, 0.6695527502453799, 0.006635246956690763, 0.6695527502453799, 0.006635246956690763, 0.03326934345208272, 0.03326934345208272, 0.006635246956690763, 0.006635246956690763, 0.03326934345208272, 0.03326934345208272, 0.03326934345208272, 0.03326934345208272, 0.006635246956690763, 0.03326934345208272, 0.03326934345208272, 0.03326934345208272, 0.03326934345208272, 0.006635246956690763, 0.006635246956690763, 0.16860916899480996, 0.03326934345208272, 0.03326934345208272, 0.03326934345208272, 0.03326934345208272, 0.03326934345208272, 0.03326934345208272, 0.006635246956690763, 0.03326934345208272, 0.16860916899480996, 0.962172162936037, 0.006635246956690763, 0.03326934345208272, 0.006635246956690763, 0.006635246956690763, 0.006635246956690763, 0.03326934345208272, 0.6695527502453799, 0.006635246956690763, 0.03326934345208272, 0.6695527502453799, 0.006635246956690763, 0.006635246956690763, 0.03326934345208272, 0.16860916899480996, 0.006635246956690763, 0.006635246956690763, 0.16860916899480996, 0.03326934345208272, 0.03326934345208272, 0.006635246956690763, 0.03326934345208272, 0.03326934345208272, 0.006635246956690763, 0.03326934345208272, 0.03326934345208272, 0.03326934345208272, 0.03326934345208272, 0.03326934345208272, 0.03326934345208272, 0.28226470009390175, 0.006635246956690763, 0.006635246956690763, 0.03326934345208272]",28,train,0
0.83,21,62,3,14,100,4,1,1,1,0,0,0,4,1,1,1,0,0,0,"(array([0.44203988, 0.67526847, 0.53231394, 0.4718577 , 0.81916422,
       0.4131909 , 0.52038801]), array([0.96222311, 0.75019062, 0.912265  , 0.94817054, 0.53580958,
       0.94405925, 0.91680199]), array([0.05371158, 0.26863867, 0.10577004, 0.06850419, 0.48130608,
       0.07149726, 0.1010346 ]), array([0.54943138, 0.31999436, 0.46087578, 0.52026153, 0.17699856,
       0.57772326, 0.47263506]))","['QwenPRM_min_scores (7.63B)', 'EurusPRMStage1_min_scores (7.62B)', 'QwenPRM_avg_scores (7.63B)', 'EurusPRMStage2_avg_scores (7.62B)', 'QwenPRM_max_scores (7.63B)', 'GPM (8B)', 'EurusPRMStage2_min_scores (7.62B)']","[0.03326934345208272, 0.03326934345208272, 0.16860916899480996, 0.9667981970210411, 0.9997262578874878, 0.03326934345208272, 0.03326934345208272, 0.03326934345208272, 0.8118965940980384, 0.9960689752839179, 0.03326934345208272, 0.03326934345208272, 0.03326934345208272, 0.03326934345208272, 0.03326934345208272, 0.03326934345208272, 0.03326934345208272, 0.962172162936037, 0.03326934345208272, 0.03326934345208272, 0.006635246956690763, 0.03326934345208272, 0.03326934345208272, 0.03326934345208272, 0.3016825817152708, 0.03326934345208272, 0.03326934345208272, 0.2558589886558321, 0.03326934345208272, 0.006635246956690763, 0.962172162936037, 0.16860916899480996, 0.03326934345208272, 0.03326934345208272, 0.6695527502453799, 0.962172162936037, 0.2558589886558321, 0.9960689752839179, 0.006635246956690763, 0.006635246956690763, 0.03326934345208272, 0.03326934345208272, 0.16860916899480996, 0.6695527502453799, 0.03326934345208272, 0.03326934345208272, 0.03326934345208272, 0.7179809979859836, 0.774022263868793, 0.9997262578874878, 0.03326934345208272, 0.03326934345208272, 0.03326934345208272, 0.03326934345208272, 0.16860916899480996, 0.03326934345208272, 0.952796403228692, 0.9997262578874878, 0.03326934345208272, 0.03326934345208272, 0.03326934345208272, 0.03326934345208272, 0.03326934345208272, 0.03326934345208272, 0.9997262578874878, 0.6695527502453799, 0.03326934345208272, 0.03326934345208272, 0.28226470009390175, 0.03326934345208272, 0.03326934345208272, 0.962172162936037, 0.03326934345208272, 0.03326934345208272, 0.962172162936037, 0.16860916899480996, 0.03326934345208272, 0.6689083137030727, 0.03326934345208272, 0.03326934345208272, 0.03326934345208272, 0.03326934345208272, 0.9960689752839179, 0.03326934345208272, 0.9960689752839179, 0.6689083137030727, 0.03326934345208272, 0.03326934345208272, 0.03326934345208272, 0.16860916899480996, 0.03326934345208272, 0.03326934345208272, 0.006635246956690763, 0.03326934345208272, 0.03326934345208272, 0.03326934345208272, 0.03326934345208272, 0.03326934345208272, 0.03326934345208272, 0.962172162936037]",29,train,3
0.98,1,97,0,2,100,89,1,1,1,0,0,0,1,0,1,0,1,0,0,"(array([0.44203988, 0.67526847, 0.53231394, 0.4718577 , 0.81916422,
       0.4131909 , 0.52038801]), array([0.96222311, 0.75019062, 0.912265  , 0.94817054, 0.53580958,
       0.94405925, 0.91680199]), array([0.05371158, 0.26863867, 0.10577004, 0.06850419, 0.48130608,
       0.07149726, 0.1010346 ]), array([0.54943138, 0.31999436, 0.46087578, 0.52026153, 0.17699856,
       0.57772326, 0.47263506]))","['QwenPRM_min_scores (7.63B)', 'EurusPRMStage1_min_scores (7.62B)', 'QwenPRM_avg_scores (7.63B)', 'EurusPRMStage2_avg_scores (7.62B)', 'QwenPRM_max_scores (7.63B)', 'GPM (8B)', 'EurusPRMStage2_min_scores (7.62B)']","[0.03326934345208272, 0.006635246956690763, 0.006635246956690763, 0.03326934345208272, 0.006635246956690763, 0.03326934345208272, 0.006635246956690763, 0.006635246956690763, 0.006635246956690763, 0.006635246956690763, 0.006635246956690763, 0.03326934345208272, 0.006635246956690763, 0.006635246956690763, 0.006635246956690763, 0.006635246956690763, 0.03326934345208272, 0.006635246956690763, 0.03326934345208272, 0.006635246956690763, 0.006635246956690763, 0.006635246956690763, 0.16860916899480996, 0.006635246956690763, 0.2709929528061055, 0.03787201479853098, 0.03787201479853098, 0.03787201479853098, 0.3016825817152708, 0.03326934345208272, 0.006635246956690763, 0.006635246956690763, 0.006635246956690763, 0.03326934345208272, 0.03326934345208272, 0.059336682467917276, 0.03787201479853098, 0.03326934345208272, 0.006635246956690763, 0.16860916899480996, 0.03326934345208272, 0.03326934345208272, 0.006635246956690763, 0.03326934345208272, 0.006635246956690763, 0.03326934345208272, 0.006635246956690763, 0.03326934345208272, 0.03326934345208272, 0.006635246956690763, 0.16860916899480996, 0.006635246956690763, 0.006635246956690763, 0.006635246956690763, 0.03326934345208272, 0.006635246956690763, 0.006635246956690763, 0.03326934345208272, 0.006635246956690763, 0.03326934345208272, 0.03326934345208272, 0.006635246956690763, 0.006635246956690763, 0.03326934345208272, 0.006635246956690763, 0.03326934345208272, 0.03326934345208272, 0.03326934345208272, 0.03326934345208272, 0.07736374473917758, 0.03326934345208272, 0.03326934345208272, 0.006635246956690763, 0.03326934345208272, 0.006635246956690763, 0.006635246956690763, 0.006635246956690763, 0.03326934345208272, 0.006635246956690763, 0.03326934345208272, 0.28226470009390175, 0.006635246956690763, 0.006635246956690763, 0.006635246956690763, 0.03326934345208272, 0.006635246956690763, 0.3016825817152708, 0.03326934345208272, 0.03787201479853098, 0.6695527502453799, 0.03326934345208272, 0.03326934345208272, 0.006635246956690763, 0.006635246956690763, 0.03326934345208272, 0.16860916899480996, 0.006635246956690763, 0.006635246956690763, 0.03326934345208272, 0.03326934345208272]",30,train,0
0.88,16,72,2,10,100,12,1,1,1,0,0,0,12,1,1,1,0,0,0,"(array([0.44203988, 0.67526847, 0.53231394, 0.4718577 , 0.81916422,
       0.4131909 , 0.52038801]), array([0.96222311, 0.75019062, 0.912265  , 0.94817054, 0.53580958,
       0.94405925, 0.91680199]), array([0.05371158, 0.26863867, 0.10577004, 0.06850419, 0.48130608,
       0.07149726, 0.1010346 ]), array([0.54943138, 0.31999436, 0.46087578, 0.52026153, 0.17699856,
       0.57772326, 0.47263506]))","['QwenPRM_min_scores (7.63B)', 'EurusPRMStage1_min_scores (7.62B)', 'QwenPRM_avg_scores (7.63B)', 'EurusPRMStage2_avg_scores (7.62B)', 'QwenPRM_max_scores (7.63B)', 'GPM (8B)', 'EurusPRMStage2_min_scores (7.62B)']","[0.006635246956690763, 0.006635246956690763, 0.952796403228692, 0.006635246956690763, 0.9965744612036076, 0.9963766634397356, 0.006635246956690763, 0.03326934345208272, 0.006635246956690763, 0.03326934345208272, 0.6689083137030727, 0.006635246956690763, 0.9997262578874878, 0.006635246956690763, 0.03326934345208272, 0.03326934345208272, 0.03326934345208272, 0.006635246956690763, 0.006635246956690763, 0.03326934345208272, 0.16860916899480996, 0.006635246956690763, 0.03787201479853098, 0.059336682467917276, 0.006635246956690763, 0.006635246956690763, 0.006635246956690763, 0.059336682467917276, 0.006635246956690763, 0.006635246956690763, 0.03326934345208272, 0.006635246956690763, 0.006635246956690763, 0.6689083137030727, 0.24528135044682473, 0.03326934345208272, 0.03326934345208272, 0.6689083137030727, 0.6689083137030727, 0.006635246956690763, 0.03326934345208272, 0.006635246956690763, 0.03326934345208272, 0.006635246956690763, 0.8235220869702253, 0.2553050953123055, 0.03326934345208272, 0.03326934345208272, 0.006635246956690763, 0.03326934345208272, 0.006635246956690763, 0.03326934345208272, 0.006635246956690763, 0.03326934345208272, 0.03326934345208272, 0.03326934345208272, 0.006635246956690763, 0.03787201479853098, 0.059336682467917276, 0.03326934345208272, 0.03787201479853098, 0.006635246956690763, 0.03326934345208272, 0.9667981970210411, 0.006635246956690763, 0.006635246956690763, 0.006635246956690763, 0.6689083137030727, 0.6689083137030727, 0.006635246956690763, 0.006635246956690763, 0.03326934345208272, 0.7640167937753356, 0.962172162936037, 0.006635246956690763, 0.2553050953123055, 0.03326934345208272, 0.059336682467917276, 0.006635246956690763, 0.6689083137030727, 0.03326934345208272, 0.006635246956690763, 0.03326934345208272, 0.006635246956690763, 0.2553050953123055, 0.006635246956690763, 0.2553050953123055, 0.006635246956690763, 0.03326934345208272, 0.9667981970210411, 0.24528135044682473, 0.03326934345208272, 0.9997262578874878, 0.03326934345208272, 0.006635246956690763, 0.2553050953123055, 0.2709929528061055, 0.03326934345208272, 0.9667981970210411, 0.03326934345208272]",31,train,2
0.73,10,63,0,27,100,48,1,1,1,0,0,0,48,1,1,1,0,0,0,"(array([0.44203988, 0.67526847, 0.53231394, 0.4718577 , 0.81916422,
       0.4131909 , 0.52038801]), array([0.96222311, 0.75019062, 0.912265  , 0.94817054, 0.53580958,
       0.94405925, 0.91680199]), array([0.05371158, 0.26863867, 0.10577004, 0.06850419, 0.48130608,
       0.07149726, 0.1010346 ]), array([0.54943138, 0.31999436, 0.46087578, 0.52026153, 0.17699856,
       0.57772326, 0.47263506]))","['QwenPRM_min_scores (7.63B)', 'EurusPRMStage1_min_scores (7.62B)', 'QwenPRM_avg_scores (7.63B)', 'EurusPRMStage2_avg_scores (7.62B)', 'QwenPRM_max_scores (7.63B)', 'GPM (8B)', 'EurusPRMStage2_min_scores (7.62B)']","[0.03326934345208272, 0.006635246956690763, 0.006635246956690763, 0.16860916899480996, 0.059336682467917276, 0.006635246956690763, 0.6695527502453799, 0.962172162936037, 0.006635246956690763, 0.03787201479853098, 0.962172162936037, 0.03326934345208272, 0.03326934345208272, 0.006635246956690763, 0.16860916899480996, 0.006635246956690763, 0.16860916899480996, 0.006635246956690763, 0.006635246956690763, 0.03326934345208272, 0.059336682467917276, 0.2709929528061055, 0.03326934345208272, 0.006635246956690763, 0.059336682467917276, 0.006635246956690763, 0.16860916899480996, 0.006635246956690763, 0.28226470009390175, 0.006635246956690763, 0.03787201479853098, 0.16860916899480996, 0.006635246956690763, 0.006635246956690763, 0.03326934345208272, 0.006635246956690763, 0.03326934345208272, 0.03326934345208272, 0.006635246956690763, 0.03326934345208272, 0.03326934345208272, 0.006635246956690763, 0.006635246956690763, 0.006635246956690763, 0.9667981970210411, 0.006635246956690763, 0.006635246956690763, 0.006635246956690763, 0.9997262578874878, 0.006635246956690763, 0.962172162936037, 0.059336682467917276, 0.03326934345208272, 0.006635246956690763, 0.006635246956690763, 0.059336682467917276, 0.006635246956690763, 0.006635246956690763, 0.03326934345208272, 0.03326934345208272, 0.03326934345208272, 0.006635246956690763, 0.16860916899480996, 0.059336682467917276, 0.03326934345208272, 0.006635246956690763, 0.9997262578874878, 0.03787201479853098, 0.006635246956690763, 0.006635246956690763, 0.03787201479853098, 0.059336682467917276, 0.9960689752839179, 0.006635246956690763, 0.006635246956690763, 0.059336682467917276, 0.006635246956690763, 0.16860916899480996, 0.03326934345208272, 0.006635246956690763, 0.059336682467917276, 0.006635246956690763, 0.006635246956690763, 0.006635246956690763, 0.006635246956690763, 0.006635246956690763, 0.059336682467917276, 0.006635246956690763, 0.006635246956690763, 0.059336682467917276, 0.059336682467917276, 0.006635246956690763, 0.059336682467917276, 0.16860916899480996, 0.006635246956690763, 0.6689083137030727, 0.006635246956690763, 0.059336682467917276, 0.006635246956690763, 0.9960689752839179]",32,train,3
0.78,73,5,0,22,100,9,1,1,1,0,0,0,9,1,1,1,0,0,0,"(array([0.44203988, 0.67526847, 0.53231394, 0.4718577 , 0.81916422,
       0.4131909 , 0.52038801]), array([0.96222311, 0.75019062, 0.912265  , 0.94817054, 0.53580958,
       0.94405925, 0.91680199]), array([0.05371158, 0.26863867, 0.10577004, 0.06850419, 0.48130608,
       0.07149726, 0.1010346 ]), array([0.54943138, 0.31999436, 0.46087578, 0.52026153, 0.17699856,
       0.57772326, 0.47263506]))","['QwenPRM_min_scores (7.63B)', 'EurusPRMStage1_min_scores (7.62B)', 'QwenPRM_avg_scores (7.63B)', 'EurusPRMStage2_avg_scores (7.62B)', 'QwenPRM_max_scores (7.63B)', 'GPM (8B)', 'EurusPRMStage2_min_scores (7.62B)']","[0.9667981970210411, 0.9963766634397356, 0.7640167937753356, 0.6569716759307468, 0.03326934345208272, 0.9963766634397356, 0.8316852896060785, 0.16860916899480996, 0.6569716759307468, 0.9997262578874878, 0.9965744612036076, 0.6689083137030727, 0.8316852896060785, 0.2553050953123055, 0.9501970953085207, 0.9667981970210411, 0.9997262578874878, 0.03326934345208272, 0.9997262578874878, 0.9997262578874878, 0.9997262578874878, 0.9667981970210411, 0.9997262578874878, 0.6689083137030727, 0.03326934345208272, 0.9667981970210411, 0.9997262578874878, 0.9997262578874878, 0.6689083137030727, 0.9501970953085207, 0.9997262578874878, 0.03326934345208272, 0.9667981970210411, 0.03326934345208272, 0.9501970953085207, 0.03326934345208272, 0.9960689752839179, 0.6689083137030727, 0.6689083137030727, 0.9667981970210411, 0.9997262578874878, 0.6689083137030727, 0.24528135044682473, 0.6689083137030727, 0.9997262578874878, 0.9667981970210411, 0.03326934345208272, 0.9997262578874878, 0.16860916899480996, 0.2553050953123055, 0.9965744612036076, 0.03326934345208272, 0.9997262578874878, 0.2553050953123055, 0.9958541484122096, 0.9960689752839179, 0.6569716759307468, 0.2553050953123055, 0.9963766634397356, 0.9997262578874878, 0.6689083137030727, 0.9965744612036076, 0.9667981970210411, 0.03326934345208272, 0.03326934345208272, 0.9501970953085207, 0.16860916899480996, 0.6689083137030727, 0.16860916899480996, 0.6689083137030727, 0.03326934345208272, 0.2553050953123055, 0.8316852896060785, 0.6689083137030727, 0.9667981970210411, 0.9997262578874878, 0.9790196014481732, 0.7640167937753356, 0.8316852896060785, 0.9997262578874878, 0.16860916899480996, 0.6689083137030727, 0.8316852896060785, 0.24528135044682473, 0.9501970953085207, 0.9501970953085207, 0.9965744612036076, 0.9997262578874878, 0.6689083137030727, 0.03326934345208272, 0.9963766634397356, 0.9995822714113272, 0.999710398560126, 0.7640167937753356, 0.2553050953123055, 0.16860916899480996, 0.2553050953123055, 0.9963766634397356, 0.9960689752839179, 0.9620660598961284]",33,train,9
0.97,0,97,1,2,100,79,0,1,0,0,0,1,0,0,1,0,1,0,0,"(array([0.44203988, 0.67526847, 0.53231394, 0.4718577 , 0.81916422,
       0.4131909 , 0.52038801]), array([0.96222311, 0.75019062, 0.912265  , 0.94817054, 0.53580958,
       0.94405925, 0.91680199]), array([0.05371158, 0.26863867, 0.10577004, 0.06850419, 0.48130608,
       0.07149726, 0.1010346 ]), array([0.54943138, 0.31999436, 0.46087578, 0.52026153, 0.17699856,
       0.57772326, 0.47263506]))","['QwenPRM_min_scores (7.63B)', 'EurusPRMStage1_min_scores (7.62B)', 'QwenPRM_avg_scores (7.63B)', 'EurusPRMStage2_avg_scores (7.62B)', 'QwenPRM_max_scores (7.63B)', 'GPM (8B)', 'EurusPRMStage2_min_scores (7.62B)']","[0.006635246956690763, 0.006635246956690763, 0.006635246956690763, 0.03326934345208272, 0.006635246956690763, 0.006635246956690763, 0.006635246956690763, 0.006635246956690763, 0.006635246956690763, 0.006635246956690763, 0.03326934345208272, 0.006635246956690763, 0.006635246956690763, 0.006635246956690763, 0.03326934345208272, 0.006635246956690763, 0.006635246956690763, 0.006635246956690763, 0.006635246956690763, 0.006635246956690763, 0.03326934345208272, 0.006635246956690763, 0.006635246956690763, 0.03326934345208272, 0.03326934345208272, 0.03326934345208272, 0.006635246956690763, 0.03326934345208272, 0.006635246956690763, 0.006635246956690763, 0.006635246956690763, 0.006635246956690763, 0.006635246956690763, 0.006635246956690763, 0.006635246956690763, 0.03326934345208272, 0.006635246956690763, 0.03326934345208272, 0.06256024107084608, 0.03787201479853098, 0.006635246956690763, 0.006635246956690763, 0.006635246956690763, 0.006635246956690763, 0.006635246956690763, 0.03326934345208272, 0.03787201479853098, 0.006635246956690763, 0.006635246956690763, 0.006635246956690763, 0.03787201479853098, 0.006635246956690763, 0.006635246956690763, 0.006635246956690763, 0.006635246956690763, 0.006635246956690763, 0.03326934345208272, 0.16860916899480996, 0.006635246956690763, 0.03326934345208272, 0.006635246956690763, 0.006635246956690763, 0.006635246956690763, 0.006635246956690763, 0.006635246956690763, 0.006635246956690763, 0.03326934345208272, 0.006635246956690763, 0.03326934345208272, 0.16860916899480996, 0.006635246956690763, 0.006635246956690763, 0.006635246956690763, 0.006635246956690763, 0.03326934345208272, 0.03326934345208272, 0.006635246956690763, 0.16860916899480996, 0.03326934345208272, 0.962172162936037, 0.006635246956690763, 0.006635246956690763, 0.006635246956690763, 0.03326934345208272, 0.03787201479853098, 0.03326934345208272, 0.006635246956690763, 0.16860916899480996, 0.03326934345208272, 0.006635246956690763, 0.006635246956690763, 0.006635246956690763, 0.006635246956690763, 0.16860916899480996, 0.006635246956690763, 0.03326934345208272, 0.006635246956690763, 0.03787201479853098, 0.006635246956690763, 0.006635246956690763]",34,train,0
0.63,32,31,0,37,100,43,1,1,1,0,0,0,43,1,1,1,0,0,0,"(array([0.44203988, 0.67526847, 0.53231394, 0.4718577 , 0.81916422,
       0.4131909 , 0.52038801]), array([0.96222311, 0.75019062, 0.912265  , 0.94817054, 0.53580958,
       0.94405925, 0.91680199]), array([0.05371158, 0.26863867, 0.10577004, 0.06850419, 0.48130608,
       0.07149726, 0.1010346 ]), array([0.54943138, 0.31999436, 0.46087578, 0.52026153, 0.17699856,
       0.57772326, 0.47263506]))","['QwenPRM_min_scores (7.63B)', 'EurusPRMStage1_min_scores (7.62B)', 'QwenPRM_avg_scores (7.63B)', 'EurusPRMStage2_avg_scores (7.62B)', 'QwenPRM_max_scores (7.63B)', 'GPM (8B)', 'EurusPRMStage2_min_scores (7.62B)']","[0.006635246956690763, 0.2553050953123055, 0.006635246956690763, 0.6689083137030727, 0.9965744612036076, 0.9054993310356444, 0.9667981970210411, 0.006635246956690763, 0.006635246956690763, 0.03787201479853098, 0.6695527502453799, 0.8316852896060785, 0.03787201479853098, 0.9972717715033825, 0.9501970953085207, 0.952796403228692, 0.006635246956690763, 0.006635246956690763, 0.7966541924236513, 0.6695527502453799, 0.006635246956690763, 0.006635246956690763, 0.2553050953123055, 0.16860916899480996, 0.9965744612036076, 0.006635246956690763, 0.006635246956690763, 0.006635246956690763, 0.16860916899480996, 0.16860916899480996, 0.006635246956690763, 0.006635246956690763, 0.2553050953123055, 0.006635246956690763, 0.9965744612036076, 0.6695527502453799, 0.06256024107084608, 0.16860916899480996, 0.16860916899480996, 0.006635246956690763, 0.006635246956690763, 0.9983889926659717, 0.9965744612036076, 0.9997262578874878, 0.03787201479853098, 0.006635246956690763, 0.006635246956690763, 0.006635246956690763, 0.03787201479853098, 0.006635246956690763, 0.6695527502453799, 0.03326934345208272, 0.006635246956690763, 0.2553050953123055, 0.059336682467917276, 0.9965744612036076, 0.006635246956690763, 0.6689083137030727, 0.006635246956690763, 0.6689083137030727, 0.006635246956690763, 0.059336682467917276, 0.24528135044682473, 0.9960689752839179, 0.2709929528061055, 0.006635246956690763, 0.03326934345208272, 0.16860916899480996, 0.16860916899480996, 0.6689083137030727, 0.006635246956690763, 0.03326934345208272, 0.6689083137030727, 0.6695527502453799, 0.006635246956690763, 0.9668915195510116, 0.03326934345208272, 0.006635246956690763, 0.006635246956690763, 0.16860916899480996, 0.9997262578874878, 0.059336682467917276, 0.7640167937753356, 0.006635246956690763, 0.006635246956690763, 0.6695527502453799, 0.006635246956690763, 0.16860916899480996, 0.006635246956690763, 0.006635246956690763, 0.03787201479853098, 0.16860916899480996, 0.006635246956690763, 0.16860916899480996, 0.03787201479853098, 0.006635246956690763, 0.8316852896060785, 0.9965744612036076, 0.28226470009390175, 0.9503346826050156]",35,train,6
0.85,25,60,5,10,100,0,1,1,1,0,0,0,0,1,1,1,0,0,0,"(array([0.44203988, 0.67526847, 0.53231394, 0.4718577 , 0.81916422,
       0.4131909 , 0.52038801]), array([0.96222311, 0.75019062, 0.912265  , 0.94817054, 0.53580958,
       0.94405925, 0.91680199]), array([0.05371158, 0.26863867, 0.10577004, 0.06850419, 0.48130608,
       0.07149726, 0.1010346 ]), array([0.54943138, 0.31999436, 0.46087578, 0.52026153, 0.17699856,
       0.57772326, 0.47263506]))","['QwenPRM_min_scores (7.63B)', 'EurusPRMStage1_min_scores (7.62B)', 'QwenPRM_avg_scores (7.63B)', 'EurusPRMStage2_avg_scores (7.62B)', 'QwenPRM_max_scores (7.63B)', 'GPM (8B)', 'EurusPRMStage2_min_scores (7.62B)']","[0.9997262578874878, 0.03326934345208272, 0.962172162936037, 0.952796403228692, 0.03326934345208272, 0.7179809979859836, 0.9963766634397356, 0.16860916899480996, 0.03326934345208272, 0.9997262578874878, 0.03326934345208272, 0.6689083137030727, 0.03326934345208272, 0.03326934345208272, 0.03326934345208272, 0.03326934345208272, 0.952796403228692, 0.9667981970210411, 0.9997262578874878, 0.03326934345208272, 0.03326934345208272, 0.03326934345208272, 0.03326934345208272, 0.03326934345208272, 0.9620660598961284, 0.03326934345208272, 0.03326934345208272, 0.16860916899480996, 0.06256024107084608, 0.03326934345208272, 0.03326934345208272, 0.006635246956690763, 0.2558589886558321, 0.03326934345208272, 0.952796403228692, 0.6689083137030727, 0.2558589886558321, 0.6695527502453799, 0.03326934345208272, 0.28226470009390175, 0.03326934345208272, 0.962172162936037, 0.6689083137030727, 0.03326934345208272, 0.9960689752839179, 0.03326934345208272, 0.2558589886558321, 0.03326934345208272, 0.03326934345208272, 0.03326934345208272, 0.6695527502453799, 0.03326934345208272, 0.03326934345208272, 0.03326934345208272, 0.16860916899480996, 0.03326934345208272, 0.03326934345208272, 0.006635246956690763, 0.16860916899480996, 0.6695527502453799, 0.999710398560126, 0.03326934345208272, 0.962172162936037, 0.9965744612036076, 0.03326934345208272, 0.962172162936037, 0.03326934345208272, 0.006635246956690763, 0.9997262578874878, 0.03326934345208272, 0.9620660598961284, 0.006635246956690763, 0.03326934345208272, 0.9960689752839179, 0.2553050953123055, 0.16860916899480996, 0.03326934345208272, 0.16860916899480996, 0.03326934345208272, 0.3016825817152708, 0.006635246956690763, 0.006635246956690763, 0.9972717715033825, 0.03326934345208272, 0.03326934345208272, 0.03326934345208272, 0.006635246956690763, 0.962172162936037, 0.16860916899480996, 0.16860916899480996, 0.16860916899480996, 0.006635246956690763, 0.9667981970210411, 0.03326934345208272, 0.03326934345208272, 0.03326934345208272, 0.962172162936037, 0.03326934345208272, 0.03326934345208272, 0.16860916899480996]",36,train,3
0.69,0,69,0,31,100,0,1,1,1,0,0,0,4,0,1,0,1,0,0,"(array([0.44203988, 0.67526847, 0.53231394, 0.4718577 , 0.81916422,
       0.4131909 , 0.52038801]), array([0.96222311, 0.75019062, 0.912265  , 0.94817054, 0.53580958,
       0.94405925, 0.91680199]), array([0.05371158, 0.26863867, 0.10577004, 0.06850419, 0.48130608,
       0.07149726, 0.1010346 ]), array([0.54943138, 0.31999436, 0.46087578, 0.52026153, 0.17699856,
       0.57772326, 0.47263506]))","['QwenPRM_min_scores (7.63B)', 'EurusPRMStage1_min_scores (7.62B)', 'QwenPRM_avg_scores (7.63B)', 'EurusPRMStage2_avg_scores (7.62B)', 'QwenPRM_max_scores (7.63B)', 'GPM (8B)', 'EurusPRMStage2_min_scores (7.62B)']","[0.16860916899480996, 0.03787201479853098, 0.03326934345208272, 0.16860916899480996, 0.006635246956690763, 0.03326934345208272, 0.03326934345208272, 0.03326934345208272, 0.03326934345208272, 0.16860916899480996, 0.03326934345208272, 0.006635246956690763, 0.006635246956690763, 0.006635246956690763, 0.006635246956690763, 0.006635246956690763, 0.03326934345208272, 0.006635246956690763, 0.03326934345208272, 0.03326934345208272, 0.006635246956690763, 0.03326934345208272, 0.03326934345208272, 0.16860916899480996, 0.006635246956690763, 0.03787201479853098, 0.16860916899480996, 0.006635246956690763, 0.006635246956690763, 0.03787201479853098, 0.03787201479853098, 0.006635246956690763, 0.03326934345208272, 0.006635246956690763, 0.16860916899480996, 0.03326934345208272, 0.03326934345208272, 0.006635246956690763, 0.03326934345208272, 0.03326934345208272, 0.03326934345208272, 0.03787201479853098, 0.03326934345208272, 0.006635246956690763, 0.006635246956690763, 0.006635246956690763, 0.006635246956690763, 0.006635246956690763, 0.006635246956690763, 0.006635246956690763, 0.16860916899480996, 0.006635246956690763, 0.03326934345208272, 0.006635246956690763, 0.03326934345208272, 0.006635246956690763, 0.03326934345208272, 0.03326934345208272, 0.03326934345208272, 0.006635246956690763, 0.03326934345208272, 0.006635246956690763, 0.006635246956690763, 0.03326934345208272, 0.006635246956690763, 0.16860916899480996, 0.006635246956690763, 0.16860916899480996, 0.006635246956690763, 0.03326934345208272, 0.006635246956690763, 0.006635246956690763, 0.03787201479853098, 0.03326934345208272, 0.006635246956690763, 0.03326934345208272, 0.03787201479853098, 0.006635246956690763, 0.03787201479853098, 0.16860916899480996, 0.006635246956690763, 0.03326934345208272, 0.03787201479853098, 0.16860916899480996, 0.03326934345208272, 0.006635246956690763, 0.03326934345208272, 0.16860916899480996, 0.03326934345208272, 0.006635246956690763, 0.006635246956690763, 0.006635246956690763, 0.03326934345208272, 0.006635246956690763, 0.03787201479853098, 0.006635246956690763, 0.006635246956690763, 0.006635246956690763, 0.16860916899480996, 0.006635246956690763]",37,train,3
0.82,14,68,0,18,100,16,1,1,1,0,0,0,16,1,1,1,0,0,0,"(array([0.44203988, 0.67526847, 0.53231394, 0.4718577 , 0.81916422,
       0.4131909 , 0.52038801]), array([0.96222311, 0.75019062, 0.912265  , 0.94817054, 0.53580958,
       0.94405925, 0.91680199]), array([0.05371158, 0.26863867, 0.10577004, 0.06850419, 0.48130608,
       0.07149726, 0.1010346 ]), array([0.54943138, 0.31999436, 0.46087578, 0.52026153, 0.17699856,
       0.57772326, 0.47263506]))","['QwenPRM_min_scores (7.63B)', 'EurusPRMStage1_min_scores (7.62B)', 'QwenPRM_avg_scores (7.63B)', 'EurusPRMStage2_avg_scores (7.62B)', 'QwenPRM_max_scores (7.63B)', 'GPM (8B)', 'EurusPRMStage2_min_scores (7.62B)']","[0.03326934345208272, 0.03326934345208272, 0.03326934345208272, 0.03326934345208272, 0.952796403228692, 0.03326934345208272, 0.03326934345208272, 0.03326934345208272, 0.03326934345208272, 0.03326934345208272, 0.03326934345208272, 0.6695527502453799, 0.16860916899480996, 0.006635246956690763, 0.03326934345208272, 0.03326934345208272, 0.9965744612036076, 0.03326934345208272, 0.03326934345208272, 0.03326934345208272, 0.03326934345208272, 0.03326934345208272, 0.952796403228692, 0.03326934345208272, 0.03326934345208272, 0.03326934345208272, 0.03326934345208272, 0.03326934345208272, 0.03326934345208272, 0.03326934345208272, 0.6689083137030727, 0.03326934345208272, 0.16860916899480996, 0.03326934345208272, 0.03326934345208272, 0.03326934345208272, 0.006635246956690763, 0.03326934345208272, 0.006635246956690763, 0.006635246956690763, 0.03326934345208272, 0.03326934345208272, 0.9667981970210411, 0.006635246956690763, 0.03326934345208272, 0.006635246956690763, 0.03326934345208272, 0.6695527502453799, 0.03326934345208272, 0.03326934345208272, 0.03326934345208272, 0.962172162936037, 0.03326934345208272, 0.952796403228692, 0.03326934345208272, 0.2553050953123055, 0.03326934345208272, 0.03326934345208272, 0.03326934345208272, 0.006635246956690763, 0.03326934345208272, 0.006635246956690763, 0.281675280640356, 0.006635246956690763, 0.03326934345208272, 0.9965744612036076, 0.16860916899480996, 0.006635246956690763, 0.952796403228692, 0.03326934345208272, 0.16860916899480996, 0.006635246956690763, 0.006635246956690763, 0.006635246956690763, 0.03326934345208272, 0.006635246956690763, 0.03326934345208272, 0.03326934345208272, 0.16860916899480996, 0.006635246956690763, 0.03326934345208272, 0.03326934345208272, 0.03326934345208272, 0.03326934345208272, 0.03326934345208272, 0.006635246956690763, 0.9965744612036076, 0.03326934345208272, 0.03326934345208272, 0.006635246956690763, 0.9965744612036076, 0.03326934345208272, 0.952796403228692, 0.03326934345208272, 0.006635246956690763, 0.03326934345208272, 0.16860916899480996, 0.006635246956690763, 0.006635246956690763, 0.03326934345208272]",38,train,3
0.81,4,77,18,1,100,28,0,1,0,0,0,1,28,1,0,0,0,1,0,"(array([0.44203988, 0.67526847, 0.53231394, 0.4718577 , 0.81916422,
       0.4131909 , 0.52038801]), array([0.96222311, 0.75019062, 0.912265  , 0.94817054, 0.53580958,
       0.94405925, 0.91680199]), array([0.05371158, 0.26863867, 0.10577004, 0.06850419, 0.48130608,
       0.07149726, 0.1010346 ]), array([0.54943138, 0.31999436, 0.46087578, 0.52026153, 0.17699856,
       0.57772326, 0.47263506]))","['QwenPRM_min_scores (7.63B)', 'EurusPRMStage1_min_scores (7.62B)', 'QwenPRM_avg_scores (7.63B)', 'EurusPRMStage2_avg_scores (7.62B)', 'QwenPRM_max_scores (7.63B)', 'GPM (8B)', 'EurusPRMStage2_min_scores (7.62B)']","[0.006635246956690763, 0.6695527502453799, 0.03326934345208272, 0.03326934345208272, 0.006635246956690763, 0.2553050953123055, 0.03326934345208272, 0.03326934345208272, 0.006635246956690763, 0.03326934345208272, 0.03326934345208272, 0.006635246956690763, 0.06256024107084608, 0.8118965940980384, 0.03326934345208272, 0.006635246956690763, 0.03326934345208272, 0.03326934345208272, 0.6695527502453799, 0.03326934345208272, 0.2558589886558321, 0.03326934345208272, 0.03326934345208272, 0.03326934345208272, 0.03787201479853098, 0.962172162936037, 0.03326934345208272, 0.03326934345208272, 0.9983889926659717, 0.6695527502453799, 0.03326934345208272, 0.03326934345208272, 0.2558589886558321, 0.6695527502453799, 0.03326934345208272, 0.03326934345208272, 0.006635246956690763, 0.006635246956690763, 0.03326934345208272, 0.6695527502453799, 0.962172162936037, 0.03326934345208272, 0.6695527502453799, 0.03326934345208272, 0.006635246956690763, 0.006635246956690763, 0.03326934345208272, 0.03326934345208272, 0.6695527502453799, 0.03326934345208272, 0.28226470009390175, 0.962172162936037, 0.06256024107084608, 0.2558589886558321, 0.03326934345208272, 0.03326934345208272, 0.774022263868793, 0.03326934345208272, 0.6695527502453799, 0.962172162936037, 0.006635246956690763, 0.03326934345208272, 0.03326934345208272, 0.03326934345208272, 0.006635246956690763, 0.03326934345208272, 0.03326934345208272, 0.006635246956690763, 0.2553050953123055, 0.03326934345208272, 0.08781839603299636, 0.006635246956690763, 0.03326934345208272, 0.6695527502453799, 0.03326934345208272, 0.2558589886558321, 0.03326934345208272, 0.006635246956690763, 0.006635246956690763, 0.03326934345208272, 0.006635246956690763, 0.006635246956690763, 0.8315608147713702, 0.006635246956690763, 0.03326934345208272, 0.6695527502453799, 0.2558589886558321, 0.03326934345208272, 0.03326934345208272, 0.16860916899480996, 0.006635246956690763, 0.03326934345208272, 0.952796403228692, 0.6695527502453799, 0.03326934345208272, 0.006635246956690763, 0.03326934345208272, 0.006635246956690763, 0.8316852896060785, 0.962172162936037]",39,train,0
0.84,41,43,0,16,100,88,1,1,1,0,0,0,88,1,1,1,0,0,0,"(array([0.44203988, 0.67526847, 0.53231394, 0.4718577 , 0.81916422,
       0.4131909 , 0.52038801]), array([0.96222311, 0.75019062, 0.912265  , 0.94817054, 0.53580958,
       0.94405925, 0.91680199]), array([0.05371158, 0.26863867, 0.10577004, 0.06850419, 0.48130608,
       0.07149726, 0.1010346 ]), array([0.54943138, 0.31999436, 0.46087578, 0.52026153, 0.17699856,
       0.57772326, 0.47263506]))","['QwenPRM_min_scores (7.63B)', 'EurusPRMStage1_min_scores (7.62B)', 'QwenPRM_avg_scores (7.63B)', 'EurusPRMStage2_avg_scores (7.62B)', 'QwenPRM_max_scores (7.63B)', 'GPM (8B)', 'EurusPRMStage2_min_scores (7.62B)']","[0.03326934345208272, 0.03326934345208272, 0.16860916899480996, 0.16860916899480996, 0.03326934345208272, 0.16860916899480996, 0.24528135044682473, 0.6689083137030727, 0.962172162936037, 0.2558589886558321, 0.6689083137030727, 0.059336682467917276, 0.9960689752839179, 0.03326934345208272, 0.03326934345208272, 0.6689083137030727, 0.9960689752839179, 0.8315608147713702, 0.7179809979859836, 0.16860916899480996, 0.03326934345208272, 0.9960689752839179, 0.03326934345208272, 0.6695527502453799, 0.962172162936037, 0.9997262578874878, 0.03326934345208272, 0.6695527502453799, 0.03326934345208272, 0.03326934345208272, 0.9960689752839179, 0.006635246956690763, 0.006635246956690763, 0.4558559061207098, 0.9997262578874878, 0.16860916899480996, 0.6695527502453799, 0.9965744612036076, 0.16860916899480996, 0.9667981970210411, 0.6689083137030727, 0.6569716759307468, 0.9965744612036076, 0.16860916899480996, 0.03326934345208272, 0.03326934345208272, 0.03326934345208272, 0.24528135044682473, 0.03326934345208272, 0.9997262578874878, 0.03326934345208272, 0.03326934345208272, 0.03326934345208272, 0.006635246956690763, 0.9965744612036076, 0.03326934345208272, 0.03326934345208272, 0.9960689752839179, 0.962172162936037, 0.9997262578874878, 0.03326934345208272, 0.03326934345208272, 0.03326934345208272, 0.03787201479853098, 0.24528135044682473, 0.006635246956690763, 0.03326934345208272, 0.03326934345208272, 0.03326934345208272, 0.03326934345208272, 0.006635246956690763, 0.03326934345208272, 0.03326934345208272, 0.952796403228692, 0.9960689752839179, 0.03326934345208272, 0.9997262578874878, 0.03326934345208272, 0.16860916899480996, 0.03326934345208272, 0.03326934345208272, 0.6695527502453799, 0.9960689752839179, 0.9997262578874878, 0.03326934345208272, 0.9995822714113272, 0.9960689752839179, 0.9997262578874878, 0.9999710060613255, 0.03326934345208272, 0.9960689752839179, 0.9999710060613255, 0.9997262578874878, 0.059336682467917276, 0.16860916899480996, 0.24528135044682473, 0.9997262578874878, 0.16860916899480996, 0.03326934345208272, 0.9960689752839179]",40,train,5
0.82,12,70,5,13,100,12,1,1,1,0,0,0,12,1,1,1,0,0,0,"(array([0.44203988, 0.67526847, 0.53231394, 0.4718577 , 0.81916422,
       0.4131909 , 0.52038801]), array([0.96222311, 0.75019062, 0.912265  , 0.94817054, 0.53580958,
       0.94405925, 0.91680199]), array([0.05371158, 0.26863867, 0.10577004, 0.06850419, 0.48130608,
       0.07149726, 0.1010346 ]), array([0.54943138, 0.31999436, 0.46087578, 0.52026153, 0.17699856,
       0.57772326, 0.47263506]))","['QwenPRM_min_scores (7.63B)', 'EurusPRMStage1_min_scores (7.62B)', 'QwenPRM_avg_scores (7.63B)', 'EurusPRMStage2_avg_scores (7.62B)', 'QwenPRM_max_scores (7.63B)', 'GPM (8B)', 'EurusPRMStage2_min_scores (7.62B)']","[0.006635246956690763, 0.774022263868793, 0.03326934345208272, 0.006635246956690763, 0.03326934345208272, 0.03326934345208272, 0.03326934345208272, 0.2553050953123055, 0.059336682467917276, 0.03326934345208272, 0.03326934345208272, 0.03326934345208272, 0.9997262578874878, 0.006635246956690763, 0.006635246956690763, 0.03326934345208272, 0.24528135044682473, 0.16860916899480996, 0.03326934345208272, 0.059336682467917276, 0.7179809979859836, 0.03326934345208272, 0.006635246956690763, 0.9667981970210411, 0.03787201479853098, 0.006635246956690763, 0.03326934345208272, 0.03326934345208272, 0.03326934345208272, 0.006635246956690763, 0.059336682467917276, 0.6689083137030727, 0.006635246956690763, 0.16860916899480996, 0.03326934345208272, 0.6689083137030727, 0.006635246956690763, 0.03787201479853098, 0.03326934345208272, 0.006635246956690763, 0.006635246956690763, 0.006635246956690763, 0.03326934345208272, 0.006635246956690763, 0.006635246956690763, 0.9997262578874878, 0.6689083137030727, 0.9960689752839179, 0.03326934345208272, 0.03326934345208272, 0.962172162936037, 0.03326934345208272, 0.8114515831510429, 0.6689083137030727, 0.03787201479853098, 0.006635246956690763, 0.006635246956690763, 0.03326934345208272, 0.2553050953123055, 0.03787201479853098, 0.2553050953123055, 0.006635246956690763, 0.03326934345208272, 0.16860916899480996, 0.16860916899480996, 0.006635246956690763, 0.006635246956690763, 0.006635246956690763, 0.03326934345208272, 0.006635246956690763, 0.2553050953123055, 0.03326934345208272, 0.006635246956690763, 0.952796403228692, 0.774022263868793, 0.006635246956690763, 0.006635246956690763, 0.03326934345208272, 0.03326934345208272, 0.006635246956690763, 0.16860916899480996, 0.006635246956690763, 0.03326934345208272, 0.03326934345208272, 0.16860916899480996, 0.006635246956690763, 0.03326934345208272, 0.03326934345208272, 0.9997262578874878, 0.8315608147713702, 0.16860916899480996, 0.03787201479853098, 0.03326934345208272, 0.006635246956690763, 0.03326934345208272, 0.2553050953123055, 0.6569716759307468, 0.2553050953123055, 0.03326934345208272, 0.03326934345208272]",41,train,2
0.86,0,86,0,14,100,69,1,1,1,0,0,0,0,0,1,0,1,0,0,"(array([0.44203988, 0.67526847, 0.53231394, 0.4718577 , 0.81916422,
       0.4131909 , 0.52038801]), array([0.96222311, 0.75019062, 0.912265  , 0.94817054, 0.53580958,
       0.94405925, 0.91680199]), array([0.05371158, 0.26863867, 0.10577004, 0.06850419, 0.48130608,
       0.07149726, 0.1010346 ]), array([0.54943138, 0.31999436, 0.46087578, 0.52026153, 0.17699856,
       0.57772326, 0.47263506]))","['QwenPRM_min_scores (7.63B)', 'EurusPRMStage1_min_scores (7.62B)', 'QwenPRM_avg_scores (7.63B)', 'EurusPRMStage2_avg_scores (7.62B)', 'QwenPRM_max_scores (7.63B)', 'GPM (8B)', 'EurusPRMStage2_min_scores (7.62B)']","[0.006635246956690763, 0.006635246956690763, 0.006635246956690763, 0.006635246956690763, 0.03787201479853098, 0.03326934345208272, 0.006635246956690763, 0.006635246956690763, 0.03326934345208272, 0.03787201479853098, 0.03326934345208272, 0.03326934345208272, 0.03787201479853098, 0.006635246956690763, 0.006635246956690763, 0.006635246956690763, 0.006635246956690763, 0.006635246956690763, 0.006635246956690763, 0.006635246956690763, 0.006635246956690763, 0.006635246956690763, 0.006635246956690763, 0.03326934345208272, 0.006635246956690763, 0.006635246956690763, 0.006635246956690763, 0.03326934345208272, 0.006635246956690763, 0.006635246956690763, 0.006635246956690763, 0.03326934345208272, 0.03326934345208272, 0.006635246956690763, 0.006635246956690763, 0.006635246956690763, 0.006635246956690763, 0.006635246956690763, 0.006635246956690763, 0.03787201479853098, 0.006635246956690763, 0.006635246956690763, 0.006635246956690763, 0.03787201479853098, 0.006635246956690763, 0.006635246956690763, 0.006635246956690763, 0.006635246956690763, 0.006635246956690763, 0.006635246956690763, 0.006635246956690763, 0.03326934345208272, 0.006635246956690763, 0.03326934345208272, 0.006635246956690763, 0.006635246956690763, 0.03787201479853098, 0.03326934345208272, 0.03326934345208272, 0.03326934345208272, 0.006635246956690763, 0.006635246956690763, 0.03326934345208272, 0.006635246956690763, 0.03326934345208272, 0.006635246956690763, 0.006635246956690763, 0.006635246956690763, 0.006635246956690763, 0.16860916899480996, 0.006635246956690763, 0.03326934345208272, 0.006635246956690763, 0.006635246956690763, 0.16860916899480996, 0.006635246956690763, 0.006635246956690763, 0.006635246956690763, 0.03326934345208272, 0.006635246956690763, 0.03326934345208272, 0.006635246956690763, 0.006635246956690763, 0.006635246956690763, 0.03326934345208272, 0.03326934345208272, 0.03787201479853098, 0.006635246956690763, 0.006635246956690763, 0.03787201479853098, 0.006635246956690763, 0.03326934345208272, 0.006635246956690763, 0.006635246956690763, 0.16860916899480996, 0.006635246956690763, 0.006635246956690763, 0.03326934345208272, 0.006635246956690763, 0.03787201479853098]",42,train,1
0.81,66,15,0,19,100,22,1,1,1,0,0,0,22,1,1,1,0,0,0,"(array([0.44203988, 0.67526847, 0.53231394, 0.4718577 , 0.81916422,
       0.4131909 , 0.52038801]), array([0.96222311, 0.75019062, 0.912265  , 0.94817054, 0.53580958,
       0.94405925, 0.91680199]), array([0.05371158, 0.26863867, 0.10577004, 0.06850419, 0.48130608,
       0.07149726, 0.1010346 ]), array([0.54943138, 0.31999436, 0.46087578, 0.52026153, 0.17699856,
       0.57772326, 0.47263506]))","['QwenPRM_min_scores (7.63B)', 'EurusPRMStage1_min_scores (7.62B)', 'QwenPRM_avg_scores (7.63B)', 'EurusPRMStage2_avg_scores (7.62B)', 'QwenPRM_max_scores (7.63B)', 'GPM (8B)', 'EurusPRMStage2_min_scores (7.62B)']","[0.6689083137030727, 0.9997262578874878, 0.9997262578874878, 0.3016825817152708, 0.9965744612036076, 0.6695527502453799, 0.03326934345208272, 0.9997262578874878, 0.962172162936037, 0.03326934345208272, 0.03326934345208272, 0.9997262578874878, 0.03326934345208272, 0.9963766634397356, 0.9667981970210411, 0.962172162936037, 0.6689083137030727, 0.9965744612036076, 0.9997262578874878, 0.9997262578874878, 0.2553050953123055, 0.16860916899480996, 0.9999710060613255, 0.03326934345208272, 0.9667981970210411, 0.16860916899480996, 0.2553050953123055, 0.6689083137030727, 0.03326934345208272, 0.9997262578874878, 0.03326934345208272, 0.6689083137030727, 0.9960689752839179, 0.9960689752839179, 0.03326934345208272, 0.7179809979859836, 0.9997262578874878, 0.03326934345208272, 0.2553050953123055, 0.9995822714113272, 0.03326934345208272, 0.9997262578874878, 0.2553050953123055, 0.6689083137030727, 0.16860916899480996, 0.16860916899480996, 0.9620660598961284, 0.9999710060613255, 0.16860916899480996, 0.2553050953123055, 0.9997262578874878, 0.6695527502453799, 0.03326934345208272, 0.03326934345208272, 0.9997262578874878, 0.9960689752839179, 0.962172162936037, 0.6689083137030727, 0.9997262578874878, 0.8316852896060785, 0.6689083137030727, 0.8316852896060785, 0.16860916899480996, 0.9965744612036076, 0.03326934345208272, 0.9960689752839179, 0.9997262578874878, 0.962172162936037, 0.24528135044682473, 0.9667981970210411, 0.962172162936037, 0.9997262578874878, 0.8316852896060785, 0.03326934345208272, 0.9667981970210411, 0.9997262578874878, 0.33155738962522474, 0.962172162936037, 0.7640167937753356, 0.9958421114842271, 0.6689083137030727, 0.9997262578874878, 0.9997262578874878, 0.9997262578874878, 0.24528135044682473, 0.9963766634397356, 0.9997262578874878, 0.16860916899480996, 0.16860916899480996, 0.6695527502453799, 0.962172162936037, 0.6689083137030727, 0.9965744612036076, 0.9997262578874878, 0.03326934345208272, 0.03326934345208272, 0.9997262578874878, 0.9667981970210411, 0.2553050953123055, 0.9972717715033825]",43,train,8
0.68,19,49,21,11,100,19,1,1,1,0,0,0,19,1,1,1,0,0,0,"(array([0.44203988, 0.67526847, 0.53231394, 0.4718577 , 0.81916422,
       0.4131909 , 0.52038801]), array([0.96222311, 0.75019062, 0.912265  , 0.94817054, 0.53580958,
       0.94405925, 0.91680199]), array([0.05371158, 0.26863867, 0.10577004, 0.06850419, 0.48130608,
       0.07149726, 0.1010346 ]), array([0.54943138, 0.31999436, 0.46087578, 0.52026153, 0.17699856,
       0.57772326, 0.47263506]))","['QwenPRM_min_scores (7.63B)', 'EurusPRMStage1_min_scores (7.62B)', 'QwenPRM_avg_scores (7.63B)', 'EurusPRMStage2_avg_scores (7.62B)', 'QwenPRM_max_scores (7.63B)', 'GPM (8B)', 'EurusPRMStage2_min_scores (7.62B)']","[0.2553050953123055, 0.03326934345208272, 0.006635246956690763, 0.8316852896060785, 0.8316852896060785, 0.03326934345208272, 0.6695527502453799, 0.16860916899480996, 0.6689083137030727, 0.9983889926659717, 0.16860916899480996, 0.03326934345208272, 0.6695527502453799, 0.6695527502453799, 0.006635246956690763, 0.006635246956690763, 0.03326934345208272, 0.03326934345208272, 0.6695527502453799, 0.9997262578874878, 0.16860916899480996, 0.006635246956690763, 0.03326934345208272, 0.962172162936037, 0.9997262578874878, 0.8118965940980384, 0.774022263868793, 0.4558559061207098, 0.2553050953123055, 0.6695527502453799, 0.16860916899480996, 0.16860916899480996, 0.8118965940980384, 0.03326934345208272, 0.03326934345208272, 0.03326934345208272, 0.8118965940980384, 0.03326934345208272, 0.16860916899480996, 0.03326934345208272, 0.06256024107084608, 0.03326934345208272, 0.774022263868793, 0.962172162936037, 0.006635246956690763, 0.8118965940980384, 0.03326934345208272, 0.9801460399114345, 0.03326934345208272, 0.03326934345208272, 0.2558589886558321, 0.006635246956690763, 0.6689083137030727, 0.2553050953123055, 0.962172162936037, 0.03326934345208272, 0.2558589886558321, 0.03326934345208272, 0.03326934345208272, 0.2553050953123055, 0.03326934345208272, 0.03326934345208272, 0.6695527502453799, 0.03326934345208272, 0.9997262578874878, 0.962172162936037, 0.03326934345208272, 0.006635246956690763, 0.16860916899480996, 0.962172162936037, 0.28226470009390175, 0.03787201479853098, 0.03326934345208272, 0.16860916899480996, 0.6695527502453799, 0.03326934345208272, 0.6695527502453799, 0.16860916899480996, 0.03326934345208272, 0.03326934345208272, 0.9997262578874878, 0.03326934345208272, 0.962172162936037, 0.03326934345208272, 0.9997262578874878, 0.962172162936037, 0.03326934345208272, 0.03787201479853098, 0.9960689752839179, 0.6695527502453799, 0.9997262578874878, 0.9997262578874878, 0.962172162936037, 0.03326934345208272, 0.2553050953123055, 0.9997262578874878, 0.962172162936037, 0.2553050953123055, 0.9997262578874878, 0.03326934345208272]",44,train,2
0.71,68,3,0,29,100,8,1,1,1,0,0,0,8,1,1,1,0,0,0,"(array([0.44203988, 0.67526847, 0.53231394, 0.4718577 , 0.81916422,
       0.4131909 , 0.52038801]), array([0.96222311, 0.75019062, 0.912265  , 0.94817054, 0.53580958,
       0.94405925, 0.91680199]), array([0.05371158, 0.26863867, 0.10577004, 0.06850419, 0.48130608,
       0.07149726, 0.1010346 ]), array([0.54943138, 0.31999436, 0.46087578, 0.52026153, 0.17699856,
       0.57772326, 0.47263506]))","['QwenPRM_min_scores (7.63B)', 'EurusPRMStage1_min_scores (7.62B)', 'QwenPRM_avg_scores (7.63B)', 'EurusPRMStage2_avg_scores (7.62B)', 'QwenPRM_max_scores (7.63B)', 'GPM (8B)', 'EurusPRMStage2_min_scores (7.62B)']","[0.6689083137030727, 0.8315608147713702, 0.9997262578874878, 0.9995822714113272, 0.03326934345208272, 0.06256024107084608, 0.16860916899480996, 0.9965744612036076, 0.9999710060613255, 0.9960689752839179, 0.9960689752839179, 0.6689083137030727, 0.962172162936037, 0.059336682467917276, 0.962172162936037, 0.962172162936037, 0.6695527502453799, 0.962172162936037, 0.9736826532626047, 0.9997262578874878, 0.9963766634397356, 0.9995822714113272, 0.6569716759307468, 0.03326934345208272, 0.9997262578874878, 0.9997262578874878, 0.962172162936037, 0.9997262578874878, 0.9972796809262687, 0.8315608147713702, 0.03326934345208272, 0.49027907203077037, 0.03326934345208272, 0.962172162936037, 0.9958541484122096, 0.9997262578874878, 0.962172162936037, 0.9972796809262687, 0.16860916899480996, 0.03787201479853098, 0.9997262578874878, 0.9972796809262687, 0.16860916899480996, 0.999710398560126, 0.9790013346476677, 0.059336682467917276, 0.9958541484122096, 0.7179809979859836, 0.6569716759307468, 0.16860916899480996, 0.9999710060613255, 0.9501970953085207, 0.03326934345208272, 0.6689083137030727, 0.962172162936037, 0.6689083137030727, 0.6689083137030727, 0.059336682467917276, 0.9972796809262687, 0.006635246956690763, 0.2709929528061055, 0.8315608147713702, 0.962172162936037, 0.24528135044682473, 0.16860916899480996, 0.962172162936037, 0.2709929528061055, 0.16860916899480996, 0.9960689752839179, 0.962172162936037, 0.6689083137030727, 0.9801460399114345, 0.03787201479853098, 0.03326934345208272, 0.6569716759307468, 0.16860916899480996, 0.7179809979859836, 0.24528135044682473, 0.16860916899480996, 0.9999710060613255, 0.9997262578874878, 0.16860916899480996, 0.16860916899480996, 0.9960689752839179, 0.9501970953085207, 0.6689083137030727, 0.16860916899480996, 0.962172162936037, 0.9972796809262687, 0.9999710060613255, 0.6689083137030727, 0.16860916899480996, 0.6689083137030727, 0.9997262578874878, 0.9999710060613255, 0.9997262578874878, 0.48955155640756387, 0.03326934345208272, 0.9960689752839179, 0.6689083137030727]",45,train,9
0.43,28,15,0,57,100,24,1,1,1,0,0,0,24,1,1,1,0,0,0,"(array([0.44203988, 0.67526847, 0.53231394, 0.4718577 , 0.81916422,
       0.4131909 , 0.52038801]), array([0.96222311, 0.75019062, 0.912265  , 0.94817054, 0.53580958,
       0.94405925, 0.91680199]), array([0.05371158, 0.26863867, 0.10577004, 0.06850419, 0.48130608,
       0.07149726, 0.1010346 ]), array([0.54943138, 0.31999436, 0.46087578, 0.52026153, 0.17699856,
       0.57772326, 0.47263506]))","['QwenPRM_min_scores (7.63B)', 'EurusPRMStage1_min_scores (7.62B)', 'QwenPRM_avg_scores (7.63B)', 'EurusPRMStage2_avg_scores (7.62B)', 'QwenPRM_max_scores (7.63B)', 'GPM (8B)', 'EurusPRMStage2_min_scores (7.62B)']","[0.03326934345208272, 0.059336682467917276, 0.059336682467917276, 0.28226470009390175, 0.24528135044682473, 0.6569716759307468, 0.03326934345208272, 0.059336682467917276, 0.2709929528061055, 0.059336682467917276, 0.16860916899480996, 0.03326934345208272, 0.24528135044682473, 0.03326934345208272, 0.16860916899480996, 0.006635246956690763, 0.059336682467917276, 0.059336682467917276, 0.9667981970210411, 0.6689083137030727, 0.059336682467917276, 0.059336682467917276, 0.6569716759307468, 0.9963766634397356, 0.9997262578874878, 0.6569716759307468, 0.006635246956690763, 0.9503346826050156, 0.24528135044682473, 0.006635246956690763, 0.059336682467917276, 0.03326934345208272, 0.6569716759307468, 0.059336682467917276, 0.9790013346476677, 0.03326934345208272, 0.2709929528061055, 0.9963766634397356, 0.24528135044682473, 0.059336682467917276, 0.059336682467917276, 0.2709929528061055, 0.059336682467917276, 0.2709929528061055, 0.059336682467917276, 0.24528135044682473, 0.006635246956690763, 0.059336682467917276, 0.006635246956690763, 0.6695527502453799, 0.2709929528061055, 0.059336682467917276, 0.059336682467917276, 0.059336682467917276, 0.6569716759307468, 0.9985140412994097, 0.9667981970210411, 0.2709929528061055, 0.2709929528061055, 0.2709929528061055, 0.059336682467917276, 0.24528135044682473, 0.9790013346476677, 0.059336682467917276, 0.6569716759307468, 0.059336682467917276, 0.9995822714113272, 0.9667981970210411, 0.8315608147713702, 0.6695527502453799, 0.059336682467917276, 0.059336682467917276, 0.03326934345208272, 0.9501970953085207, 0.03326934345208272, 0.059336682467917276, 0.9958541484122096, 0.059336682467917276, 0.059336682467917276, 0.24528135044682473, 0.03326934345208272, 0.2553050953123055, 0.6569716759307468, 0.16860916899480996, 0.03326934345208272, 0.059336682467917276, 0.8315608147713702, 0.006635246956690763, 0.2709929528061055, 0.059336682467917276, 0.03326934345208272, 0.9997262578874878, 0.03326934345208272, 0.006635246956690763, 0.059336682467917276, 0.9790013346476677, 0.059336682467917276, 0.6569716759307468, 0.03326934345208272, 0.03326934345208272]",46,train,8
0.76,13,63,3,21,100,98,1,1,1,0,0,0,98,1,1,1,0,0,0,"(array([0.44203988, 0.67526847, 0.53231394, 0.4718577 , 0.81916422,
       0.4131909 , 0.52038801]), array([0.96222311, 0.75019062, 0.912265  , 0.94817054, 0.53580958,
       0.94405925, 0.91680199]), array([0.05371158, 0.26863867, 0.10577004, 0.06850419, 0.48130608,
       0.07149726, 0.1010346 ]), array([0.54943138, 0.31999436, 0.46087578, 0.52026153, 0.17699856,
       0.57772326, 0.47263506]))","['QwenPRM_min_scores (7.63B)', 'EurusPRMStage1_min_scores (7.62B)', 'QwenPRM_avg_scores (7.63B)', 'EurusPRMStage2_avg_scores (7.62B)', 'QwenPRM_max_scores (7.63B)', 'GPM (8B)', 'EurusPRMStage2_min_scores (7.62B)']","[0.03326934345208272, 0.9667981970210411, 0.03326934345208272, 0.03326934345208272, 0.03326934345208272, 0.03326934345208272, 0.03326934345208272, 0.16860916899480996, 0.03326934345208272, 0.2553050953123055, 0.03326934345208272, 0.24528135044682473, 0.2553050953123055, 0.03326934345208272, 0.24528135044682473, 0.03326934345208272, 0.03326934345208272, 0.03326934345208272, 0.2553050953123055, 0.03326934345208272, 0.03326934345208272, 0.2558589886558321, 0.03326934345208272, 0.03326934345208272, 0.03326934345208272, 0.03326934345208272, 0.03326934345208272, 0.03326934345208272, 0.03326934345208272, 0.03326934345208272, 0.8118965940980384, 0.006635246956690763, 0.03326934345208272, 0.03326934345208272, 0.2553050953123055, 0.03326934345208272, 0.03326934345208272, 0.6695527502453799, 0.03326934345208272, 0.2553050953123055, 0.03326934345208272, 0.03326934345208272, 0.6689083137030727, 0.9667981970210411, 0.03326934345208272, 0.03326934345208272, 0.03326934345208272, 0.006635246956690763, 0.03326934345208272, 0.03326934345208272, 0.03326934345208272, 0.03326934345208272, 0.2553050953123055, 0.03326934345208272, 0.03326934345208272, 0.03326934345208272, 0.03326934345208272, 0.9667981970210411, 0.03326934345208272, 0.2553050953123055, 0.03326934345208272, 0.8316852896060785, 0.03326934345208272, 0.03326934345208272, 0.03326934345208272, 0.8316852896060785, 0.03326934345208272, 0.03326934345208272, 0.03326934345208272, 0.03326934345208272, 0.03326934345208272, 0.03326934345208272, 0.03326934345208272, 0.6695527502453799, 0.03326934345208272, 0.6689083137030727, 0.6689083137030727, 0.7640167937753356, 0.03326934345208272, 0.16860916899480996, 0.03326934345208272, 0.03326934345208272, 0.03326934345208272, 0.03326934345208272, 0.9790196014481732, 0.03326934345208272, 0.03326934345208272, 0.03326934345208272, 0.03326934345208272, 0.03326934345208272, 0.03326934345208272, 0.006635246956690763, 0.16860916899480996, 0.03326934345208272, 0.006635246956690763, 0.6689083137030727, 0.24528135044682473, 0.6689083137030727, 0.9997262578874878, 0.006635246956690763]",47,train,3
0.82,82,0,0,18,100,15,1,1,1,0,0,0,15,1,1,1,0,0,0,"(array([0.44203988, 0.67526847, 0.53231394, 0.4718577 , 0.81916422,
       0.4131909 , 0.52038801]), array([0.96222311, 0.75019062, 0.912265  , 0.94817054, 0.53580958,
       0.94405925, 0.91680199]), array([0.05371158, 0.26863867, 0.10577004, 0.06850419, 0.48130608,
       0.07149726, 0.1010346 ]), array([0.54943138, 0.31999436, 0.46087578, 0.52026153, 0.17699856,
       0.57772326, 0.47263506]))","['QwenPRM_min_scores (7.63B)', 'EurusPRMStage1_min_scores (7.62B)', 'QwenPRM_avg_scores (7.63B)', 'EurusPRMStage2_avg_scores (7.62B)', 'QwenPRM_max_scores (7.63B)', 'GPM (8B)', 'EurusPRMStage2_min_scores (7.62B)']","[0.9667981970210411, 0.9997262578874878, 0.9667981970210411, 0.9972717715033825, 0.9960689752839179, 0.6569716759307468, 0.9997262578874878, 0.9997262578874878, 0.9960689752839179, 0.6689083137030727, 0.9997262578874878, 0.962172162936037, 0.9667981970210411, 0.9997262578874878, 0.9965744612036076, 0.9999710060613255, 0.9501970953085207, 0.9997262578874878, 0.9997262578874878, 0.9997262578874878, 0.9997262578874878, 0.7179809979859836, 0.03326934345208272, 0.16860916899480996, 0.9667981970210411, 0.9960689752839179, 0.9667981970210411, 0.16860916899480996, 0.16860916899480996, 0.9997262578874878, 0.9965744612036076, 0.16860916899480996, 0.9997262578874878, 0.8316852896060785, 0.977271600348048, 0.9997262578874878, 0.9997262578874878, 0.6689083137030727, 0.9960689752839179, 0.9960689752839179, 0.9997262578874878, 0.952796403228692, 0.9997262578874878, 0.962172162936037, 0.03787201479853098, 0.6689083137030727, 0.9960689752839179, 0.952796403228692, 0.16860916899480996, 0.9997262578874878, 0.16860916899480996, 0.16860916899480996, 0.16860916899480996, 0.962172162936037, 0.03326934345208272, 0.9960689752839179, 0.9965744612036076, 0.9997262578874878, 0.16860916899480996, 0.006635246956690763, 0.9960689752839179, 0.9667981970210411, 0.8316852896060785, 0.9997262578874878, 0.9960689752839179, 0.9667981970210411, 0.16860916899480996, 0.9997262578874878, 0.16860916899480996, 0.9997262578874878, 0.6689083137030727, 0.9960689752839179, 0.6689083137030727, 0.9997262578874878, 0.9997262578874878, 0.952796403228692, 0.9997262578874878, 0.6689083137030727, 0.9960689752839179, 0.9997262578874878, 0.962172162936037, 0.6689083137030727, 0.9667981970210411, 0.9960689752839179, 0.9997262578874878, 0.6695527502453799, 0.9960689752839179, 0.9960689752839179, 0.9960689752839179, 0.9997262578874878, 0.962172162936037, 0.9620660598961284, 0.9997262578874878, 0.9960689752839179, 0.16860916899480996, 0.9997262578874878, 0.16860916899480996, 0.9997262578874878, 0.9667981970210411, 0.03326934345208272]",48,train,9
0.74,1,73,26,0,100,67,1,1,1,0,0,0,3,0,1,0,1,0,0,"(array([0.44203988, 0.67526847, 0.53231394, 0.4718577 , 0.81916422,
       0.4131909 , 0.52038801]), array([0.96222311, 0.75019062, 0.912265  , 0.94817054, 0.53580958,
       0.94405925, 0.91680199]), array([0.05371158, 0.26863867, 0.10577004, 0.06850419, 0.48130608,
       0.07149726, 0.1010346 ]), array([0.54943138, 0.31999436, 0.46087578, 0.52026153, 0.17699856,
       0.57772326, 0.47263506]))","['QwenPRM_min_scores (7.63B)', 'EurusPRMStage1_min_scores (7.62B)', 'QwenPRM_avg_scores (7.63B)', 'EurusPRMStage2_avg_scores (7.62B)', 'QwenPRM_max_scores (7.63B)', 'GPM (8B)', 'EurusPRMStage2_min_scores (7.62B)']","[0.03326934345208272, 0.03787201479853098, 0.03326934345208272, 0.006635246956690763, 0.962172162936037, 0.2709929528061055, 0.03787201479853098, 0.03787201479853098, 0.8315608147713702, 0.03326934345208272, 0.03787201479853098, 0.03326934345208272, 0.006635246956690763, 0.03326934345208272, 0.8315608147713702, 0.16860916899480996, 0.24528135044682473, 0.03787201479853098, 0.03787201479853098, 0.03326934345208272, 0.8315608147713702, 0.16860916899480996, 0.03326934345208272, 0.24528135044682473, 0.8315608147713702, 0.16860916899480996, 0.03787201479853098, 0.006635246956690763, 0.03326934345208272, 0.8315608147713702, 0.03787201479853098, 0.03326934345208272, 0.16860916899480996, 0.24528135044682473, 0.8315608147713702, 0.16860916899480996, 0.16860916899480996, 0.03787201479853098, 0.8118965940980384, 0.8315608147713702, 0.8315608147713702, 0.16860916899480996, 0.03787201479853098, 0.16860916899480996, 0.03787201479853098, 0.6695527502453799, 0.8315608147713702, 0.8315608147713702, 0.6569716759307468, 0.6695527502453799, 0.8315608147713702, 0.16860916899480996, 0.03326934345208272, 0.03326934345208272, 0.03326934345208272, 0.962172162936037, 0.16860916899480996, 0.8315608147713702, 0.059336682467917276, 0.6695527502453799, 0.03326934345208272, 0.03787201479853098, 0.16860916899480996, 0.03787201479853098, 0.03326934345208272, 0.16860916899480996, 0.03326934345208272, 0.9667981970210411, 0.28226470009390175, 0.03326934345208272, 0.8315608147713702, 0.16860916899480996, 0.06256024107084608, 0.24528135044682473, 0.6569716759307468, 0.03326934345208272, 0.8315608147713702, 0.006635246956690763, 0.16860916899480996, 0.2553050953123055, 0.6695527502453799, 0.03326934345208272, 0.24528135044682473, 0.03787201479853098, 0.03326934345208272, 0.03326934345208272, 0.2709929528061055, 0.24528135044682473, 0.03326934345208272, 0.16860916899480996, 0.03326934345208272, 0.8315608147713702, 0.8315608147713702, 0.03326934345208272, 0.16860916899480996, 0.03787201479853098, 0.03787201479853098, 0.6695527502453799, 0.3307157049793167, 0.16860916899480996]",49,train,0
