sample_accuracy,sample_tp,sample_tn,sample_fp,sample_fn,num_samples,top1_idx,top1_positive,has_positive,top1_tp,top1_fp,top1_tn,top1_fn,prediction_idx,prediction_class,prediction_accuracy,prediction_tp,prediction_tn,prediction_fp,prediction_fn,model_params,verifier_subset,weaver_sample_scores,problem,set,difficulty
0.69,64,5,1,30,100,2,1,1,1,0,0,0,2,1,1,1,0,0,0,"(array([0.56619239, 0.67296803]), array([0.80743152, 0.71519411]), array([0.18823528, 0.28218329]), array([0.4226999 , 0.31781134]))","['QwenPRM_avg_scores (7.63B)', 'EurusPRMStage1_min_scores (7.62B)']","[0.18089381351648123, 0.18089381351648123, 0.8719566087783203, 0.5592536055913565, 0.18089381351648123, 0.542381439984475, 0.8719566087783203, 0.18089381351648123, 0.542381439984475, 0.18089381351648123, 0.18089381351648123, 0.542381439984475, 0.18089381351648123, 0.542381439984475, 0.542381439984475, 0.18089381351648123, 0.8719566087783203, 0.5592536055913565, 0.5592536055913565, 0.5592536055913565, 0.18089381351648123, 0.542381439984475, 0.5592536055913565, 0.18089381351648123, 0.542381439984475, 0.5592536055913565, 0.18089381351648123, 0.18089381351648123, 0.542381439984475, 0.18089381351648123, 0.8719566087783203, 0.542381439984475, 0.542381439984475, 0.5592536055913565, 0.8719566087783203, 0.542381439984475, 0.8719566087783203, 0.18089381351648123, 0.542381439984475, 0.18089381351648123, 0.8719566087783203, 0.542381439984475, 0.8719566087783203, 0.542381439984475, 0.18089381351648123, 0.5592536055913565, 0.8719566087783203, 0.542381439984475, 0.542381439984475, 0.542381439984475, 0.18089381351648123, 0.8719566087783203, 0.542381439984475, 0.18089381351648123, 0.542381439984475, 0.18089381351648123, 0.8719566087783203, 0.18089381351648123, 0.18089381351648123, 0.5592536055913565, 0.542381439984475, 0.8719566087783203, 0.18089381351648123, 0.8719566087783203, 0.18089381351648123, 0.18089381351648123, 0.18089381351648123, 0.8719566087783203, 0.8719566087783203, 0.18089381351648123, 0.542381439984475, 0.8719566087783203, 0.542381439984475, 0.542381439984475, 0.542381439984475, 0.8719566087783203, 0.8719566087783203, 0.18089381351648123, 0.18089381351648123, 0.542381439984475, 0.542381439984475, 0.542381439984475, 0.18089381351648123, 0.542381439984475, 0.8719566087783203, 0.8719566087783203, 0.18089381351648123, 0.18089381351648123, 0.8719566087783203, 0.8719566087783203, 0.18089381351648123, 0.18089381351648123, 0.542381439984475, 0.542381439984475, 0.8719566087783203, 0.5592536055913565, 0.18089381351648123, 0.18089381351648123, 0.8719566087783203, 0.8719566087783203]",0,train,9
0.96,89,7,1,3,100,0,1,1,1,0,0,0,0,1,1,1,0,0,0,"(array([0.56619239, 0.67296803]), array([0.80743152, 0.71519411]), array([0.18823528, 0.28218329]), array([0.4226999 , 0.31781134]))","['QwenPRM_avg_scores (7.63B)', 'EurusPRMStage1_min_scores (7.62B)']","[0.8719566087783203, 0.5592536055913565, 0.542381439984475, 0.8719566087783203, 0.8719566087783203, 0.8719566087783203, 0.8719566087783203, 0.8719566087783203, 0.8719566087783203, 0.8719566087783203, 0.8719566087783203, 0.8719566087783203, 0.8719566087783203, 0.542381439984475, 0.542381439984475, 0.8719566087783203, 0.8719566087783203, 0.8719566087783203, 0.8719566087783203, 0.8719566087783203, 0.8719566087783203, 0.8719566087783203, 0.18089381351648123, 0.542381439984475, 0.8719566087783203, 0.18089381351648123, 0.542381439984475, 0.5592536055913565, 0.8719566087783203, 0.8719566087783203, 0.5592536055913565, 0.542381439984475, 0.8719566087783203, 0.542381439984475, 0.8719566087783203, 0.8719566087783203, 0.542381439984475, 0.542381439984475, 0.8719566087783203, 0.542381439984475, 0.8719566087783203, 0.8719566087783203, 0.18089381351648123, 0.8719566087783203, 0.18089381351648123, 0.542381439984475, 0.8719566087783203, 0.8719566087783203, 0.8719566087783203, 0.8719566087783203, 0.8719566087783203, 0.8719566087783203, 0.8719566087783203, 0.5592536055913565, 0.18089381351648123, 0.8719566087783203, 0.542381439984475, 0.8719566087783203, 0.8719566087783203, 0.8719566087783203, 0.542381439984475, 0.542381439984475, 0.18089381351648123, 0.8719566087783203, 0.8719566087783203, 0.8719566087783203, 0.8719566087783203, 0.8719566087783203, 0.8719566087783203, 0.8719566087783203, 0.18089381351648123, 0.18089381351648123, 0.542381439984475, 0.8719566087783203, 0.542381439984475, 0.8719566087783203, 0.542381439984475, 0.542381439984475, 0.8719566087783203, 0.8719566087783203, 0.8719566087783203, 0.18089381351648123, 0.542381439984475, 0.8719566087783203, 0.8719566087783203, 0.8719566087783203, 0.542381439984475, 0.8719566087783203, 0.542381439984475, 0.542381439984475, 0.8719566087783203, 0.8719566087783203, 0.542381439984475, 0.8719566087783203, 0.18089381351648123, 0.8719566087783203, 0.8719566087783203, 0.8719566087783203, 0.542381439984475, 0.8719566087783203]",1,train,9
0.88,56,32,0,12,100,17,1,1,1,0,0,0,17,1,1,1,0,0,0,"(array([0.56619239, 0.67296803]), array([0.80743152, 0.71519411]), array([0.18823528, 0.28218329]), array([0.4226999 , 0.31781134]))","['QwenPRM_avg_scores (7.63B)', 'EurusPRMStage1_min_scores (7.62B)']","[0.18089381351648123, 0.18089381351648123, 0.542381439984475, 0.18089381351648123, 0.18089381351648123, 0.18089381351648123, 0.18089381351648123, 0.542381439984475, 0.542381439984475, 0.542381439984475, 0.542381439984475, 0.18089381351648123, 0.18089381351648123, 0.542381439984475, 0.542381439984475, 0.542381439984475, 0.542381439984475, 0.8719566087783203, 0.542381439984475, 0.542381439984475, 0.542381439984475, 0.542381439984475, 0.18089381351648123, 0.18089381351648123, 0.18089381351648123, 0.18089381351648123, 0.18089381351648123, 0.18089381351648123, 0.18089381351648123, 0.542381439984475, 0.18089381351648123, 0.18089381351648123, 0.542381439984475, 0.18089381351648123, 0.542381439984475, 0.542381439984475, 0.542381439984475, 0.18089381351648123, 0.18089381351648123, 0.18089381351648123, 0.542381439984475, 0.542381439984475, 0.542381439984475, 0.542381439984475, 0.542381439984475, 0.18089381351648123, 0.542381439984475, 0.18089381351648123, 0.542381439984475, 0.542381439984475, 0.18089381351648123, 0.542381439984475, 0.18089381351648123, 0.18089381351648123, 0.542381439984475, 0.542381439984475, 0.542381439984475, 0.18089381351648123, 0.18089381351648123, 0.18089381351648123, 0.542381439984475, 0.542381439984475, 0.18089381351648123, 0.542381439984475, 0.542381439984475, 0.542381439984475, 0.542381439984475, 0.542381439984475, 0.18089381351648123, 0.542381439984475, 0.18089381351648123, 0.542381439984475, 0.542381439984475, 0.542381439984475, 0.18089381351648123, 0.18089381351648123, 0.18089381351648123, 0.18089381351648123, 0.542381439984475, 0.18089381351648123, 0.542381439984475, 0.542381439984475, 0.542381439984475, 0.18089381351648123, 0.18089381351648123, 0.542381439984475, 0.542381439984475, 0.542381439984475, 0.18089381351648123, 0.18089381351648123, 0.542381439984475, 0.542381439984475, 0.542381439984475, 0.18089381351648123, 0.542381439984475, 0.542381439984475, 0.542381439984475, 0.18089381351648123, 0.18089381351648123, 0.542381439984475]",2,train,6
0.87,58,29,0,13,100,5,1,1,1,0,0,0,5,1,1,1,0,0,0,"(array([0.56619239, 0.67296803]), array([0.80743152, 0.71519411]), array([0.18823528, 0.28218329]), array([0.4226999 , 0.31781134]))","['QwenPRM_avg_scores (7.63B)', 'EurusPRMStage1_min_scores (7.62B)']","[0.18089381351648123, 0.542381439984475, 0.542381439984475, 0.18089381351648123, 0.542381439984475, 0.8719566087783203, 0.542381439984475, 0.18089381351648123, 0.8719566087783203, 0.8719566087783203, 0.8719566087783203, 0.8719566087783203, 0.18089381351648123, 0.8719566087783203, 0.8719566087783203, 0.18089381351648123, 0.18089381351648123, 0.18089381351648123, 0.8719566087783203, 0.8719566087783203, 0.8719566087783203, 0.18089381351648123, 0.542381439984475, 0.18089381351648123, 0.8719566087783203, 0.8719566087783203, 0.18089381351648123, 0.5592536055913565, 0.18089381351648123, 0.542381439984475, 0.18089381351648123, 0.542381439984475, 0.8719566087783203, 0.18089381351648123, 0.8719566087783203, 0.8719566087783203, 0.18089381351648123, 0.18089381351648123, 0.542381439984475, 0.18089381351648123, 0.8719566087783203, 0.18089381351648123, 0.8719566087783203, 0.8719566087783203, 0.18089381351648123, 0.542381439984475, 0.18089381351648123, 0.18089381351648123, 0.18089381351648123, 0.542381439984475, 0.18089381351648123, 0.542381439984475, 0.18089381351648123, 0.8719566087783203, 0.8719566087783203, 0.5592536055913565, 0.18089381351648123, 0.18089381351648123, 0.8719566087783203, 0.8719566087783203, 0.542381439984475, 0.18089381351648123, 0.18089381351648123, 0.18089381351648123, 0.542381439984475, 0.18089381351648123, 0.8719566087783203, 0.8719566087783203, 0.18089381351648123, 0.542381439984475, 0.18089381351648123, 0.8719566087783203, 0.18089381351648123, 0.18089381351648123, 0.8719566087783203, 0.8719566087783203, 0.8719566087783203, 0.542381439984475, 0.542381439984475, 0.8719566087783203, 0.8719566087783203, 0.5592536055913565, 0.18089381351648123, 0.18089381351648123, 0.18089381351648123, 0.8719566087783203, 0.542381439984475, 0.18089381351648123, 0.542381439984475, 0.18089381351648123, 0.8719566087783203, 0.8719566087783203, 0.542381439984475, 0.18089381351648123, 0.18089381351648123, 0.8719566087783203, 0.18089381351648123, 0.18089381351648123, 0.8719566087783203, 0.542381439984475]",3,train,7
0.71,12,59,13,16,100,82,1,1,1,0,0,0,0,0,1,0,1,0,0,"(array([0.56619239, 0.67296803]), array([0.80743152, 0.71519411]), array([0.18823528, 0.28218329]), array([0.4226999 , 0.31781134]))","['QwenPRM_avg_scores (7.63B)', 'EurusPRMStage1_min_scores (7.62B)']","[0.18089381351648123, 0.18089381351648123, 0.18089381351648123, 0.18089381351648123, 0.18089381351648123, 0.18089381351648123, 0.18089381351648123, 0.18089381351648123, 0.18089381351648123, 0.18089381351648123, 0.18089381351648123, 0.18089381351648123, 0.542381439984475, 0.18089381351648123, 0.18089381351648123, 0.18089381351648123, 0.18089381351648123, 0.18089381351648123, 0.18089381351648123, 0.18089381351648123, 0.18089381351648123, 0.542381439984475, 0.542381439984475, 0.18089381351648123, 0.18089381351648123, 0.542381439984475, 0.542381439984475, 0.18089381351648123, 0.18089381351648123, 0.18089381351648123, 0.18089381351648123, 0.18089381351648123, 0.18089381351648123, 0.18089381351648123, 0.18089381351648123, 0.18089381351648123, 0.18089381351648123, 0.18089381351648123, 0.18089381351648123, 0.18089381351648123, 0.542381439984475, 0.542381439984475, 0.18089381351648123, 0.18089381351648123, 0.542381439984475, 0.18089381351648123, 0.18089381351648123, 0.18089381351648123, 0.542381439984475, 0.542381439984475, 0.18089381351648123, 0.18089381351648123, 0.542381439984475, 0.542381439984475, 0.18089381351648123, 0.542381439984475, 0.542381439984475, 0.18089381351648123, 0.18089381351648123, 0.18089381351648123, 0.18089381351648123, 0.18089381351648123, 0.18089381351648123, 0.18089381351648123, 0.18089381351648123, 0.18089381351648123, 0.18089381351648123, 0.542381439984475, 0.542381439984475, 0.542381439984475, 0.18089381351648123, 0.18089381351648123, 0.18089381351648123, 0.18089381351648123, 0.18089381351648123, 0.18089381351648123, 0.18089381351648123, 0.542381439984475, 0.542381439984475, 0.18089381351648123, 0.18089381351648123, 0.18089381351648123, 0.5592536055913565, 0.18089381351648123, 0.18089381351648123, 0.18089381351648123, 0.542381439984475, 0.18089381351648123, 0.542381439984475, 0.18089381351648123, 0.18089381351648123, 0.18089381351648123, 0.542381439984475, 0.18089381351648123, 0.18089381351648123, 0.542381439984475, 0.18089381351648123, 0.18089381351648123, 0.542381439984475, 0.18089381351648123]",4,train,2
0.77,53,24,13,10,100,0,1,1,1,0,0,0,0,1,1,1,0,0,0,"(array([0.56619239, 0.67296803]), array([0.80743152, 0.71519411]), array([0.18823528, 0.28218329]), array([0.4226999 , 0.31781134]))","['QwenPRM_avg_scores (7.63B)', 'EurusPRMStage1_min_scores (7.62B)']","[0.8719566087783203, 0.542381439984475, 0.18089381351648123, 0.8719566087783203, 0.8719566087783203, 0.18089381351648123, 0.8719566087783203, 0.5592536055913565, 0.18089381351648123, 0.8719566087783203, 0.8719566087783203, 0.8719566087783203, 0.542381439984475, 0.8719566087783203, 0.18089381351648123, 0.8719566087783203, 0.18089381351648123, 0.5592536055913565, 0.8719566087783203, 0.18089381351648123, 0.5592536055913565, 0.542381439984475, 0.8719566087783203, 0.542381439984475, 0.18089381351648123, 0.5592536055913565, 0.5592536055913565, 0.18089381351648123, 0.18089381351648123, 0.18089381351648123, 0.5592536055913565, 0.18089381351648123, 0.18089381351648123, 0.5592536055913565, 0.8719566087783203, 0.8719566087783203, 0.18089381351648123, 0.18089381351648123, 0.18089381351648123, 0.8719566087783203, 0.542381439984475, 0.5592536055913565, 0.18089381351648123, 0.5592536055913565, 0.8719566087783203, 0.542381439984475, 0.542381439984475, 0.8719566087783203, 0.542381439984475, 0.5592536055913565, 0.542381439984475, 0.8719566087783203, 0.5592536055913565, 0.542381439984475, 0.8719566087783203, 0.18089381351648123, 0.18089381351648123, 0.5592536055913565, 0.8719566087783203, 0.18089381351648123, 0.542381439984475, 0.18089381351648123, 0.542381439984475, 0.5592536055913565, 0.18089381351648123, 0.542381439984475, 0.542381439984475, 0.18089381351648123, 0.8719566087783203, 0.8719566087783203, 0.542381439984475, 0.542381439984475, 0.18089381351648123, 0.5592536055913565, 0.18089381351648123, 0.542381439984475, 0.18089381351648123, 0.542381439984475, 0.8719566087783203, 0.18089381351648123, 0.18089381351648123, 0.542381439984475, 0.8719566087783203, 0.8719566087783203, 0.8719566087783203, 0.542381439984475, 0.8719566087783203, 0.18089381351648123, 0.18089381351648123, 0.18089381351648123, 0.18089381351648123, 0.542381439984475, 0.5592536055913565, 0.542381439984475, 0.18089381351648123, 0.18089381351648123, 0.8719566087783203, 0.8719566087783203, 0.18089381351648123, 0.5592536055913565]",5,train,6
0.59,2,57,41,0,100,23,1,1,1,0,0,0,23,1,1,1,0,0,0,"(array([0.56619239, 0.67296803]), array([0.80743152, 0.71519411]), array([0.18823528, 0.28218329]), array([0.4226999 , 0.31781134]))","['QwenPRM_avg_scores (7.63B)', 'EurusPRMStage1_min_scores (7.62B)']","[0.18089381351648123, 0.18089381351648123, 0.18089381351648123, 0.542381439984475, 0.542381439984475, 0.18089381351648123, 0.542381439984475, 0.18089381351648123, 0.542381439984475, 0.18089381351648123, 0.18089381351648123, 0.18089381351648123, 0.18089381351648123, 0.542381439984475, 0.18089381351648123, 0.542381439984475, 0.18089381351648123, 0.542381439984475, 0.18089381351648123, 0.542381439984475, 0.18089381351648123, 0.542381439984475, 0.18089381351648123, 0.8719566087783203, 0.18089381351648123, 0.18089381351648123, 0.542381439984475, 0.18089381351648123, 0.18089381351648123, 0.18089381351648123, 0.542381439984475, 0.18089381351648123, 0.18089381351648123, 0.18089381351648123, 0.18089381351648123, 0.18089381351648123, 0.542381439984475, 0.18089381351648123, 0.542381439984475, 0.18089381351648123, 0.18089381351648123, 0.18089381351648123, 0.18089381351648123, 0.542381439984475, 0.542381439984475, 0.18089381351648123, 0.542381439984475, 0.18089381351648123, 0.18089381351648123, 0.542381439984475, 0.18089381351648123, 0.542381439984475, 0.18089381351648123, 0.18089381351648123, 0.18089381351648123, 0.542381439984475, 0.542381439984475, 0.18089381351648123, 0.542381439984475, 0.542381439984475, 0.542381439984475, 0.18089381351648123, 0.542381439984475, 0.18089381351648123, 0.18089381351648123, 0.18089381351648123, 0.18089381351648123, 0.542381439984475, 0.18089381351648123, 0.542381439984475, 0.542381439984475, 0.8719566087783203, 0.18089381351648123, 0.542381439984475, 0.542381439984475, 0.542381439984475, 0.542381439984475, 0.18089381351648123, 0.542381439984475, 0.542381439984475, 0.18089381351648123, 0.18089381351648123, 0.542381439984475, 0.18089381351648123, 0.542381439984475, 0.18089381351648123, 0.18089381351648123, 0.8719566087783203, 0.18089381351648123, 0.18089381351648123, 0.542381439984475, 0.542381439984475, 0.18089381351648123, 0.18089381351648123, 0.18089381351648123, 0.18089381351648123, 0.18089381351648123, 0.542381439984475, 0.542381439984475, 0.542381439984475]",6,train,0
0.86,82,4,0,14,100,0,1,1,1,0,0,0,0,1,1,1,0,0,0,"(array([0.56619239, 0.67296803]), array([0.80743152, 0.71519411]), array([0.18823528, 0.28218329]), array([0.4226999 , 0.31781134]))","['QwenPRM_avg_scores (7.63B)', 'EurusPRMStage1_min_scores (7.62B)']","[0.8719566087783203, 0.542381439984475, 0.542381439984475, 0.542381439984475, 0.18089381351648123, 0.18089381351648123, 0.542381439984475, 0.542381439984475, 0.542381439984475, 0.542381439984475, 0.542381439984475, 0.542381439984475, 0.8719566087783203, 0.542381439984475, 0.542381439984475, 0.542381439984475, 0.542381439984475, 0.542381439984475, 0.542381439984475, 0.542381439984475, 0.542381439984475, 0.8719566087783203, 0.542381439984475, 0.18089381351648123, 0.18089381351648123, 0.542381439984475, 0.542381439984475, 0.542381439984475, 0.542381439984475, 0.18089381351648123, 0.5592536055913565, 0.542381439984475, 0.542381439984475, 0.8719566087783203, 0.542381439984475, 0.542381439984475, 0.18089381351648123, 0.542381439984475, 0.18089381351648123, 0.542381439984475, 0.8719566087783203, 0.8719566087783203, 0.542381439984475, 0.542381439984475, 0.18089381351648123, 0.542381439984475, 0.542381439984475, 0.542381439984475, 0.18089381351648123, 0.8719566087783203, 0.542381439984475, 0.8719566087783203, 0.542381439984475, 0.542381439984475, 0.542381439984475, 0.542381439984475, 0.542381439984475, 0.542381439984475, 0.8719566087783203, 0.542381439984475, 0.542381439984475, 0.18089381351648123, 0.542381439984475, 0.542381439984475, 0.542381439984475, 0.542381439984475, 0.542381439984475, 0.542381439984475, 0.18089381351648123, 0.542381439984475, 0.18089381351648123, 0.18089381351648123, 0.542381439984475, 0.8719566087783203, 0.542381439984475, 0.542381439984475, 0.542381439984475, 0.18089381351648123, 0.18089381351648123, 0.542381439984475, 0.542381439984475, 0.8719566087783203, 0.18089381351648123, 0.8719566087783203, 0.542381439984475, 0.18089381351648123, 0.18089381351648123, 0.542381439984475, 0.542381439984475, 0.542381439984475, 0.542381439984475, 0.542381439984475, 0.542381439984475, 0.542381439984475, 0.542381439984475, 0.542381439984475, 0.542381439984475, 0.542381439984475, 0.542381439984475, 0.542381439984475]",7,train,9
0.93,50,43,0,7,100,1,1,1,1,0,0,0,1,1,1,1,0,0,0,"(array([0.56619239, 0.67296803]), array([0.80743152, 0.71519411]), array([0.18823528, 0.28218329]), array([0.4226999 , 0.31781134]))","['QwenPRM_avg_scores (7.63B)', 'EurusPRMStage1_min_scores (7.62B)']","[0.18089381351648123, 0.8719566087783203, 0.542381439984475, 0.18089381351648123, 0.8719566087783203, 0.8719566087783203, 0.8719566087783203, 0.18089381351648123, 0.542381439984475, 0.542381439984475, 0.8719566087783203, 0.542381439984475, 0.18089381351648123, 0.8719566087783203, 0.18089381351648123, 0.8719566087783203, 0.542381439984475, 0.18089381351648123, 0.8719566087783203, 0.542381439984475, 0.8719566087783203, 0.542381439984475, 0.8719566087783203, 0.8719566087783203, 0.8719566087783203, 0.8719566087783203, 0.18089381351648123, 0.18089381351648123, 0.542381439984475, 0.18089381351648123, 0.18089381351648123, 0.18089381351648123, 0.18089381351648123, 0.542381439984475, 0.18089381351648123, 0.8719566087783203, 0.18089381351648123, 0.18089381351648123, 0.18089381351648123, 0.18089381351648123, 0.18089381351648123, 0.542381439984475, 0.18089381351648123, 0.8719566087783203, 0.18089381351648123, 0.18089381351648123, 0.8719566087783203, 0.18089381351648123, 0.8719566087783203, 0.542381439984475, 0.542381439984475, 0.18089381351648123, 0.8719566087783203, 0.8719566087783203, 0.18089381351648123, 0.18089381351648123, 0.18089381351648123, 0.8719566087783203, 0.18089381351648123, 0.542381439984475, 0.18089381351648123, 0.542381439984475, 0.542381439984475, 0.8719566087783203, 0.18089381351648123, 0.18089381351648123, 0.8719566087783203, 0.18089381351648123, 0.18089381351648123, 0.18089381351648123, 0.8719566087783203, 0.542381439984475, 0.542381439984475, 0.8719566087783203, 0.542381439984475, 0.18089381351648123, 0.18089381351648123, 0.18089381351648123, 0.8719566087783203, 0.18089381351648123, 0.18089381351648123, 0.18089381351648123, 0.18089381351648123, 0.18089381351648123, 0.18089381351648123, 0.542381439984475, 0.18089381351648123, 0.8719566087783203, 0.8719566087783203, 0.18089381351648123, 0.18089381351648123, 0.8719566087783203, 0.8719566087783203, 0.18089381351648123, 0.18089381351648123, 0.18089381351648123, 0.18089381351648123, 0.8719566087783203, 0.18089381351648123, 0.8719566087783203]",8,train,5
0.76,10,66,13,11,100,16,0,1,0,0,0,1,0,0,1,0,1,0,0,"(array([0.56619239, 0.67296803]), array([0.80743152, 0.71519411]), array([0.18823528, 0.28218329]), array([0.4226999 , 0.31781134]))","['QwenPRM_avg_scores (7.63B)', 'EurusPRMStage1_min_scores (7.62B)']","[0.18089381351648123, 0.18089381351648123, 0.18089381351648123, 0.18089381351648123, 0.18089381351648123, 0.18089381351648123, 0.18089381351648123, 0.18089381351648123, 0.18089381351648123, 0.18089381351648123, 0.18089381351648123, 0.18089381351648123, 0.18089381351648123, 0.18089381351648123, 0.18089381351648123, 0.18089381351648123, 0.542381439984475, 0.542381439984475, 0.542381439984475, 0.542381439984475, 0.18089381351648123, 0.18089381351648123, 0.18089381351648123, 0.18089381351648123, 0.18089381351648123, 0.542381439984475, 0.18089381351648123, 0.18089381351648123, 0.18089381351648123, 0.18089381351648123, 0.18089381351648123, 0.18089381351648123, 0.18089381351648123, 0.18089381351648123, 0.18089381351648123, 0.542381439984475, 0.18089381351648123, 0.18089381351648123, 0.18089381351648123, 0.542381439984475, 0.542381439984475, 0.542381439984475, 0.18089381351648123, 0.18089381351648123, 0.18089381351648123, 0.18089381351648123, 0.18089381351648123, 0.18089381351648123, 0.18089381351648123, 0.542381439984475, 0.542381439984475, 0.18089381351648123, 0.18089381351648123, 0.542381439984475, 0.542381439984475, 0.542381439984475, 0.18089381351648123, 0.542381439984475, 0.18089381351648123, 0.18089381351648123, 0.18089381351648123, 0.18089381351648123, 0.18089381351648123, 0.18089381351648123, 0.18089381351648123, 0.18089381351648123, 0.18089381351648123, 0.18089381351648123, 0.18089381351648123, 0.18089381351648123, 0.542381439984475, 0.542381439984475, 0.18089381351648123, 0.18089381351648123, 0.18089381351648123, 0.18089381351648123, 0.18089381351648123, 0.18089381351648123, 0.18089381351648123, 0.18089381351648123, 0.18089381351648123, 0.18089381351648123, 0.542381439984475, 0.18089381351648123, 0.18089381351648123, 0.18089381351648123, 0.18089381351648123, 0.542381439984475, 0.18089381351648123, 0.18089381351648123, 0.18089381351648123, 0.542381439984475, 0.542381439984475, 0.542381439984475, 0.18089381351648123, 0.18089381351648123, 0.542381439984475, 0.18089381351648123, 0.18089381351648123, 0.18089381351648123]",9,train,2
0.8,5,75,8,12,100,31,0,1,0,0,0,1,31,1,0,0,0,1,0,"(array([0.56619239, 0.67296803]), array([0.80743152, 0.71519411]), array([0.18823528, 0.28218329]), array([0.4226999 , 0.31781134]))","['QwenPRM_avg_scores (7.63B)', 'EurusPRMStage1_min_scores (7.62B)']","[0.18089381351648123, 0.18089381351648123, 0.18089381351648123, 0.18089381351648123, 0.18089381351648123, 0.18089381351648123, 0.18089381351648123, 0.18089381351648123, 0.18089381351648123, 0.18089381351648123, 0.18089381351648123, 0.18089381351648123, 0.18089381351648123, 0.18089381351648123, 0.18089381351648123, 0.18089381351648123, 0.542381439984475, 0.18089381351648123, 0.18089381351648123, 0.18089381351648123, 0.18089381351648123, 0.18089381351648123, 0.18089381351648123, 0.18089381351648123, 0.18089381351648123, 0.18089381351648123, 0.18089381351648123, 0.18089381351648123, 0.18089381351648123, 0.18089381351648123, 0.18089381351648123, 0.8719566087783203, 0.18089381351648123, 0.18089381351648123, 0.18089381351648123, 0.542381439984475, 0.18089381351648123, 0.18089381351648123, 0.18089381351648123, 0.18089381351648123, 0.18089381351648123, 0.18089381351648123, 0.18089381351648123, 0.18089381351648123, 0.18089381351648123, 0.18089381351648123, 0.18089381351648123, 0.18089381351648123, 0.18089381351648123, 0.18089381351648123, 0.18089381351648123, 0.542381439984475, 0.18089381351648123, 0.18089381351648123, 0.8719566087783203, 0.542381439984475, 0.542381439984475, 0.18089381351648123, 0.18089381351648123, 0.18089381351648123, 0.18089381351648123, 0.542381439984475, 0.18089381351648123, 0.18089381351648123, 0.542381439984475, 0.18089381351648123, 0.18089381351648123, 0.18089381351648123, 0.18089381351648123, 0.18089381351648123, 0.18089381351648123, 0.18089381351648123, 0.18089381351648123, 0.18089381351648123, 0.18089381351648123, 0.18089381351648123, 0.18089381351648123, 0.18089381351648123, 0.5592536055913565, 0.8719566087783203, 0.542381439984475, 0.18089381351648123, 0.18089381351648123, 0.18089381351648123, 0.18089381351648123, 0.18089381351648123, 0.18089381351648123, 0.18089381351648123, 0.18089381351648123, 0.18089381351648123, 0.18089381351648123, 0.18089381351648123, 0.18089381351648123, 0.18089381351648123, 0.18089381351648123, 0.18089381351648123, 0.18089381351648123, 0.18089381351648123, 0.18089381351648123, 0.542381439984475]",10,train,1
0.93,59,34,0,7,100,1,1,1,1,0,0,0,1,1,1,1,0,0,0,"(array([0.56619239, 0.67296803]), array([0.80743152, 0.71519411]), array([0.18823528, 0.28218329]), array([0.4226999 , 0.31781134]))","['QwenPRM_avg_scores (7.63B)', 'EurusPRMStage1_min_scores (7.62B)']","[0.18089381351648123, 0.8719566087783203, 0.8719566087783203, 0.8719566087783203, 0.8719566087783203, 0.542381439984475, 0.542381439984475, 0.8719566087783203, 0.18089381351648123, 0.18089381351648123, 0.542381439984475, 0.18089381351648123, 0.542381439984475, 0.18089381351648123, 0.8719566087783203, 0.8719566087783203, 0.542381439984475, 0.18089381351648123, 0.542381439984475, 0.18089381351648123, 0.18089381351648123, 0.8719566087783203, 0.8719566087783203, 0.18089381351648123, 0.8719566087783203, 0.8719566087783203, 0.8719566087783203, 0.18089381351648123, 0.18089381351648123, 0.542381439984475, 0.8719566087783203, 0.542381439984475, 0.18089381351648123, 0.18089381351648123, 0.542381439984475, 0.542381439984475, 0.18089381351648123, 0.542381439984475, 0.542381439984475, 0.8719566087783203, 0.18089381351648123, 0.18089381351648123, 0.542381439984475, 0.542381439984475, 0.8719566087783203, 0.542381439984475, 0.8719566087783203, 0.18089381351648123, 0.542381439984475, 0.18089381351648123, 0.8719566087783203, 0.18089381351648123, 0.542381439984475, 0.542381439984475, 0.8719566087783203, 0.18089381351648123, 0.18089381351648123, 0.8719566087783203, 0.18089381351648123, 0.542381439984475, 0.18089381351648123, 0.18089381351648123, 0.542381439984475, 0.8719566087783203, 0.18089381351648123, 0.8719566087783203, 0.18089381351648123, 0.18089381351648123, 0.8719566087783203, 0.8719566087783203, 0.8719566087783203, 0.542381439984475, 0.18089381351648123, 0.18089381351648123, 0.18089381351648123, 0.18089381351648123, 0.542381439984475, 0.8719566087783203, 0.8719566087783203, 0.542381439984475, 0.18089381351648123, 0.542381439984475, 0.18089381351648123, 0.542381439984475, 0.542381439984475, 0.18089381351648123, 0.18089381351648123, 0.542381439984475, 0.8719566087783203, 0.542381439984475, 0.18089381351648123, 0.18089381351648123, 0.18089381351648123, 0.8719566087783203, 0.18089381351648123, 0.542381439984475, 0.18089381351648123, 0.18089381351648123, 0.542381439984475, 0.542381439984475]",11,train,6
0.89,80,9,0,11,100,0,1,1,1,0,0,0,0,1,1,1,0,0,0,"(array([0.56619239, 0.67296803]), array([0.80743152, 0.71519411]), array([0.18823528, 0.28218329]), array([0.4226999 , 0.31781134]))","['QwenPRM_avg_scores (7.63B)', 'EurusPRMStage1_min_scores (7.62B)']","[0.8719566087783203, 0.18089381351648123, 0.542381439984475, 0.8719566087783203, 0.18089381351648123, 0.18089381351648123, 0.8719566087783203, 0.8719566087783203, 0.8719566087783203, 0.8719566087783203, 0.8719566087783203, 0.8719566087783203, 0.542381439984475, 0.542381439984475, 0.8719566087783203, 0.8719566087783203, 0.5592536055913565, 0.542381439984475, 0.5592536055913565, 0.18089381351648123, 0.8719566087783203, 0.8719566087783203, 0.8719566087783203, 0.18089381351648123, 0.18089381351648123, 0.8719566087783203, 0.8719566087783203, 0.5592536055913565, 0.8719566087783203, 0.5592536055913565, 0.18089381351648123, 0.542381439984475, 0.8719566087783203, 0.542381439984475, 0.8719566087783203, 0.18089381351648123, 0.542381439984475, 0.5592536055913565, 0.8719566087783203, 0.5592536055913565, 0.8719566087783203, 0.8719566087783203, 0.8719566087783203, 0.8719566087783203, 0.8719566087783203, 0.18089381351648123, 0.5592536055913565, 0.8719566087783203, 0.18089381351648123, 0.8719566087783203, 0.8719566087783203, 0.5592536055913565, 0.8719566087783203, 0.542381439984475, 0.5592536055913565, 0.18089381351648123, 0.8719566087783203, 0.8719566087783203, 0.8719566087783203, 0.8719566087783203, 0.18089381351648123, 0.5592536055913565, 0.8719566087783203, 0.542381439984475, 0.5592536055913565, 0.8719566087783203, 0.8719566087783203, 0.8719566087783203, 0.8719566087783203, 0.18089381351648123, 0.8719566087783203, 0.18089381351648123, 0.18089381351648123, 0.18089381351648123, 0.18089381351648123, 0.8719566087783203, 0.8719566087783203, 0.18089381351648123, 0.5592536055913565, 0.542381439984475, 0.8719566087783203, 0.8719566087783203, 0.18089381351648123, 0.8719566087783203, 0.8719566087783203, 0.8719566087783203, 0.542381439984475, 0.5592536055913565, 0.5592536055913565, 0.8719566087783203, 0.8719566087783203, 0.542381439984475, 0.542381439984475, 0.5592536055913565, 0.5592536055913565, 0.5592536055913565, 0.18089381351648123, 0.542381439984475, 0.542381439984475, 0.8719566087783203]",12,train,9
0.58,19,39,37,5,100,50,0,1,0,0,0,1,50,1,0,0,0,1,0,"(array([0.56619239, 0.67296803]), array([0.80743152, 0.71519411]), array([0.18823528, 0.28218329]), array([0.4226999 , 0.31781134]))","['QwenPRM_avg_scores (7.63B)', 'EurusPRMStage1_min_scores (7.62B)']","[0.542381439984475, 0.542381439984475, 0.18089381351648123, 0.542381439984475, 0.18089381351648123, 0.542381439984475, 0.542381439984475, 0.542381439984475, 0.542381439984475, 0.18089381351648123, 0.18089381351648123, 0.542381439984475, 0.18089381351648123, 0.18089381351648123, 0.18089381351648123, 0.18089381351648123, 0.542381439984475, 0.18089381351648123, 0.5592536055913565, 0.18089381351648123, 0.18089381351648123, 0.18089381351648123, 0.18089381351648123, 0.542381439984475, 0.542381439984475, 0.18089381351648123, 0.18089381351648123, 0.18089381351648123, 0.18089381351648123, 0.18089381351648123, 0.18089381351648123, 0.542381439984475, 0.542381439984475, 0.542381439984475, 0.18089381351648123, 0.542381439984475, 0.18089381351648123, 0.542381439984475, 0.542381439984475, 0.542381439984475, 0.542381439984475, 0.542381439984475, 0.18089381351648123, 0.542381439984475, 0.542381439984475, 0.18089381351648123, 0.18089381351648123, 0.18089381351648123, 0.18089381351648123, 0.542381439984475, 0.8719566087783203, 0.542381439984475, 0.18089381351648123, 0.542381439984475, 0.18089381351648123, 0.542381439984475, 0.18089381351648123, 0.18089381351648123, 0.18089381351648123, 0.542381439984475, 0.542381439984475, 0.542381439984475, 0.18089381351648123, 0.542381439984475, 0.18089381351648123, 0.542381439984475, 0.542381439984475, 0.542381439984475, 0.542381439984475, 0.542381439984475, 0.18089381351648123, 0.542381439984475, 0.18089381351648123, 0.18089381351648123, 0.542381439984475, 0.542381439984475, 0.542381439984475, 0.542381439984475, 0.542381439984475, 0.542381439984475, 0.18089381351648123, 0.542381439984475, 0.542381439984475, 0.542381439984475, 0.18089381351648123, 0.542381439984475, 0.542381439984475, 0.18089381351648123, 0.542381439984475, 0.542381439984475, 0.18089381351648123, 0.18089381351648123, 0.18089381351648123, 0.18089381351648123, 0.542381439984475, 0.542381439984475, 0.542381439984475, 0.18089381351648123, 0.542381439984475, 0.542381439984475]",13,train,2
0.52,26,26,11,37,100,12,1,1,1,0,0,0,12,1,1,1,0,0,0,"(array([0.56619239, 0.67296803]), array([0.80743152, 0.71519411]), array([0.18823528, 0.28218329]), array([0.4226999 , 0.31781134]))","['QwenPRM_avg_scores (7.63B)', 'EurusPRMStage1_min_scores (7.62B)']","[0.18089381351648123, 0.542381439984475, 0.18089381351648123, 0.18089381351648123, 0.18089381351648123, 0.18089381351648123, 0.18089381351648123, 0.542381439984475, 0.18089381351648123, 0.18089381351648123, 0.18089381351648123, 0.542381439984475, 0.8719566087783203, 0.18089381351648123, 0.542381439984475, 0.18089381351648123, 0.18089381351648123, 0.18089381351648123, 0.18089381351648123, 0.18089381351648123, 0.18089381351648123, 0.18089381351648123, 0.18089381351648123, 0.542381439984475, 0.18089381351648123, 0.542381439984475, 0.542381439984475, 0.18089381351648123, 0.18089381351648123, 0.542381439984475, 0.18089381351648123, 0.18089381351648123, 0.542381439984475, 0.18089381351648123, 0.18089381351648123, 0.18089381351648123, 0.542381439984475, 0.18089381351648123, 0.18089381351648123, 0.18089381351648123, 0.18089381351648123, 0.542381439984475, 0.18089381351648123, 0.542381439984475, 0.18089381351648123, 0.18089381351648123, 0.542381439984475, 0.542381439984475, 0.18089381351648123, 0.542381439984475, 0.542381439984475, 0.18089381351648123, 0.18089381351648123, 0.18089381351648123, 0.18089381351648123, 0.542381439984475, 0.542381439984475, 0.542381439984475, 0.18089381351648123, 0.18089381351648123, 0.542381439984475, 0.542381439984475, 0.18089381351648123, 0.542381439984475, 0.18089381351648123, 0.18089381351648123, 0.18089381351648123, 0.18089381351648123, 0.18089381351648123, 0.18089381351648123, 0.542381439984475, 0.18089381351648123, 0.542381439984475, 0.542381439984475, 0.18089381351648123, 0.542381439984475, 0.542381439984475, 0.542381439984475, 0.18089381351648123, 0.18089381351648123, 0.18089381351648123, 0.542381439984475, 0.542381439984475, 0.18089381351648123, 0.542381439984475, 0.18089381351648123, 0.18089381351648123, 0.18089381351648123, 0.18089381351648123, 0.542381439984475, 0.542381439984475, 0.542381439984475, 0.18089381351648123, 0.542381439984475, 0.18089381351648123, 0.18089381351648123, 0.18089381351648123, 0.542381439984475, 0.18089381351648123, 0.18089381351648123]",14,train,6
0.94,57,37,0,6,100,3,1,1,1,0,0,0,3,1,1,1,0,0,0,"(array([0.56619239, 0.67296803]), array([0.80743152, 0.71519411]), array([0.18823528, 0.28218329]), array([0.4226999 , 0.31781134]))","['QwenPRM_avg_scores (7.63B)', 'EurusPRMStage1_min_scores (7.62B)']","[0.542381439984475, 0.18089381351648123, 0.542381439984475, 0.8719566087783203, 0.18089381351648123, 0.8719566087783203, 0.18089381351648123, 0.8719566087783203, 0.542381439984475, 0.542381439984475, 0.542381439984475, 0.18089381351648123, 0.8719566087783203, 0.8719566087783203, 0.542381439984475, 0.18089381351648123, 0.18089381351648123, 0.18089381351648123, 0.18089381351648123, 0.542381439984475, 0.18089381351648123, 0.542381439984475, 0.18089381351648123, 0.18089381351648123, 0.18089381351648123, 0.18089381351648123, 0.18089381351648123, 0.8719566087783203, 0.542381439984475, 0.542381439984475, 0.542381439984475, 0.18089381351648123, 0.542381439984475, 0.18089381351648123, 0.542381439984475, 0.18089381351648123, 0.18089381351648123, 0.8719566087783203, 0.18089381351648123, 0.18089381351648123, 0.8719566087783203, 0.18089381351648123, 0.542381439984475, 0.18089381351648123, 0.542381439984475, 0.8719566087783203, 0.18089381351648123, 0.18089381351648123, 0.542381439984475, 0.8719566087783203, 0.8719566087783203, 0.542381439984475, 0.542381439984475, 0.8719566087783203, 0.18089381351648123, 0.542381439984475, 0.18089381351648123, 0.542381439984475, 0.542381439984475, 0.8719566087783203, 0.18089381351648123, 0.18089381351648123, 0.18089381351648123, 0.542381439984475, 0.8719566087783203, 0.542381439984475, 0.542381439984475, 0.8719566087783203, 0.18089381351648123, 0.542381439984475, 0.8719566087783203, 0.5592536055913565, 0.18089381351648123, 0.18089381351648123, 0.542381439984475, 0.18089381351648123, 0.8719566087783203, 0.542381439984475, 0.542381439984475, 0.18089381351648123, 0.8719566087783203, 0.8719566087783203, 0.18089381351648123, 0.542381439984475, 0.542381439984475, 0.8719566087783203, 0.8719566087783203, 0.8719566087783203, 0.18089381351648123, 0.8719566087783203, 0.542381439984475, 0.18089381351648123, 0.18089381351648123, 0.8719566087783203, 0.18089381351648123, 0.18089381351648123, 0.18089381351648123, 0.542381439984475, 0.18089381351648123, 0.18089381351648123]",15,train,6
0.92,70,22,0,8,100,2,1,1,1,0,0,0,2,1,1,1,0,0,0,"(array([0.56619239, 0.67296803]), array([0.80743152, 0.71519411]), array([0.18823528, 0.28218329]), array([0.4226999 , 0.31781134]))","['QwenPRM_avg_scores (7.63B)', 'EurusPRMStage1_min_scores (7.62B)']","[0.542381439984475, 0.18089381351648123, 0.8719566087783203, 0.8719566087783203, 0.8719566087783203, 0.8719566087783203, 0.18089381351648123, 0.18089381351648123, 0.542381439984475, 0.18089381351648123, 0.8719566087783203, 0.8719566087783203, 0.8719566087783203, 0.8719566087783203, 0.18089381351648123, 0.8719566087783203, 0.8719566087783203, 0.8719566087783203, 0.8719566087783203, 0.8719566087783203, 0.542381439984475, 0.8719566087783203, 0.542381439984475, 0.18089381351648123, 0.8719566087783203, 0.8719566087783203, 0.18089381351648123, 0.8719566087783203, 0.18089381351648123, 0.8719566087783203, 0.18089381351648123, 0.542381439984475, 0.542381439984475, 0.18089381351648123, 0.542381439984475, 0.8719566087783203, 0.8719566087783203, 0.18089381351648123, 0.542381439984475, 0.542381439984475, 0.8719566087783203, 0.5592536055913565, 0.8719566087783203, 0.18089381351648123, 0.8719566087783203, 0.8719566087783203, 0.8719566087783203, 0.18089381351648123, 0.542381439984475, 0.8719566087783203, 0.18089381351648123, 0.18089381351648123, 0.8719566087783203, 0.8719566087783203, 0.8719566087783203, 0.8719566087783203, 0.8719566087783203, 0.8719566087783203, 0.542381439984475, 0.8719566087783203, 0.8719566087783203, 0.18089381351648123, 0.8719566087783203, 0.8719566087783203, 0.542381439984475, 0.18089381351648123, 0.18089381351648123, 0.8719566087783203, 0.8719566087783203, 0.18089381351648123, 0.542381439984475, 0.18089381351648123, 0.542381439984475, 0.8719566087783203, 0.18089381351648123, 0.8719566087783203, 0.18089381351648123, 0.18089381351648123, 0.542381439984475, 0.542381439984475, 0.8719566087783203, 0.542381439984475, 0.18089381351648123, 0.5592536055913565, 0.5592536055913565, 0.18089381351648123, 0.18089381351648123, 0.18089381351648123, 0.542381439984475, 0.8719566087783203, 0.8719566087783203, 0.18089381351648123, 0.18089381351648123, 0.8719566087783203, 0.8719566087783203, 0.542381439984475, 0.18089381351648123, 0.8719566087783203, 0.8719566087783203, 0.8719566087783203]",16,train,7
0.96,95,1,0,4,100,0,1,1,1,0,0,0,0,1,1,1,0,0,0,"(array([0.56619239, 0.67296803]), array([0.80743152, 0.71519411]), array([0.18823528, 0.28218329]), array([0.4226999 , 0.31781134]))","['QwenPRM_avg_scores (7.63B)', 'EurusPRMStage1_min_scores (7.62B)']","[0.8719566087783203, 0.8719566087783203, 0.542381439984475, 0.542381439984475, 0.8719566087783203, 0.8719566087783203, 0.8719566087783203, 0.8719566087783203, 0.5592536055913565, 0.8719566087783203, 0.8719566087783203, 0.8719566087783203, 0.8719566087783203, 0.542381439984475, 0.8719566087783203, 0.8719566087783203, 0.8719566087783203, 0.8719566087783203, 0.542381439984475, 0.542381439984475, 0.8719566087783203, 0.8719566087783203, 0.8719566087783203, 0.8719566087783203, 0.18089381351648123, 0.8719566087783203, 0.5592536055913565, 0.542381439984475, 0.8719566087783203, 0.8719566087783203, 0.542381439984475, 0.8719566087783203, 0.8719566087783203, 0.8719566087783203, 0.8719566087783203, 0.8719566087783203, 0.542381439984475, 0.8719566087783203, 0.542381439984475, 0.8719566087783203, 0.542381439984475, 0.8719566087783203, 0.8719566087783203, 0.542381439984475, 0.8719566087783203, 0.8719566087783203, 0.8719566087783203, 0.8719566087783203, 0.542381439984475, 0.8719566087783203, 0.8719566087783203, 0.8719566087783203, 0.8719566087783203, 0.8719566087783203, 0.8719566087783203, 0.8719566087783203, 0.18089381351648123, 0.8719566087783203, 0.8719566087783203, 0.8719566087783203, 0.8719566087783203, 0.8719566087783203, 0.542381439984475, 0.8719566087783203, 0.8719566087783203, 0.542381439984475, 0.8719566087783203, 0.542381439984475, 0.8719566087783203, 0.8719566087783203, 0.8719566087783203, 0.8719566087783203, 0.8719566087783203, 0.8719566087783203, 0.8719566087783203, 0.8719566087783203, 0.542381439984475, 0.8719566087783203, 0.8719566087783203, 0.8719566087783203, 0.8719566087783203, 0.8719566087783203, 0.5592536055913565, 0.18089381351648123, 0.8719566087783203, 0.8719566087783203, 0.8719566087783203, 0.8719566087783203, 0.8719566087783203, 0.8719566087783203, 0.8719566087783203, 0.8719566087783203, 0.542381439984475, 0.8719566087783203, 0.18089381351648123, 0.18089381351648123, 0.542381439984475, 0.8719566087783203, 0.8719566087783203, 0.8719566087783203]",17,train,9
0.73,0,73,26,1,100,0,0,1,0,0,0,1,1,0,1,0,1,0,0,"(array([0.56619239, 0.67296803]), array([0.80743152, 0.71519411]), array([0.18823528, 0.28218329]), array([0.4226999 , 0.31781134]))","['QwenPRM_avg_scores (7.63B)', 'EurusPRMStage1_min_scores (7.62B)']","[0.542381439984475, 0.18089381351648123, 0.18089381351648123, 0.18089381351648123, 0.18089381351648123, 0.18089381351648123, 0.18089381351648123, 0.18089381351648123, 0.542381439984475, 0.18089381351648123, 0.18089381351648123, 0.18089381351648123, 0.542381439984475, 0.18089381351648123, 0.18089381351648123, 0.18089381351648123, 0.542381439984475, 0.18089381351648123, 0.18089381351648123, 0.18089381351648123, 0.18089381351648123, 0.18089381351648123, 0.18089381351648123, 0.18089381351648123, 0.18089381351648123, 0.18089381351648123, 0.18089381351648123, 0.18089381351648123, 0.542381439984475, 0.18089381351648123, 0.542381439984475, 0.542381439984475, 0.18089381351648123, 0.542381439984475, 0.18089381351648123, 0.18089381351648123, 0.542381439984475, 0.18089381351648123, 0.18089381351648123, 0.18089381351648123, 0.542381439984475, 0.18089381351648123, 0.18089381351648123, 0.18089381351648123, 0.18089381351648123, 0.542381439984475, 0.542381439984475, 0.542381439984475, 0.18089381351648123, 0.542381439984475, 0.18089381351648123, 0.18089381351648123, 0.18089381351648123, 0.18089381351648123, 0.18089381351648123, 0.18089381351648123, 0.18089381351648123, 0.18089381351648123, 0.18089381351648123, 0.18089381351648123, 0.18089381351648123, 0.542381439984475, 0.18089381351648123, 0.542381439984475, 0.18089381351648123, 0.18089381351648123, 0.18089381351648123, 0.18089381351648123, 0.542381439984475, 0.18089381351648123, 0.542381439984475, 0.18089381351648123, 0.18089381351648123, 0.18089381351648123, 0.542381439984475, 0.18089381351648123, 0.18089381351648123, 0.18089381351648123, 0.542381439984475, 0.18089381351648123, 0.18089381351648123, 0.18089381351648123, 0.18089381351648123, 0.18089381351648123, 0.18089381351648123, 0.18089381351648123, 0.542381439984475, 0.18089381351648123, 0.542381439984475, 0.18089381351648123, 0.18089381351648123, 0.542381439984475, 0.542381439984475, 0.18089381351648123, 0.18089381351648123, 0.18089381351648123, 0.18089381351648123, 0.542381439984475, 0.542381439984475, 0.18089381351648123]",18,train,0
0.91,87,4,1,8,100,0,1,1,1,0,0,0,0,1,1,1,0,0,0,"(array([0.56619239, 0.67296803]), array([0.80743152, 0.71519411]), array([0.18823528, 0.28218329]), array([0.4226999 , 0.31781134]))","['QwenPRM_avg_scores (7.63B)', 'EurusPRMStage1_min_scores (7.62B)']","[0.8719566087783203, 0.542381439984475, 0.542381439984475, 0.8719566087783203, 0.8719566087783203, 0.542381439984475, 0.8719566087783203, 0.542381439984475, 0.8719566087783203, 0.8719566087783203, 0.8719566087783203, 0.542381439984475, 0.8719566087783203, 0.8719566087783203, 0.8719566087783203, 0.8719566087783203, 0.8719566087783203, 0.18089381351648123, 0.18089381351648123, 0.8719566087783203, 0.18089381351648123, 0.8719566087783203, 0.542381439984475, 0.542381439984475, 0.8719566087783203, 0.8719566087783203, 0.8719566087783203, 0.8719566087783203, 0.8719566087783203, 0.8719566087783203, 0.542381439984475, 0.18089381351648123, 0.542381439984475, 0.542381439984475, 0.8719566087783203, 0.542381439984475, 0.8719566087783203, 0.8719566087783203, 0.542381439984475, 0.542381439984475, 0.8719566087783203, 0.8719566087783203, 0.18089381351648123, 0.8719566087783203, 0.8719566087783203, 0.542381439984475, 0.8719566087783203, 0.542381439984475, 0.542381439984475, 0.18089381351648123, 0.8719566087783203, 0.8719566087783203, 0.8719566087783203, 0.542381439984475, 0.18089381351648123, 0.542381439984475, 0.8719566087783203, 0.8719566087783203, 0.18089381351648123, 0.542381439984475, 0.542381439984475, 0.8719566087783203, 0.5592536055913565, 0.8719566087783203, 0.8719566087783203, 0.542381439984475, 0.8719566087783203, 0.8719566087783203, 0.542381439984475, 0.18089381351648123, 0.8719566087783203, 0.8719566087783203, 0.18089381351648123, 0.18089381351648123, 0.542381439984475, 0.8719566087783203, 0.8719566087783203, 0.8719566087783203, 0.542381439984475, 0.8719566087783203, 0.542381439984475, 0.8719566087783203, 0.542381439984475, 0.18089381351648123, 0.542381439984475, 0.542381439984475, 0.8719566087783203, 0.8719566087783203, 0.542381439984475, 0.8719566087783203, 0.8719566087783203, 0.8719566087783203, 0.8719566087783203, 0.542381439984475, 0.5592536055913565, 0.8719566087783203, 0.8719566087783203, 0.542381439984475, 0.8719566087783203, 0.8719566087783203]",19,train,9
0.79,38,41,6,15,100,21,1,1,1,0,0,0,21,1,1,1,0,0,0,"(array([0.56619239, 0.67296803]), array([0.80743152, 0.71519411]), array([0.18823528, 0.28218329]), array([0.4226999 , 0.31781134]))","['QwenPRM_avg_scores (7.63B)', 'EurusPRMStage1_min_scores (7.62B)']","[0.18089381351648123, 0.5592536055913565, 0.18089381351648123, 0.18089381351648123, 0.18089381351648123, 0.542381439984475, 0.18089381351648123, 0.18089381351648123, 0.18089381351648123, 0.18089381351648123, 0.5592536055913565, 0.542381439984475, 0.542381439984475, 0.542381439984475, 0.18089381351648123, 0.18089381351648123, 0.18089381351648123, 0.18089381351648123, 0.18089381351648123, 0.18089381351648123, 0.18089381351648123, 0.8719566087783203, 0.18089381351648123, 0.18089381351648123, 0.8719566087783203, 0.8719566087783203, 0.542381439984475, 0.18089381351648123, 0.18089381351648123, 0.8719566087783203, 0.542381439984475, 0.18089381351648123, 0.542381439984475, 0.18089381351648123, 0.8719566087783203, 0.542381439984475, 0.18089381351648123, 0.18089381351648123, 0.18089381351648123, 0.18089381351648123, 0.18089381351648123, 0.18089381351648123, 0.18089381351648123, 0.5592536055913565, 0.542381439984475, 0.18089381351648123, 0.18089381351648123, 0.8719566087783203, 0.18089381351648123, 0.18089381351648123, 0.18089381351648123, 0.18089381351648123, 0.8719566087783203, 0.8719566087783203, 0.5592536055913565, 0.18089381351648123, 0.5592536055913565, 0.542381439984475, 0.18089381351648123, 0.542381439984475, 0.18089381351648123, 0.18089381351648123, 0.542381439984475, 0.542381439984475, 0.542381439984475, 0.18089381351648123, 0.18089381351648123, 0.18089381351648123, 0.18089381351648123, 0.18089381351648123, 0.18089381351648123, 0.5592536055913565, 0.18089381351648123, 0.18089381351648123, 0.542381439984475, 0.542381439984475, 0.18089381351648123, 0.8719566087783203, 0.542381439984475, 0.8719566087783203, 0.8719566087783203, 0.8719566087783203, 0.542381439984475, 0.542381439984475, 0.8719566087783203, 0.8719566087783203, 0.8719566087783203, 0.18089381351648123, 0.8719566087783203, 0.18089381351648123, 0.18089381351648123, 0.18089381351648123, 0.18089381351648123, 0.18089381351648123, 0.8719566087783203, 0.18089381351648123, 0.8719566087783203, 0.542381439984475, 0.18089381351648123, 0.18089381351648123]",20,train,5
0.87,81,6,1,12,100,1,1,1,1,0,0,0,1,1,1,1,0,0,0,"(array([0.56619239, 0.67296803]), array([0.80743152, 0.71519411]), array([0.18823528, 0.28218329]), array([0.4226999 , 0.31781134]))","['QwenPRM_avg_scores (7.63B)', 'EurusPRMStage1_min_scores (7.62B)']","[0.18089381351648123, 0.8719566087783203, 0.8719566087783203, 0.8719566087783203, 0.5592536055913565, 0.8719566087783203, 0.542381439984475, 0.8719566087783203, 0.5592536055913565, 0.542381439984475, 0.8719566087783203, 0.542381439984475, 0.542381439984475, 0.18089381351648123, 0.5592536055913565, 0.18089381351648123, 0.542381439984475, 0.542381439984475, 0.8719566087783203, 0.18089381351648123, 0.18089381351648123, 0.542381439984475, 0.8719566087783203, 0.8719566087783203, 0.542381439984475, 0.8719566087783203, 0.542381439984475, 0.8719566087783203, 0.542381439984475, 0.542381439984475, 0.18089381351648123, 0.8719566087783203, 0.542381439984475, 0.18089381351648123, 0.8719566087783203, 0.8719566087783203, 0.18089381351648123, 0.18089381351648123, 0.5592536055913565, 0.542381439984475, 0.8719566087783203, 0.542381439984475, 0.8719566087783203, 0.8719566087783203, 0.542381439984475, 0.18089381351648123, 0.8719566087783203, 0.542381439984475, 0.542381439984475, 0.542381439984475, 0.18089381351648123, 0.8719566087783203, 0.8719566087783203, 0.542381439984475, 0.542381439984475, 0.8719566087783203, 0.542381439984475, 0.542381439984475, 0.542381439984475, 0.542381439984475, 0.18089381351648123, 0.8719566087783203, 0.5592536055913565, 0.18089381351648123, 0.8719566087783203, 0.8719566087783203, 0.8719566087783203, 0.542381439984475, 0.542381439984475, 0.542381439984475, 0.542381439984475, 0.542381439984475, 0.542381439984475, 0.18089381351648123, 0.542381439984475, 0.542381439984475, 0.8719566087783203, 0.542381439984475, 0.18089381351648123, 0.542381439984475, 0.18089381351648123, 0.542381439984475, 0.8719566087783203, 0.8719566087783203, 0.542381439984475, 0.542381439984475, 0.18089381351648123, 0.5592536055913565, 0.18089381351648123, 0.8719566087783203, 0.542381439984475, 0.8719566087783203, 0.542381439984475, 0.542381439984475, 0.8719566087783203, 0.542381439984475, 0.542381439984475, 0.8719566087783203, 0.542381439984475, 0.542381439984475]",21,train,9
0.96,11,85,4,0,100,1,1,1,1,0,0,0,1,1,1,1,0,0,0,"(array([0.56619239, 0.67296803]), array([0.80743152, 0.71519411]), array([0.18823528, 0.28218329]), array([0.4226999 , 0.31781134]))","['QwenPRM_avg_scores (7.63B)', 'EurusPRMStage1_min_scores (7.62B)']","[0.542381439984475, 0.8719566087783203, 0.18089381351648123, 0.18089381351648123, 0.542381439984475, 0.18089381351648123, 0.18089381351648123, 0.18089381351648123, 0.18089381351648123, 0.18089381351648123, 0.18089381351648123, 0.18089381351648123, 0.18089381351648123, 0.5592536055913565, 0.18089381351648123, 0.18089381351648123, 0.18089381351648123, 0.18089381351648123, 0.18089381351648123, 0.18089381351648123, 0.18089381351648123, 0.18089381351648123, 0.18089381351648123, 0.18089381351648123, 0.18089381351648123, 0.18089381351648123, 0.542381439984475, 0.8719566087783203, 0.18089381351648123, 0.18089381351648123, 0.18089381351648123, 0.18089381351648123, 0.18089381351648123, 0.18089381351648123, 0.18089381351648123, 0.18089381351648123, 0.542381439984475, 0.18089381351648123, 0.18089381351648123, 0.18089381351648123, 0.18089381351648123, 0.18089381351648123, 0.18089381351648123, 0.18089381351648123, 0.18089381351648123, 0.18089381351648123, 0.18089381351648123, 0.8719566087783203, 0.18089381351648123, 0.18089381351648123, 0.18089381351648123, 0.18089381351648123, 0.18089381351648123, 0.18089381351648123, 0.18089381351648123, 0.18089381351648123, 0.8719566087783203, 0.18089381351648123, 0.18089381351648123, 0.18089381351648123, 0.542381439984475, 0.18089381351648123, 0.18089381351648123, 0.18089381351648123, 0.18089381351648123, 0.18089381351648123, 0.18089381351648123, 0.18089381351648123, 0.18089381351648123, 0.18089381351648123, 0.542381439984475, 0.18089381351648123, 0.18089381351648123, 0.8719566087783203, 0.18089381351648123, 0.18089381351648123, 0.18089381351648123, 0.18089381351648123, 0.8719566087783203, 0.542381439984475, 0.18089381351648123, 0.18089381351648123, 0.18089381351648123, 0.18089381351648123, 0.18089381351648123, 0.18089381351648123, 0.18089381351648123, 0.18089381351648123, 0.18089381351648123, 0.18089381351648123, 0.18089381351648123, 0.18089381351648123, 0.18089381351648123, 0.18089381351648123, 0.18089381351648123, 0.18089381351648123, 0.542381439984475, 0.18089381351648123, 0.18089381351648123, 0.18089381351648123]",22,train,1
0.91,0,91,9,0,100,10,0,0,0,0,1,0,0,0,1,0,1,0,0,"(array([0.56619239, 0.67296803]), array([0.80743152, 0.71519411]), array([0.18823528, 0.28218329]), array([0.4226999 , 0.31781134]))","['QwenPRM_avg_scores (7.63B)', 'EurusPRMStage1_min_scores (7.62B)']","[0.18089381351648123, 0.18089381351648123, 0.18089381351648123, 0.18089381351648123, 0.18089381351648123, 0.18089381351648123, 0.18089381351648123, 0.18089381351648123, 0.18089381351648123, 0.18089381351648123, 0.542381439984475, 0.18089381351648123, 0.18089381351648123, 0.18089381351648123, 0.18089381351648123, 0.18089381351648123, 0.18089381351648123, 0.18089381351648123, 0.18089381351648123, 0.18089381351648123, 0.18089381351648123, 0.18089381351648123, 0.18089381351648123, 0.18089381351648123, 0.18089381351648123, 0.18089381351648123, 0.18089381351648123, 0.542381439984475, 0.18089381351648123, 0.18089381351648123, 0.18089381351648123, 0.542381439984475, 0.18089381351648123, 0.18089381351648123, 0.18089381351648123, 0.18089381351648123, 0.18089381351648123, 0.18089381351648123, 0.18089381351648123, 0.18089381351648123, 0.542381439984475, 0.18089381351648123, 0.18089381351648123, 0.18089381351648123, 0.18089381351648123, 0.18089381351648123, 0.18089381351648123, 0.18089381351648123, 0.18089381351648123, 0.18089381351648123, 0.18089381351648123, 0.18089381351648123, 0.18089381351648123, 0.18089381351648123, 0.18089381351648123, 0.18089381351648123, 0.18089381351648123, 0.542381439984475, 0.18089381351648123, 0.18089381351648123, 0.18089381351648123, 0.18089381351648123, 0.18089381351648123, 0.18089381351648123, 0.542381439984475, 0.18089381351648123, 0.18089381351648123, 0.18089381351648123, 0.18089381351648123, 0.18089381351648123, 0.18089381351648123, 0.18089381351648123, 0.18089381351648123, 0.18089381351648123, 0.542381439984475, 0.18089381351648123, 0.18089381351648123, 0.18089381351648123, 0.18089381351648123, 0.18089381351648123, 0.18089381351648123, 0.18089381351648123, 0.18089381351648123, 0.18089381351648123, 0.18089381351648123, 0.18089381351648123, 0.542381439984475, 0.18089381351648123, 0.18089381351648123, 0.18089381351648123, 0.18089381351648123, 0.542381439984475, 0.18089381351648123, 0.18089381351648123, 0.18089381351648123, 0.18089381351648123, 0.18089381351648123, 0.18089381351648123, 0.18089381351648123, 0.18089381351648123]",23,train,0
0.83,82,1,3,14,100,2,1,1,1,0,0,0,2,1,1,1,0,0,0,"(array([0.56619239, 0.67296803]), array([0.80743152, 0.71519411]), array([0.18823528, 0.28218329]), array([0.4226999 , 0.31781134]))","['QwenPRM_avg_scores (7.63B)', 'EurusPRMStage1_min_scores (7.62B)']","[0.5592536055913565, 0.18089381351648123, 0.8719566087783203, 0.542381439984475, 0.8719566087783203, 0.8719566087783203, 0.8719566087783203, 0.18089381351648123, 0.542381439984475, 0.8719566087783203, 0.542381439984475, 0.8719566087783203, 0.8719566087783203, 0.542381439984475, 0.8719566087783203, 0.542381439984475, 0.5592536055913565, 0.8719566087783203, 0.5592536055913565, 0.8719566087783203, 0.8719566087783203, 0.8719566087783203, 0.542381439984475, 0.8719566087783203, 0.8719566087783203, 0.8719566087783203, 0.8719566087783203, 0.8719566087783203, 0.8719566087783203, 0.8719566087783203, 0.8719566087783203, 0.8719566087783203, 0.8719566087783203, 0.542381439984475, 0.8719566087783203, 0.8719566087783203, 0.542381439984475, 0.8719566087783203, 0.18089381351648123, 0.542381439984475, 0.5592536055913565, 0.8719566087783203, 0.542381439984475, 0.8719566087783203, 0.8719566087783203, 0.542381439984475, 0.18089381351648123, 0.542381439984475, 0.8719566087783203, 0.8719566087783203, 0.542381439984475, 0.8719566087783203, 0.8719566087783203, 0.542381439984475, 0.542381439984475, 0.542381439984475, 0.8719566087783203, 0.18089381351648123, 0.542381439984475, 0.18089381351648123, 0.8719566087783203, 0.542381439984475, 0.18089381351648123, 0.542381439984475, 0.18089381351648123, 0.542381439984475, 0.8719566087783203, 0.18089381351648123, 0.8719566087783203, 0.542381439984475, 0.5592536055913565, 0.8719566087783203, 0.8719566087783203, 0.8719566087783203, 0.8719566087783203, 0.18089381351648123, 0.8719566087783203, 0.8719566087783203, 0.18089381351648123, 0.8719566087783203, 0.542381439984475, 0.8719566087783203, 0.8719566087783203, 0.8719566087783203, 0.542381439984475, 0.18089381351648123, 0.8719566087783203, 0.8719566087783203, 0.18089381351648123, 0.5592536055913565, 0.542381439984475, 0.18089381351648123, 0.8719566087783203, 0.542381439984475, 0.542381439984475, 0.542381439984475, 0.542381439984475, 0.5592536055913565, 0.18089381351648123, 0.542381439984475]",24,train,9
0.77,4,73,17,6,100,10,1,1,1,0,0,0,0,0,1,0,1,0,0,"(array([0.56619239, 0.67296803]), array([0.80743152, 0.71519411]), array([0.18823528, 0.28218329]), array([0.4226999 , 0.31781134]))","['QwenPRM_avg_scores (7.63B)', 'EurusPRMStage1_min_scores (7.62B)']","[0.18089381351648123, 0.18089381351648123, 0.18089381351648123, 0.18089381351648123, 0.18089381351648123, 0.18089381351648123, 0.18089381351648123, 0.18089381351648123, 0.18089381351648123, 0.18089381351648123, 0.542381439984475, 0.18089381351648123, 0.18089381351648123, 0.542381439984475, 0.18089381351648123, 0.18089381351648123, 0.542381439984475, 0.18089381351648123, 0.18089381351648123, 0.18089381351648123, 0.18089381351648123, 0.542381439984475, 0.542381439984475, 0.18089381351648123, 0.18089381351648123, 0.18089381351648123, 0.18089381351648123, 0.18089381351648123, 0.18089381351648123, 0.18089381351648123, 0.542381439984475, 0.18089381351648123, 0.18089381351648123, 0.542381439984475, 0.18089381351648123, 0.542381439984475, 0.542381439984475, 0.18089381351648123, 0.18089381351648123, 0.18089381351648123, 0.18089381351648123, 0.18089381351648123, 0.542381439984475, 0.18089381351648123, 0.18089381351648123, 0.542381439984475, 0.18089381351648123, 0.18089381351648123, 0.18089381351648123, 0.542381439984475, 0.542381439984475, 0.18089381351648123, 0.18089381351648123, 0.18089381351648123, 0.542381439984475, 0.18089381351648123, 0.18089381351648123, 0.18089381351648123, 0.18089381351648123, 0.18089381351648123, 0.18089381351648123, 0.542381439984475, 0.18089381351648123, 0.18089381351648123, 0.18089381351648123, 0.18089381351648123, 0.18089381351648123, 0.18089381351648123, 0.542381439984475, 0.18089381351648123, 0.18089381351648123, 0.18089381351648123, 0.18089381351648123, 0.18089381351648123, 0.18089381351648123, 0.18089381351648123, 0.18089381351648123, 0.542381439984475, 0.542381439984475, 0.18089381351648123, 0.542381439984475, 0.18089381351648123, 0.18089381351648123, 0.18089381351648123, 0.18089381351648123, 0.18089381351648123, 0.18089381351648123, 0.18089381351648123, 0.542381439984475, 0.18089381351648123, 0.18089381351648123, 0.18089381351648123, 0.18089381351648123, 0.18089381351648123, 0.18089381351648123, 0.18089381351648123, 0.18089381351648123, 0.18089381351648123, 0.18089381351648123, 0.542381439984475]",25,train,1
0.49,1,48,50,1,100,39,0,1,0,0,0,1,39,1,0,0,0,1,0,"(array([0.56619239, 0.67296803]), array([0.80743152, 0.71519411]), array([0.18823528, 0.28218329]), array([0.4226999 , 0.31781134]))","['QwenPRM_avg_scores (7.63B)', 'EurusPRMStage1_min_scores (7.62B)']","[0.542381439984475, 0.542381439984475, 0.18089381351648123, 0.542381439984475, 0.18089381351648123, 0.542381439984475, 0.18089381351648123, 0.18089381351648123, 0.18089381351648123, 0.542381439984475, 0.18089381351648123, 0.18089381351648123, 0.542381439984475, 0.542381439984475, 0.542381439984475, 0.542381439984475, 0.542381439984475, 0.18089381351648123, 0.542381439984475, 0.18089381351648123, 0.542381439984475, 0.542381439984475, 0.18089381351648123, 0.18089381351648123, 0.542381439984475, 0.18089381351648123, 0.542381439984475, 0.18089381351648123, 0.542381439984475, 0.18089381351648123, 0.18089381351648123, 0.18089381351648123, 0.542381439984475, 0.18089381351648123, 0.542381439984475, 0.542381439984475, 0.542381439984475, 0.542381439984475, 0.18089381351648123, 0.8719566087783203, 0.18089381351648123, 0.18089381351648123, 0.18089381351648123, 0.542381439984475, 0.18089381351648123, 0.18089381351648123, 0.18089381351648123, 0.18089381351648123, 0.18089381351648123, 0.18089381351648123, 0.542381439984475, 0.542381439984475, 0.542381439984475, 0.18089381351648123, 0.542381439984475, 0.542381439984475, 0.18089381351648123, 0.8719566087783203, 0.8719566087783203, 0.542381439984475, 0.542381439984475, 0.18089381351648123, 0.542381439984475, 0.18089381351648123, 0.18089381351648123, 0.8719566087783203, 0.18089381351648123, 0.542381439984475, 0.18089381351648123, 0.18089381351648123, 0.8719566087783203, 0.542381439984475, 0.8719566087783203, 0.18089381351648123, 0.542381439984475, 0.542381439984475, 0.18089381351648123, 0.18089381351648123, 0.18089381351648123, 0.542381439984475, 0.542381439984475, 0.542381439984475, 0.18089381351648123, 0.18089381351648123, 0.18089381351648123, 0.542381439984475, 0.18089381351648123, 0.542381439984475, 0.18089381351648123, 0.542381439984475, 0.542381439984475, 0.18089381351648123, 0.542381439984475, 0.18089381351648123, 0.18089381351648123, 0.18089381351648123, 0.542381439984475, 0.542381439984475, 0.18089381351648123, 0.542381439984475]",26,train,0
0.93,80,13,6,1,100,1,1,1,1,0,0,0,1,1,1,1,0,0,0,"(array([0.56619239, 0.67296803]), array([0.80743152, 0.71519411]), array([0.18823528, 0.28218329]), array([0.4226999 , 0.31781134]))","['QwenPRM_avg_scores (7.63B)', 'EurusPRMStage1_min_scores (7.62B)']","[0.542381439984475, 0.8719566087783203, 0.542381439984475, 0.542381439984475, 0.8719566087783203, 0.8719566087783203, 0.8719566087783203, 0.8719566087783203, 0.542381439984475, 0.8719566087783203, 0.8719566087783203, 0.5592536055913565, 0.5592536055913565, 0.542381439984475, 0.5592536055913565, 0.8719566087783203, 0.18089381351648123, 0.8719566087783203, 0.8719566087783203, 0.18089381351648123, 0.8719566087783203, 0.18089381351648123, 0.8719566087783203, 0.542381439984475, 0.8719566087783203, 0.8719566087783203, 0.8719566087783203, 0.18089381351648123, 0.8719566087783203, 0.542381439984475, 0.8719566087783203, 0.8719566087783203, 0.8719566087783203, 0.8719566087783203, 0.5592536055913565, 0.5592536055913565, 0.8719566087783203, 0.8719566087783203, 0.5592536055913565, 0.542381439984475, 0.8719566087783203, 0.542381439984475, 0.18089381351648123, 0.8719566087783203, 0.542381439984475, 0.8719566087783203, 0.542381439984475, 0.8719566087783203, 0.8719566087783203, 0.8719566087783203, 0.8719566087783203, 0.8719566087783203, 0.542381439984475, 0.542381439984475, 0.18089381351648123, 0.18089381351648123, 0.542381439984475, 0.8719566087783203, 0.542381439984475, 0.8719566087783203, 0.18089381351648123, 0.8719566087783203, 0.542381439984475, 0.8719566087783203, 0.5592536055913565, 0.8719566087783203, 0.18089381351648123, 0.8719566087783203, 0.542381439984475, 0.542381439984475, 0.542381439984475, 0.8719566087783203, 0.8719566087783203, 0.8719566087783203, 0.8719566087783203, 0.8719566087783203, 0.18089381351648123, 0.5592536055913565, 0.542381439984475, 0.18089381351648123, 0.542381439984475, 0.18089381351648123, 0.18089381351648123, 0.542381439984475, 0.542381439984475, 0.8719566087783203, 0.8719566087783203, 0.8719566087783203, 0.8719566087783203, 0.18089381351648123, 0.8719566087783203, 0.8719566087783203, 0.542381439984475, 0.5592536055913565, 0.8719566087783203, 0.8719566087783203, 0.542381439984475, 0.8719566087783203, 0.8719566087783203, 0.542381439984475]",27,train,8
0.82,1,81,17,1,100,3,0,1,0,0,0,1,0,0,1,0,1,0,0,"(array([0.56619239, 0.67296803]), array([0.80743152, 0.71519411]), array([0.18823528, 0.28218329]), array([0.4226999 , 0.31781134]))","['QwenPRM_avg_scores (7.63B)', 'EurusPRMStage1_min_scores (7.62B)']","[0.18089381351648123, 0.542381439984475, 0.18089381351648123, 0.5592536055913565, 0.18089381351648123, 0.542381439984475, 0.18089381351648123, 0.542381439984475, 0.18089381351648123, 0.18089381351648123, 0.18089381351648123, 0.18089381351648123, 0.18089381351648123, 0.542381439984475, 0.18089381351648123, 0.18089381351648123, 0.542381439984475, 0.18089381351648123, 0.18089381351648123, 0.18089381351648123, 0.542381439984475, 0.18089381351648123, 0.18089381351648123, 0.18089381351648123, 0.18089381351648123, 0.18089381351648123, 0.542381439984475, 0.18089381351648123, 0.18089381351648123, 0.18089381351648123, 0.18089381351648123, 0.18089381351648123, 0.18089381351648123, 0.18089381351648123, 0.18089381351648123, 0.18089381351648123, 0.18089381351648123, 0.542381439984475, 0.18089381351648123, 0.542381439984475, 0.18089381351648123, 0.18089381351648123, 0.18089381351648123, 0.18089381351648123, 0.18089381351648123, 0.18089381351648123, 0.18089381351648123, 0.18089381351648123, 0.18089381351648123, 0.18089381351648123, 0.18089381351648123, 0.18089381351648123, 0.18089381351648123, 0.18089381351648123, 0.18089381351648123, 0.18089381351648123, 0.542381439984475, 0.18089381351648123, 0.18089381351648123, 0.18089381351648123, 0.18089381351648123, 0.18089381351648123, 0.18089381351648123, 0.18089381351648123, 0.18089381351648123, 0.542381439984475, 0.542381439984475, 0.18089381351648123, 0.18089381351648123, 0.18089381351648123, 0.18089381351648123, 0.18089381351648123, 0.18089381351648123, 0.542381439984475, 0.18089381351648123, 0.18089381351648123, 0.542381439984475, 0.18089381351648123, 0.18089381351648123, 0.18089381351648123, 0.542381439984475, 0.18089381351648123, 0.18089381351648123, 0.542381439984475, 0.18089381351648123, 0.18089381351648123, 0.18089381351648123, 0.18089381351648123, 0.18089381351648123, 0.18089381351648123, 0.18089381351648123, 0.18089381351648123, 0.18089381351648123, 0.18089381351648123, 0.18089381351648123, 0.18089381351648123, 0.542381439984475, 0.18089381351648123, 0.18089381351648123, 0.18089381351648123]",28,train,0
0.89,27,62,3,8,100,3,1,1,1,0,0,0,3,1,1,1,0,0,0,"(array([0.56619239, 0.67296803]), array([0.80743152, 0.71519411]), array([0.18823528, 0.28218329]), array([0.4226999 , 0.31781134]))","['QwenPRM_avg_scores (7.63B)', 'EurusPRMStage1_min_scores (7.62B)']","[0.18089381351648123, 0.18089381351648123, 0.542381439984475, 0.8719566087783203, 0.8719566087783203, 0.18089381351648123, 0.18089381351648123, 0.18089381351648123, 0.18089381351648123, 0.8719566087783203, 0.18089381351648123, 0.18089381351648123, 0.18089381351648123, 0.18089381351648123, 0.18089381351648123, 0.18089381351648123, 0.18089381351648123, 0.542381439984475, 0.18089381351648123, 0.18089381351648123, 0.18089381351648123, 0.18089381351648123, 0.18089381351648123, 0.18089381351648123, 0.18089381351648123, 0.18089381351648123, 0.18089381351648123, 0.18089381351648123, 0.18089381351648123, 0.18089381351648123, 0.542381439984475, 0.542381439984475, 0.18089381351648123, 0.18089381351648123, 0.542381439984475, 0.542381439984475, 0.18089381351648123, 0.8719566087783203, 0.18089381351648123, 0.18089381351648123, 0.18089381351648123, 0.18089381351648123, 0.542381439984475, 0.542381439984475, 0.18089381351648123, 0.18089381351648123, 0.18089381351648123, 0.542381439984475, 0.5592536055913565, 0.8719566087783203, 0.18089381351648123, 0.18089381351648123, 0.18089381351648123, 0.18089381351648123, 0.542381439984475, 0.18089381351648123, 0.8719566087783203, 0.8719566087783203, 0.18089381351648123, 0.18089381351648123, 0.18089381351648123, 0.18089381351648123, 0.18089381351648123, 0.18089381351648123, 0.8719566087783203, 0.542381439984475, 0.18089381351648123, 0.18089381351648123, 0.542381439984475, 0.18089381351648123, 0.18089381351648123, 0.542381439984475, 0.18089381351648123, 0.18089381351648123, 0.542381439984475, 0.542381439984475, 0.18089381351648123, 0.8719566087783203, 0.18089381351648123, 0.18089381351648123, 0.18089381351648123, 0.18089381351648123, 0.8719566087783203, 0.18089381351648123, 0.8719566087783203, 0.8719566087783203, 0.18089381351648123, 0.18089381351648123, 0.18089381351648123, 0.542381439984475, 0.18089381351648123, 0.18089381351648123, 0.18089381351648123, 0.18089381351648123, 0.18089381351648123, 0.18089381351648123, 0.18089381351648123, 0.18089381351648123, 0.18089381351648123, 0.542381439984475]",29,train,3
0.91,3,88,9,0,100,22,1,1,1,0,0,0,0,0,1,0,1,0,0,"(array([0.56619239, 0.67296803]), array([0.80743152, 0.71519411]), array([0.18823528, 0.28218329]), array([0.4226999 , 0.31781134]))","['QwenPRM_avg_scores (7.63B)', 'EurusPRMStage1_min_scores (7.62B)']","[0.18089381351648123, 0.18089381351648123, 0.18089381351648123, 0.18089381351648123, 0.18089381351648123, 0.18089381351648123, 0.18089381351648123, 0.18089381351648123, 0.18089381351648123, 0.18089381351648123, 0.18089381351648123, 0.18089381351648123, 0.18089381351648123, 0.18089381351648123, 0.18089381351648123, 0.18089381351648123, 0.18089381351648123, 0.18089381351648123, 0.18089381351648123, 0.18089381351648123, 0.18089381351648123, 0.18089381351648123, 0.542381439984475, 0.18089381351648123, 0.542381439984475, 0.542381439984475, 0.542381439984475, 0.542381439984475, 0.18089381351648123, 0.18089381351648123, 0.18089381351648123, 0.18089381351648123, 0.18089381351648123, 0.18089381351648123, 0.18089381351648123, 0.18089381351648123, 0.542381439984475, 0.18089381351648123, 0.18089381351648123, 0.542381439984475, 0.18089381351648123, 0.18089381351648123, 0.18089381351648123, 0.18089381351648123, 0.18089381351648123, 0.18089381351648123, 0.18089381351648123, 0.18089381351648123, 0.18089381351648123, 0.18089381351648123, 0.542381439984475, 0.18089381351648123, 0.18089381351648123, 0.18089381351648123, 0.18089381351648123, 0.18089381351648123, 0.18089381351648123, 0.18089381351648123, 0.18089381351648123, 0.18089381351648123, 0.18089381351648123, 0.18089381351648123, 0.18089381351648123, 0.18089381351648123, 0.18089381351648123, 0.18089381351648123, 0.18089381351648123, 0.18089381351648123, 0.18089381351648123, 0.18089381351648123, 0.18089381351648123, 0.18089381351648123, 0.18089381351648123, 0.18089381351648123, 0.18089381351648123, 0.18089381351648123, 0.18089381351648123, 0.18089381351648123, 0.18089381351648123, 0.18089381351648123, 0.542381439984475, 0.18089381351648123, 0.18089381351648123, 0.18089381351648123, 0.18089381351648123, 0.18089381351648123, 0.18089381351648123, 0.18089381351648123, 0.542381439984475, 0.542381439984475, 0.18089381351648123, 0.18089381351648123, 0.18089381351648123, 0.18089381351648123, 0.18089381351648123, 0.542381439984475, 0.18089381351648123, 0.18089381351648123, 0.18089381351648123, 0.18089381351648123]",30,train,0
0.88,21,67,7,5,100,2,1,1,1,0,0,0,2,1,1,1,0,0,0,"(array([0.56619239, 0.67296803]), array([0.80743152, 0.71519411]), array([0.18823528, 0.28218329]), array([0.4226999 , 0.31781134]))","['QwenPRM_avg_scores (7.63B)', 'EurusPRMStage1_min_scores (7.62B)']","[0.18089381351648123, 0.18089381351648123, 0.8719566087783203, 0.18089381351648123, 0.8719566087783203, 0.8719566087783203, 0.18089381351648123, 0.18089381351648123, 0.18089381351648123, 0.18089381351648123, 0.8719566087783203, 0.18089381351648123, 0.8719566087783203, 0.18089381351648123, 0.18089381351648123, 0.18089381351648123, 0.18089381351648123, 0.18089381351648123, 0.18089381351648123, 0.18089381351648123, 0.542381439984475, 0.18089381351648123, 0.542381439984475, 0.18089381351648123, 0.18089381351648123, 0.18089381351648123, 0.18089381351648123, 0.18089381351648123, 0.18089381351648123, 0.18089381351648123, 0.18089381351648123, 0.18089381351648123, 0.18089381351648123, 0.8719566087783203, 0.18089381351648123, 0.18089381351648123, 0.18089381351648123, 0.8719566087783203, 0.8719566087783203, 0.18089381351648123, 0.18089381351648123, 0.18089381351648123, 0.18089381351648123, 0.18089381351648123, 0.542381439984475, 0.5592536055913565, 0.18089381351648123, 0.18089381351648123, 0.18089381351648123, 0.18089381351648123, 0.18089381351648123, 0.18089381351648123, 0.18089381351648123, 0.18089381351648123, 0.18089381351648123, 0.18089381351648123, 0.18089381351648123, 0.542381439984475, 0.18089381351648123, 0.18089381351648123, 0.542381439984475, 0.18089381351648123, 0.18089381351648123, 0.8719566087783203, 0.18089381351648123, 0.18089381351648123, 0.18089381351648123, 0.8719566087783203, 0.8719566087783203, 0.18089381351648123, 0.18089381351648123, 0.18089381351648123, 0.5592536055913565, 0.542381439984475, 0.18089381351648123, 0.5592536055913565, 0.18089381351648123, 0.18089381351648123, 0.18089381351648123, 0.8719566087783203, 0.18089381351648123, 0.18089381351648123, 0.18089381351648123, 0.18089381351648123, 0.5592536055913565, 0.18089381351648123, 0.5592536055913565, 0.18089381351648123, 0.18089381351648123, 0.8719566087783203, 0.18089381351648123, 0.18089381351648123, 0.8719566087783203, 0.18089381351648123, 0.18089381351648123, 0.5592536055913565, 0.542381439984475, 0.18089381351648123, 0.8719566087783203, 0.18089381351648123]",31,train,2
0.87,24,63,0,13,100,44,1,1,1,0,0,0,44,1,1,1,0,0,0,"(array([0.56619239, 0.67296803]), array([0.80743152, 0.71519411]), array([0.18823528, 0.28218329]), array([0.4226999 , 0.31781134]))","['QwenPRM_avg_scores (7.63B)', 'EurusPRMStage1_min_scores (7.62B)']","[0.18089381351648123, 0.18089381351648123, 0.18089381351648123, 0.542381439984475, 0.18089381351648123, 0.18089381351648123, 0.542381439984475, 0.542381439984475, 0.18089381351648123, 0.542381439984475, 0.542381439984475, 0.18089381351648123, 0.18089381351648123, 0.18089381351648123, 0.542381439984475, 0.18089381351648123, 0.542381439984475, 0.18089381351648123, 0.18089381351648123, 0.18089381351648123, 0.18089381351648123, 0.542381439984475, 0.18089381351648123, 0.18089381351648123, 0.18089381351648123, 0.18089381351648123, 0.542381439984475, 0.18089381351648123, 0.542381439984475, 0.18089381351648123, 0.542381439984475, 0.542381439984475, 0.18089381351648123, 0.18089381351648123, 0.18089381351648123, 0.18089381351648123, 0.18089381351648123, 0.18089381351648123, 0.18089381351648123, 0.18089381351648123, 0.18089381351648123, 0.18089381351648123, 0.18089381351648123, 0.18089381351648123, 0.8719566087783203, 0.18089381351648123, 0.18089381351648123, 0.18089381351648123, 0.8719566087783203, 0.18089381351648123, 0.542381439984475, 0.18089381351648123, 0.18089381351648123, 0.18089381351648123, 0.18089381351648123, 0.18089381351648123, 0.18089381351648123, 0.18089381351648123, 0.18089381351648123, 0.18089381351648123, 0.18089381351648123, 0.18089381351648123, 0.542381439984475, 0.18089381351648123, 0.18089381351648123, 0.18089381351648123, 0.8719566087783203, 0.542381439984475, 0.18089381351648123, 0.18089381351648123, 0.542381439984475, 0.18089381351648123, 0.8719566087783203, 0.18089381351648123, 0.18089381351648123, 0.18089381351648123, 0.18089381351648123, 0.542381439984475, 0.18089381351648123, 0.18089381351648123, 0.18089381351648123, 0.18089381351648123, 0.18089381351648123, 0.18089381351648123, 0.18089381351648123, 0.18089381351648123, 0.18089381351648123, 0.18089381351648123, 0.18089381351648123, 0.18089381351648123, 0.18089381351648123, 0.18089381351648123, 0.18089381351648123, 0.542381439984475, 0.18089381351648123, 0.8719566087783203, 0.18089381351648123, 0.18089381351648123, 0.18089381351648123, 0.8719566087783203]",32,train,3
0.89,85,4,1,10,100,0,1,1,1,0,0,0,0,1,1,1,0,0,0,"(array([0.56619239, 0.67296803]), array([0.80743152, 0.71519411]), array([0.18823528, 0.28218329]), array([0.4226999 , 0.31781134]))","['QwenPRM_avg_scores (7.63B)', 'EurusPRMStage1_min_scores (7.62B)']","[0.8719566087783203, 0.8719566087783203, 0.5592536055913565, 0.542381439984475, 0.18089381351648123, 0.8719566087783203, 0.5592536055913565, 0.542381439984475, 0.542381439984475, 0.8719566087783203, 0.8719566087783203, 0.8719566087783203, 0.5592536055913565, 0.5592536055913565, 0.8719566087783203, 0.8719566087783203, 0.8719566087783203, 0.18089381351648123, 0.8719566087783203, 0.8719566087783203, 0.8719566087783203, 0.8719566087783203, 0.8719566087783203, 0.8719566087783203, 0.18089381351648123, 0.8719566087783203, 0.8719566087783203, 0.8719566087783203, 0.8719566087783203, 0.8719566087783203, 0.8719566087783203, 0.18089381351648123, 0.8719566087783203, 0.18089381351648123, 0.8719566087783203, 0.18089381351648123, 0.8719566087783203, 0.8719566087783203, 0.8719566087783203, 0.8719566087783203, 0.8719566087783203, 0.8719566087783203, 0.18089381351648123, 0.8719566087783203, 0.8719566087783203, 0.8719566087783203, 0.18089381351648123, 0.8719566087783203, 0.542381439984475, 0.5592536055913565, 0.8719566087783203, 0.18089381351648123, 0.8719566087783203, 0.5592536055913565, 0.542381439984475, 0.8719566087783203, 0.542381439984475, 0.5592536055913565, 0.8719566087783203, 0.8719566087783203, 0.8719566087783203, 0.8719566087783203, 0.8719566087783203, 0.18089381351648123, 0.18089381351648123, 0.8719566087783203, 0.542381439984475, 0.8719566087783203, 0.542381439984475, 0.8719566087783203, 0.18089381351648123, 0.5592536055913565, 0.5592536055913565, 0.8719566087783203, 0.8719566087783203, 0.8719566087783203, 0.5592536055913565, 0.5592536055913565, 0.5592536055913565, 0.8719566087783203, 0.542381439984475, 0.8719566087783203, 0.5592536055913565, 0.18089381351648123, 0.8719566087783203, 0.8719566087783203, 0.8719566087783203, 0.8719566087783203, 0.8719566087783203, 0.18089381351648123, 0.8719566087783203, 0.8719566087783203, 0.8719566087783203, 0.5592536055913565, 0.5592536055913565, 0.542381439984475, 0.5592536055913565, 0.8719566087783203, 0.8719566087783203, 0.8719566087783203]",33,train,9
0.89,1,88,10,1,100,39,0,1,0,0,0,1,0,0,1,0,1,0,0,"(array([0.56619239, 0.67296803]), array([0.80743152, 0.71519411]), array([0.18823528, 0.28218329]), array([0.4226999 , 0.31781134]))","['QwenPRM_avg_scores (7.63B)', 'EurusPRMStage1_min_scores (7.62B)']","[0.18089381351648123, 0.18089381351648123, 0.18089381351648123, 0.18089381351648123, 0.18089381351648123, 0.18089381351648123, 0.18089381351648123, 0.18089381351648123, 0.18089381351648123, 0.18089381351648123, 0.18089381351648123, 0.18089381351648123, 0.18089381351648123, 0.18089381351648123, 0.18089381351648123, 0.18089381351648123, 0.18089381351648123, 0.18089381351648123, 0.18089381351648123, 0.18089381351648123, 0.18089381351648123, 0.18089381351648123, 0.18089381351648123, 0.18089381351648123, 0.18089381351648123, 0.18089381351648123, 0.18089381351648123, 0.18089381351648123, 0.18089381351648123, 0.18089381351648123, 0.18089381351648123, 0.18089381351648123, 0.18089381351648123, 0.18089381351648123, 0.18089381351648123, 0.18089381351648123, 0.18089381351648123, 0.18089381351648123, 0.18089381351648123, 0.542381439984475, 0.18089381351648123, 0.18089381351648123, 0.18089381351648123, 0.18089381351648123, 0.18089381351648123, 0.18089381351648123, 0.542381439984475, 0.18089381351648123, 0.18089381351648123, 0.18089381351648123, 0.542381439984475, 0.18089381351648123, 0.18089381351648123, 0.18089381351648123, 0.18089381351648123, 0.18089381351648123, 0.18089381351648123, 0.542381439984475, 0.18089381351648123, 0.18089381351648123, 0.18089381351648123, 0.18089381351648123, 0.18089381351648123, 0.18089381351648123, 0.18089381351648123, 0.18089381351648123, 0.18089381351648123, 0.18089381351648123, 0.18089381351648123, 0.542381439984475, 0.18089381351648123, 0.18089381351648123, 0.18089381351648123, 0.18089381351648123, 0.18089381351648123, 0.18089381351648123, 0.18089381351648123, 0.542381439984475, 0.18089381351648123, 0.542381439984475, 0.18089381351648123, 0.18089381351648123, 0.18089381351648123, 0.18089381351648123, 0.542381439984475, 0.18089381351648123, 0.18089381351648123, 0.542381439984475, 0.18089381351648123, 0.18089381351648123, 0.18089381351648123, 0.18089381351648123, 0.18089381351648123, 0.542381439984475, 0.18089381351648123, 0.18089381351648123, 0.18089381351648123, 0.542381439984475, 0.18089381351648123, 0.18089381351648123]",34,train,0
0.76,50,26,5,19,100,3,1,1,1,0,0,0,3,1,1,1,0,0,0,"(array([0.56619239, 0.67296803]), array([0.80743152, 0.71519411]), array([0.18823528, 0.28218329]), array([0.4226999 , 0.31781134]))","['QwenPRM_avg_scores (7.63B)', 'EurusPRMStage1_min_scores (7.62B)']","[0.18089381351648123, 0.5592536055913565, 0.18089381351648123, 0.8719566087783203, 0.8719566087783203, 0.5592536055913565, 0.8719566087783203, 0.18089381351648123, 0.18089381351648123, 0.542381439984475, 0.542381439984475, 0.5592536055913565, 0.542381439984475, 0.8719566087783203, 0.8719566087783203, 0.8719566087783203, 0.18089381351648123, 0.18089381351648123, 0.8719566087783203, 0.542381439984475, 0.18089381351648123, 0.18089381351648123, 0.5592536055913565, 0.542381439984475, 0.8719566087783203, 0.18089381351648123, 0.18089381351648123, 0.18089381351648123, 0.542381439984475, 0.542381439984475, 0.18089381351648123, 0.18089381351648123, 0.5592536055913565, 0.18089381351648123, 0.8719566087783203, 0.542381439984475, 0.18089381351648123, 0.542381439984475, 0.542381439984475, 0.18089381351648123, 0.18089381351648123, 0.5592536055913565, 0.8719566087783203, 0.8719566087783203, 0.542381439984475, 0.18089381351648123, 0.18089381351648123, 0.18089381351648123, 0.542381439984475, 0.18089381351648123, 0.542381439984475, 0.18089381351648123, 0.18089381351648123, 0.5592536055913565, 0.18089381351648123, 0.8719566087783203, 0.18089381351648123, 0.8719566087783203, 0.18089381351648123, 0.8719566087783203, 0.18089381351648123, 0.18089381351648123, 0.18089381351648123, 0.8719566087783203, 0.542381439984475, 0.18089381351648123, 0.18089381351648123, 0.542381439984475, 0.542381439984475, 0.8719566087783203, 0.18089381351648123, 0.18089381351648123, 0.8719566087783203, 0.542381439984475, 0.18089381351648123, 0.542381439984475, 0.18089381351648123, 0.18089381351648123, 0.18089381351648123, 0.542381439984475, 0.8719566087783203, 0.18089381351648123, 0.5592536055913565, 0.18089381351648123, 0.18089381351648123, 0.542381439984475, 0.18089381351648123, 0.542381439984475, 0.18089381351648123, 0.18089381351648123, 0.542381439984475, 0.542381439984475, 0.18089381351648123, 0.542381439984475, 0.542381439984475, 0.18089381351648123, 0.5592536055913565, 0.8719566087783203, 0.542381439984475, 0.542381439984475]",35,train,6
0.89,33,56,9,2,100,0,1,1,1,0,0,0,0,1,1,1,0,0,0,"(array([0.56619239, 0.67296803]), array([0.80743152, 0.71519411]), array([0.18823528, 0.28218329]), array([0.4226999 , 0.31781134]))","['QwenPRM_avg_scores (7.63B)', 'EurusPRMStage1_min_scores (7.62B)']","[0.8719566087783203, 0.18089381351648123, 0.542381439984475, 0.8719566087783203, 0.18089381351648123, 0.542381439984475, 0.8719566087783203, 0.542381439984475, 0.18089381351648123, 0.8719566087783203, 0.18089381351648123, 0.8719566087783203, 0.18089381351648123, 0.18089381351648123, 0.18089381351648123, 0.18089381351648123, 0.8719566087783203, 0.8719566087783203, 0.8719566087783203, 0.18089381351648123, 0.18089381351648123, 0.18089381351648123, 0.18089381351648123, 0.18089381351648123, 0.8719566087783203, 0.18089381351648123, 0.18089381351648123, 0.542381439984475, 0.18089381351648123, 0.18089381351648123, 0.18089381351648123, 0.18089381351648123, 0.18089381351648123, 0.18089381351648123, 0.8719566087783203, 0.8719566087783203, 0.18089381351648123, 0.542381439984475, 0.18089381351648123, 0.542381439984475, 0.18089381351648123, 0.542381439984475, 0.8719566087783203, 0.18089381351648123, 0.8719566087783203, 0.18089381351648123, 0.18089381351648123, 0.18089381351648123, 0.18089381351648123, 0.18089381351648123, 0.542381439984475, 0.18089381351648123, 0.18089381351648123, 0.18089381351648123, 0.542381439984475, 0.18089381351648123, 0.18089381351648123, 0.18089381351648123, 0.542381439984475, 0.542381439984475, 0.8719566087783203, 0.18089381351648123, 0.542381439984475, 0.8719566087783203, 0.18089381351648123, 0.542381439984475, 0.18089381351648123, 0.18089381351648123, 0.8719566087783203, 0.18089381351648123, 0.8719566087783203, 0.18089381351648123, 0.18089381351648123, 0.8719566087783203, 0.5592536055913565, 0.542381439984475, 0.18089381351648123, 0.542381439984475, 0.18089381351648123, 0.18089381351648123, 0.18089381351648123, 0.18089381351648123, 0.8719566087783203, 0.18089381351648123, 0.18089381351648123, 0.18089381351648123, 0.18089381351648123, 0.542381439984475, 0.542381439984475, 0.542381439984475, 0.542381439984475, 0.18089381351648123, 0.8719566087783203, 0.18089381351648123, 0.18089381351648123, 0.18089381351648123, 0.542381439984475, 0.18089381351648123, 0.18089381351648123, 0.542381439984475]",36,train,3
0.76,15,61,8,16,100,0,1,1,1,0,0,0,2,0,1,0,1,0,0,"(array([0.56619239, 0.67296803]), array([0.80743152, 0.71519411]), array([0.18823528, 0.28218329]), array([0.4226999 , 0.31781134]))","['QwenPRM_avg_scores (7.63B)', 'EurusPRMStage1_min_scores (7.62B)']","[0.542381439984475, 0.542381439984475, 0.18089381351648123, 0.542381439984475, 0.18089381351648123, 0.18089381351648123, 0.18089381351648123, 0.18089381351648123, 0.18089381351648123, 0.542381439984475, 0.18089381351648123, 0.18089381351648123, 0.18089381351648123, 0.18089381351648123, 0.18089381351648123, 0.18089381351648123, 0.18089381351648123, 0.18089381351648123, 0.18089381351648123, 0.18089381351648123, 0.18089381351648123, 0.18089381351648123, 0.18089381351648123, 0.542381439984475, 0.18089381351648123, 0.542381439984475, 0.542381439984475, 0.18089381351648123, 0.18089381351648123, 0.542381439984475, 0.542381439984475, 0.18089381351648123, 0.18089381351648123, 0.18089381351648123, 0.542381439984475, 0.18089381351648123, 0.18089381351648123, 0.18089381351648123, 0.18089381351648123, 0.18089381351648123, 0.18089381351648123, 0.542381439984475, 0.18089381351648123, 0.18089381351648123, 0.18089381351648123, 0.18089381351648123, 0.18089381351648123, 0.18089381351648123, 0.18089381351648123, 0.18089381351648123, 0.542381439984475, 0.18089381351648123, 0.18089381351648123, 0.18089381351648123, 0.18089381351648123, 0.18089381351648123, 0.18089381351648123, 0.18089381351648123, 0.18089381351648123, 0.18089381351648123, 0.18089381351648123, 0.18089381351648123, 0.18089381351648123, 0.18089381351648123, 0.18089381351648123, 0.542381439984475, 0.18089381351648123, 0.542381439984475, 0.18089381351648123, 0.18089381351648123, 0.18089381351648123, 0.18089381351648123, 0.542381439984475, 0.18089381351648123, 0.18089381351648123, 0.18089381351648123, 0.542381439984475, 0.18089381351648123, 0.542381439984475, 0.542381439984475, 0.18089381351648123, 0.18089381351648123, 0.542381439984475, 0.542381439984475, 0.18089381351648123, 0.18089381351648123, 0.18089381351648123, 0.542381439984475, 0.18089381351648123, 0.18089381351648123, 0.18089381351648123, 0.18089381351648123, 0.18089381351648123, 0.18089381351648123, 0.542381439984475, 0.18089381351648123, 0.18089381351648123, 0.18089381351648123, 0.542381439984475, 0.18089381351648123]",37,train,3
0.86,20,66,2,12,100,4,1,1,1,0,0,0,4,1,1,1,0,0,0,"(array([0.56619239, 0.67296803]), array([0.80743152, 0.71519411]), array([0.18823528, 0.28218329]), array([0.4226999 , 0.31781134]))","['QwenPRM_avg_scores (7.63B)', 'EurusPRMStage1_min_scores (7.62B)']","[0.18089381351648123, 0.18089381351648123, 0.18089381351648123, 0.18089381351648123, 0.8719566087783203, 0.18089381351648123, 0.18089381351648123, 0.18089381351648123, 0.18089381351648123, 0.18089381351648123, 0.18089381351648123, 0.542381439984475, 0.542381439984475, 0.18089381351648123, 0.18089381351648123, 0.18089381351648123, 0.8719566087783203, 0.18089381351648123, 0.18089381351648123, 0.18089381351648123, 0.18089381351648123, 0.18089381351648123, 0.8719566087783203, 0.18089381351648123, 0.18089381351648123, 0.18089381351648123, 0.18089381351648123, 0.18089381351648123, 0.18089381351648123, 0.18089381351648123, 0.8719566087783203, 0.18089381351648123, 0.542381439984475, 0.18089381351648123, 0.18089381351648123, 0.18089381351648123, 0.18089381351648123, 0.18089381351648123, 0.18089381351648123, 0.18089381351648123, 0.18089381351648123, 0.18089381351648123, 0.8719566087783203, 0.18089381351648123, 0.18089381351648123, 0.18089381351648123, 0.18089381351648123, 0.542381439984475, 0.18089381351648123, 0.18089381351648123, 0.18089381351648123, 0.542381439984475, 0.18089381351648123, 0.8719566087783203, 0.18089381351648123, 0.5592536055913565, 0.18089381351648123, 0.18089381351648123, 0.18089381351648123, 0.18089381351648123, 0.18089381351648123, 0.18089381351648123, 0.8719566087783203, 0.18089381351648123, 0.18089381351648123, 0.8719566087783203, 0.542381439984475, 0.18089381351648123, 0.8719566087783203, 0.18089381351648123, 0.542381439984475, 0.18089381351648123, 0.18089381351648123, 0.18089381351648123, 0.18089381351648123, 0.18089381351648123, 0.18089381351648123, 0.18089381351648123, 0.542381439984475, 0.18089381351648123, 0.18089381351648123, 0.18089381351648123, 0.18089381351648123, 0.18089381351648123, 0.18089381351648123, 0.18089381351648123, 0.8719566087783203, 0.18089381351648123, 0.18089381351648123, 0.18089381351648123, 0.8719566087783203, 0.18089381351648123, 0.8719566087783203, 0.18089381351648123, 0.18089381351648123, 0.18089381351648123, 0.542381439984475, 0.18089381351648123, 0.18089381351648123, 0.18089381351648123]",38,train,3
0.79,5,74,21,0,100,92,1,1,1,0,0,0,92,1,1,1,0,0,0,"(array([0.56619239, 0.67296803]), array([0.80743152, 0.71519411]), array([0.18823528, 0.28218329]), array([0.4226999 , 0.31781134]))","['QwenPRM_avg_scores (7.63B)', 'EurusPRMStage1_min_scores (7.62B)']","[0.18089381351648123, 0.542381439984475, 0.18089381351648123, 0.18089381351648123, 0.18089381351648123, 0.5592536055913565, 0.18089381351648123, 0.18089381351648123, 0.18089381351648123, 0.18089381351648123, 0.18089381351648123, 0.18089381351648123, 0.18089381351648123, 0.18089381351648123, 0.18089381351648123, 0.18089381351648123, 0.18089381351648123, 0.18089381351648123, 0.542381439984475, 0.18089381351648123, 0.18089381351648123, 0.18089381351648123, 0.18089381351648123, 0.18089381351648123, 0.542381439984475, 0.542381439984475, 0.18089381351648123, 0.18089381351648123, 0.5592536055913565, 0.542381439984475, 0.18089381351648123, 0.18089381351648123, 0.18089381351648123, 0.542381439984475, 0.18089381351648123, 0.18089381351648123, 0.18089381351648123, 0.18089381351648123, 0.18089381351648123, 0.542381439984475, 0.542381439984475, 0.18089381351648123, 0.542381439984475, 0.18089381351648123, 0.18089381351648123, 0.18089381351648123, 0.18089381351648123, 0.18089381351648123, 0.542381439984475, 0.18089381351648123, 0.542381439984475, 0.542381439984475, 0.18089381351648123, 0.18089381351648123, 0.18089381351648123, 0.18089381351648123, 0.5592536055913565, 0.18089381351648123, 0.542381439984475, 0.542381439984475, 0.18089381351648123, 0.18089381351648123, 0.18089381351648123, 0.18089381351648123, 0.18089381351648123, 0.18089381351648123, 0.18089381351648123, 0.18089381351648123, 0.5592536055913565, 0.18089381351648123, 0.18089381351648123, 0.18089381351648123, 0.18089381351648123, 0.542381439984475, 0.18089381351648123, 0.18089381351648123, 0.18089381351648123, 0.18089381351648123, 0.18089381351648123, 0.18089381351648123, 0.18089381351648123, 0.18089381351648123, 0.542381439984475, 0.18089381351648123, 0.18089381351648123, 0.542381439984475, 0.18089381351648123, 0.18089381351648123, 0.18089381351648123, 0.542381439984475, 0.18089381351648123, 0.18089381351648123, 0.8719566087783203, 0.542381439984475, 0.18089381351648123, 0.18089381351648123, 0.18089381351648123, 0.18089381351648123, 0.5592536055913565, 0.542381439984475]",39,train,0
0.95,52,43,0,5,100,7,1,1,1,0,0,0,7,1,1,1,0,0,0,"(array([0.56619239, 0.67296803]), array([0.80743152, 0.71519411]), array([0.18823528, 0.28218329]), array([0.4226999 , 0.31781134]))","['QwenPRM_avg_scores (7.63B)', 'EurusPRMStage1_min_scores (7.62B)']","[0.18089381351648123, 0.18089381351648123, 0.542381439984475, 0.542381439984475, 0.18089381351648123, 0.542381439984475, 0.18089381351648123, 0.8719566087783203, 0.542381439984475, 0.18089381351648123, 0.8719566087783203, 0.18089381351648123, 0.8719566087783203, 0.18089381351648123, 0.18089381351648123, 0.8719566087783203, 0.8719566087783203, 0.542381439984475, 0.542381439984475, 0.542381439984475, 0.18089381351648123, 0.8719566087783203, 0.18089381351648123, 0.542381439984475, 0.542381439984475, 0.8719566087783203, 0.18089381351648123, 0.542381439984475, 0.18089381351648123, 0.18089381351648123, 0.8719566087783203, 0.18089381351648123, 0.18089381351648123, 0.18089381351648123, 0.8719566087783203, 0.542381439984475, 0.542381439984475, 0.8719566087783203, 0.542381439984475, 0.8719566087783203, 0.8719566087783203, 0.542381439984475, 0.8719566087783203, 0.542381439984475, 0.18089381351648123, 0.18089381351648123, 0.18089381351648123, 0.18089381351648123, 0.18089381351648123, 0.8719566087783203, 0.18089381351648123, 0.18089381351648123, 0.18089381351648123, 0.18089381351648123, 0.8719566087783203, 0.18089381351648123, 0.18089381351648123, 0.8719566087783203, 0.542381439984475, 0.8719566087783203, 0.18089381351648123, 0.18089381351648123, 0.18089381351648123, 0.542381439984475, 0.18089381351648123, 0.18089381351648123, 0.18089381351648123, 0.18089381351648123, 0.18089381351648123, 0.18089381351648123, 0.18089381351648123, 0.18089381351648123, 0.18089381351648123, 0.8719566087783203, 0.8719566087783203, 0.18089381351648123, 0.8719566087783203, 0.18089381351648123, 0.542381439984475, 0.18089381351648123, 0.18089381351648123, 0.542381439984475, 0.8719566087783203, 0.8719566087783203, 0.18089381351648123, 0.8719566087783203, 0.8719566087783203, 0.8719566087783203, 0.8719566087783203, 0.18089381351648123, 0.8719566087783203, 0.8719566087783203, 0.8719566087783203, 0.18089381351648123, 0.542381439984475, 0.18089381351648123, 0.8719566087783203, 0.542381439984475, 0.18089381351648123, 0.8719566087783203]",40,train,5
0.76,18,58,17,7,100,12,1,1,1,0,0,0,12,1,1,1,0,0,0,"(array([0.56619239, 0.67296803]), array([0.80743152, 0.71519411]), array([0.18823528, 0.28218329]), array([0.4226999 , 0.31781134]))","['QwenPRM_avg_scores (7.63B)', 'EurusPRMStage1_min_scores (7.62B)']","[0.18089381351648123, 0.5592536055913565, 0.18089381351648123, 0.18089381351648123, 0.18089381351648123, 0.18089381351648123, 0.18089381351648123, 0.5592536055913565, 0.18089381351648123, 0.18089381351648123, 0.18089381351648123, 0.18089381351648123, 0.8719566087783203, 0.18089381351648123, 0.18089381351648123, 0.18089381351648123, 0.18089381351648123, 0.542381439984475, 0.18089381351648123, 0.18089381351648123, 0.542381439984475, 0.18089381351648123, 0.18089381351648123, 0.8719566087783203, 0.542381439984475, 0.18089381351648123, 0.18089381351648123, 0.18089381351648123, 0.18089381351648123, 0.18089381351648123, 0.18089381351648123, 0.8719566087783203, 0.18089381351648123, 0.542381439984475, 0.18089381351648123, 0.8719566087783203, 0.18089381351648123, 0.542381439984475, 0.18089381351648123, 0.18089381351648123, 0.18089381351648123, 0.18089381351648123, 0.18089381351648123, 0.18089381351648123, 0.18089381351648123, 0.8719566087783203, 0.8719566087783203, 0.8719566087783203, 0.18089381351648123, 0.18089381351648123, 0.542381439984475, 0.18089381351648123, 0.5592536055913565, 0.8719566087783203, 0.542381439984475, 0.18089381351648123, 0.18089381351648123, 0.18089381351648123, 0.5592536055913565, 0.542381439984475, 0.5592536055913565, 0.18089381351648123, 0.18089381351648123, 0.542381439984475, 0.542381439984475, 0.18089381351648123, 0.18089381351648123, 0.18089381351648123, 0.18089381351648123, 0.18089381351648123, 0.5592536055913565, 0.18089381351648123, 0.18089381351648123, 0.8719566087783203, 0.5592536055913565, 0.18089381351648123, 0.18089381351648123, 0.18089381351648123, 0.18089381351648123, 0.18089381351648123, 0.542381439984475, 0.18089381351648123, 0.18089381351648123, 0.18089381351648123, 0.542381439984475, 0.18089381351648123, 0.18089381351648123, 0.18089381351648123, 0.8719566087783203, 0.542381439984475, 0.542381439984475, 0.542381439984475, 0.18089381351648123, 0.18089381351648123, 0.18089381351648123, 0.5592536055913565, 0.542381439984475, 0.5592536055913565, 0.18089381351648123, 0.18089381351648123]",41,train,2
0.9,8,82,4,6,100,4,1,1,1,0,0,0,0,0,1,0,1,0,0,"(array([0.56619239, 0.67296803]), array([0.80743152, 0.71519411]), array([0.18823528, 0.28218329]), array([0.4226999 , 0.31781134]))","['QwenPRM_avg_scores (7.63B)', 'EurusPRMStage1_min_scores (7.62B)']","[0.18089381351648123, 0.18089381351648123, 0.18089381351648123, 0.18089381351648123, 0.542381439984475, 0.18089381351648123, 0.18089381351648123, 0.18089381351648123, 0.18089381351648123, 0.542381439984475, 0.18089381351648123, 0.18089381351648123, 0.542381439984475, 0.18089381351648123, 0.18089381351648123, 0.18089381351648123, 0.18089381351648123, 0.18089381351648123, 0.18089381351648123, 0.18089381351648123, 0.18089381351648123, 0.18089381351648123, 0.18089381351648123, 0.18089381351648123, 0.18089381351648123, 0.18089381351648123, 0.18089381351648123, 0.18089381351648123, 0.18089381351648123, 0.18089381351648123, 0.18089381351648123, 0.18089381351648123, 0.18089381351648123, 0.18089381351648123, 0.18089381351648123, 0.18089381351648123, 0.18089381351648123, 0.18089381351648123, 0.18089381351648123, 0.542381439984475, 0.18089381351648123, 0.18089381351648123, 0.18089381351648123, 0.542381439984475, 0.18089381351648123, 0.18089381351648123, 0.18089381351648123, 0.18089381351648123, 0.18089381351648123, 0.18089381351648123, 0.18089381351648123, 0.18089381351648123, 0.18089381351648123, 0.18089381351648123, 0.18089381351648123, 0.18089381351648123, 0.542381439984475, 0.18089381351648123, 0.18089381351648123, 0.18089381351648123, 0.18089381351648123, 0.18089381351648123, 0.18089381351648123, 0.18089381351648123, 0.18089381351648123, 0.18089381351648123, 0.18089381351648123, 0.18089381351648123, 0.18089381351648123, 0.542381439984475, 0.18089381351648123, 0.18089381351648123, 0.18089381351648123, 0.18089381351648123, 0.542381439984475, 0.18089381351648123, 0.18089381351648123, 0.18089381351648123, 0.18089381351648123, 0.18089381351648123, 0.18089381351648123, 0.18089381351648123, 0.18089381351648123, 0.18089381351648123, 0.18089381351648123, 0.18089381351648123, 0.542381439984475, 0.18089381351648123, 0.18089381351648123, 0.542381439984475, 0.18089381351648123, 0.18089381351648123, 0.18089381351648123, 0.18089381351648123, 0.542381439984475, 0.18089381351648123, 0.18089381351648123, 0.18089381351648123, 0.18089381351648123, 0.542381439984475]",42,train,1
0.95,80,15,0,5,100,0,1,1,1,0,0,0,0,1,1,1,0,0,0,"(array([0.56619239, 0.67296803]), array([0.80743152, 0.71519411]), array([0.18823528, 0.28218329]), array([0.4226999 , 0.31781134]))","['QwenPRM_avg_scores (7.63B)', 'EurusPRMStage1_min_scores (7.62B)']","[0.8719566087783203, 0.8719566087783203, 0.8719566087783203, 0.18089381351648123, 0.8719566087783203, 0.542381439984475, 0.18089381351648123, 0.8719566087783203, 0.542381439984475, 0.18089381351648123, 0.18089381351648123, 0.8719566087783203, 0.18089381351648123, 0.8719566087783203, 0.8719566087783203, 0.542381439984475, 0.8719566087783203, 0.8719566087783203, 0.8719566087783203, 0.8719566087783203, 0.5592536055913565, 0.542381439984475, 0.8719566087783203, 0.18089381351648123, 0.8719566087783203, 0.542381439984475, 0.5592536055913565, 0.8719566087783203, 0.18089381351648123, 0.8719566087783203, 0.18089381351648123, 0.8719566087783203, 0.8719566087783203, 0.8719566087783203, 0.18089381351648123, 0.542381439984475, 0.8719566087783203, 0.18089381351648123, 0.5592536055913565, 0.8719566087783203, 0.18089381351648123, 0.8719566087783203, 0.5592536055913565, 0.8719566087783203, 0.542381439984475, 0.542381439984475, 0.8719566087783203, 0.8719566087783203, 0.542381439984475, 0.5592536055913565, 0.8719566087783203, 0.542381439984475, 0.18089381351648123, 0.18089381351648123, 0.8719566087783203, 0.8719566087783203, 0.542381439984475, 0.8719566087783203, 0.8719566087783203, 0.5592536055913565, 0.8719566087783203, 0.5592536055913565, 0.542381439984475, 0.8719566087783203, 0.18089381351648123, 0.8719566087783203, 0.8719566087783203, 0.542381439984475, 0.18089381351648123, 0.8719566087783203, 0.542381439984475, 0.8719566087783203, 0.5592536055913565, 0.18089381351648123, 0.8719566087783203, 0.8719566087783203, 0.18089381351648123, 0.542381439984475, 0.5592536055913565, 0.8719566087783203, 0.8719566087783203, 0.8719566087783203, 0.8719566087783203, 0.8719566087783203, 0.18089381351648123, 0.8719566087783203, 0.8719566087783203, 0.542381439984475, 0.542381439984475, 0.542381439984475, 0.542381439984475, 0.8719566087783203, 0.8719566087783203, 0.8719566087783203, 0.18089381351648123, 0.18089381351648123, 0.8719566087783203, 0.8719566087783203, 0.5592536055913565, 0.8719566087783203]",43,train,8
0.74,29,45,25,1,100,8,1,1,1,0,0,0,8,1,1,1,0,0,0,"(array([0.56619239, 0.67296803]), array([0.80743152, 0.71519411]), array([0.18823528, 0.28218329]), array([0.4226999 , 0.31781134]))","['QwenPRM_avg_scores (7.63B)', 'EurusPRMStage1_min_scores (7.62B)']","[0.5592536055913565, 0.18089381351648123, 0.18089381351648123, 0.5592536055913565, 0.5592536055913565, 0.18089381351648123, 0.542381439984475, 0.542381439984475, 0.8719566087783203, 0.5592536055913565, 0.542381439984475, 0.18089381351648123, 0.542381439984475, 0.542381439984475, 0.18089381351648123, 0.18089381351648123, 0.18089381351648123, 0.18089381351648123, 0.542381439984475, 0.8719566087783203, 0.542381439984475, 0.18089381351648123, 0.18089381351648123, 0.542381439984475, 0.8719566087783203, 0.18089381351648123, 0.5592536055913565, 0.18089381351648123, 0.5592536055913565, 0.542381439984475, 0.542381439984475, 0.542381439984475, 0.18089381351648123, 0.18089381351648123, 0.18089381351648123, 0.18089381351648123, 0.18089381351648123, 0.18089381351648123, 0.542381439984475, 0.18089381351648123, 0.18089381351648123, 0.18089381351648123, 0.5592536055913565, 0.542381439984475, 0.18089381351648123, 0.18089381351648123, 0.18089381351648123, 0.5592536055913565, 0.18089381351648123, 0.18089381351648123, 0.18089381351648123, 0.18089381351648123, 0.8719566087783203, 0.5592536055913565, 0.542381439984475, 0.18089381351648123, 0.18089381351648123, 0.18089381351648123, 0.18089381351648123, 0.5592536055913565, 0.18089381351648123, 0.18089381351648123, 0.542381439984475, 0.18089381351648123, 0.8719566087783203, 0.542381439984475, 0.18089381351648123, 0.18089381351648123, 0.542381439984475, 0.542381439984475, 0.542381439984475, 0.542381439984475, 0.18089381351648123, 0.542381439984475, 0.542381439984475, 0.18089381351648123, 0.542381439984475, 0.542381439984475, 0.18089381351648123, 0.18089381351648123, 0.8719566087783203, 0.18089381351648123, 0.542381439984475, 0.18089381351648123, 0.8719566087783203, 0.542381439984475, 0.18089381351648123, 0.542381439984475, 0.8719566087783203, 0.542381439984475, 0.8719566087783203, 0.8719566087783203, 0.542381439984475, 0.18089381351648123, 0.5592536055913565, 0.8719566087783203, 0.542381439984475, 0.5592536055913565, 0.8719566087783203, 0.18089381351648123]",44,train,2
0.86,84,2,1,13,100,0,1,1,1,0,0,0,0,1,1,1,0,0,0,"(array([0.56619239, 0.67296803]), array([0.80743152, 0.71519411]), array([0.18823528, 0.28218329]), array([0.4226999 , 0.31781134]))","['QwenPRM_avg_scores (7.63B)', 'EurusPRMStage1_min_scores (7.62B)']","[0.8719566087783203, 0.542381439984475, 0.8719566087783203, 0.8719566087783203, 0.18089381351648123, 0.18089381351648123, 0.542381439984475, 0.8719566087783203, 0.8719566087783203, 0.8719566087783203, 0.8719566087783203, 0.8719566087783203, 0.542381439984475, 0.18089381351648123, 0.542381439984475, 0.542381439984475, 0.542381439984475, 0.542381439984475, 0.8719566087783203, 0.8719566087783203, 0.8719566087783203, 0.8719566087783203, 0.542381439984475, 0.18089381351648123, 0.8719566087783203, 0.8719566087783203, 0.542381439984475, 0.8719566087783203, 0.542381439984475, 0.542381439984475, 0.18089381351648123, 0.18089381351648123, 0.18089381351648123, 0.542381439984475, 0.542381439984475, 0.8719566087783203, 0.542381439984475, 0.542381439984475, 0.542381439984475, 0.542381439984475, 0.8719566087783203, 0.542381439984475, 0.542381439984475, 0.8719566087783203, 0.542381439984475, 0.18089381351648123, 0.542381439984475, 0.542381439984475, 0.542381439984475, 0.542381439984475, 0.8719566087783203, 0.8719566087783203, 0.18089381351648123, 0.8719566087783203, 0.542381439984475, 0.8719566087783203, 0.8719566087783203, 0.18089381351648123, 0.542381439984475, 0.18089381351648123, 0.542381439984475, 0.542381439984475, 0.542381439984475, 0.18089381351648123, 0.542381439984475, 0.542381439984475, 0.542381439984475, 0.542381439984475, 0.8719566087783203, 0.542381439984475, 0.8719566087783203, 0.5592536055913565, 0.542381439984475, 0.18089381351648123, 0.542381439984475, 0.542381439984475, 0.542381439984475, 0.18089381351648123, 0.542381439984475, 0.8719566087783203, 0.8719566087783203, 0.542381439984475, 0.542381439984475, 0.8719566087783203, 0.8719566087783203, 0.8719566087783203, 0.542381439984475, 0.542381439984475, 0.542381439984475, 0.8719566087783203, 0.8719566087783203, 0.542381439984475, 0.8719566087783203, 0.8719566087783203, 0.8719566087783203, 0.8719566087783203, 0.5592536055913565, 0.18089381351648123, 0.8719566087783203, 0.8719566087783203]",45,train,9
0.57,42,15,0,43,100,18,1,1,1,0,0,0,18,1,1,1,0,0,0,"(array([0.56619239, 0.67296803]), array([0.80743152, 0.71519411]), array([0.18823528, 0.28218329]), array([0.4226999 , 0.31781134]))","['QwenPRM_avg_scores (7.63B)', 'EurusPRMStage1_min_scores (7.62B)']","[0.18089381351648123, 0.18089381351648123, 0.18089381351648123, 0.542381439984475, 0.18089381351648123, 0.542381439984475, 0.18089381351648123, 0.18089381351648123, 0.542381439984475, 0.18089381351648123, 0.542381439984475, 0.18089381351648123, 0.18089381351648123, 0.18089381351648123, 0.542381439984475, 0.18089381351648123, 0.18089381351648123, 0.18089381351648123, 0.8719566087783203, 0.8719566087783203, 0.18089381351648123, 0.18089381351648123, 0.542381439984475, 0.8719566087783203, 0.8719566087783203, 0.542381439984475, 0.18089381351648123, 0.542381439984475, 0.18089381351648123, 0.18089381351648123, 0.18089381351648123, 0.18089381351648123, 0.542381439984475, 0.18089381351648123, 0.542381439984475, 0.18089381351648123, 0.542381439984475, 0.8719566087783203, 0.18089381351648123, 0.18089381351648123, 0.18089381351648123, 0.542381439984475, 0.18089381351648123, 0.542381439984475, 0.18089381351648123, 0.18089381351648123, 0.18089381351648123, 0.18089381351648123, 0.18089381351648123, 0.542381439984475, 0.542381439984475, 0.18089381351648123, 0.18089381351648123, 0.18089381351648123, 0.542381439984475, 0.542381439984475, 0.8719566087783203, 0.542381439984475, 0.542381439984475, 0.542381439984475, 0.18089381351648123, 0.18089381351648123, 0.542381439984475, 0.18089381351648123, 0.542381439984475, 0.18089381351648123, 0.8719566087783203, 0.8719566087783203, 0.542381439984475, 0.542381439984475, 0.18089381351648123, 0.18089381351648123, 0.18089381351648123, 0.8719566087783203, 0.18089381351648123, 0.18089381351648123, 0.542381439984475, 0.18089381351648123, 0.18089381351648123, 0.18089381351648123, 0.18089381351648123, 0.5592536055913565, 0.542381439984475, 0.542381439984475, 0.18089381351648123, 0.18089381351648123, 0.542381439984475, 0.18089381351648123, 0.542381439984475, 0.18089381351648123, 0.18089381351648123, 0.8719566087783203, 0.18089381351648123, 0.18089381351648123, 0.18089381351648123, 0.542381439984475, 0.18089381351648123, 0.542381439984475, 0.18089381351648123, 0.18089381351648123]",46,train,8
0.85,22,63,3,12,100,1,1,1,1,0,0,0,1,1,1,1,0,0,0,"(array([0.56619239, 0.67296803]), array([0.80743152, 0.71519411]), array([0.18823528, 0.28218329]), array([0.4226999 , 0.31781134]))","['QwenPRM_avg_scores (7.63B)', 'EurusPRMStage1_min_scores (7.62B)']","[0.18089381351648123, 0.8719566087783203, 0.18089381351648123, 0.18089381351648123, 0.18089381351648123, 0.18089381351648123, 0.18089381351648123, 0.542381439984475, 0.18089381351648123, 0.5592536055913565, 0.18089381351648123, 0.18089381351648123, 0.5592536055913565, 0.18089381351648123, 0.18089381351648123, 0.18089381351648123, 0.18089381351648123, 0.18089381351648123, 0.5592536055913565, 0.18089381351648123, 0.18089381351648123, 0.18089381351648123, 0.18089381351648123, 0.18089381351648123, 0.18089381351648123, 0.18089381351648123, 0.18089381351648123, 0.18089381351648123, 0.18089381351648123, 0.18089381351648123, 0.18089381351648123, 0.18089381351648123, 0.18089381351648123, 0.18089381351648123, 0.5592536055913565, 0.18089381351648123, 0.18089381351648123, 0.542381439984475, 0.18089381351648123, 0.5592536055913565, 0.18089381351648123, 0.18089381351648123, 0.8719566087783203, 0.8719566087783203, 0.18089381351648123, 0.18089381351648123, 0.18089381351648123, 0.18089381351648123, 0.18089381351648123, 0.18089381351648123, 0.18089381351648123, 0.18089381351648123, 0.5592536055913565, 0.18089381351648123, 0.18089381351648123, 0.18089381351648123, 0.18089381351648123, 0.8719566087783203, 0.18089381351648123, 0.5592536055913565, 0.18089381351648123, 0.5592536055913565, 0.18089381351648123, 0.18089381351648123, 0.18089381351648123, 0.5592536055913565, 0.18089381351648123, 0.18089381351648123, 0.18089381351648123, 0.18089381351648123, 0.18089381351648123, 0.18089381351648123, 0.18089381351648123, 0.542381439984475, 0.18089381351648123, 0.8719566087783203, 0.8719566087783203, 0.5592536055913565, 0.18089381351648123, 0.542381439984475, 0.18089381351648123, 0.18089381351648123, 0.18089381351648123, 0.18089381351648123, 0.5592536055913565, 0.18089381351648123, 0.18089381351648123, 0.18089381351648123, 0.18089381351648123, 0.18089381351648123, 0.18089381351648123, 0.18089381351648123, 0.542381439984475, 0.18089381351648123, 0.18089381351648123, 0.8719566087783203, 0.18089381351648123, 0.8719566087783203, 0.8719566087783203, 0.18089381351648123]",47,train,3
0.96,96,0,0,4,100,0,1,1,1,0,0,0,0,1,1,1,0,0,0,"(array([0.56619239, 0.67296803]), array([0.80743152, 0.71519411]), array([0.18823528, 0.28218329]), array([0.4226999 , 0.31781134]))","['QwenPRM_avg_scores (7.63B)', 'EurusPRMStage1_min_scores (7.62B)']","[0.8719566087783203, 0.8719566087783203, 0.8719566087783203, 0.8719566087783203, 0.8719566087783203, 0.542381439984475, 0.8719566087783203, 0.8719566087783203, 0.8719566087783203, 0.8719566087783203, 0.8719566087783203, 0.542381439984475, 0.8719566087783203, 0.8719566087783203, 0.8719566087783203, 0.8719566087783203, 0.8719566087783203, 0.8719566087783203, 0.8719566087783203, 0.8719566087783203, 0.8719566087783203, 0.542381439984475, 0.18089381351648123, 0.542381439984475, 0.8719566087783203, 0.8719566087783203, 0.8719566087783203, 0.542381439984475, 0.542381439984475, 0.8719566087783203, 0.8719566087783203, 0.542381439984475, 0.8719566087783203, 0.5592536055913565, 0.5592536055913565, 0.8719566087783203, 0.8719566087783203, 0.8719566087783203, 0.8719566087783203, 0.8719566087783203, 0.8719566087783203, 0.8719566087783203, 0.8719566087783203, 0.542381439984475, 0.542381439984475, 0.8719566087783203, 0.8719566087783203, 0.8719566087783203, 0.542381439984475, 0.8719566087783203, 0.542381439984475, 0.542381439984475, 0.542381439984475, 0.542381439984475, 0.18089381351648123, 0.8719566087783203, 0.8719566087783203, 0.8719566087783203, 0.542381439984475, 0.18089381351648123, 0.8719566087783203, 0.8719566087783203, 0.5592536055913565, 0.8719566087783203, 0.8719566087783203, 0.8719566087783203, 0.542381439984475, 0.8719566087783203, 0.542381439984475, 0.8719566087783203, 0.8719566087783203, 0.8719566087783203, 0.8719566087783203, 0.8719566087783203, 0.8719566087783203, 0.8719566087783203, 0.8719566087783203, 0.8719566087783203, 0.8719566087783203, 0.8719566087783203, 0.542381439984475, 0.8719566087783203, 0.8719566087783203, 0.8719566087783203, 0.8719566087783203, 0.542381439984475, 0.8719566087783203, 0.8719566087783203, 0.8719566087783203, 0.8719566087783203, 0.542381439984475, 0.8719566087783203, 0.8719566087783203, 0.8719566087783203, 0.542381439984475, 0.8719566087783203, 0.542381439984475, 0.8719566087783203, 0.8719566087783203, 0.18089381351648123]",48,train,9
0.37,1,36,63,0,100,67,1,1,1,0,0,0,67,1,1,1,0,0,0,"(array([0.56619239, 0.67296803]), array([0.80743152, 0.71519411]), array([0.18823528, 0.28218329]), array([0.4226999 , 0.31781134]))","['QwenPRM_avg_scores (7.63B)', 'EurusPRMStage1_min_scores (7.62B)']","[0.18089381351648123, 0.542381439984475, 0.18089381351648123, 0.18089381351648123, 0.542381439984475, 0.542381439984475, 0.542381439984475, 0.542381439984475, 0.542381439984475, 0.18089381351648123, 0.542381439984475, 0.18089381351648123, 0.18089381351648123, 0.18089381351648123, 0.542381439984475, 0.542381439984475, 0.18089381351648123, 0.542381439984475, 0.542381439984475, 0.18089381351648123, 0.542381439984475, 0.542381439984475, 0.18089381351648123, 0.18089381351648123, 0.542381439984475, 0.542381439984475, 0.542381439984475, 0.18089381351648123, 0.18089381351648123, 0.542381439984475, 0.542381439984475, 0.18089381351648123, 0.542381439984475, 0.18089381351648123, 0.542381439984475, 0.542381439984475, 0.542381439984475, 0.542381439984475, 0.18089381351648123, 0.542381439984475, 0.542381439984475, 0.542381439984475, 0.542381439984475, 0.542381439984475, 0.542381439984475, 0.542381439984475, 0.542381439984475, 0.542381439984475, 0.542381439984475, 0.542381439984475, 0.542381439984475, 0.542381439984475, 0.18089381351648123, 0.18089381351648123, 0.18089381351648123, 0.542381439984475, 0.542381439984475, 0.542381439984475, 0.18089381351648123, 0.542381439984475, 0.18089381351648123, 0.542381439984475, 0.542381439984475, 0.542381439984475, 0.18089381351648123, 0.542381439984475, 0.18089381351648123, 0.8719566087783203, 0.542381439984475, 0.18089381351648123, 0.542381439984475, 0.542381439984475, 0.18089381351648123, 0.18089381351648123, 0.542381439984475, 0.18089381351648123, 0.542381439984475, 0.18089381351648123, 0.542381439984475, 0.5592536055913565, 0.542381439984475, 0.18089381351648123, 0.18089381351648123, 0.542381439984475, 0.18089381351648123, 0.18089381351648123, 0.542381439984475, 0.18089381351648123, 0.18089381351648123, 0.542381439984475, 0.18089381351648123, 0.542381439984475, 0.542381439984475, 0.18089381351648123, 0.542381439984475, 0.542381439984475, 0.542381439984475, 0.542381439984475, 0.542381439984475, 0.542381439984475]",49,train,0
