sample_accuracy,sample_tp,sample_tn,sample_fp,sample_fn,num_samples,top1_idx,top1_positive,has_positive,top1_tp,top1_fp,top1_tn,top1_fn,prediction_idx,prediction_class,prediction_accuracy,prediction_tp,prediction_tn,prediction_fp,prediction_fn,model_params,verifier_subset,weaver_sample_scores,problem,set,difficulty
0.96,96,0,0,4,100,4,1,1,1,0,0,0,4,1,1,1,0,0,0,"(array([0.51993561, 0.75254685, 0.68244517, 0.88082331, 0.81015986,
       0.38702399]), array([0.79542655, 0.74697149, 0.77093226, 0.54625511, 0.6823293 ,
       0.80961359]), array([0.19903205, 0.24891968, 0.22453082, 0.44397095, 0.31158558,
       0.18412559]), array([0.48840252, 0.25477105, 0.32603788, 0.12383585, 0.19653091,
       0.61901063]))","['QwenPRM_avg_scores (7.63B)', 'GPM (8B)', 'EurusPRMStage2_avg_scores (7.62B)', 'QwenPRM_max_scores (7.63B)', 'DeepSeekQwen (32B)', 'Qwen72B_scores (72B)']","[0.9168702101912495, 0.9923079316348676, 0.9875415441569676, 0.9168702101912495, 0.9989225713450516, 0.9875415441569676, 0.9168702101912495, 0.9954320949388873, 0.9168702101912495, 0.5544255511465029, 0.9168702101912495, 0.9168702101912495, 0.9989225713450516, 0.9954320949388873, 0.974389335216475, 0.9168702101912495, 0.9168702101912495, 0.9954320949388873, 0.8994225050917115, 0.8994225050917115, 0.12448153235872178, 0.9954320949388873, 0.9168702101912495, 0.8994225050917115, 0.9168702101912495, 0.9905299444588228, 0.9168702101912495, 0.9168702101912495, 0.9791338582102954, 0.8129927841565296, 0.9970435249009169, 0.12250551882123616, 0.9168702101912495, 0.9168702101912495, 0.9168702101912495, 0.5544255511465029, 0.9168702101912495, 0.1211396351152488, 0.8994225050917115, 0.9875415441569676, 0.9168702101912495, 0.974389335216475, 0.9875415441569676, 0.9168702101912495, 0.5499113396312997, 0.8994225050917115, 0.5575773872241003, 0.5575773872241003, 0.8994225050917115, 0.974389335216475, 0.5499113396312997, 0.9875415441569676, 0.9168702101912495, 0.9875415441569676, 0.7737960689496169, 0.5544255511465029, 0.9168702101912495, 0.9875415441569676, 0.5544255511465029, 0.12448153235872178, 0.9875415441569676, 0.9970435249009169, 0.9168702101912495, 0.5544255511465029, 0.9168702101912495, 0.8994225050917115, 0.9680733271868864, 0.5499113396312997, 0.974706024008324, 0.9905299444588228, 0.8411147578365736, 0.5544255511465029, 0.9875415441569676, 0.5575773872241003, 0.9875415441569676, 0.9168702101912495, 0.974389335216475, 0.9680733271868864, 0.9875415441569676, 0.9168702101912495, 0.9168702101912495, 0.9875415441569676, 0.9168702101912495, 0.9168702101912495, 0.9168702101912495, 0.974389335216475, 0.9954320949388873, 0.9954320949388873, 0.9954320949388873, 0.9168702101912495, 0.9168702101912495, 0.9954320949388873, 0.9168702101912495, 0.9168702101912495, 0.5575773872241003, 0.9168702101912495, 0.974389335216475, 0.9168702101912495, 0.5544255511465029, 0.9875415441569676]",0,train,9
1.0,100,0,0,0,100,9,1,1,1,0,0,0,9,1,1,1,0,0,0,"(array([0.51993561, 0.75254685, 0.68244517, 0.88082331, 0.81015986,
       0.38702399]), array([0.79542655, 0.74697149, 0.77093226, 0.54625511, 0.6823293 ,
       0.80961359]), array([0.19903205, 0.24891968, 0.22453082, 0.44397095, 0.31158558,
       0.18412559]), array([0.48840252, 0.25477105, 0.32603788, 0.12383585, 0.19653091,
       0.61901063]))","['QwenPRM_avg_scores (7.63B)', 'GPM (8B)', 'EurusPRMStage2_avg_scores (7.62B)', 'QwenPRM_max_scores (7.63B)', 'DeepSeekQwen (32B)', 'Qwen72B_scores (72B)']","[0.974389335216475, 0.9875415441569676, 0.5544255511465029, 0.9970435249009169, 0.9970435249009169, 0.9680733271868864, 0.9680733271868864, 0.9875415441569676, 0.9970435249009169, 0.9989225713450516, 0.7737960689496169, 0.9905299444588228, 0.974389335216475, 0.9680733271868864, 0.9970435249009169, 0.9970435249009169, 0.7737960689496169, 0.9970435249009169, 0.974389335216475, 0.9791338582102954, 0.9970435249009169, 0.9168702101912495, 0.9168702101912495, 0.9989225713450516, 0.9791338582102954, 0.5544255511465029, 0.9680733271868864, 0.9970435249009169, 0.9970435249009169, 0.9970435249009169, 0.974389335216475, 0.9791338582102954, 0.9970435249009169, 0.9970435249009169, 0.9168702101912495, 0.974389335216475, 0.974389335216475, 0.9168702101912495, 0.9970435249009169, 0.9970435249009169, 0.9875415441569676, 0.9970435249009169, 0.9875415441569676, 0.9989225713450516, 0.9970435249009169, 0.9970435249009169, 0.8994225050917115, 0.9970435249009169, 0.974706024008324, 0.9970435249009169, 0.7737960689496169, 0.8994225050917115, 0.7760230316869187, 0.974389335216475, 0.9680733271868864, 0.9970435249009169, 0.9970435249009169, 0.9970435249009169, 0.9954320949388873, 0.9970435249009169, 0.9970435249009169, 0.8994225050917115, 0.9970435249009169, 0.974389335216475, 0.9168702101912495, 0.9970435249009169, 0.974389335216475, 0.9791338582102954, 0.8994225050917115, 0.9970435249009169, 0.9970435249009169, 0.9970435249009169, 0.9168702101912495, 0.9791338582102954, 0.974389335216475, 0.9970435249009169, 0.9970435249009169, 0.9970435249009169, 0.9970435249009169, 0.9875415441569676, 0.9970435249009169, 0.9875415441569676, 0.9970435249009169, 0.9970435249009169, 0.9970435249009169, 0.9791338582102954, 0.974389335216475, 0.974389335216475, 0.9989225713450516, 0.5499113396312997, 0.5544255511465029, 0.9970435249009169, 0.9005716035834879, 0.974389335216475, 0.9168702101912495, 0.9970435249009169, 0.9970435249009169, 0.9791338582102954, 0.9791338582102954, 0.9875415441569676]",1,train,9
0.99,99,0,0,1,100,2,1,1,1,0,0,0,2,1,1,1,0,0,0,"(array([0.51993561, 0.75254685, 0.68244517, 0.88082331, 0.81015986,
       0.38702399]), array([0.79542655, 0.74697149, 0.77093226, 0.54625511, 0.6823293 ,
       0.80961359]), array([0.19903205, 0.24891968, 0.22453082, 0.44397095, 0.31158558,
       0.18412559]), array([0.48840252, 0.25477105, 0.32603788, 0.12383585, 0.19653091,
       0.61901063]))","['QwenPRM_avg_scores (7.63B)', 'GPM (8B)', 'EurusPRMStage2_avg_scores (7.62B)', 'QwenPRM_max_scores (7.63B)', 'DeepSeekQwen (32B)', 'Qwen72B_scores (72B)']","[0.8994225050917115, 0.5544255511465029, 0.9954320949388873, 0.9609142642316364, 0.9875415441569676, 0.9875415441569676, 0.9954320949388873, 0.8994225050917115, 0.9875415441569676, 0.9875415441569676, 0.5499113396312997, 0.9954320949388873, 0.5544255511465029, 0.974706024008324, 0.9875415441569676, 0.9954320949388873, 0.9875415441569676, 0.5499113396312997, 0.8994225050917115, 0.9875415441569676, 0.9875415441569676, 0.9609142642316364, 0.9954320949388873, 0.9168702101912495, 0.9875415441569676, 0.9954320949388873, 0.9954320949388873, 0.8977589793621795, 0.9875415441569676, 0.9005716035834879, 0.9875415441569676, 0.9680733271868864, 0.9168702101912495, 0.9875415441569676, 0.9875415441569676, 0.9954320949388873, 0.9954320949388873, 0.9609142642316364, 0.9168702101912495, 0.9905299444588228, 0.9954320949388873, 0.9680733271868864, 0.9168702101912495, 0.8994225050917115, 0.9954320949388873, 0.9875415441569676, 0.9875415441569676, 0.9168702101912495, 0.8994225050917115, 0.9954320949388873, 0.9954320949388873, 0.9923079316348676, 0.9954320949388873, 0.9168702101912495, 0.9954320949388873, 0.9875415441569676, 0.9875415441569676, 0.7314275133404397, 0.9954320949388873, 0.9875415441569676, 0.9168702101912495, 0.9875415441569676, 0.9875415441569676, 0.9875415441569676, 0.9680733271868864, 0.9954320949388873, 0.8994225050917115, 0.9875415441569676, 0.9168702101912495, 0.9954320949388873, 0.9954320949388873, 0.9168702101912495, 0.5499113396312997, 0.9954320949388873, 0.8994225050917115, 0.9609142642316364, 0.9680733271868864, 0.9168702101912495, 0.9875415441569676, 0.9954320949388873, 0.8994225050917115, 0.9875415441569676, 0.9875415441569676, 0.9875415441569676, 0.9791338582102954, 0.9954320949388873, 0.9168702101912495, 0.9680733271868864, 0.49764352864777284, 0.5053991173194359, 0.9168702101912495, 0.9954320949388873, 0.9954320949388873, 0.9609142642316364, 0.9954320949388873, 0.9954320949388873, 0.8994225050917115, 0.9680733271868864, 0.8994225050917115, 0.9954320949388873]",2,train,9
1.0,100,0,0,0,100,48,1,1,1,0,0,0,48,1,1,1,0,0,0,"(array([0.51993561, 0.75254685, 0.68244517, 0.88082331, 0.81015986,
       0.38702399]), array([0.79542655, 0.74697149, 0.77093226, 0.54625511, 0.6823293 ,
       0.80961359]), array([0.19903205, 0.24891968, 0.22453082, 0.44397095, 0.31158558,
       0.18412559]), array([0.48840252, 0.25477105, 0.32603788, 0.12383585, 0.19653091,
       0.61901063]))","['QwenPRM_avg_scores (7.63B)', 'GPM (8B)', 'EurusPRMStage2_avg_scores (7.62B)', 'QwenPRM_max_scores (7.63B)', 'DeepSeekQwen (32B)', 'Qwen72B_scores (72B)']","[0.9970435249009169, 0.9970435249009169, 0.9970435249009169, 0.9970435249009169, 0.974389335216475, 0.974389335216475, 0.974389335216475, 0.9970435249009169, 0.9875415441569676, 0.9970435249009169, 0.9970435249009169, 0.974389335216475, 0.9970435249009169, 0.9970435249009169, 0.9970435249009169, 0.974389335216475, 0.9791338582102954, 0.9970435249009169, 0.974389335216475, 0.974706024008324, 0.9970435249009169, 0.974706024008324, 0.9970435249009169, 0.9970435249009169, 0.9970435249009169, 0.974389335216475, 0.9791338582102954, 0.9970435249009169, 0.9970435249009169, 0.8994225050917115, 0.974389335216475, 0.9970435249009169, 0.974389335216475, 0.9970435249009169, 0.974389335216475, 0.974389335216475, 0.9970435249009169, 0.9970435249009169, 0.974389335216475, 0.974389335216475, 0.9970435249009169, 0.974389335216475, 0.9168702101912495, 0.974389335216475, 0.974389335216475, 0.974389335216475, 0.9970435249009169, 0.9970435249009169, 0.9989225713450516, 0.9970435249009169, 0.9970435249009169, 0.9970435249009169, 0.974389335216475, 0.9970435249009169, 0.9970435249009169, 0.9970435249009169, 0.9970435249009169, 0.9970435249009169, 0.9970435249009169, 0.9970435249009169, 0.974389335216475, 0.9970435249009169, 0.9970435249009169, 0.9875415441569676, 0.9970435249009169, 0.9970435249009169, 0.9970435249009169, 0.9970435249009169, 0.9970435249009169, 0.974389335216475, 0.9970435249009169, 0.9970435249009169, 0.9970435249009169, 0.974389335216475, 0.9875415441569676, 0.9970435249009169, 0.9970435249009169, 0.9970435249009169, 0.9970435249009169, 0.974389335216475, 0.9875415441569676, 0.9970435249009169, 0.9970435249009169, 0.974389335216475, 0.9875415441569676, 0.974389335216475, 0.8129927841565296, 0.9970435249009169, 0.9970435249009169, 0.974389335216475, 0.9970435249009169, 0.9875415441569676, 0.9791338582102954, 0.9791338582102954, 0.9791338582102954, 0.9970435249009169, 0.8428136010009404, 0.9791338582102954, 0.8129927841565296, 0.9970435249009169]",3,train,9
0.63,44,19,34,3,100,1,1,1,1,0,0,0,1,1,1,1,0,0,0,"(array([0.51993561, 0.75254685, 0.68244517, 0.88082331, 0.81015986,
       0.38702399]), array([0.79542655, 0.74697149, 0.77093226, 0.54625511, 0.6823293 ,
       0.80961359]), array([0.19903205, 0.24891968, 0.22453082, 0.44397095, 0.31158558,
       0.18412559]), array([0.48840252, 0.25477105, 0.32603788, 0.12383585, 0.19653091,
       0.61901063]))","['QwenPRM_avg_scores (7.63B)', 'GPM (8B)', 'EurusPRMStage2_avg_scores (7.62B)', 'QwenPRM_max_scores (7.63B)', 'DeepSeekQwen (32B)', 'Qwen72B_scores (72B)']","[0.1211396351152488, 0.9970435249009169, 0.8977589793621795, 0.1211396351152488, 0.9970435249009169, 0.9168702101912495, 0.5575773872241003, 0.12250551882123616, 0.5575773872241003, 0.5499113396312997, 0.12250551882123616, 0.9168702101912495, 0.12250551882123616, 0.5499113396312997, 0.8994225050917115, 0.5575773872241003, 0.015505871087739527, 0.9970435249009169, 0.9875415441569676, 0.5499113396312997, 0.8994225050917115, 0.5499113396312997, 0.015505871087739527, 0.5499113396312997, 0.5499113396312997, 0.5499113396312997, 0.9875415441569676, 0.5499113396312997, 0.015505871087739527, 0.1211396351152488, 0.8994225050917115, 0.9739298014199409, 0.8977589793621795, 0.50083539875537, 0.9970435249009169, 0.9875415441569676, 0.8994225050917115, 0.5499113396312997, 0.5499113396312997, 0.12250551882123616, 0.9168702101912495, 0.9875415441569676, 0.974389335216475, 0.12250551882123616, 0.9970435249009169, 0.5499113396312997, 0.12250551882123616, 0.9875415441569676, 0.9168702101912495, 0.9168702101912495, 0.1211396351152488, 0.5499113396312997, 0.8977589793621795, 0.5499113396312997, 0.9875415441569676, 0.5499113396312997, 0.5499113396312997, 0.8994225050917115, 0.5575773872241003, 0.5499113396312997, 0.12250551882123616, 0.5499113396312997, 0.5499113396312997, 0.9875415441569676, 0.9875415441569676, 0.9005716035834879, 0.12250551882123616, 0.974389335216475, 0.5499113396312997, 0.5499113396312997, 0.12250551882123616, 0.1211396351152488, 0.12250551882123616, 0.5499113396312997, 0.9875415441569676, 0.9168702101912495, 0.9875415441569676, 0.5499113396312997, 0.8977589793621795, 0.5499113396312997, 0.9875415441569676, 0.5499113396312997, 0.5499113396312997, 0.9970435249009169, 0.015505871087739527, 0.5499113396312997, 0.5499113396312997, 0.9875415441569676, 0.5499113396312997, 0.5499113396312997, 0.12250551882123616, 0.5499113396312997, 0.9875415441569676, 0.5544255511465029, 0.5544255511465029, 0.9875415441569676, 0.5053991173194359, 0.1211396351152488, 0.015505871087739527, 0.5499113396312997]",4,train,4
0.92,83,9,7,1,100,59,1,1,1,0,0,0,59,1,1,1,0,0,0,"(array([0.51993561, 0.75254685, 0.68244517, 0.88082331, 0.81015986,
       0.38702399]), array([0.79542655, 0.74697149, 0.77093226, 0.54625511, 0.6823293 ,
       0.80961359]), array([0.19903205, 0.24891968, 0.22453082, 0.44397095, 0.31158558,
       0.18412559]), array([0.48840252, 0.25477105, 0.32603788, 0.12383585, 0.19653091,
       0.61901063]))","['QwenPRM_avg_scores (7.63B)', 'GPM (8B)', 'EurusPRMStage2_avg_scores (7.62B)', 'QwenPRM_max_scores (7.63B)', 'DeepSeekQwen (32B)', 'Qwen72B_scores (72B)']","[0.9970435249009169, 0.9923079316348676, 0.9005716035834879, 0.9875415441569676, 0.9680733271868864, 0.9680733271868864, 0.8994225050917115, 0.9875415441569676, 0.9680733271868864, 0.9168702101912495, 0.9680733271868864, 0.7760230316869187, 0.9875415441569676, 0.9680733271868864, 0.9875415441569676, 0.5499113396312997, 0.9168702101912495, 0.9680733271868864, 0.9680733271868864, 0.9680733271868864, 0.9905299444588228, 0.7760230316869187, 0.5499113396312997, 0.7760230316869187, 0.7760230316869187, 0.9680733271868864, 0.9680733271868864, 0.9680733271868864, 0.5499113396312997, 0.9680733271868864, 0.9680733271868864, 0.36965330676149943, 0.9970435249009169, 0.1211396351152488, 0.2810305179125808, 0.9680733271868864, 0.9168702101912495, 0.9168702101912495, 0.9680733271868864, 0.8994225050917115, 0.8994225050917115, 0.9168702101912495, 0.9680733271868864, 0.9168702101912495, 0.5544255511465029, 0.9970435249009169, 0.9875415441569676, 0.5499113396312997, 0.9970435249009169, 0.974389335216475, 0.9168702101912495, 0.36965330676149943, 0.974389335216475, 0.9970435249009169, 0.9970435249009169, 0.9168702101912495, 0.36965330676149943, 0.9168702101912495, 0.9970435249009169, 0.9989225713450516, 0.9875415441569676, 0.9168702101912495, 0.9680733271868864, 0.974389335216475, 0.36965330676149943, 0.9680733271868864, 0.7705847053292498, 0.9680733271868864, 0.1211396351152488, 0.9970435249009169, 0.9680733271868864, 0.9680733271868864, 0.9970435249009169, 0.9680733271868864, 0.9680733271868864, 0.9970435249009169, 0.5544255511465029, 0.9791338582102954, 0.9970435249009169, 0.9875415441569676, 0.1211396351152488, 0.9168702101912495, 0.9680733271868864, 0.9970435249009169, 0.5544255511465029, 0.5575773872241003, 0.9680733271868864, 0.015505871087739527, 0.9168702101912495, 0.9680733271868864, 0.9970435249009169, 0.9680733271868864, 0.9791338582102954, 0.9168702101912495, 0.9168702101912495, 0.8411147578365736, 0.49764352864777284, 0.9168702101912495, 0.7737960689496169, 0.9680733271868864]",5,train,8
0.43,28,15,57,0,100,7,1,1,1,0,0,0,7,1,1,1,0,0,0,"(array([0.51993561, 0.75254685, 0.68244517, 0.88082331, 0.81015986,
       0.38702399]), array([0.79542655, 0.74697149, 0.77093226, 0.54625511, 0.6823293 ,
       0.80961359]), array([0.19903205, 0.24891968, 0.22453082, 0.44397095, 0.31158558,
       0.18412559]), array([0.48840252, 0.25477105, 0.32603788, 0.12383585, 0.19653091,
       0.61901063]))","['QwenPRM_avg_scores (7.63B)', 'GPM (8B)', 'EurusPRMStage2_avg_scores (7.62B)', 'QwenPRM_max_scores (7.63B)', 'DeepSeekQwen (32B)', 'Qwen72B_scores (72B)']","[0.1211396351152488, 0.8977589793621795, 0.5499113396312997, 0.5499113396312997, 0.5499113396312997, 0.5499113396312997, 0.5499113396312997, 0.9989225713450516, 0.12250551882123616, 0.9989225713450516, 0.9970435249009169, 0.5499113396312997, 0.50083539875537, 0.5499113396312997, 0.5575773872241003, 0.9680733271868864, 0.5499113396312997, 0.5499113396312997, 0.9168702101912495, 0.1211396351152488, 0.9905299444588228, 0.12250551882123616, 0.8977589793621795, 0.9168702101912495, 0.9168702101912495, 0.9357068501374565, 0.9970435249009169, 0.5499113396312997, 0.9989225713450516, 0.9989225713450516, 0.5499113396312997, 0.9954320949388873, 0.9923079316348676, 0.5499113396312997, 0.9989225713450516, 0.5499113396312997, 0.12250551882123616, 0.1211396351152488, 0.9875415441569676, 0.9680733271868864, 0.5499113396312997, 0.5499113396312997, 0.9168702101912495, 0.5499113396312997, 0.9168702101912495, 0.1211396351152488, 0.5499113396312997, 0.5575773872241003, 0.9680733271868864, 0.9923079316348676, 0.5499113396312997, 0.5575773872241003, 0.5499113396312997, 0.5499113396312997, 0.9954320949388873, 0.9168702101912495, 0.5499113396312997, 0.9954320949388873, 0.9168702101912495, 0.9954320949388873, 0.12250551882123616, 0.1211396351152488, 0.12448153235872178, 0.5499113396312997, 0.5499113396312997, 0.9168702101912495, 0.1211396351152488, 0.9168702101912495, 0.9989225713450516, 0.9954320949388873, 0.5499113396312997, 0.5499113396312997, 0.5499113396312997, 0.12250551882123616, 0.5499113396312997, 0.5499113396312997, 0.5499113396312997, 0.9970435249009169, 0.5499113396312997, 0.5499113396312997, 0.9005716035834879, 0.9954320949388873, 0.5499113396312997, 0.5499113396312997, 0.7314275133404397, 0.9970435249009169, 0.9989225713450516, 0.8386598321306747, 0.12250551882123616, 0.5499113396312997, 0.5499113396312997, 0.12250551882123616, 0.5499113396312997, 0.1211396351152488, 0.9905299444588228, 0.5499113396312997, 0.9739298014199409, 0.9168702101912495, 0.5499113396312997, 0.5499113396312997]",6,train,2
0.98,98,0,0,2,100,13,1,1,1,0,0,0,13,1,1,1,0,0,0,"(array([0.51993561, 0.75254685, 0.68244517, 0.88082331, 0.81015986,
       0.38702399]), array([0.79542655, 0.74697149, 0.77093226, 0.54625511, 0.6823293 ,
       0.80961359]), array([0.19903205, 0.24891968, 0.22453082, 0.44397095, 0.31158558,
       0.18412559]), array([0.48840252, 0.25477105, 0.32603788, 0.12383585, 0.19653091,
       0.61901063]))","['QwenPRM_avg_scores (7.63B)', 'GPM (8B)', 'EurusPRMStage2_avg_scores (7.62B)', 'QwenPRM_max_scores (7.63B)', 'DeepSeekQwen (32B)', 'Qwen72B_scores (72B)']","[0.9970435249009169, 0.9954320949388873, 0.9954320949388873, 0.9875415441569676, 0.9954320949388873, 0.9954320949388873, 0.9954320949388873, 0.9609142642316364, 0.9613909767150975, 0.9613909767150975, 0.9168702101912495, 0.9875415441569676, 0.9954320949388873, 0.9989225713450516, 0.8994225050917115, 0.9989225713450516, 0.9923079316348676, 0.7737960689496169, 0.9989225713450516, 0.9954320949388873, 0.9954320949388873, 0.9954320949388873, 0.9989225713450516, 0.9954320949388873, 0.9791338582102954, 0.2810305179125808, 0.9954320949388873, 0.7737960689496169, 0.9989225713450516, 0.9989225713450516, 0.9989225713450516, 0.9602228166475877, 0.9905299444588228, 0.9954320949388873, 0.9005716035834879, 0.9875415441569676, 0.9989225713450516, 0.9989225713450516, 0.9954320949388873, 0.9954320949388873, 0.9613909767150975, 0.9954320949388873, 0.9364706807846856, 0.9609142642316364, 0.9989225713450516, 0.9905299444588228, 0.9970435249009169, 0.9680733271868864, 0.9954320949388873, 0.9680733271868864, 0.9954320949388873, 0.9954320949388873, 0.9989225713450516, 0.9875415441569676, 0.9609142642316364, 0.8994225050917115, 0.9954320949388873, 0.7374778394316017, 0.9613909767150975, 0.9954320949388873, 0.9989225713450516, 0.9954320949388873, 0.9609142642316364, 0.9954320949388873, 0.9989225713450516, 0.9954320949388873, 0.974706024008324, 0.9954320949388873, 0.9905299444588228, 0.9609142642316364, 0.8994225050917115, 0.9954320949388873, 0.9227903957287108, 0.9954320949388873, 0.9954320949388873, 0.9905299444588228, 0.9905299444588228, 0.9954320949388873, 0.9954320949388873, 0.9970435249009169, 0.9905299444588228, 0.9989225713450516, 0.9905299444588228, 0.9609142642316364, 0.9989225713450516, 0.9609142642316364, 0.9954320949388873, 0.9954320949388873, 0.2810305179125808, 0.9875415441569676, 0.9954320949388873, 0.9923079316348676, 0.9905299444588228, 0.9954320949388873, 0.9680733271868864, 0.9905299444588228, 0.9954320949388873, 0.9168702101912495, 0.5544255511465029, 0.9954320949388873]",7,train,9
1.0,100,0,0,0,100,8,1,1,1,0,0,0,8,1,1,1,0,0,0,"(array([0.51993561, 0.75254685, 0.68244517, 0.88082331, 0.81015986,
       0.38702399]), array([0.79542655, 0.74697149, 0.77093226, 0.54625511, 0.6823293 ,
       0.80961359]), array([0.19903205, 0.24891968, 0.22453082, 0.44397095, 0.31158558,
       0.18412559]), array([0.48840252, 0.25477105, 0.32603788, 0.12383585, 0.19653091,
       0.61901063]))","['QwenPRM_avg_scores (7.63B)', 'GPM (8B)', 'EurusPRMStage2_avg_scores (7.62B)', 'QwenPRM_max_scores (7.63B)', 'DeepSeekQwen (32B)', 'Qwen72B_scores (72B)']","[0.9875415441569676, 0.9168702101912495, 0.9970435249009169, 0.9168702101912495, 0.9970435249009169, 0.9970435249009169, 0.9680733271868864, 0.9875415441569676, 0.9989225713450516, 0.9905299444588228, 0.9989225713450516, 0.9989225713450516, 0.9168702101912495, 0.9680733271868864, 0.9227903957287108, 0.9989225713450516, 0.9875415441569676, 0.9989225713450516, 0.9680733271868864, 0.9875415441569676, 0.9168702101912495, 0.9905299444588228, 0.9989225713450516, 0.5544255511465029, 0.9680733271868864, 0.9875415441569676, 0.5544255511465029, 0.9680733271868864, 0.974389335216475, 0.9989225713450516, 0.9989225713450516, 0.9970435249009169, 0.9680733271868864, 0.9875415441569676, 0.9905299444588228, 0.9989225713450516, 0.9970435249009169, 0.9680733271868864, 0.9923079316348676, 0.9791338582102954, 0.9168702101912495, 0.974389335216475, 0.9989225713450516, 0.9680733271868864, 0.974389335216475, 0.9989225713450516, 0.9954320949388873, 0.9989225713450516, 0.9168702101912495, 0.8411147578365736, 0.9970435249009169, 0.9954320949388873, 0.9609142642316364, 0.9680733271868864, 0.974389335216475, 0.9954320949388873, 0.9970435249009169, 0.7737960689496169, 0.9791338582102954, 0.9168702101912495, 0.9989225713450516, 0.8411147578365736, 0.9680733271868864, 0.9680733271868864, 0.9989225713450516, 0.9680733271868864, 0.9970435249009169, 0.9680733271868864, 0.9168702101912495, 0.9923079316348676, 0.9875415441569676, 0.9168702101912495, 0.9168702101912495, 0.9680733271868864, 0.9954320949388873, 0.9680733271868864, 0.9680733271868864, 0.9875415441569676, 0.9875415441569676, 0.9168702101912495, 0.9954320949388873, 0.9970435249009169, 0.9989225713450516, 0.974389335216475, 0.9970435249009169, 0.9989225713450516, 0.9970435249009169, 0.9791338582102954, 0.9970435249009169, 0.8994225050917115, 0.9791338582102954, 0.9970435249009169, 0.9905299444588228, 0.9970435249009169, 0.8994225050917115, 0.9168702101912495, 0.9168702101912495, 0.9168702101912495, 0.5544255511465029, 0.974389335216475]",8,train,9
0.69,16,53,31,0,100,24,1,1,1,0,0,0,24,1,1,1,0,0,0,"(array([0.51993561, 0.75254685, 0.68244517, 0.88082331, 0.81015986,
       0.38702399]), array([0.79542655, 0.74697149, 0.77093226, 0.54625511, 0.6823293 ,
       0.80961359]), array([0.19903205, 0.24891968, 0.22453082, 0.44397095, 0.31158558,
       0.18412559]), array([0.48840252, 0.25477105, 0.32603788, 0.12383585, 0.19653091,
       0.61901063]))","['QwenPRM_avg_scores (7.63B)', 'GPM (8B)', 'EurusPRMStage2_avg_scores (7.62B)', 'QwenPRM_max_scores (7.63B)', 'DeepSeekQwen (32B)', 'Qwen72B_scores (72B)']","[0.10168390093097794, 0.1211396351152488, 0.8994225050917115, 0.8977589793621795, 0.49764352864777284, 0.1211396351152488, 0.12250551882123616, 0.1211396351152488, 0.8082302839954738, 0.1211396351152488, 0.49764352864777284, 0.1211396351152488, 0.50083539875537, 0.10168390093097794, 0.49764352864777284, 0.5053991173194359, 0.5053991173194359, 0.49764352864777284, 0.8082302839954738, 0.49764352864777284, 0.8994225050917115, 0.1211396351152488, 0.8994225050917115, 0.49764352864777284, 0.9875415441569676, 0.015505871087739527, 0.1211396351152488, 0.49764352864777284, 0.5544255511465029, 0.8994225050917115, 0.1211396351152488, 0.8994225050917115, 0.50083539875537, 0.49764352864777284, 0.12250551882123616, 0.49764352864777284, 0.9005716035834879, 0.8977589793621795, 0.9875415441569676, 0.49764352864777284, 0.5053991173194359, 0.49764352864777284, 0.49764352864777284, 0.10168390093097794, 0.325046555600141, 0.8994225050917115, 0.9005716035834879, 0.8994225050917115, 0.5544255511465029, 0.5053991173194359, 0.8994225050917115, 0.5575773872241003, 0.5053991173194359, 0.8994225050917115, 0.8994225050917115, 0.49764352864777284, 0.49764352864777284, 0.9875415441569676, 0.49764352864777284, 0.8977589793621795, 0.49764352864777284, 0.8082302839954738, 0.49764352864777284, 0.5544255511465029, 0.8994225050917115, 0.49764352864777284, 0.49764352864777284, 0.1211396351152488, 0.9005716035834879, 0.5544255511465029, 0.10168390093097794, 0.49764352864777284, 0.5053991173194359, 0.49764352864777284, 0.9875415441569676, 0.12448153235872178, 0.49764352864777284, 0.5053991173194359, 0.9875415441569676, 0.8994225050917115, 0.1211396351152488, 0.10168390093097794, 0.9875415441569676, 0.49764352864777284, 0.10168390093097794, 0.10168390093097794, 0.9875415441569676, 0.10168390093097794, 0.12448153235872178, 0.12448153235872178, 0.10168390093097794, 0.5053991173194359, 0.5499113396312997, 0.50083539875537, 0.1211396351152488, 0.015505871087739527, 0.9005716035834879, 0.5053991173194359, 0.49764352864777284, 0.49764352864777284]",9,train,1
0.97,89,8,3,0,100,4,1,1,1,0,0,0,4,1,1,1,0,0,0,"(array([0.51993561, 0.75254685, 0.68244517, 0.88082331, 0.81015986,
       0.38702399]), array([0.79542655, 0.74697149, 0.77093226, 0.54625511, 0.6823293 ,
       0.80961359]), array([0.19903205, 0.24891968, 0.22453082, 0.44397095, 0.31158558,
       0.18412559]), array([0.48840252, 0.25477105, 0.32603788, 0.12383585, 0.19653091,
       0.61901063]))","['QwenPRM_avg_scores (7.63B)', 'GPM (8B)', 'EurusPRMStage2_avg_scores (7.62B)', 'QwenPRM_max_scores (7.63B)', 'DeepSeekQwen (32B)', 'Qwen72B_scores (72B)']","[0.5499113396312997, 0.9970435249009169, 0.5544255511465029, 0.9875415441569676, 0.9989225713450516, 0.9168702101912495, 0.9680733271868864, 0.7737960689496169, 0.9168702101912495, 0.9954320949388873, 0.9791338582102954, 0.9903571565610717, 0.015505871087739527, 0.5575773872241003, 0.974389335216475, 0.9791338582102954, 0.9875415441569676, 0.9168702101912495, 0.9970435249009169, 0.9680733271868864, 0.9903571565610717, 0.9989225713450516, 0.9791338582102954, 0.9680733271868864, 0.9970435249009169, 0.9923079316348676, 0.9906489618718661, 0.1211396351152488, 0.9357068501374565, 0.6244834018578457, 0.9680733271868864, 0.9905299444588228, 0.9168702101912495, 0.974389335216475, 0.1211396351152488, 0.9609142642316364, 0.7737960689496169, 0.9905299444588228, 0.9989225713450516, 0.9970435249009169, 0.9168702101912495, 0.9357068501374565, 0.9680733271868864, 0.9875415441569676, 0.9905299444588228, 0.9168702101912495, 0.9954320949388873, 0.5544255511465029, 0.9905299444588228, 0.974389335216475, 0.9989225713450516, 0.9680733271868864, 0.8411147578365736, 0.9954320949388873, 0.9923079316348676, 0.9791338582102954, 0.9970435249009169, 0.9954320949388873, 0.1211396351152488, 0.9989225713450516, 0.1211396351152488, 0.9989225713450516, 0.9989225713450516, 0.9954320949388873, 0.974706024008324, 0.5544255511465029, 0.9954320949388873, 0.9680733271868864, 0.9168702101912495, 0.10168390093097794, 0.9954320949388873, 0.9791338582102954, 0.9680733271868864, 0.9168702101912495, 0.9875415441569676, 0.9989225713450516, 0.9168702101912495, 0.9970435249009169, 0.9923079316348676, 0.9791338582102954, 0.9680733271868864, 0.9954320949388873, 0.9609142642316364, 0.9680733271868864, 0.9970435249009169, 0.9989225713450516, 0.5544255511465029, 0.7737960689496169, 0.9602228166475877, 0.9168702101912495, 0.5544255511465029, 0.9168702101912495, 0.015505871087739527, 0.9680733271868864, 0.9168702101912495, 0.9791338582102954, 0.7314275133404397, 0.5544255511465029, 0.015505871087739527, 0.5499113396312997]",10,train,8
0.99,98,1,1,0,100,0,1,1,1,0,0,0,0,1,1,1,0,0,0,"(array([0.51993561, 0.75254685, 0.68244517, 0.88082331, 0.81015986,
       0.38702399]), array([0.79542655, 0.74697149, 0.77093226, 0.54625511, 0.6823293 ,
       0.80961359]), array([0.19903205, 0.24891968, 0.22453082, 0.44397095, 0.31158558,
       0.18412559]), array([0.48840252, 0.25477105, 0.32603788, 0.12383585, 0.19653091,
       0.61901063]))","['QwenPRM_avg_scores (7.63B)', 'GPM (8B)', 'EurusPRMStage2_avg_scores (7.62B)', 'QwenPRM_max_scores (7.63B)', 'DeepSeekQwen (32B)', 'Qwen72B_scores (72B)']","[0.9989225713450516, 0.9970435249009169, 0.974389335216475, 0.9989225713450516, 0.9970435249009169, 0.9989225713450516, 0.9989225713450516, 0.974389335216475, 0.974389335216475, 0.9989225713450516, 0.9602228166475877, 0.9905299444588228, 0.9970435249009169, 0.5499113396312997, 0.9954320949388873, 0.9989225713450516, 0.974389335216475, 0.9227903957287108, 0.9989225713450516, 0.9168702101912495, 0.9989225713450516, 0.9970435249009169, 0.9989225713450516, 0.9989225713450516, 0.9989225713450516, 0.9168702101912495, 0.9989225713450516, 0.9875415441569676, 0.9970435249009169, 0.9989225713450516, 0.5575773872241003, 0.9168702101912495, 0.9970435249009169, 0.9923079316348676, 0.974389335216475, 0.9989225713450516, 0.9954320949388873, 0.974389335216475, 0.9905299444588228, 0.974389335216475, 0.9970435249009169, 0.974389335216475, 0.9989225713450516, 0.9989225713450516, 0.9875415441569676, 0.9906489618718661, 0.9970435249009169, 0.9989225713450516, 0.9954320949388873, 0.8994225050917115, 0.1211396351152488, 0.9905299444588228, 0.9989225713450516, 0.9954320949388873, 0.9989225713450516, 0.9905299444588228, 0.9989225713450516, 0.9168702101912495, 0.9923079316348676, 0.9970435249009169, 0.9989225713450516, 0.9680733271868864, 0.9905299444588228, 0.974389335216475, 0.9609142642316364, 0.9954320949388873, 0.9989225713450516, 0.9970435249009169, 0.9613909767150975, 0.9989225713450516, 0.9905299444588228, 0.9905299444588228, 0.9989225713450516, 0.9905299444588228, 0.9168702101912495, 0.9970435249009169, 0.9989225713450516, 0.9989225713450516, 0.974389335216475, 0.9989225713450516, 0.9903571565610717, 0.9680733271868864, 0.974389335216475, 0.9357068501374565, 0.9970435249009169, 0.9989225713450516, 0.9906489618718661, 0.9923079316348676, 0.9954320949388873, 0.9989225713450516, 0.9791338582102954, 0.9989225713450516, 0.9989225713450516, 0.5499113396312997, 0.9970435249009169, 0.9791338582102954, 0.9791338582102954, 0.9970435249009169, 0.974389335216475, 0.9875415441569676]",11,train,9
0.99,99,0,0,1,100,6,1,1,1,0,0,0,6,1,1,1,0,0,0,"(array([0.51993561, 0.75254685, 0.68244517, 0.88082331, 0.81015986,
       0.38702399]), array([0.79542655, 0.74697149, 0.77093226, 0.54625511, 0.6823293 ,
       0.80961359]), array([0.19903205, 0.24891968, 0.22453082, 0.44397095, 0.31158558,
       0.18412559]), array([0.48840252, 0.25477105, 0.32603788, 0.12383585, 0.19653091,
       0.61901063]))","['QwenPRM_avg_scores (7.63B)', 'GPM (8B)', 'EurusPRMStage2_avg_scores (7.62B)', 'QwenPRM_max_scores (7.63B)', 'DeepSeekQwen (32B)', 'Qwen72B_scores (72B)']","[0.974389335216475, 0.8129927841565296, 0.8994225050917115, 0.9791338582102954, 0.974389335216475, 0.9923079316348676, 0.9970435249009169, 0.9791338582102954, 0.9791338582102954, 0.9970435249009169, 0.9970435249009169, 0.9970435249009169, 0.9680733271868864, 0.8411147578365736, 0.9791338582102954, 0.9970435249009169, 0.9791338582102954, 0.9168702101912495, 0.9791338582102954, 0.9970435249009169, 0.9970435249009169, 0.9970435249009169, 0.9791338582102954, 0.8129927841565296, 0.974389335216475, 0.9970435249009169, 0.9970435249009169, 0.9875415441569676, 0.9970435249009169, 0.9168702101912495, 0.9970435249009169, 0.9970435249009169, 0.974389335216475, 0.9970435249009169, 0.9791338582102954, 0.9970435249009169, 0.9970435249009169, 0.9970435249009169, 0.8411147578365736, 0.9970435249009169, 0.974706024008324, 0.9970435249009169, 0.9970435249009169, 0.9791338582102954, 0.9970435249009169, 0.9168702101912495, 0.8411147578365736, 0.9970435249009169, 0.9791338582102954, 0.9168702101912495, 0.9791338582102954, 0.9970435249009169, 0.9791338582102954, 0.9005716035834879, 0.9168702101912495, 0.9791338582102954, 0.974389335216475, 0.9791338582102954, 0.9970435249009169, 0.9168702101912495, 0.9970435249009169, 0.9791338582102954, 0.9970435249009169, 0.36965330676149943, 0.9791338582102954, 0.9791338582102954, 0.8411147578365736, 0.9970435249009169, 0.9791338582102954, 0.9970435249009169, 0.9970435249009169, 0.9791338582102954, 0.9970435249009169, 0.5544255511465029, 0.974389335216475, 0.9168702101912495, 0.9791338582102954, 0.9923079316348676, 0.8411147578365736, 0.9791338582102954, 0.9906489618718661, 0.9970435249009169, 0.9970435249009169, 0.9970435249009169, 0.8411147578365736, 0.8411147578365736, 0.9970435249009169, 0.974389335216475, 0.8428136010009404, 0.9791338582102954, 0.9791338582102954, 0.9875415441569676, 0.9970435249009169, 0.9791338582102954, 0.9970435249009169, 0.9168702101912495, 0.974389335216475, 0.9168702101912495, 0.974389335216475, 0.9970435249009169]",12,train,9
0.87,61,26,13,0,100,37,1,1,1,0,0,0,37,1,1,1,0,0,0,"(array([0.51993561, 0.75254685, 0.68244517, 0.88082331, 0.81015986,
       0.38702399]), array([0.79542655, 0.74697149, 0.77093226, 0.54625511, 0.6823293 ,
       0.80961359]), array([0.19903205, 0.24891968, 0.22453082, 0.44397095, 0.31158558,
       0.18412559]), array([0.48840252, 0.25477105, 0.32603788, 0.12383585, 0.19653091,
       0.61901063]))","['QwenPRM_avg_scores (7.63B)', 'GPM (8B)', 'EurusPRMStage2_avg_scores (7.62B)', 'QwenPRM_max_scores (7.63B)', 'DeepSeekQwen (32B)', 'Qwen72B_scores (72B)']","[0.8386598321306747, 0.9875415441569676, 0.8994225050917115, 0.8994225050917115, 0.9875415441569676, 0.8994225050917115, 0.9875415441569676, 0.7737960689496169, 0.1211396351152488, 0.12250551882123616, 0.5544255511465029, 0.9923079316348676, 0.8082302839954738, 0.9875415441569676, 0.9602228166475877, 0.27480498431028716, 0.5544255511465029, 0.9970435249009169, 0.1211396351152488, 0.8994225050917115, 0.974389335216475, 0.1211396351152488, 0.9970435249009169, 0.9875415441569676, 0.9357068501374565, 0.36965330676149943, 0.9875415441569676, 0.1211396351152488, 0.9875415441569676, 0.9875415441569676, 0.9875415441569676, 0.9680733271868864, 0.36965330676149943, 0.9875415441569676, 0.9923079316348676, 0.9875415441569676, 0.9954320949388873, 0.9989225713450516, 0.5544255511465029, 0.9989225713450516, 0.1211396351152488, 0.8411147578365736, 0.9954320949388873, 0.9989225713450516, 0.8994225050917115, 0.9989225713450516, 0.9989225713450516, 0.49764352864777284, 0.1211396351152488, 0.9739298014199409, 0.9005716035834879, 0.9875415441569676, 0.8994225050917115, 0.9905299444588228, 0.5499113396312997, 0.5499113396312997, 0.9875415441569676, 0.9875415441569676, 0.36965330676149943, 0.9168702101912495, 0.8994225050917115, 0.8977589793621795, 0.9875415441569676, 0.9954320949388873, 0.1211396351152488, 0.1211396351152488, 0.9357068501374565, 0.974389335216475, 0.9875415441569676, 0.7314275133404397, 0.9875415441569676, 0.36965330676149943, 0.9875415441569676, 0.10168390093097794, 0.36965330676149943, 0.9875415441569676, 0.015505871087739527, 0.36965330676149943, 0.9875415441569676, 0.9875415441569676, 0.9954320949388873, 0.36965330676149943, 0.015505871087739527, 0.9954320949388873, 0.9875415441569676, 0.9970435249009169, 0.06280059753227958, 0.49764352864777284, 0.9875415441569676, 0.7314275133404397, 0.8994225050917115, 0.9923079316348676, 0.49764352864777284, 0.8082302839954738, 0.9875415441569676, 0.8994225050917115, 0.9345998202479232, 0.9970435249009169, 0.1211396351152488, 0.1211396351152488]",13,train,6
0.71,51,20,29,0,100,0,1,1,1,0,0,0,0,1,1,1,0,0,0,"(array([0.51993561, 0.75254685, 0.68244517, 0.88082331, 0.81015986,
       0.38702399]), array([0.79542655, 0.74697149, 0.77093226, 0.54625511, 0.6823293 ,
       0.80961359]), array([0.19903205, 0.24891968, 0.22453082, 0.44397095, 0.31158558,
       0.18412559]), array([0.48840252, 0.25477105, 0.32603788, 0.12383585, 0.19653091,
       0.61901063]))","['QwenPRM_avg_scores (7.63B)', 'GPM (8B)', 'EurusPRMStage2_avg_scores (7.62B)', 'QwenPRM_max_scores (7.63B)', 'DeepSeekQwen (32B)', 'Qwen72B_scores (72B)']","[0.9954320949388873, 0.9609142642316364, 0.9954320949388873, 0.1211396351152488, 0.1211396351152488, 0.49764352864777284, 0.9680733271868864, 0.9609142642316364, 0.5499113396312997, 0.5499113396312997, 0.8977589793621795, 0.5499113396312997, 0.9954320949388873, 0.9954320949388873, 0.5499113396312997, 0.9602228166475877, 0.5499113396312997, 0.5499113396312997, 0.1211396351152488, 0.9613909767150975, 0.9613909767150975, 0.9954320949388873, 0.9609142642316364, 0.12250551882123616, 0.5499113396312997, 0.5499113396312997, 0.5499113396312997, 0.9875415441569676, 0.5499113396312997, 0.9954320949388873, 0.9613909767150975, 0.1211396351152488, 0.5499113396312997, 0.5499113396312997, 0.1211396351152488, 0.8977589793621795, 0.5544255511465029, 0.1211396351152488, 0.9680733271868864, 0.9875415441569676, 0.9875415441569676, 0.9954320949388873, 0.5499113396312997, 0.5499113396312997, 0.5499113396312997, 0.5499113396312997, 0.9609142642316364, 0.7737960689496169, 0.9609142642316364, 0.5499113396312997, 0.5499113396312997, 0.9954320949388873, 0.9954320949388873, 0.12250551882123616, 0.9954320949388873, 0.5499113396312997, 0.9954320949388873, 0.015505871087739527, 0.9954320949388873, 0.9613909767150975, 0.9609142642316364, 0.5499113396312997, 0.5499113396312997, 0.015505871087739527, 0.5499113396312997, 0.5499113396312997, 0.1211396351152488, 0.7705847053292498, 0.9954320949388873, 0.9954320949388873, 0.5499113396312997, 0.1211396351152488, 0.1211396351152488, 0.9680733271868864, 0.12250551882123616, 0.1211396351152488, 0.9609142642316364, 0.5499113396312997, 0.12250551882123616, 0.9954320949388873, 0.9954320949388873, 0.015505871087739527, 0.12250551882123616, 0.9954320949388873, 0.9609142642316364, 0.5499113396312997, 0.9954320949388873, 0.9954320949388873, 0.5499113396312997, 0.9954320949388873, 0.9609142642316364, 0.015505871087739527, 0.7760230316869187, 0.9954320949388873, 0.9954320949388873, 0.5499113396312997, 0.9954320949388873, 0.9609142642316364, 0.9954320949388873, 0.9954320949388873]",14,train,5
0.99,95,4,0,1,100,5,1,1,1,0,0,0,5,1,1,1,0,0,0,"(array([0.51993561, 0.75254685, 0.68244517, 0.88082331, 0.81015986,
       0.38702399]), array([0.79542655, 0.74697149, 0.77093226, 0.54625511, 0.6823293 ,
       0.80961359]), array([0.19903205, 0.24891968, 0.22453082, 0.44397095, 0.31158558,
       0.18412559]), array([0.48840252, 0.25477105, 0.32603788, 0.12383585, 0.19653091,
       0.61901063]))","['QwenPRM_avg_scores (7.63B)', 'GPM (8B)', 'EurusPRMStage2_avg_scores (7.62B)', 'QwenPRM_max_scores (7.63B)', 'DeepSeekQwen (32B)', 'Qwen72B_scores (72B)']","[0.974389335216475, 0.8994225050917115, 0.8977589793621795, 0.9168702101912495, 0.9875415441569676, 0.9989225713450516, 0.9791338582102954, 0.9875415441569676, 0.9970435249009169, 0.8977589793621795, 0.9970435249009169, 0.974389335216475, 0.9970435249009169, 0.9970435249009169, 0.9168702101912495, 0.8994225050917115, 0.9875415441569676, 0.9970435249009169, 0.9970435249009169, 0.9875415441569676, 0.9905299444588228, 0.9970435249009169, 0.9875415441569676, 0.9970435249009169, 0.9168702101912495, 0.9168702101912495, 0.9875415441569676, 0.9875415441569676, 0.9970435249009169, 0.8411147578365736, 0.9905299444588228, 0.9875415441569676, 0.9970435249009169, 0.9989225713450516, 0.1211396351152488, 0.9970435249009169, 0.9989225713450516, 0.8994225050917115, 0.9989225713450516, 0.9168702101912495, 0.9989225713450516, 0.974389335216475, 0.9875415441569676, 0.9970435249009169, 0.974389335216475, 0.9875415441569676, 0.9005716035834879, 0.9875415441569676, 0.9875415441569676, 0.9905299444588228, 0.9168702101912495, 0.9875415441569676, 0.9970435249009169, 0.9970435249009169, 0.9168702101912495, 0.9168702101912495, 0.9970435249009169, 0.015505871087739527, 0.9989225713450516, 0.1211396351152488, 0.9970435249009169, 0.9989225713450516, 0.9875415441569676, 0.8994225050917115, 0.9970435249009169, 0.9970435249009169, 0.8994225050917115, 0.5499113396312997, 0.974389335216475, 0.9970435249009169, 0.8994225050917115, 0.974389335216475, 0.8994225050917115, 0.974389335216475, 0.9970435249009169, 0.9168702101912495, 0.8411147578365736, 0.5053991173194359, 0.9970435249009169, 0.9791338582102954, 0.1211396351152488, 0.015505871087739527, 0.9875415441569676, 0.9970435249009169, 0.9168702101912495, 0.9923079316348676, 0.974706024008324, 0.5544255511465029, 0.9168702101912495, 0.9791338582102954, 0.974389335216475, 0.9875415441569676, 0.9168702101912495, 0.9875415441569676, 0.6171807095740269, 0.9875415441569676, 0.9970435249009169, 0.974389335216475, 0.9970435249009169, 0.9875415441569676]",15,train,9
1.0,100,0,0,0,100,2,1,1,1,0,0,0,2,1,1,1,0,0,0,"(array([0.51993561, 0.75254685, 0.68244517, 0.88082331, 0.81015986,
       0.38702399]), array([0.79542655, 0.74697149, 0.77093226, 0.54625511, 0.6823293 ,
       0.80961359]), array([0.19903205, 0.24891968, 0.22453082, 0.44397095, 0.31158558,
       0.18412559]), array([0.48840252, 0.25477105, 0.32603788, 0.12383585, 0.19653091,
       0.61901063]))","['QwenPRM_avg_scores (7.63B)', 'GPM (8B)', 'EurusPRMStage2_avg_scores (7.62B)', 'QwenPRM_max_scores (7.63B)', 'DeepSeekQwen (32B)', 'Qwen72B_scores (72B)']","[0.974389335216475, 0.9970435249009169, 0.9989225713450516, 0.9680733271868864, 0.9906489618718661, 0.9970435249009169, 0.9970435249009169, 0.9989225713450516, 0.9970435249009169, 0.9970435249009169, 0.9905299444588228, 0.9970435249009169, 0.974389335216475, 0.9970435249009169, 0.974389335216475, 0.9954320949388873, 0.9905299444588228, 0.974389335216475, 0.9989225713450516, 0.9970435249009169, 0.9970435249009169, 0.974389335216475, 0.9905299444588228, 0.9168702101912495, 0.9680733271868864, 0.9970435249009169, 0.9989225713450516, 0.9954320949388873, 0.9954320949388873, 0.9954320949388873, 0.974389335216475, 0.9970435249009169, 0.9970435249009169, 0.9989225713450516, 0.9989225713450516, 0.9970435249009169, 0.9970435249009169, 0.9989225713450516, 0.9989225713450516, 0.9970435249009169, 0.9970435249009169, 0.9989225713450516, 0.9906489618718661, 0.9970435249009169, 0.9970435249009169, 0.9970435249009169, 0.9970435249009169, 0.9680733271868864, 0.9970435249009169, 0.8994225050917115, 0.9954320949388873, 0.9989225713450516, 0.9905299444588228, 0.9905299444588228, 0.9168702101912495, 0.9970435249009169, 0.9970435249009169, 0.9970435249009169, 0.9970435249009169, 0.974389335216475, 0.9989225713450516, 0.9989225713450516, 0.974389335216475, 0.9970435249009169, 0.9954320949388873, 0.9680733271868864, 0.9609142642316364, 0.9970435249009169, 0.9905299444588228, 0.974389335216475, 0.974389335216475, 0.974389335216475, 0.9791338582102954, 0.9168702101912495, 0.9970435249009169, 0.9970435249009169, 0.9970435249009169, 0.9970435249009169, 0.974389335216475, 0.9168702101912495, 0.9970435249009169, 0.9970435249009169, 0.974389335216475, 0.9989225713450516, 0.9970435249009169, 0.9989225713450516, 0.9970435249009169, 0.9970435249009169, 0.9970435249009169, 0.9970435249009169, 0.974389335216475, 0.974389335216475, 0.9970435249009169, 0.9168702101912495, 0.9970435249009169, 0.9989225713450516, 0.9168702101912495, 0.9168702101912495, 0.9905299444588228, 0.9970435249009169]",16,train,9
1.0,100,0,0,0,100,0,1,1,1,0,0,0,0,1,1,1,0,0,0,"(array([0.51993561, 0.75254685, 0.68244517, 0.88082331, 0.81015986,
       0.38702399]), array([0.79542655, 0.74697149, 0.77093226, 0.54625511, 0.6823293 ,
       0.80961359]), array([0.19903205, 0.24891968, 0.22453082, 0.44397095, 0.31158558,
       0.18412559]), array([0.48840252, 0.25477105, 0.32603788, 0.12383585, 0.19653091,
       0.61901063]))","['QwenPRM_avg_scores (7.63B)', 'GPM (8B)', 'EurusPRMStage2_avg_scores (7.62B)', 'QwenPRM_max_scores (7.63B)', 'DeepSeekQwen (32B)', 'Qwen72B_scores (72B)']","[0.9970435249009169, 0.9970435249009169, 0.9970435249009169, 0.974389335216475, 0.9970435249009169, 0.9970435249009169, 0.974389335216475, 0.9970435249009169, 0.974389335216475, 0.9970435249009169, 0.974389335216475, 0.9791338582102954, 0.8129927841565296, 0.5544255511465029, 0.9970435249009169, 0.974389335216475, 0.974389335216475, 0.9970435249009169, 0.9970435249009169, 0.9970435249009169, 0.974389335216475, 0.9970435249009169, 0.9970435249009169, 0.9970435249009169, 0.974706024008324, 0.974389335216475, 0.9970435249009169, 0.8994225050917115, 0.974706024008324, 0.9970435249009169, 0.974389335216475, 0.9970435249009169, 0.9970435249009169, 0.9875415441569676, 0.974389335216475, 0.9970435249009169, 0.974389335216475, 0.9970435249009169, 0.9970435249009169, 0.974389335216475, 0.9970435249009169, 0.8994225050917115, 0.9970435249009169, 0.974389335216475, 0.9875415441569676, 0.9970435249009169, 0.9970435249009169, 0.9970435249009169, 0.9970435249009169, 0.9970435249009169, 0.974389335216475, 0.8994225050917115, 0.8411147578365736, 0.974389335216475, 0.9970435249009169, 0.974389335216475, 0.974389335216475, 0.9970435249009169, 0.9970435249009169, 0.9970435249009169, 0.974706024008324, 0.9970435249009169, 0.9970435249009169, 0.9970435249009169, 0.9970435249009169, 0.974389335216475, 0.9970435249009169, 0.9875415441569676, 0.9970435249009169, 0.9970435249009169, 0.9970435249009169, 0.9970435249009169, 0.974389335216475, 0.974389335216475, 0.9970435249009169, 0.9970435249009169, 0.974389335216475, 0.9970435249009169, 0.9970435249009169, 0.9970435249009169, 0.8994225050917115, 0.9791338582102954, 0.9970435249009169, 0.9970435249009169, 0.974389335216475, 0.9970435249009169, 0.9791338582102954, 0.9970435249009169, 0.9970435249009169, 0.9970435249009169, 0.9970435249009169, 0.9970435249009169, 0.9970435249009169, 0.8428136010009404, 0.9970435249009169, 0.9970435249009169, 0.9970435249009169, 0.974389335216475, 0.9970435249009169, 0.9970435249009169]",17,train,9
0.52,0,52,47,1,100,3,0,1,0,0,0,1,3,1,0,0,0,1,0,"(array([0.51993561, 0.75254685, 0.68244517, 0.88082331, 0.81015986,
       0.38702399]), array([0.79542655, 0.74697149, 0.77093226, 0.54625511, 0.6823293 ,
       0.80961359]), array([0.19903205, 0.24891968, 0.22453082, 0.44397095, 0.31158558,
       0.18412559]), array([0.48840252, 0.25477105, 0.32603788, 0.12383585, 0.19653091,
       0.61901063]))","['QwenPRM_avg_scores (7.63B)', 'GPM (8B)', 'EurusPRMStage2_avg_scores (7.62B)', 'QwenPRM_max_scores (7.63B)', 'DeepSeekQwen (32B)', 'Qwen72B_scores (72B)']","[0.04150279105148189, 0.12250551882123616, 0.9680733271868864, 0.9875415441569676, 0.5499113396312997, 0.12250551882123616, 0.12250551882123616, 0.8977589793621795, 0.015505871087739527, 0.015505871087739527, 0.1211396351152488, 0.015505871087739527, 0.8977589793621795, 0.1211396351152488, 0.015505871087739527, 0.9168702101912495, 0.12250551882123616, 0.5499113396312997, 0.1211396351152488, 0.12250551882123616, 0.5575773872241003, 0.5499113396312997, 0.12250551882123616, 0.015505871087739527, 0.5499113396312997, 0.7705847053292498, 0.015505871087739527, 0.12250551882123616, 0.8977589793621795, 0.12250551882123616, 0.015505871087739527, 0.50083539875537, 0.12250551882123616, 0.12250551882123616, 0.5575773872241003, 0.12250551882123616, 0.12250551882123616, 0.12250551882123616, 0.015505871087739527, 0.5499113396312997, 0.5499113396312997, 0.5499113396312997, 0.12250551882123616, 0.12250551882123616, 0.12250551882123616, 0.5575773872241003, 0.1211396351152488, 0.12250551882123616, 0.9168702101912495, 0.9168702101912495, 0.5499113396312997, 0.8977589793621795, 0.9005716035834879, 0.12250551882123616, 0.5499113396312997, 0.5499113396312997, 0.12250551882123616, 0.5499113396312997, 0.12250551882123616, 0.12250551882123616, 0.8977589793621795, 0.015505871087739527, 0.1211396351152488, 0.12250551882123616, 0.9680733271868864, 0.12250551882123616, 0.12250551882123616, 0.5575773872241003, 0.9168702101912495, 0.1211396351152488, 0.49764352864777284, 0.9168702101912495, 0.1211396351152488, 0.12250551882123616, 0.12250551882123616, 0.12250551882123616, 0.1211396351152488, 0.27480498431028716, 0.5499113396312997, 0.5499113396312997, 0.5499113396312997, 0.5499113396312997, 0.5499113396312997, 0.5499113396312997, 0.015505871087739527, 0.1211396351152488, 0.5499113396312997, 0.8977589793621795, 0.5499113396312997, 0.015505871087739527, 0.9791338582102954, 0.12250551882123616, 0.12250551882123616, 0.5499113396312997, 0.5499113396312997, 0.8977589793621795, 0.5499113396312997, 0.12250551882123616, 0.5544255511465029, 0.9168702101912495]",18,train,0
1.0,100,0,0,0,100,7,1,1,1,0,0,0,7,1,1,1,0,0,0,"(array([0.51993561, 0.75254685, 0.68244517, 0.88082331, 0.81015986,
       0.38702399]), array([0.79542655, 0.74697149, 0.77093226, 0.54625511, 0.6823293 ,
       0.80961359]), array([0.19903205, 0.24891968, 0.22453082, 0.44397095, 0.31158558,
       0.18412559]), array([0.48840252, 0.25477105, 0.32603788, 0.12383585, 0.19653091,
       0.61901063]))","['QwenPRM_avg_scores (7.63B)', 'GPM (8B)', 'EurusPRMStage2_avg_scores (7.62B)', 'QwenPRM_max_scores (7.63B)', 'DeepSeekQwen (32B)', 'Qwen72B_scores (72B)']","[0.9791338582102954, 0.9905299444588228, 0.9923079316348676, 0.9357068501374565, 0.9168702101912495, 0.9970435249009169, 0.9970435249009169, 0.9989225713450516, 0.9970435249009169, 0.9970435249009169, 0.9168702101912495, 0.9970435249009169, 0.9970435249009169, 0.974389335216475, 0.9791338582102954, 0.9791338582102954, 0.974389335216475, 0.9875415441569676, 0.9791338582102954, 0.9970435249009169, 0.9970435249009169, 0.974706024008324, 0.8994225050917115, 0.974389335216475, 0.9791338582102954, 0.9875415441569676, 0.9791338582102954, 0.9989225713450516, 0.9357068501374565, 0.9989225713450516, 0.9970435249009169, 0.974389335216475, 0.8411147578365736, 0.9970435249009169, 0.9791338582102954, 0.8411147578365736, 0.974389335216475, 0.9970435249009169, 0.974389335216475, 0.7737960689496169, 0.9970435249009169, 0.8994225050917115, 0.8411147578365736, 0.9970435249009169, 0.9168702101912495, 0.9970435249009169, 0.9970435249009169, 0.974389335216475, 0.9970435249009169, 0.9168702101912495, 0.9970435249009169, 0.9970435249009169, 0.9357068501374565, 0.9905299444588228, 0.9875415441569676, 0.9905299444588228, 0.9970435249009169, 0.9791338582102954, 0.9970435249009169, 0.9680733271868864, 0.9970435249009169, 0.974389335216475, 0.9989225713450516, 0.9970435249009169, 0.974389335216475, 0.974389335216475, 0.9791338582102954, 0.9989225713450516, 0.8994225050917115, 0.9875415441569676, 0.974389335216475, 0.9875415441569676, 0.974389335216475, 0.9989225713450516, 0.8994225050917115, 0.9791338582102954, 0.9875415441569676, 0.9970435249009169, 0.9970435249009169, 0.9989225713450516, 0.9954320949388873, 0.9875415441569676, 0.9875415441569676, 0.9791338582102954, 0.974389335216475, 0.9970435249009169, 0.9168702101912495, 0.9875415441569676, 0.9168702101912495, 0.9791338582102954, 0.974389335216475, 0.9970435249009169, 0.9989225713450516, 0.974706024008324, 0.9970435249009169, 0.9970435249009169, 0.9989225713450516, 0.9970435249009169, 0.9970435249009169, 0.9989225713450516]",19,train,9
0.99,99,0,0,1,100,38,1,1,1,0,0,0,38,1,1,1,0,0,0,"(array([0.51993561, 0.75254685, 0.68244517, 0.88082331, 0.81015986,
       0.38702399]), array([0.79542655, 0.74697149, 0.77093226, 0.54625511, 0.6823293 ,
       0.80961359]), array([0.19903205, 0.24891968, 0.22453082, 0.44397095, 0.31158558,
       0.18412559]), array([0.48840252, 0.25477105, 0.32603788, 0.12383585, 0.19653091,
       0.61901063]))","['QwenPRM_avg_scores (7.63B)', 'GPM (8B)', 'EurusPRMStage2_avg_scores (7.62B)', 'QwenPRM_max_scores (7.63B)', 'DeepSeekQwen (32B)', 'Qwen72B_scores (72B)']","[0.9875415441569676, 0.974389335216475, 0.8411147578365736, 0.9875415441569676, 0.9875415441569676, 0.9875415441569676, 0.9875415441569676, 0.9970435249009169, 0.9954320949388873, 0.9970435249009169, 0.974706024008324, 0.9168702101912495, 0.9875415441569676, 0.9875415441569676, 0.9970435249009169, 0.8994225050917115, 0.9875415441569676, 0.9875415441569676, 0.9970435249009169, 0.9875415441569676, 0.9875415441569676, 0.9875415441569676, 0.9906489618718661, 0.9875415441569676, 0.8994225050917115, 0.8994225050917115, 0.9875415441569676, 0.9970435249009169, 0.9970435249009169, 0.9875415441569676, 0.8994225050917115, 0.974389335216475, 0.8994225050917115, 0.9875415441569676, 0.8994225050917115, 0.974389335216475, 0.9875415441569676, 0.9875415441569676, 0.9989225713450516, 0.9970435249009169, 0.9954320949388873, 0.8977589793621795, 0.9954320949388873, 0.9791338582102954, 0.9875415441569676, 0.9875415441569676, 0.9875415441569676, 0.9875415441569676, 0.974389335216475, 0.9970435249009169, 0.9609142642316364, 0.9970435249009169, 0.9875415441569676, 0.974389335216475, 0.9875415441569676, 0.8994225050917115, 0.9970435249009169, 0.9875415441569676, 0.974389335216475, 0.9970435249009169, 0.9970435249009169, 0.8411147578365736, 0.12448153235872178, 0.8994225050917115, 0.8994225050917115, 0.9875415441569676, 0.9875415441569676, 0.9791338582102954, 0.974389335216475, 0.9875415441569676, 0.9875415441569676, 0.974389335216475, 0.9970435249009169, 0.9875415441569676, 0.9875415441569676, 0.8994225050917115, 0.9970435249009169, 0.9970435249009169, 0.974389335216475, 0.9970435249009169, 0.974389335216475, 0.974389335216475, 0.9970435249009169, 0.9970435249009169, 0.8994225050917115, 0.9970435249009169, 0.9875415441569676, 0.9970435249009169, 0.8994225050917115, 0.9970435249009169, 0.8129927841565296, 0.9970435249009169, 0.5544255511465029, 0.9970435249009169, 0.974389335216475, 0.9970435249009169, 0.974389335216475, 0.8994225050917115, 0.9970435249009169, 0.974389335216475]",20,train,9
0.99,99,0,0,1,100,36,1,1,1,0,0,0,36,1,1,1,0,0,0,"(array([0.51993561, 0.75254685, 0.68244517, 0.88082331, 0.81015986,
       0.38702399]), array([0.79542655, 0.74697149, 0.77093226, 0.54625511, 0.6823293 ,
       0.80961359]), array([0.19903205, 0.24891968, 0.22453082, 0.44397095, 0.31158558,
       0.18412559]), array([0.48840252, 0.25477105, 0.32603788, 0.12383585, 0.19653091,
       0.61901063]))","['QwenPRM_avg_scores (7.63B)', 'GPM (8B)', 'EurusPRMStage2_avg_scores (7.62B)', 'QwenPRM_max_scores (7.63B)', 'DeepSeekQwen (32B)', 'Qwen72B_scores (72B)']","[0.8994225050917115, 0.7760230316869187, 0.9875415441569676, 0.5544255511465029, 0.9875415441569676, 0.5544255511465029, 0.9168702101912495, 0.9875415441569676, 0.9005716035834879, 0.5499113396312997, 0.12448153235872178, 0.9875415441569676, 0.9168702101912495, 0.9005716035834879, 0.9005716035834879, 0.9875415441569676, 0.5575773872241003, 0.9005716035834879, 0.9680733271868864, 0.9005716035834879, 0.9680733271868864, 0.9680733271868864, 0.9005716035834879, 0.8994225050917115, 0.9005716035834879, 0.9168702101912495, 0.7760230316869187, 0.9168702101912495, 0.9005716035834879, 0.9875415441569676, 0.9005716035834879, 0.9005716035834879, 0.9875415441569676, 0.9005716035834879, 0.9875415441569676, 0.9875415441569676, 0.9970435249009169, 0.9168702101912495, 0.9680733271868864, 0.8994225050917115, 0.5544255511465029, 0.9168702101912495, 0.5575773872241003, 0.9970435249009169, 0.9168702101912495, 0.9609142642316364, 0.9005716035834879, 0.9875415441569676, 0.9005716035834879, 0.5575773872241003, 0.50083539875537, 0.9168702101912495, 0.9875415441569676, 0.9005716035834879, 0.9005716035834879, 0.8994225050917115, 0.9875415441569676, 0.974389335216475, 0.5053991173194359, 0.9680733271868864, 0.5544255511465029, 0.9168702101912495, 0.9970435249009169, 0.9875415441569676, 0.9875415441569676, 0.9168702101912495, 0.9168702101912495, 0.9168702101912495, 0.8994225050917115, 0.9875415441569676, 0.9970435249009169, 0.5053991173194359, 0.5575773872241003, 0.9005716035834879, 0.5053991173194359, 0.5575773872241003, 0.5544255511465029, 0.7760230316869187, 0.9005716035834879, 0.9168702101912495, 0.9168702101912495, 0.9168702101912495, 0.9875415441569676, 0.50083539875537, 0.5575773872241003, 0.9875415441569676, 0.5053991173194359, 0.9005716035834879, 0.5575773872241003, 0.9875415441569676, 0.9168702101912495, 0.9875415441569676, 0.9168702101912495, 0.9005716035834879, 0.9005716035834879, 0.9875415441569676, 0.9168702101912495, 0.9680733271868864, 0.9168702101912495, 0.5053991173194359]",21,train,9
0.98,97,1,0,2,100,2,1,1,1,0,0,0,2,1,1,1,0,0,0,"(array([0.51993561, 0.75254685, 0.68244517, 0.88082331, 0.81015986,
       0.38702399]), array([0.79542655, 0.74697149, 0.77093226, 0.54625511, 0.6823293 ,
       0.80961359]), array([0.19903205, 0.24891968, 0.22453082, 0.44397095, 0.31158558,
       0.18412559]), array([0.48840252, 0.25477105, 0.32603788, 0.12383585, 0.19653091,
       0.61901063]))","['QwenPRM_avg_scores (7.63B)', 'GPM (8B)', 'EurusPRMStage2_avg_scores (7.62B)', 'QwenPRM_max_scores (7.63B)', 'DeepSeekQwen (32B)', 'Qwen72B_scores (72B)']","[0.9739298014199409, 0.9970435249009169, 0.9989225713450516, 0.9970435249009169, 0.9970435249009169, 0.974389335216475, 0.9791338582102954, 0.9168702101912495, 0.9903571565610717, 0.8977589793621795, 0.9875415441569676, 0.9739298014199409, 0.8411147578365736, 0.9739298014199409, 0.9905299444588228, 0.5499113396312997, 0.1211396351152488, 0.9903571565610717, 0.9739298014199409, 0.9970435249009169, 0.9739298014199409, 0.9970435249009169, 0.9739298014199409, 0.27480498431028716, 0.9970435249009169, 0.8082302839954738, 0.9739298014199409, 0.9970435249009169, 0.5499113396312997, 0.9168702101912495, 0.9739298014199409, 0.9168702101912495, 0.7737960689496169, 0.9970435249009169, 0.9970435249009169, 0.8994225050917115, 0.9970435249009169, 0.9970435249009169, 0.9739298014199409, 0.9739298014199409, 0.9970435249009169, 0.9205508464251965, 0.8386598321306747, 0.8082302839954738, 0.9739298014199409, 0.8977589793621795, 0.5499113396312997, 0.9205508464251965, 0.8977589793621795, 0.9970435249009169, 0.9168702101912495, 0.9739298014199409, 0.9905299444588228, 0.9739298014199409, 0.9791338582102954, 0.9989225713450516, 0.9989225713450516, 0.8386598321306747, 0.9739298014199409, 0.9970435249009169, 0.9875415441569676, 0.9739298014199409, 0.9970435249009169, 0.5499113396312997, 0.9739298014199409, 0.9791338582102954, 0.9739298014199409, 0.9168702101912495, 0.974706024008324, 0.015505871087739527, 0.9739298014199409, 0.9739298014199409, 0.9739298014199409, 0.9168702101912495, 0.8386598321306747, 0.9875415441569676, 0.8386598321306747, 0.9168702101912495, 0.9875415441569676, 0.9739298014199409, 0.9875415441569676, 0.7705847053292498, 0.8994225050917115, 0.9989225713450516, 0.9739298014199409, 0.5544255511465029, 0.9954320949388873, 0.8977589793621795, 0.9791338582102954, 0.9345998202479232, 0.9970435249009169, 0.9970435249009169, 0.9739298014199409, 0.8977589793621795, 0.9989225713450516, 0.9970435249009169, 0.8386598321306747, 0.9970435249009169, 0.9875415441569676, 0.5499113396312997]",22,train,9
0.35,11,24,65,0,100,29,1,1,1,0,0,0,29,1,1,1,0,0,0,"(array([0.51993561, 0.75254685, 0.68244517, 0.88082331, 0.81015986,
       0.38702399]), array([0.79542655, 0.74697149, 0.77093226, 0.54625511, 0.6823293 ,
       0.80961359]), array([0.19903205, 0.24891968, 0.22453082, 0.44397095, 0.31158558,
       0.18412559]), array([0.48840252, 0.25477105, 0.32603788, 0.12383585, 0.19653091,
       0.61901063]))","['QwenPRM_avg_scores (7.63B)', 'GPM (8B)', 'EurusPRMStage2_avg_scores (7.62B)', 'QwenPRM_max_scores (7.63B)', 'DeepSeekQwen (32B)', 'Qwen72B_scores (72B)']","[0.8386598321306747, 0.36965330676149943, 0.8082302839954738, 0.5499113396312997, 0.9168702101912495, 0.1211396351152488, 0.5499113396312997, 0.9168702101912495, 0.5499113396312997, 0.1211396351152488, 0.1211396351152488, 0.9875415441569676, 0.5499113396312997, 0.12250551882123616, 0.1211396351152488, 0.5544255511465029, 0.12250551882123616, 0.8977589793621795, 0.8977589793621795, 0.9875415441569676, 0.5544255511465029, 0.5499113396312997, 0.37263318970451703, 0.36965330676149943, 0.1211396351152488, 0.8977589793621795, 0.1211396351152488, 0.1211396351152488, 0.8977589793621795, 0.9970435249009169, 0.5499113396312997, 0.8977589793621795, 0.9168702101912495, 0.5499113396312997, 0.5575773872241003, 0.9970435249009169, 0.9970435249009169, 0.1211396351152488, 0.8994225050917115, 0.5499113396312997, 0.8428136010009404, 0.5544255511465029, 0.12250551882123616, 0.974389335216475, 0.9970435249009169, 0.8977589793621795, 0.9168702101912495, 0.9168702101912495, 0.9168702101912495, 0.1211396351152488, 0.5499113396312997, 0.49764352864777284, 0.5499113396312997, 0.8994225050917115, 0.5499113396312997, 0.9168702101912495, 0.8977589793621795, 0.1211396351152488, 0.5575773872241003, 0.5499113396312997, 0.5499113396312997, 0.9875415441569676, 0.5499113396312997, 0.8411147578365736, 0.5053991173194359, 0.8977589793621795, 0.8977589793621795, 0.5499113396312997, 0.9875415441569676, 0.5499113396312997, 0.5544255511465029, 0.5499113396312997, 0.5499113396312997, 0.50083539875537, 0.5499113396312997, 0.5499113396312997, 0.8977589793621795, 0.5499113396312997, 0.12250551882123616, 0.36965330676149943, 0.8977589793621795, 0.5499113396312997, 0.36965330676149943, 0.015505871087739527, 0.9970435249009169, 0.5499113396312997, 0.5499113396312997, 0.5499113396312997, 0.9970435249009169, 0.1211396351152488, 0.5499113396312997, 0.1211396351152488, 0.9168702101912495, 0.9875415441569676, 0.12250551882123616, 0.5499113396312997, 0.5499113396312997, 0.9791338582102954, 0.974389335216475, 0.9875415441569676]",23,train,1
1.0,100,0,0,0,100,10,1,1,1,0,0,0,10,1,1,1,0,0,0,"(array([0.51993561, 0.75254685, 0.68244517, 0.88082331, 0.81015986,
       0.38702399]), array([0.79542655, 0.74697149, 0.77093226, 0.54625511, 0.6823293 ,
       0.80961359]), array([0.19903205, 0.24891968, 0.22453082, 0.44397095, 0.31158558,
       0.18412559]), array([0.48840252, 0.25477105, 0.32603788, 0.12383585, 0.19653091,
       0.61901063]))","['QwenPRM_avg_scores (7.63B)', 'GPM (8B)', 'EurusPRMStage2_avg_scores (7.62B)', 'QwenPRM_max_scores (7.63B)', 'DeepSeekQwen (32B)', 'Qwen72B_scores (72B)']","[0.8994225050917115, 0.9970435249009169, 0.8994225050917115, 0.9875415441569676, 0.974389335216475, 0.8994225050917115, 0.5575773872241003, 0.9875415441569676, 0.9875415441569676, 0.9875415441569676, 0.9989225713450516, 0.9168702101912495, 0.9168702101912495, 0.9875415441569676, 0.9875415441569676, 0.9970435249009169, 0.9970435249009169, 0.9875415441569676, 0.9168702101912495, 0.9875415441569676, 0.9954320949388873, 0.9613909767150975, 0.9791338582102954, 0.9875415441569676, 0.8994225050917115, 0.9970435249009169, 0.9970435249009169, 0.9168702101912495, 0.9970435249009169, 0.9875415441569676, 0.9875415441569676, 0.8994225050917115, 0.9791338582102954, 0.9875415441569676, 0.9923079316348676, 0.8411147578365736, 0.9970435249009169, 0.9989225713450516, 0.9875415441569676, 0.9875415441569676, 0.9168702101912495, 0.9168702101912495, 0.9168702101912495, 0.9970435249009169, 0.9875415441569676, 0.8994225050917115, 0.9168702101912495, 0.9875415441569676, 0.8994225050917115, 0.9875415441569676, 0.9168702101912495, 0.9791338582102954, 0.9970435249009169, 0.9875415441569676, 0.9970435249009169, 0.9875415441569676, 0.9970435249009169, 0.8994225050917115, 0.9875415441569676, 0.9875415441569676, 0.5544255511465029, 0.9005716035834879, 0.8994225050917115, 0.9970435249009169, 0.8994225050917115, 0.9791338582102954, 0.9875415441569676, 0.974389335216475, 0.9875415441569676, 0.9168702101912495, 0.9791338582102954, 0.9168702101912495, 0.8994225050917115, 0.9875415441569676, 0.9875415441569676, 0.8994225050917115, 0.9875415441569676, 0.8994225050917115, 0.9613909767150975, 0.8411147578365736, 0.9970435249009169, 0.9168702101912495, 0.9970435249009169, 0.9875415441569676, 0.8994225050917115, 0.9791338582102954, 0.9970435249009169, 0.8994225050917115, 0.9875415441569676, 0.9875415441569676, 0.8994225050917115, 0.9005716035834879, 0.9875415441569676, 0.974389335216475, 0.9875415441569676, 0.974389335216475, 0.8994225050917115, 0.9680733271868864, 0.9168702101912495, 0.9970435249009169]",24,train,9
0.65,43,22,3,32,100,67,1,1,1,0,0,0,67,1,1,1,0,0,0,"(array([0.51993561, 0.75254685, 0.68244517, 0.88082331, 0.81015986,
       0.38702399]), array([0.79542655, 0.74697149, 0.77093226, 0.54625511, 0.6823293 ,
       0.80961359]), array([0.19903205, 0.24891968, 0.22453082, 0.44397095, 0.31158558,
       0.18412559]), array([0.48840252, 0.25477105, 0.32603788, 0.12383585, 0.19653091,
       0.61901063]))","['QwenPRM_avg_scores (7.63B)', 'GPM (8B)', 'EurusPRMStage2_avg_scores (7.62B)', 'QwenPRM_max_scores (7.63B)', 'DeepSeekQwen (32B)', 'Qwen72B_scores (72B)']","[0.9168702101912495, 0.49764352864777284, 0.8994225050917115, 0.015505871087739527, 0.8977589793621795, 0.015505871087739527, 0.8977589793621795, 0.5575773872241003, 0.49764352864777284, 0.8977589793621795, 0.015505871087739527, 0.015505871087739527, 0.12250551882123616, 0.9168702101912495, 0.12250551882123616, 0.12250551882123616, 0.5499113396312997, 0.5575773872241003, 0.1211396351152488, 0.015505871087739527, 0.1211396351152488, 0.015505871087739527, 0.50083539875537, 0.10168390093097794, 0.015505871087739527, 0.015505871087739527, 0.12250551882123616, 0.5499113396312997, 0.8977589793621795, 0.49764352864777284, 0.8977589793621795, 0.5575773872241003, 0.50083539875537, 0.12250551882123616, 0.12250551882123616, 0.1211396351152488, 0.49764352864777284, 0.5499113396312997, 0.50083539875537, 0.5499113396312997, 0.1211396351152488, 0.8977589793621795, 0.1211396351152488, 0.5499113396312997, 0.1211396351152488, 0.8977589793621795, 0.015505871087739527, 0.1211396351152488, 0.12250551882123616, 0.1211396351152488, 0.1211396351152488, 0.49764352864777284, 0.1211396351152488, 0.49764352864777284, 0.12250551882123616, 0.49764352864777284, 0.1211396351152488, 0.015505871087739527, 0.8977589793621795, 0.12250551882123616, 0.9168702101912495, 0.12250551882123616, 0.5499113396312997, 0.49764352864777284, 0.49764352864777284, 0.1211396351152488, 0.50083539875537, 0.9875415441569676, 0.8977589793621795, 0.50083539875537, 0.1211396351152488, 0.12448153235872178, 0.49764352864777284, 0.50083539875537, 0.5499113396312997, 0.12250551882123616, 0.8977589793621795, 0.5499113396312997, 0.5544255511465029, 0.8977589793621795, 0.8977589793621795, 0.5499113396312997, 0.12250551882123616, 0.12250551882123616, 0.8977589793621795, 0.5499113396312997, 0.12250551882123616, 0.5499113396312997, 0.5499113396312997, 0.5499113396312997, 0.49764352864777284, 0.8977589793621795, 0.015505871087739527, 0.8977589793621795, 0.12250551882123616, 0.015505871087739527, 0.8977589793621795, 0.015505871087739527, 0.8977589793621795, 0.8977589793621795]",25,train,7
0.7,60,10,30,0,100,1,1,1,1,0,0,0,1,1,1,1,0,0,0,"(array([0.51993561, 0.75254685, 0.68244517, 0.88082331, 0.81015986,
       0.38702399]), array([0.79542655, 0.74697149, 0.77093226, 0.54625511, 0.6823293 ,
       0.80961359]), array([0.19903205, 0.24891968, 0.22453082, 0.44397095, 0.31158558,
       0.18412559]), array([0.48840252, 0.25477105, 0.32603788, 0.12383585, 0.19653091,
       0.61901063]))","['QwenPRM_avg_scores (7.63B)', 'GPM (8B)', 'EurusPRMStage2_avg_scores (7.62B)', 'QwenPRM_max_scores (7.63B)', 'DeepSeekQwen (32B)', 'Qwen72B_scores (72B)']","[0.5575773872241003, 0.9954320949388873, 0.5499113396312997, 0.5499113396312997, 0.8994225050917115, 0.9680733271868864, 0.5499113396312997, 0.9168702101912495, 0.5499113396312997, 0.8994225050917115, 0.8994225050917115, 0.9875415441569676, 0.5575773872241003, 0.9875415441569676, 0.5499113396312997, 0.1211396351152488, 0.5499113396312997, 0.8977589793621795, 0.9875415441569676, 0.12250551882123616, 0.9680733271868864, 0.5575773872241003, 0.9875415441569676, 0.9680733271868864, 0.8994225050917115, 0.9680733271868864, 0.5575773872241003, 0.9875415441569676, 0.9680733271868864, 0.5499113396312997, 0.5499113396312997, 0.9680733271868864, 0.5499113396312997, 0.9875415441569676, 0.5499113396312997, 0.9168702101912495, 0.1211396351152488, 0.9680733271868864, 0.8994225050917115, 0.9875415441569676, 0.9875415441569676, 0.5499113396312997, 0.9168702101912495, 0.9680733271868864, 0.7737960689496169, 0.9875415441569676, 0.9875415441569676, 0.12448153235872178, 0.9168702101912495, 0.9168702101912495, 0.7737960689496169, 0.12250551882123616, 0.9875415441569676, 0.9168702101912495, 0.9168702101912495, 0.9680733271868864, 0.5499113396312997, 0.9680733271868864, 0.5499113396312997, 0.12250551882123616, 0.9609142642316364, 0.9875415441569676, 0.1211396351152488, 0.9168702101912495, 0.12250551882123616, 0.9954320949388873, 0.9875415441569676, 0.12250551882123616, 0.50083539875537, 0.9954320949388873, 0.9168702101912495, 0.5499113396312997, 0.9168702101912495, 0.9168702101912495, 0.9005716035834879, 0.9875415441569676, 0.5499113396312997, 0.9875415441569676, 0.9168702101912495, 0.9680733271868864, 0.9875415441569676, 0.9680733271868864, 0.9875415441569676, 0.9875415441569676, 0.8994225050917115, 0.9954320949388873, 0.9875415441569676, 0.9168702101912495, 0.015505871087739527, 0.8994225050917115, 0.7737960689496169, 0.9680733271868864, 0.9168702101912495, 0.8994225050917115, 0.9875415441569676, 0.9168702101912495, 0.5499113396312997, 0.9875415441569676, 0.9168702101912495, 0.9875415441569676]",26,train,5
1.0,100,0,0,0,100,0,1,1,1,0,0,0,0,1,1,1,0,0,0,"(array([0.51993561, 0.75254685, 0.68244517, 0.88082331, 0.81015986,
       0.38702399]), array([0.79542655, 0.74697149, 0.77093226, 0.54625511, 0.6823293 ,
       0.80961359]), array([0.19903205, 0.24891968, 0.22453082, 0.44397095, 0.31158558,
       0.18412559]), array([0.48840252, 0.25477105, 0.32603788, 0.12383585, 0.19653091,
       0.61901063]))","['QwenPRM_avg_scores (7.63B)', 'GPM (8B)', 'EurusPRMStage2_avg_scores (7.62B)', 'QwenPRM_max_scores (7.63B)', 'DeepSeekQwen (32B)', 'Qwen72B_scores (72B)']","[0.9970435249009169, 0.9970435249009169, 0.9791338582102954, 0.9791338582102954, 0.974389335216475, 0.974706024008324, 0.9970435249009169, 0.8994225050917115, 0.9875415441569676, 0.9875415441569676, 0.9970435249009169, 0.974706024008324, 0.9875415441569676, 0.9875415441569676, 0.9970435249009169, 0.9970435249009169, 0.8994225050917115, 0.9168702101912495, 0.9970435249009169, 0.8994225050917115, 0.8994225050917115, 0.9970435249009169, 0.9970435249009169, 0.9739298014199409, 0.9970435249009169, 0.9970435249009169, 0.9168702101912495, 0.9970435249009169, 0.9875415441569676, 0.974389335216475, 0.8994225050917115, 0.9970435249009169, 0.9875415441569676, 0.8994225050917115, 0.8129927841565296, 0.9875415441569676, 0.9970435249009169, 0.8994225050917115, 0.9875415441569676, 0.9970435249009169, 0.974389335216475, 0.9970435249009169, 0.9791338582102954, 0.9970435249009169, 0.8994225050917115, 0.9791338582102954, 0.9970435249009169, 0.9875415441569676, 0.974389335216475, 0.9875415441569676, 0.9005716035834879, 0.9970435249009169, 0.9875415441569676, 0.9970435249009169, 0.9970435249009169, 0.9970435249009169, 0.9970435249009169, 0.9970435249009169, 0.9168702101912495, 0.9875415441569676, 0.9970435249009169, 0.974389335216475, 0.9970435249009169, 0.9970435249009169, 0.9970435249009169, 0.9791338582102954, 0.9875415441569676, 0.9005716035834879, 0.9875415441569676, 0.9970435249009169, 0.9791338582102954, 0.974389335216475, 0.9970435249009169, 0.9875415441569676, 0.5544255511465029, 0.9875415441569676, 0.9970435249009169, 0.9970435249009169, 0.974389335216475, 0.974389335216475, 0.9609142642316364, 0.9791338582102954, 0.9791338582102954, 0.9875415441569676, 0.9970435249009169, 0.974389335216475, 0.8129927841565296, 0.9875415441569676, 0.9970435249009169, 0.9970435249009169, 0.9970435249009169, 0.9970435249009169, 0.9905299444588228, 0.9168702101912495, 0.9970435249009169, 0.9875415441569676, 0.9970435249009169, 0.9791338582102954, 0.9970435249009169, 0.9875415441569676]",27,train,9
0.82,41,41,17,1,100,23,1,1,1,0,0,0,23,1,1,1,0,0,0,"(array([0.51993561, 0.75254685, 0.68244517, 0.88082331, 0.81015986,
       0.38702399]), array([0.79542655, 0.74697149, 0.77093226, 0.54625511, 0.6823293 ,
       0.80961359]), array([0.19903205, 0.24891968, 0.22453082, 0.44397095, 0.31158558,
       0.18412559]), array([0.48840252, 0.25477105, 0.32603788, 0.12383585, 0.19653091,
       0.61901063]))","['QwenPRM_avg_scores (7.63B)', 'GPM (8B)', 'EurusPRMStage2_avg_scores (7.62B)', 'QwenPRM_max_scores (7.63B)', 'DeepSeekQwen (32B)', 'Qwen72B_scores (72B)']","[0.9609142642316364, 0.9875415441569676, 0.9609142642316364, 0.8994225050917115, 0.9875415441569676, 0.5499113396312997, 0.1211396351152488, 0.49764352864777284, 0.49764352864777284, 0.1211396351152488, 0.5544255511465029, 0.8977589793621795, 0.9168702101912495, 0.8977589793621795, 0.015505871087739527, 0.49764352864777284, 0.1211396351152488, 0.9168702101912495, 0.1211396351152488, 0.9609142642316364, 0.49764352864777284, 0.12448153235872178, 0.9875415441569676, 0.9989225713450516, 0.1211396351152488, 0.8977589793621795, 0.49764352864777284, 0.49764352864777284, 0.1211396351152488, 0.9168702101912495, 0.9168702101912495, 0.49764352864777284, 0.9680733271868864, 0.5499113396312997, 0.1211396351152488, 0.9875415441569676, 0.015505871087739527, 0.8994225050917115, 0.9609142642316364, 0.49764352864777284, 0.9680733271868864, 0.9168702101912495, 0.49764352864777284, 0.5575773872241003, 0.49764352864777284, 0.5499113396312997, 0.1211396351152488, 0.9875415441569676, 0.1211396351152488, 0.9680733271868864, 0.1211396351152488, 0.12448153235872178, 0.8977589793621795, 0.9954320949388873, 0.974706024008324, 0.9989225713450516, 0.8977589793621795, 0.9168702101912495, 0.9168702101912495, 0.49764352864777284, 0.9613909767150975, 0.5499113396312997, 0.49764352864777284, 0.9875415441569676, 0.5499113396312997, 0.015505871087739527, 0.9923079316348676, 0.9609142642316364, 0.49764352864777284, 0.9905299444588228, 0.9875415441569676, 0.1211396351152488, 0.1211396351152488, 0.9168702101912495, 0.9680733271868864, 0.9954320949388873, 0.49764352864777284, 0.015505871087739527, 0.1211396351152488, 0.015505871087739527, 0.9875415441569676, 0.9903571565610717, 0.9954320949388873, 0.1211396351152488, 0.49764352864777284, 0.9875415441569676, 0.9875415441569676, 0.5544255511465029, 0.1211396351152488, 0.8994225050917115, 0.9875415441569676, 0.12250551882123616, 0.9954320949388873, 0.9875415441569676, 0.9970435249009169, 0.1211396351152488, 0.12250551882123616, 0.5544255511465029, 0.36965330676149943, 0.49764352864777284]",28,train,4
0.99,98,1,1,0,100,4,1,1,1,0,0,0,4,1,1,1,0,0,0,"(array([0.51993561, 0.75254685, 0.68244517, 0.88082331, 0.81015986,
       0.38702399]), array([0.79542655, 0.74697149, 0.77093226, 0.54625511, 0.6823293 ,
       0.80961359]), array([0.19903205, 0.24891968, 0.22453082, 0.44397095, 0.31158558,
       0.18412559]), array([0.48840252, 0.25477105, 0.32603788, 0.12383585, 0.19653091,
       0.61901063]))","['QwenPRM_avg_scores (7.63B)', 'GPM (8B)', 'EurusPRMStage2_avg_scores (7.62B)', 'QwenPRM_max_scores (7.63B)', 'DeepSeekQwen (32B)', 'Qwen72B_scores (72B)']","[0.9970435249009169, 0.9905299444588228, 0.9954320949388873, 0.9905299444588228, 0.9989225713450516, 0.9609142642316364, 0.9680733271868864, 0.9875415441569676, 0.9954320949388873, 0.8977589793621795, 0.9989225713450516, 0.9954320949388873, 0.9903571565610717, 0.9680733271868864, 0.9954320949388873, 0.9875415441569676, 0.9609142642316364, 0.9989225713450516, 0.9905299444588228, 0.9905299444588228, 0.9954320949388873, 0.9905299444588228, 0.9989225713450516, 0.9989225713450516, 0.9905299444588228, 0.5544255511465029, 0.9954320949388873, 0.9954320949388873, 0.9680733271868864, 0.9613909767150975, 0.9875415441569676, 0.9905299444588228, 0.9923079316348676, 0.9905299444588228, 0.9954320949388873, 0.9905299444588228, 0.9923079316348676, 0.9613909767150975, 0.9954320949388873, 0.9875415441569676, 0.9954320949388873, 0.9905299444588228, 0.9906489618718661, 0.9989225713450516, 0.9954320949388873, 0.9989225713450516, 0.9989225713450516, 0.9989225713450516, 0.9168702101912495, 0.9970435249009169, 0.9227903957287108, 0.9905299444588228, 0.9954320949388873, 0.974389335216475, 0.9989225713450516, 0.8994225050917115, 0.9954320949388873, 0.9168702101912495, 0.9954320949388873, 0.9970435249009169, 0.9227903957287108, 0.9954320949388873, 0.9989225713450516, 0.9875415441569676, 0.7737960689496169, 0.9680733271868864, 0.9989225713450516, 0.9905299444588228, 0.9903571565610717, 0.9989225713450516, 0.9791338582102954, 0.9989225713450516, 0.9989225713450516, 0.9905299444588228, 0.9168702101912495, 0.9954320949388873, 0.9609142642316364, 0.9970435249009169, 0.9906489618718661, 0.9168702101912495, 0.9227903957287108, 0.9905299444588228, 0.9905299444588228, 0.9364706807846856, 0.9989225713450516, 0.9791338582102954, 0.9954320949388873, 0.9989225713450516, 0.1211396351152488, 0.9954320949388873, 0.9609142642316364, 0.9609142642316364, 0.9923079316348676, 0.9954320949388873, 0.9989225713450516, 0.9989225713450516, 0.9989225713450516, 0.9989225713450516, 0.9791338582102954, 0.9954320949388873]",29,train,9
0.92,89,3,2,6,100,4,1,1,1,0,0,0,4,1,1,1,0,0,0,"(array([0.51993561, 0.75254685, 0.68244517, 0.88082331, 0.81015986,
       0.38702399]), array([0.79542655, 0.74697149, 0.77093226, 0.54625511, 0.6823293 ,
       0.80961359]), array([0.19903205, 0.24891968, 0.22453082, 0.44397095, 0.31158558,
       0.18412559]), array([0.48840252, 0.25477105, 0.32603788, 0.12383585, 0.19653091,
       0.61901063]))","['QwenPRM_avg_scores (7.63B)', 'GPM (8B)', 'EurusPRMStage2_avg_scores (7.62B)', 'QwenPRM_max_scores (7.63B)', 'DeepSeekQwen (32B)', 'Qwen72B_scores (72B)']","[0.9875415441569676, 0.9168702101912495, 0.9168702101912495, 0.1211396351152488, 0.9970435249009169, 0.9168702101912495, 0.9168702101912495, 0.9875415441569676, 0.9168702101912495, 0.9168702101912495, 0.9168702101912495, 0.9875415441569676, 0.12448153235872178, 0.9875415441569676, 0.9168702101912495, 0.1211396351152488, 0.9168702101912495, 0.5499113396312997, 0.5499113396312997, 0.5499113396312997, 0.5499113396312997, 0.5499113396312997, 0.9875415441569676, 0.5499113396312997, 0.9168702101912495, 0.9168702101912495, 0.5575773872241003, 0.9168702101912495, 0.9875415441569676, 0.5499113396312997, 0.1211396351152488, 0.9875415441569676, 0.9875415441569676, 0.5499113396312997, 0.5499113396312997, 0.5499113396312997, 0.9168702101912495, 0.9168702101912495, 0.9970435249009169, 0.9168702101912495, 0.8977589793621795, 0.9168702101912495, 0.9168702101912495, 0.9875415441569676, 0.5544255511465029, 0.9875415441569676, 0.9168702101912495, 0.9168702101912495, 0.9954320949388873, 0.9168702101912495, 0.9168702101912495, 0.5544255511465029, 0.015505871087739527, 0.9168702101912495, 0.9168702101912495, 0.9168702101912495, 0.9970435249009169, 0.5575773872241003, 0.9168702101912495, 0.9875415441569676, 0.9168702101912495, 0.9168702101912495, 0.9168702101912495, 0.9875415441569676, 0.49764352864777284, 0.8994225050917115, 0.9168702101912495, 0.9168702101912495, 0.9168702101912495, 0.5499113396312997, 0.9168702101912495, 0.1211396351152488, 0.5499113396312997, 0.9168702101912495, 0.8994225050917115, 0.9875415441569676, 0.9875415441569676, 0.5544255511465029, 0.9168702101912495, 0.9875415441569676, 0.9168702101912495, 0.5499113396312997, 0.5499113396312997, 0.5499113396312997, 0.1211396351152488, 0.5499113396312997, 0.9875415441569676, 0.9168702101912495, 0.9168702101912495, 0.8977589793621795, 0.9168702101912495, 0.5499113396312997, 0.9168702101912495, 0.5499113396312997, 0.9875415441569676, 0.9168702101912495, 0.9168702101912495, 0.9168702101912495, 0.1211396351152488, 0.9875415441569676]",30,train,9
1.0,99,1,0,0,100,84,1,1,1,0,0,0,84,1,1,1,0,0,0,"(array([0.51993561, 0.75254685, 0.68244517, 0.88082331, 0.81015986,
       0.38702399]), array([0.79542655, 0.74697149, 0.77093226, 0.54625511, 0.6823293 ,
       0.80961359]), array([0.19903205, 0.24891968, 0.22453082, 0.44397095, 0.31158558,
       0.18412559]), array([0.48840252, 0.25477105, 0.32603788, 0.12383585, 0.19653091,
       0.61901063]))","['QwenPRM_avg_scores (7.63B)', 'GPM (8B)', 'EurusPRMStage2_avg_scores (7.62B)', 'QwenPRM_max_scores (7.63B)', 'DeepSeekQwen (32B)', 'Qwen72B_scores (72B)']","[0.8994225050917115, 0.9970435249009169, 0.9875415441569676, 0.9168702101912495, 0.9970435249009169, 0.9168702101912495, 0.9791338582102954, 0.8411147578365736, 0.9791338582102954, 0.9970435249009169, 0.8129927841565296, 0.9168702101912495, 0.9905299444588228, 0.9970435249009169, 0.9875415441569676, 0.9970435249009169, 0.8994225050917115, 0.1211396351152488, 0.9970435249009169, 0.9954320949388873, 0.9168702101912495, 0.9168702101912495, 0.974389335216475, 0.9970435249009169, 0.9739298014199409, 0.9168702101912495, 0.9168702101912495, 0.9680733271868864, 0.9923079316348676, 0.9168702101912495, 0.9168702101912495, 0.9970435249009169, 0.9168702101912495, 0.9875415441569676, 0.9168702101912495, 0.9609142642316364, 0.974389335216475, 0.9970435249009169, 0.9970435249009169, 0.9875415441569676, 0.9168702101912495, 0.5544255511465029, 0.5544255511465029, 0.5544255511465029, 0.9168702101912495, 0.9970435249009169, 0.9168702101912495, 0.9168702101912495, 0.9791338582102954, 0.9970435249009169, 0.9954320949388873, 0.8994225050917115, 0.9875415441569676, 0.9680733271868864, 0.9168702101912495, 0.5544255511465029, 0.9791338582102954, 0.9168702101912495, 0.9970435249009169, 0.9923079316348676, 0.7737960689496169, 0.9680733271868864, 0.9875415441569676, 0.9970435249009169, 0.9168702101912495, 0.9875415441569676, 0.9791338582102954, 0.5544255511465029, 0.9875415441569676, 0.9168702101912495, 0.9168702101912495, 0.9680733271868864, 0.9168702101912495, 0.9680733271868864, 0.9954320949388873, 0.9970435249009169, 0.5544255511465029, 0.9875415441569676, 0.9875415441569676, 0.9168702101912495, 0.9168702101912495, 0.9791338582102954, 0.9875415441569676, 0.9905299444588228, 0.9989225713450516, 0.974389335216475, 0.9168702101912495, 0.974389335216475, 0.9680733271868864, 0.9168702101912495, 0.9875415441569676, 0.9905299444588228, 0.5575773872241003, 0.9168702101912495, 0.9875415441569676, 0.9168702101912495, 0.9168702101912495, 0.9905299444588228, 0.9791338582102954, 0.9875415441569676]",31,train,9
1.0,100,0,0,0,100,53,1,1,1,0,0,0,53,1,1,1,0,0,0,"(array([0.51993561, 0.75254685, 0.68244517, 0.88082331, 0.81015986,
       0.38702399]), array([0.79542655, 0.74697149, 0.77093226, 0.54625511, 0.6823293 ,
       0.80961359]), array([0.19903205, 0.24891968, 0.22453082, 0.44397095, 0.31158558,
       0.18412559]), array([0.48840252, 0.25477105, 0.32603788, 0.12383585, 0.19653091,
       0.61901063]))","['QwenPRM_avg_scores (7.63B)', 'GPM (8B)', 'EurusPRMStage2_avg_scores (7.62B)', 'QwenPRM_max_scores (7.63B)', 'DeepSeekQwen (32B)', 'Qwen72B_scores (72B)']","[0.9680733271868864, 0.9680733271868864, 0.9923079316348676, 0.9168702101912495, 0.5575773872241003, 0.9168702101912495, 0.9168702101912495, 0.9168702101912495, 0.9609142642316364, 0.9680733271868864, 0.9954320949388873, 0.9168702101912495, 0.9613909767150975, 0.7737960689496169, 0.9613909767150975, 0.9970435249009169, 0.9954320949388873, 0.9875415441569676, 0.7760230316869187, 0.7374778394316017, 0.9613909767150975, 0.5575773872241003, 0.9168702101912495, 0.7374778394316017, 0.7737960689496169, 0.9609142642316364, 0.9680733271868864, 0.9875415441569676, 0.9906489618718661, 0.7737960689496169, 0.9680733271868864, 0.5544255511465029, 0.9168702101912495, 0.9613909767150975, 0.9680733271868864, 0.7760230316869187, 0.9168702101912495, 0.9613909767150975, 0.9680733271868864, 0.9680733271868864, 0.9923079316348676, 0.5053991173194359, 0.7374778394316017, 0.9954320949388873, 0.9875415441569676, 0.9954320949388873, 0.9875415441569676, 0.9168702101912495, 0.9609142642316364, 0.8994225050917115, 0.9680733271868864, 0.5499113396312997, 0.8129927841565296, 0.9989225713450516, 0.8129927841565296, 0.9005716035834879, 0.9613909767150975, 0.9954320949388873, 0.7374778394316017, 0.9613909767150975, 0.9613909767150975, 0.9168702101912495, 0.9680733271868864, 0.9168702101912495, 0.9905299444588228, 0.9680733271868864, 0.9680733271868864, 0.9680733271868864, 0.9680733271868864, 0.9005716035834879, 0.9613909767150975, 0.9168702101912495, 0.9875415441569676, 0.7374778394316017, 0.974389335216475, 0.9954320949388873, 0.9168702101912495, 0.9954320949388873, 0.9875415441569676, 0.7737960689496169, 0.9168702101912495, 0.9613909767150975, 0.9680733271868864, 0.9168702101912495, 0.5544255511465029, 0.5053991173194359, 0.8386598321306747, 0.9613909767150975, 0.974389335216475, 0.9613909767150975, 0.9875415441569676, 0.9680733271868864, 0.9168702101912495, 0.9875415441569676, 0.9168702101912495, 0.9680733271868864, 0.9613909767150975, 0.9609142642316364, 0.9954320949388873, 0.5575773872241003]",32,train,9
0.99,99,0,0,1,100,5,1,1,1,0,0,0,5,1,1,1,0,0,0,"(array([0.51993561, 0.75254685, 0.68244517, 0.88082331, 0.81015986,
       0.38702399]), array([0.79542655, 0.74697149, 0.77093226, 0.54625511, 0.6823293 ,
       0.80961359]), array([0.19903205, 0.24891968, 0.22453082, 0.44397095, 0.31158558,
       0.18412559]), array([0.48840252, 0.25477105, 0.32603788, 0.12383585, 0.19653091,
       0.61901063]))","['QwenPRM_avg_scores (7.63B)', 'GPM (8B)', 'EurusPRMStage2_avg_scores (7.62B)', 'QwenPRM_max_scores (7.63B)', 'DeepSeekQwen (32B)', 'Qwen72B_scores (72B)']","[0.9168702101912495, 0.7737960689496169, 0.9875415441569676, 0.9970435249009169, 0.9168702101912495, 0.9989225713450516, 0.9791338582102954, 0.9168702101912495, 0.9970435249009169, 0.9791338582102954, 0.9970435249009169, 0.8994225050917115, 0.9168702101912495, 0.9989225713450516, 0.9970435249009169, 0.5544255511465029, 0.9168702101912495, 0.9168702101912495, 0.9875415441569676, 0.9970435249009169, 0.974389335216475, 0.9875415441569676, 0.9791338582102954, 0.9970435249009169, 0.9875415441569676, 0.9609142642316364, 0.9970435249009169, 0.974389335216475, 0.9989225713450516, 0.9875415441569676, 0.9168702101912495, 0.9970435249009169, 0.9680733271868864, 0.9970435249009169, 0.9168702101912495, 0.9168702101912495, 0.9923079316348676, 0.9970435249009169, 0.8411147578365736, 0.9905299444588228, 0.9875415441569676, 0.9970435249009169, 0.5575773872241003, 0.9791338582102954, 0.974389335216475, 0.974389335216475, 0.8994225050917115, 0.9970435249009169, 0.9875415441569676, 0.974389335216475, 0.9875415441569676, 0.974389335216475, 0.9875415441569676, 0.9970435249009169, 0.9970435249009169, 0.9680733271868864, 0.9875415441569676, 0.9609142642316364, 0.9680733271868864, 0.9680733271868864, 0.9970435249009169, 0.9168702101912495, 0.9970435249009169, 0.9970435249009169, 0.9168702101912495, 0.974389335216475, 0.974389335216475, 0.9791338582102954, 0.9875415441569676, 0.49764352864777284, 0.9357068501374565, 0.974389335216475, 0.9168702101912495, 0.9168702101912495, 0.9970435249009169, 0.9791338582102954, 0.9970435249009169, 0.9168702101912495, 0.9970435249009169, 0.9970435249009169, 0.9168702101912495, 0.9168702101912495, 0.9875415441569676, 0.9905299444588228, 0.9970435249009169, 0.9168702101912495, 0.9970435249009169, 0.9168702101912495, 0.9168702101912495, 0.9970435249009169, 0.9875415441569676, 0.9989225713450516, 0.9989225713450516, 0.9875415441569676, 0.8411147578365736, 0.9970435249009169, 0.9989225713450516, 0.9791338582102954, 0.9970435249009169, 0.9875415441569676]",33,train,9
0.78,0,78,22,0,100,3,0,0,0,0,1,0,5,0,1,0,1,0,0,"(array([0.51993561, 0.75254685, 0.68244517, 0.88082331, 0.81015986,
       0.38702399]), array([0.79542655, 0.74697149, 0.77093226, 0.54625511, 0.6823293 ,
       0.80961359]), array([0.19903205, 0.24891968, 0.22453082, 0.44397095, 0.31158558,
       0.18412559]), array([0.48840252, 0.25477105, 0.32603788, 0.12383585, 0.19653091,
       0.61901063]))","['QwenPRM_avg_scores (7.63B)', 'GPM (8B)', 'EurusPRMStage2_avg_scores (7.62B)', 'QwenPRM_max_scores (7.63B)', 'DeepSeekQwen (32B)', 'Qwen72B_scores (72B)']","[0.1211396351152488, 0.1211396351152488, 0.1211396351152488, 0.8977589793621795, 0.1211396351152488, 0.015505871087739527, 0.015505871087739527, 0.1211396351152488, 0.1211396351152488, 0.1211396351152488, 0.1211396351152488, 0.015505871087739527, 0.1211396351152488, 0.1211396351152488, 0.015505871087739527, 0.5499113396312997, 0.5499113396312997, 0.5499113396312997, 0.1211396351152488, 0.1211396351152488, 0.1211396351152488, 0.1211396351152488, 0.1211396351152488, 0.1211396351152488, 0.5499113396312997, 0.5499113396312997, 0.1211396351152488, 0.1211396351152488, 0.1211396351152488, 0.1211396351152488, 0.015505871087739527, 0.1211396351152488, 0.015505871087739527, 0.12448153235872178, 0.015505871087739527, 0.1211396351152488, 0.015505871087739527, 0.12250551882123616, 0.1211396351152488, 0.015505871087739527, 0.015505871087739527, 0.5499113396312997, 0.015505871087739527, 0.50083539875537, 0.015505871087739527, 0.015505871087739527, 0.015505871087739527, 0.1211396351152488, 0.015505871087739527, 0.015505871087739527, 0.1211396351152488, 0.5499113396312997, 0.12250551882123616, 0.015505871087739527, 0.1211396351152488, 0.10168390093097794, 0.10168390093097794, 0.1211396351152488, 0.015505871087739527, 0.015505871087739527, 0.12250551882123616, 0.1211396351152488, 0.1211396351152488, 0.49764352864777284, 0.1211396351152488, 0.015505871087739527, 0.5499113396312997, 0.12250551882123616, 0.015505871087739527, 0.015505871087739527, 0.015505871087739527, 0.5499113396312997, 0.1211396351152488, 0.5499113396312997, 0.1211396351152488, 0.015505871087739527, 0.1211396351152488, 0.015505871087739527, 0.5499113396312997, 0.1211396351152488, 0.015505871087739527, 0.1211396351152488, 0.1211396351152488, 0.1211396351152488, 0.5499113396312997, 0.1211396351152488, 0.1211396351152488, 0.5499113396312997, 0.5499113396312997, 0.015505871087739527, 0.5499113396312997, 0.5499113396312997, 0.1211396351152488, 0.5499113396312997, 0.12250551882123616, 0.5499113396312997, 0.5499113396312997, 0.015505871087739527, 0.015505871087739527, 0.5499113396312997]",34,train,0
0.95,93,2,5,0,100,4,1,1,1,0,0,0,4,1,1,1,0,0,0,"(array([0.51993561, 0.75254685, 0.68244517, 0.88082331, 0.81015986,
       0.38702399]), array([0.79542655, 0.74697149, 0.77093226, 0.54625511, 0.6823293 ,
       0.80961359]), array([0.19903205, 0.24891968, 0.22453082, 0.44397095, 0.31158558,
       0.18412559]), array([0.48840252, 0.25477105, 0.32603788, 0.12383585, 0.19653091,
       0.61901063]))","['QwenPRM_avg_scores (7.63B)', 'GPM (8B)', 'EurusPRMStage2_avg_scores (7.62B)', 'QwenPRM_max_scores (7.63B)', 'DeepSeekQwen (32B)', 'Qwen72B_scores (72B)']","[0.5499113396312997, 0.9875415441569676, 0.9875415441569676, 0.9791338582102954, 0.9970435249009169, 0.9970435249009169, 0.9970435249009169, 0.9970435249009169, 0.9970435249009169, 0.9970435249009169, 0.9954320949388873, 0.9970435249009169, 0.9168702101912495, 0.974389335216475, 0.9970435249009169, 0.974389335216475, 0.9970435249009169, 0.974389335216475, 0.8994225050917115, 0.8977589793621795, 0.974389335216475, 0.8994225050917115, 0.8994225050917115, 0.9875415441569676, 0.9970435249009169, 0.9970435249009169, 0.974389335216475, 0.8994225050917115, 0.9970435249009169, 0.974389335216475, 0.9970435249009169, 0.9970435249009169, 0.9875415441569676, 0.9970435249009169, 0.9970435249009169, 0.974389335216475, 0.9970435249009169, 0.9970435249009169, 0.974389335216475, 0.9970435249009169, 0.9680733271868864, 0.9970435249009169, 0.9970435249009169, 0.9970435249009169, 0.9970435249009169, 0.974389335216475, 0.974389335216475, 0.9970435249009169, 0.9970435249009169, 0.9875415441569676, 0.9970435249009169, 0.12250551882123616, 0.9875415441569676, 0.9970435249009169, 0.9970435249009169, 0.9791338582102954, 0.9970435249009169, 0.9875415441569676, 0.974706024008324, 0.5499113396312997, 0.9875415441569676, 0.9791338582102954, 0.9970435249009169, 0.974389335216475, 0.974389335216475, 0.9791338582102954, 0.974389335216475, 0.9875415441569676, 0.9875415441569676, 0.974389335216475, 0.9875415441569676, 0.8994225050917115, 0.9791338582102954, 0.9970435249009169, 0.9875415441569676, 0.12250551882123616, 0.5499113396312997, 0.8994225050917115, 0.9875415441569676, 0.9970435249009169, 0.9970435249009169, 0.9875415441569676, 0.974389335216475, 0.9970435249009169, 0.9875415441569676, 0.9970435249009169, 0.8994225050917115, 0.9791338582102954, 0.9970435249009169, 0.9168702101912495, 0.9970435249009169, 0.974389335216475, 0.8977589793621795, 0.9970435249009169, 0.9970435249009169, 0.5499113396312997, 0.974389335216475, 0.9875415441569676, 0.8994225050917115, 0.9970435249009169]",35,train,9
0.93,84,9,5,2,100,7,1,1,1,0,0,0,7,1,1,1,0,0,0,"(array([0.51993561, 0.75254685, 0.68244517, 0.88082331, 0.81015986,
       0.38702399]), array([0.79542655, 0.74697149, 0.77093226, 0.54625511, 0.6823293 ,
       0.80961359]), array([0.19903205, 0.24891968, 0.22453082, 0.44397095, 0.31158558,
       0.18412559]), array([0.48840252, 0.25477105, 0.32603788, 0.12383585, 0.19653091,
       0.61901063]))","['QwenPRM_avg_scores (7.63B)', 'GPM (8B)', 'EurusPRMStage2_avg_scores (7.62B)', 'QwenPRM_max_scores (7.63B)', 'DeepSeekQwen (32B)', 'Qwen72B_scores (72B)']","[0.9609142642316364, 0.9954320949388873, 0.9954320949388873, 0.9680733271868864, 0.9954320949388873, 0.9970435249009169, 0.9168702101912495, 0.9989225713450516, 0.9954320949388873, 0.9875415441569676, 0.015505871087739527, 0.9609142642316364, 0.9954320949388873, 0.9954320949388873, 0.9923079316348676, 0.1211396351152488, 0.9954320949388873, 0.9954320949388873, 0.49764352864777284, 0.9954320949388873, 0.9954320949388873, 0.9613909767150975, 0.9168702101912495, 0.9168702101912495, 0.9168702101912495, 0.9954320949388873, 0.7705847053292498, 0.9168702101912495, 0.9954320949388873, 0.9875415441569676, 0.9609142642316364, 0.1211396351152488, 0.9613909767150975, 0.9989225713450516, 0.9875415441569676, 0.9680733271868864, 0.9954320949388873, 0.9954320949388873, 0.7374778394316017, 0.9875415441569676, 0.9954320949388873, 0.9168702101912495, 0.5544255511465029, 0.9954320949388873, 0.5544255511465029, 0.9875415441569676, 0.9680733271868864, 0.9954320949388873, 0.9609142642316364, 0.9954320949388873, 0.1211396351152488, 0.9875415441569676, 0.9168702101912495, 0.9954320949388873, 0.9609142642316364, 0.9954320949388873, 0.49764352864777284, 0.5499113396312997, 0.9954320949388873, 0.9875415441569676, 0.9680733271868864, 0.8994225050917115, 0.8994225050917115, 0.9168702101912495, 0.9989225713450516, 0.9954320949388873, 0.12250551882123616, 0.9954320949388873, 0.9954320949388873, 0.9609142642316364, 0.5544255511465029, 0.9680733271868864, 0.1211396351152488, 0.9680733271868864, 0.5544255511465029, 0.9954320949388873, 0.9954320949388873, 0.7737960689496169, 0.9954320949388873, 0.12250551882123616, 0.9954320949388873, 0.9609142642316364, 0.9875415441569676, 0.9168702101912495, 0.9680733271868864, 0.015505871087739527, 0.9609142642316364, 0.9613909767150975, 0.9954320949388873, 0.9875415441569676, 0.1211396351152488, 0.9954320949388873, 0.9609142642316364, 0.9989225713450516, 0.9954320949388873, 0.9954320949388873, 0.9954320949388873, 0.9168702101912495, 0.9680733271868864, 0.5053991173194359]",36,train,8
0.75,18,57,19,6,100,59,1,1,1,0,0,0,59,1,1,1,0,0,0,"(array([0.51993561, 0.75254685, 0.68244517, 0.88082331, 0.81015986,
       0.38702399]), array([0.79542655, 0.74697149, 0.77093226, 0.54625511, 0.6823293 ,
       0.80961359]), array([0.19903205, 0.24891968, 0.22453082, 0.44397095, 0.31158558,
       0.18412559]), array([0.48840252, 0.25477105, 0.32603788, 0.12383585, 0.19653091,
       0.61901063]))","['QwenPRM_avg_scores (7.63B)', 'GPM (8B)', 'EurusPRMStage2_avg_scores (7.62B)', 'QwenPRM_max_scores (7.63B)', 'DeepSeekQwen (32B)', 'Qwen72B_scores (72B)']","[0.27735669631921056, 0.1211396351152488, 0.12448153235872178, 0.9905299444588228, 0.10168390093097794, 0.1211396351152488, 0.1211396351152488, 0.9680733271868864, 0.015505871087739527, 0.12250551882123616, 0.8994225050917115, 0.5499113396312997, 0.1211396351152488, 0.1211396351152488, 0.5544255511465029, 0.1211396351152488, 0.1211396351152488, 0.1211396351152488, 0.12250551882123616, 0.9791338582102954, 0.1211396351152488, 0.015505871087739527, 0.5499113396312997, 0.1211396351152488, 0.1211396351152488, 0.8994225050917115, 0.1211396351152488, 0.1211396351152488, 0.1211396351152488, 0.8977589793621795, 0.50083539875537, 0.04150279105148189, 0.27735669631921056, 0.8411147578365736, 0.5499113396312997, 0.5499113396312997, 0.5499113396312997, 0.1211396351152488, 0.015505871087739527, 0.1211396351152488, 0.1211396351152488, 0.5499113396312997, 0.015505871087739527, 0.9875415441569676, 0.015505871087739527, 0.1211396351152488, 0.5499113396312997, 0.1211396351152488, 0.12448153235872178, 0.5544255511465029, 0.1211396351152488, 0.015505871087739527, 0.9680733271868864, 0.10168390093097794, 0.9875415441569676, 0.5544255511465029, 0.015505871087739527, 0.12250551882123616, 0.1211396351152488, 0.9954320949388873, 0.5544255511465029, 0.12250551882123616, 0.5575773872241003, 0.1211396351152488, 0.9680733271868864, 0.49764352864777284, 0.5499113396312997, 0.5544255511465029, 0.7705847053292498, 0.1211396351152488, 0.1211396351152488, 0.015505871087739527, 0.1211396351152488, 0.5544255511465029, 0.1211396351152488, 0.5544255511465029, 0.1211396351152488, 0.1211396351152488, 0.5499113396312997, 0.015505871087739527, 0.5499113396312997, 0.1211396351152488, 0.12250551882123616, 0.1211396351152488, 0.1211396351152488, 0.04150279105148189, 0.1211396351152488, 0.12448153235872178, 0.1211396351152488, 0.015505871087739527, 0.12250551882123616, 0.5499113396312997, 0.5544255511465029, 0.015505871087739527, 0.5499113396312997, 0.1211396351152488, 0.015505871087739527, 0.5499113396312997, 0.1211396351152488, 0.5499113396312997]",37,train,2
0.98,95,3,1,1,100,3,1,1,1,0,0,0,3,1,1,1,0,0,0,"(array([0.51993561, 0.75254685, 0.68244517, 0.88082331, 0.81015986,
       0.38702399]), array([0.79542655, 0.74697149, 0.77093226, 0.54625511, 0.6823293 ,
       0.80961359]), array([0.19903205, 0.24891968, 0.22453082, 0.44397095, 0.31158558,
       0.18412559]), array([0.48840252, 0.25477105, 0.32603788, 0.12383585, 0.19653091,
       0.61901063]))","['QwenPRM_avg_scores (7.63B)', 'GPM (8B)', 'EurusPRMStage2_avg_scores (7.62B)', 'QwenPRM_max_scores (7.63B)', 'DeepSeekQwen (32B)', 'Qwen72B_scores (72B)']","[0.9970435249009169, 0.9954320949388873, 0.9875415441569676, 0.9989225713450516, 0.9989225713450516, 0.9970435249009169, 0.9970435249009169, 0.974389335216475, 0.9970435249009169, 0.1211396351152488, 0.9989225713450516, 0.9989225713450516, 0.9954320949388873, 0.9970435249009169, 0.9970435249009169, 0.9989225713450516, 0.8994225050917115, 0.9970435249009169, 0.9989225713450516, 0.9989225713450516, 0.974389335216475, 0.9954320949388873, 0.9970435249009169, 0.9905299444588228, 0.9905299444588228, 0.9989225713450516, 0.9989225713450516, 0.9989225713450516, 0.9954320949388873, 0.9609142642316364, 0.974389335216475, 0.974389335216475, 0.9989225713450516, 0.9954320949388873, 0.9989225713450516, 0.9168702101912495, 0.9989225713450516, 0.9970435249009169, 0.9875415441569676, 0.9875415441569676, 0.9875415441569676, 0.1211396351152488, 0.9954320949388873, 0.9680733271868864, 0.49764352864777284, 0.9954320949388873, 0.9989225713450516, 0.9970435249009169, 0.9989225713450516, 0.9680733271868864, 0.9875415441569676, 0.9954320949388873, 0.9923079316348676, 0.9875415441569676, 0.9989225713450516, 0.9791338582102954, 0.9602228166475877, 0.015505871087739527, 0.8994225050917115, 0.974389335216475, 0.9609142642316364, 0.9970435249009169, 0.9989225713450516, 0.9791338582102954, 0.974389335216475, 0.9989225713450516, 0.9970435249009169, 0.9923079316348676, 0.9905299444588228, 0.9954320949388873, 0.9954320949388873, 0.9970435249009169, 0.9989225713450516, 0.9989225713450516, 0.9954320949388873, 0.9739298014199409, 0.9970435249009169, 0.9970435249009169, 0.9875415441569676, 0.9875415441569676, 0.9680733271868864, 0.9970435249009169, 0.9954320949388873, 0.9905299444588228, 0.9970435249009169, 0.9875415441569676, 0.974389335216475, 0.8994225050917115, 0.9970435249009169, 0.9954320949388873, 0.9970435249009169, 0.9989225713450516, 0.9970435249009169, 0.9970435249009169, 0.9923079316348676, 0.9970435249009169, 0.9970435249009169, 0.974389335216475, 0.974389335216475, 0.9970435249009169]",38,train,9
1.0,100,0,0,0,100,11,1,1,1,0,0,0,11,1,1,1,0,0,0,"(array([0.51993561, 0.75254685, 0.68244517, 0.88082331, 0.81015986,
       0.38702399]), array([0.79542655, 0.74697149, 0.77093226, 0.54625511, 0.6823293 ,
       0.80961359]), array([0.19903205, 0.24891968, 0.22453082, 0.44397095, 0.31158558,
       0.18412559]), array([0.48840252, 0.25477105, 0.32603788, 0.12383585, 0.19653091,
       0.61901063]))","['QwenPRM_avg_scores (7.63B)', 'GPM (8B)', 'EurusPRMStage2_avg_scores (7.62B)', 'QwenPRM_max_scores (7.63B)', 'DeepSeekQwen (32B)', 'Qwen72B_scores (72B)']","[0.9875415441569676, 0.9875415441569676, 0.9875415441569676, 0.8994225050917115, 0.9875415441569676, 0.9875415441569676, 0.5544255511465029, 0.9970435249009169, 0.9875415441569676, 0.9791338582102954, 0.9875415441569676, 0.9989225713450516, 0.9739298014199409, 0.9970435249009169, 0.9970435249009169, 0.9989225713450516, 0.9970435249009169, 0.974389335216475, 0.8411147578365736, 0.9970435249009169, 0.974389335216475, 0.974389335216475, 0.9970435249009169, 0.9989225713450516, 0.9875415441569676, 0.974706024008324, 0.9970435249009169, 0.9875415441569676, 0.9970435249009169, 0.9970435249009169, 0.9989225713450516, 0.974389335216475, 0.9875415441569676, 0.9970435249009169, 0.974389335216475, 0.9970435249009169, 0.974389335216475, 0.9989225713450516, 0.9970435249009169, 0.9970435249009169, 0.9875415441569676, 0.9970435249009169, 0.974389335216475, 0.9875415441569676, 0.974389335216475, 0.9970435249009169, 0.9989225713450516, 0.9970435249009169, 0.8994225050917115, 0.9970435249009169, 0.9989225713450516, 0.9875415441569676, 0.9989225713450516, 0.9970435249009169, 0.9791338582102954, 0.5544255511465029, 0.9989225713450516, 0.974389335216475, 0.9905299444588228, 0.9989225713450516, 0.9168702101912495, 0.9954320949388873, 0.9875415441569676, 0.974706024008324, 0.974389335216475, 0.9970435249009169, 0.974389335216475, 0.9970435249009169, 0.974389335216475, 0.8994225050917115, 0.9923079316348676, 0.974389335216475, 0.9970435249009169, 0.9791338582102954, 0.9875415441569676, 0.8994225050917115, 0.9970435249009169, 0.9970435249009169, 0.8082302839954738, 0.9970435249009169, 0.974389335216475, 0.9168702101912495, 0.9875415441569676, 0.9905299444588228, 0.9875415441569676, 0.974389335216475, 0.8411147578365736, 0.9875415441569676, 0.9970435249009169, 0.974389335216475, 0.9970435249009169, 0.9168702101912495, 0.9875415441569676, 0.974706024008324, 0.9970435249009169, 0.974389335216475, 0.9970435249009169, 0.9168702101912495, 0.974389335216475, 0.9875415441569676]",39,train,9
0.97,94,3,1,2,100,27,1,1,1,0,0,0,27,1,1,1,0,0,0,"(array([0.51993561, 0.75254685, 0.68244517, 0.88082331, 0.81015986,
       0.38702399]), array([0.79542655, 0.74697149, 0.77093226, 0.54625511, 0.6823293 ,
       0.80961359]), array([0.19903205, 0.24891968, 0.22453082, 0.44397095, 0.31158558,
       0.18412559]), array([0.48840252, 0.25477105, 0.32603788, 0.12383585, 0.19653091,
       0.61901063]))","['QwenPRM_avg_scores (7.63B)', 'GPM (8B)', 'EurusPRMStage2_avg_scores (7.62B)', 'QwenPRM_max_scores (7.63B)', 'DeepSeekQwen (32B)', 'Qwen72B_scores (72B)']","[0.9970435249009169, 0.9875415441569676, 0.9357068501374565, 0.9970435249009169, 0.9970435249009169, 0.9970435249009169, 0.9970435249009169, 0.1211396351152488, 0.1211396351152488, 0.974389335216475, 0.9970435249009169, 0.9970435249009169, 0.974706024008324, 0.9739298014199409, 0.974389335216475, 0.974389335216475, 0.8994225050917115, 0.9970435249009169, 0.9791338582102954, 0.974389335216475, 0.974389335216475, 0.9970435249009169, 0.9875415441569676, 0.9970435249009169, 0.9875415441569676, 0.9970435249009169, 0.1211396351152488, 0.9989225713450516, 0.5544255511465029, 0.9954320949388873, 0.8428136010009404, 0.9875415441569676, 0.9970435249009169, 0.974389335216475, 0.9970435249009169, 0.974389335216475, 0.9875415441569676, 0.3769107950282489, 0.9875415441569676, 0.9970435249009169, 0.974389335216475, 0.9970435249009169, 0.9970435249009169, 0.974389335216475, 0.9970435249009169, 0.9970435249009169, 0.9791338582102954, 0.5544255511465029, 0.1211396351152488, 0.974389335216475, 0.9970435249009169, 0.974389335216475, 0.9970435249009169, 0.9791338582102954, 0.974389335216475, 0.9875415441569676, 0.974389335216475, 0.9970435249009169, 0.9970435249009169, 0.9970435249009169, 0.9970435249009169, 0.9989225713450516, 0.9970435249009169, 0.9970435249009169, 0.9875415441569676, 0.9875415441569676, 0.9954320949388873, 0.9791338582102954, 0.8994225050917115, 0.9875415441569676, 0.974389335216475, 0.9970435249009169, 0.9970435249009169, 0.9970435249009169, 0.974389335216475, 0.9791338582102954, 0.974389335216475, 0.9875415441569676, 0.9168702101912495, 0.9970435249009169, 0.9989225713450516, 0.9970435249009169, 0.9970435249009169, 0.9970435249009169, 0.8129927841565296, 0.9970435249009169, 0.9875415441569676, 0.9970435249009169, 0.9739298014199409, 0.974389335216475, 0.9791338582102954, 0.9970435249009169, 0.9970435249009169, 0.9970435249009169, 0.5544255511465029, 0.9970435249009169, 0.9970435249009169, 0.9906489618718661, 0.8994225050917115, 0.9970435249009169]",40,train,9
0.81,28,53,13,6,100,59,1,1,1,0,0,0,59,1,1,1,0,0,0,"(array([0.51993561, 0.75254685, 0.68244517, 0.88082331, 0.81015986,
       0.38702399]), array([0.79542655, 0.74697149, 0.77093226, 0.54625511, 0.6823293 ,
       0.80961359]), array([0.19903205, 0.24891968, 0.22453082, 0.44397095, 0.31158558,
       0.18412559]), array([0.48840252, 0.25477105, 0.32603788, 0.12383585, 0.19653091,
       0.61901063]))","['QwenPRM_avg_scores (7.63B)', 'GPM (8B)', 'EurusPRMStage2_avg_scores (7.62B)', 'QwenPRM_max_scores (7.63B)', 'DeepSeekQwen (32B)', 'Qwen72B_scores (72B)']","[0.9168702101912495, 0.1211396351152488, 0.1211396351152488, 0.1211396351152488, 0.5499113396312997, 0.1211396351152488, 0.9875415441569676, 0.1211396351152488, 0.1211396351152488, 0.1211396351152488, 0.1211396351152488, 0.5499113396312997, 0.1211396351152488, 0.12250551882123616, 0.9168702101912495, 0.1211396351152488, 0.1211396351152488, 0.12250551882123616, 0.1211396351152488, 0.5499113396312997, 0.5499113396312997, 0.5499113396312997, 0.1211396351152488, 0.5544255511465029, 0.9168702101912495, 0.5499113396312997, 0.5499113396312997, 0.1211396351152488, 0.5499113396312997, 0.5499113396312997, 0.1211396351152488, 0.1211396351152488, 0.1211396351152488, 0.1211396351152488, 0.5499113396312997, 0.1211396351152488, 0.5499113396312997, 0.1211396351152488, 0.1211396351152488, 0.015505871087739527, 0.9168702101912495, 0.5499113396312997, 0.1211396351152488, 0.5499113396312997, 0.5499113396312997, 0.5544255511465029, 0.1211396351152488, 0.1211396351152488, 0.1211396351152488, 0.5499113396312997, 0.9005716035834879, 0.1211396351152488, 0.015505871087739527, 0.1211396351152488, 0.1211396351152488, 0.1211396351152488, 0.015505871087739527, 0.5499113396312997, 0.1211396351152488, 0.9906489618718661, 0.1211396351152488, 0.015505871087739527, 0.1211396351152488, 0.1211396351152488, 0.5499113396312997, 0.1211396351152488, 0.1211396351152488, 0.5499113396312997, 0.7737960689496169, 0.1211396351152488, 0.5499113396312997, 0.1211396351152488, 0.5499113396312997, 0.5499113396312997, 0.1211396351152488, 0.12448153235872178, 0.9875415441569676, 0.5544255511465029, 0.5544255511465029, 0.1211396351152488, 0.015505871087739527, 0.12250551882123616, 0.1211396351152488, 0.9168702101912495, 0.5499113396312997, 0.1211396351152488, 0.1211396351152488, 0.1211396351152488, 0.1211396351152488, 0.015505871087739527, 0.5499113396312997, 0.1211396351152488, 0.1211396351152488, 0.5499113396312997, 0.015505871087739527, 0.974389335216475, 0.015505871087739527, 0.5499113396312997, 0.1211396351152488, 0.5499113396312997]",41,train,3
0.76,18,58,16,8,100,50,1,1,1,0,0,0,50,1,1,1,0,0,0,"(array([0.51993561, 0.75254685, 0.68244517, 0.88082331, 0.81015986,
       0.38702399]), array([0.79542655, 0.74697149, 0.77093226, 0.54625511, 0.6823293 ,
       0.80961359]), array([0.19903205, 0.24891968, 0.22453082, 0.44397095, 0.31158558,
       0.18412559]), array([0.48840252, 0.25477105, 0.32603788, 0.12383585, 0.19653091,
       0.61901063]))","['QwenPRM_avg_scores (7.63B)', 'GPM (8B)', 'EurusPRMStage2_avg_scores (7.62B)', 'QwenPRM_max_scores (7.63B)', 'DeepSeekQwen (32B)', 'Qwen72B_scores (72B)']","[0.5499113396312997, 0.9602228166475877, 0.1211396351152488, 0.5499113396312997, 0.5499113396312997, 0.5499113396312997, 0.5499113396312997, 0.015505871087739527, 0.1211396351152488, 0.5575773872241003, 0.1211396351152488, 0.1211396351152488, 0.015505871087739527, 0.1211396351152488, 0.5575773872241003, 0.1211396351152488, 0.1211396351152488, 0.1211396351152488, 0.5499113396312997, 0.1211396351152488, 0.1211396351152488, 0.1211396351152488, 0.015505871087739527, 0.1211396351152488, 0.5499113396312997, 0.8994225050917115, 0.5499113396312997, 0.1211396351152488, 0.1211396351152488, 0.1211396351152488, 0.015505871087739527, 0.1211396351152488, 0.5499113396312997, 0.7314275133404397, 0.27735669631921056, 0.1211396351152488, 0.1211396351152488, 0.1211396351152488, 0.1211396351152488, 0.1211396351152488, 0.1211396351152488, 0.1211396351152488, 0.1211396351152488, 0.8977589793621795, 0.1211396351152488, 0.1211396351152488, 0.1211396351152488, 0.1211396351152488, 0.5544255511465029, 0.015505871087739527, 0.9954320949388873, 0.015505871087739527, 0.5499113396312997, 0.1211396351152488, 0.5499113396312997, 0.1211396351152488, 0.9168702101912495, 0.1211396351152488, 0.1211396351152488, 0.015505871087739527, 0.1211396351152488, 0.12250551882123616, 0.1211396351152488, 0.1211396351152488, 0.5499113396312997, 0.7705847053292498, 0.9168702101912495, 0.9168702101912495, 0.5499113396312997, 0.1211396351152488, 0.9168702101912495, 0.015505871087739527, 0.5499113396312997, 0.1211396351152488, 0.015505871087739527, 0.1211396351152488, 0.1211396351152488, 0.015505871087739527, 0.1211396351152488, 0.12448153235872178, 0.5499113396312997, 0.5544255511465029, 0.1211396351152488, 0.49764352864777284, 0.1211396351152488, 0.1211396351152488, 0.9168702101912495, 0.5499113396312997, 0.1211396351152488, 0.1211396351152488, 0.1211396351152488, 0.5544255511465029, 0.5544255511465029, 0.1211396351152488, 0.015505871087739527, 0.015505871087739527, 0.015505871087739527, 0.5499113396312997, 0.1211396351152488, 0.1211396351152488]",42,train,2
0.99,98,1,1,0,100,7,1,1,1,0,0,0,7,1,1,1,0,0,0,"(array([0.51993561, 0.75254685, 0.68244517, 0.88082331, 0.81015986,
       0.38702399]), array([0.79542655, 0.74697149, 0.77093226, 0.54625511, 0.6823293 ,
       0.80961359]), array([0.19903205, 0.24891968, 0.22453082, 0.44397095, 0.31158558,
       0.18412559]), array([0.48840252, 0.25477105, 0.32603788, 0.12383585, 0.19653091,
       0.61901063]))","['QwenPRM_avg_scores (7.63B)', 'GPM (8B)', 'EurusPRMStage2_avg_scores (7.62B)', 'QwenPRM_max_scores (7.63B)', 'DeepSeekQwen (32B)', 'Qwen72B_scores (72B)']","[0.9875415441569676, 0.9791338582102954, 0.9954320949388873, 0.974389335216475, 0.974389335216475, 0.9905299444588228, 0.9970435249009169, 0.9989225713450516, 0.9680733271868864, 0.9905299444588228, 0.9989225713450516, 0.9954320949388873, 0.9989225713450516, 0.9989225713450516, 0.9989225713450516, 0.9905299444588228, 0.9989225713450516, 0.9923079316348676, 0.9875415441569676, 0.9989225713450516, 0.9989225713450516, 0.9954320949388873, 0.9954320949388873, 0.9168702101912495, 0.9954320949388873, 0.9970435249009169, 0.9905299444588228, 0.9168702101912495, 0.9989225713450516, 0.974389335216475, 0.9989225713450516, 0.9903571565610717, 0.6244834018578457, 0.9989225713450516, 0.9875415441569676, 0.7760230316869187, 0.9791338582102954, 0.9970435249009169, 0.9970435249009169, 0.9989225713450516, 0.9970435249009169, 0.974389335216475, 0.9906489618718661, 0.9970435249009169, 0.9970435249009169, 0.9989225713450516, 0.9680733271868864, 0.9905299444588228, 0.9905299444588228, 0.9875415441569676, 0.9970435249009169, 0.9905299444588228, 0.9875415441569676, 0.9970435249009169, 0.9168702101912495, 0.9989225713450516, 0.9970435249009169, 0.974389335216475, 0.9970435249009169, 0.8428136010009404, 0.9970435249009169, 0.9970435249009169, 0.9970435249009169, 0.9791338582102954, 0.9168702101912495, 0.9680733271868864, 0.9989225713450516, 0.9954320949388873, 0.9905299444588228, 0.974706024008324, 0.9989225713450516, 0.9923079316348676, 0.9989225713450516, 0.9989225713450516, 0.974389335216475, 0.1211396351152488, 0.9970435249009169, 0.9875415441569676, 0.9970435249009169, 0.9791338582102954, 0.5575773872241003, 0.9357068501374565, 0.9609142642316364, 0.9168702101912495, 0.9989225713450516, 0.9905299444588228, 0.9923079316348676, 0.9923079316348676, 0.9954320949388873, 0.9923079316348676, 0.9905299444588228, 0.9923079316348676, 0.9989225713450516, 0.9168702101912495, 0.9970435249009169, 0.9989225713450516, 0.9989225713450516, 0.9989225713450516, 0.9989225713450516, 0.9357068501374565]",43,train,9
1.0,100,0,0,0,100,1,1,1,1,0,0,0,1,1,1,1,0,0,0,"(array([0.51993561, 0.75254685, 0.68244517, 0.88082331, 0.81015986,
       0.38702399]), array([0.79542655, 0.74697149, 0.77093226, 0.54625511, 0.6823293 ,
       0.80961359]), array([0.19903205, 0.24891968, 0.22453082, 0.44397095, 0.31158558,
       0.18412559]), array([0.48840252, 0.25477105, 0.32603788, 0.12383585, 0.19653091,
       0.61901063]))","['QwenPRM_avg_scores (7.63B)', 'GPM (8B)', 'EurusPRMStage2_avg_scores (7.62B)', 'QwenPRM_max_scores (7.63B)', 'DeepSeekQwen (32B)', 'Qwen72B_scores (72B)']","[0.9954320949388873, 0.9989225713450516, 0.9168702101912495, 0.9970435249009169, 0.9875415441569676, 0.9970435249009169, 0.9954320949388873, 0.9970435249009169, 0.9989225713450516, 0.9989225713450516, 0.9609142642316364, 0.9989225713450516, 0.9168702101912495, 0.9905299444588228, 0.9989225713450516, 0.9168702101912495, 0.8994225050917115, 0.974706024008324, 0.9970435249009169, 0.9906489618718661, 0.9905299444588228, 0.9970435249009169, 0.9954320949388873, 0.9905299444588228, 0.9168702101912495, 0.9613909767150975, 0.9791338582102954, 0.9970435249009169, 0.9905299444588228, 0.9875415441569676, 0.9989225713450516, 0.9970435249009169, 0.9168702101912495, 0.974389335216475, 0.9989225713450516, 0.9989225713450516, 0.9905299444588228, 0.8129927841565296, 0.9168702101912495, 0.974389335216475, 0.9970435249009169, 0.974389335216475, 0.9989225713450516, 0.9791338582102954, 0.9970435249009169, 0.9875415441569676, 0.974389335216475, 0.9875415441569676, 0.974389335216475, 0.9970435249009169, 0.9970435249009169, 0.8994225050917115, 0.9970435249009169, 0.9970435249009169, 0.9989225713450516, 0.9989225713450516, 0.9609142642316364, 0.9905299444588228, 0.9970435249009169, 0.974389335216475, 0.9954320949388873, 0.9875415441569676, 0.9970435249009169, 0.9989225713450516, 0.9923079316348676, 0.9791338582102954, 0.9954320949388873, 0.9905299444588228, 0.9905299444588228, 0.9168702101912495, 0.9680733271868864, 0.9905299444588228, 0.9875415441569676, 0.9905299444588228, 0.9970435249009169, 0.9989225713450516, 0.9875415441569676, 0.9989225713450516, 0.9970435249009169, 0.974706024008324, 0.9989225713450516, 0.9609142642316364, 0.9989225713450516, 0.9989225713450516, 0.9791338582102954, 0.9989225713450516, 0.9989225713450516, 0.9875415441569676, 0.9906489618718661, 0.9989225713450516, 0.9609142642316364, 0.9970435249009169, 0.9954320949388873, 0.9989225713450516, 0.9613909767150975, 0.9989225713450516, 0.9970435249009169, 0.9989225713450516, 0.9791338582102954, 0.5544255511465029]",44,train,9
1.0,100,0,0,0,100,0,1,1,1,0,0,0,0,1,1,1,0,0,0,"(array([0.51993561, 0.75254685, 0.68244517, 0.88082331, 0.81015986,
       0.38702399]), array([0.79542655, 0.74697149, 0.77093226, 0.54625511, 0.6823293 ,
       0.80961359]), array([0.19903205, 0.24891968, 0.22453082, 0.44397095, 0.31158558,
       0.18412559]), array([0.48840252, 0.25477105, 0.32603788, 0.12383585, 0.19653091,
       0.61901063]))","['QwenPRM_avg_scores (7.63B)', 'GPM (8B)', 'EurusPRMStage2_avg_scores (7.62B)', 'QwenPRM_max_scores (7.63B)', 'DeepSeekQwen (32B)', 'Qwen72B_scores (72B)']","[0.9989225713450516, 0.9989225713450516, 0.8994225050917115, 0.9989225713450516, 0.9970435249009169, 0.5544255511465029, 0.9609142642316364, 0.974389335216475, 0.9970435249009169, 0.9970435249009169, 0.9970435249009169, 0.8994225050917115, 0.974389335216475, 0.9970435249009169, 0.974389335216475, 0.9970435249009169, 0.9609142642316364, 0.9954320949388873, 0.9989225713450516, 0.9875415441569676, 0.9905299444588228, 0.974389335216475, 0.974389335216475, 0.9970435249009169, 0.9989225713450516, 0.9168702101912495, 0.9989225713450516, 0.9989225713450516, 0.9989225713450516, 0.9989225713450516, 0.9970435249009169, 0.974389335216475, 0.9954320949388873, 0.9609142642316364, 0.9954320949388873, 0.9954320949388873, 0.9791338582102954, 0.9875415441569676, 0.9609142642316364, 0.8994225050917115, 0.9791338582102954, 0.9875415441569676, 0.9970435249009169, 0.9954320949388873, 0.9954320949388873, 0.974389335216475, 0.9791338582102954, 0.9970435249009169, 0.9970435249009169, 0.9954320949388873, 0.9791338582102954, 0.974389335216475, 0.974706024008324, 0.9970435249009169, 0.9875415441569676, 0.9989225713450516, 0.9954320949388873, 0.9989225713450516, 0.9954320949388873, 0.9609142642316364, 0.9875415441569676, 0.9954320949388873, 0.9970435249009169, 0.9989225713450516, 0.8411147578365736, 0.9905299444588228, 0.9989225713450516, 0.9989225713450516, 0.9875415441569676, 0.9954320949388873, 0.9970435249009169, 0.9970435249009169, 0.9609142642316364, 0.9791338582102954, 0.9989225713450516, 0.9970435249009169, 0.9970435249009169, 0.9875415441569676, 0.9005716035834879, 0.9970435249009169, 0.9875415441569676, 0.9970435249009169, 0.9954320949388873, 0.9970435249009169, 0.974389335216475, 0.974389335216475, 0.9905299444588228, 0.9989225713450516, 0.9954320949388873, 0.9875415441569676, 0.9005716035834879, 0.974389335216475, 0.9989225713450516, 0.9970435249009169, 0.7737960689496169, 0.9970435249009169, 0.9970435249009169, 0.9970435249009169, 0.9905299444588228, 0.8994225050917115]",45,train,9
1.0,100,0,0,0,100,0,1,1,1,0,0,0,0,1,1,1,0,0,0,"(array([0.51993561, 0.75254685, 0.68244517, 0.88082331, 0.81015986,
       0.38702399]), array([0.79542655, 0.74697149, 0.77093226, 0.54625511, 0.6823293 ,
       0.80961359]), array([0.19903205, 0.24891968, 0.22453082, 0.44397095, 0.31158558,
       0.18412559]), array([0.48840252, 0.25477105, 0.32603788, 0.12383585, 0.19653091,
       0.61901063]))","['QwenPRM_avg_scores (7.63B)', 'GPM (8B)', 'EurusPRMStage2_avg_scores (7.62B)', 'QwenPRM_max_scores (7.63B)', 'DeepSeekQwen (32B)', 'Qwen72B_scores (72B)']","[0.9989225713450516, 0.9954320949388873, 0.9875415441569676, 0.9168702101912495, 0.974389335216475, 0.974389335216475, 0.9970435249009169, 0.9970435249009169, 0.9875415441569676, 0.9970435249009169, 0.9005716035834879, 0.9989225713450516, 0.9875415441569676, 0.9875415441569676, 0.8994225050917115, 0.8994225050917115, 0.9954320949388873, 0.8994225050917115, 0.9875415441569676, 0.9970435249009169, 0.9954320949388873, 0.9954320949388873, 0.9168702101912495, 0.9954320949388873, 0.9168702101912495, 0.9970435249009169, 0.9954320949388873, 0.9875415441569676, 0.5544255511465029, 0.9875415441569676, 0.8994225050917115, 0.9005716035834879, 0.8994225050917115, 0.8994225050917115, 0.9989225713450516, 0.5575773872241003, 0.9005716035834879, 0.9970435249009169, 0.9970435249009169, 0.9970435249009169, 0.9875415441569676, 0.974389335216475, 0.9875415441569676, 0.9875415441569676, 0.974706024008324, 0.9005716035834879, 0.9875415441569676, 0.9357068501374565, 0.9970435249009169, 0.9970435249009169, 0.9875415441569676, 0.974389335216475, 0.974389335216475, 0.9970435249009169, 0.9989225713450516, 0.9609142642316364, 0.9791338582102954, 0.9970435249009169, 0.9875415441569676, 0.9875415441569676, 0.9954320949388873, 0.9989225713450516, 0.9970435249009169, 0.9875415441569676, 0.9875415441569676, 0.9954320949388873, 0.9970435249009169, 0.9970435249009169, 0.9875415441569676, 0.5053991173194359, 0.9791338582102954, 0.9791338582102954, 0.9875415441569676, 0.9970435249009169, 0.9609142642316364, 0.5499113396312997, 0.9168702101912495, 0.9609142642316364, 0.9875415441569676, 0.9954320949388873, 0.9680733271868864, 0.974389335216475, 0.9954320949388873, 0.974706024008324, 0.8994225050917115, 0.9875415441569676, 0.8994225050917115, 0.9875415441569676, 0.9875415441569676, 0.9954320949388873, 0.9609142642316364, 0.9875415441569676, 0.9168702101912495, 0.9970435249009169, 0.9005716035834879, 0.8994225050917115, 0.974389335216475, 0.9970435249009169, 0.9875415441569676, 0.9970435249009169]",46,train,9
0.99,99,0,0,1,100,11,1,1,1,0,0,0,11,1,1,1,0,0,0,"(array([0.51993561, 0.75254685, 0.68244517, 0.88082331, 0.81015986,
       0.38702399]), array([0.79542655, 0.74697149, 0.77093226, 0.54625511, 0.6823293 ,
       0.80961359]), array([0.19903205, 0.24891968, 0.22453082, 0.44397095, 0.31158558,
       0.18412559]), array([0.48840252, 0.25477105, 0.32603788, 0.12383585, 0.19653091,
       0.61901063]))","['QwenPRM_avg_scores (7.63B)', 'GPM (8B)', 'EurusPRMStage2_avg_scores (7.62B)', 'QwenPRM_max_scores (7.63B)', 'DeepSeekQwen (32B)', 'Qwen72B_scores (72B)']","[0.9923079316348676, 0.9168702101912495, 0.9905299444588228, 0.9970435249009169, 0.5544255511465029, 0.9791338582102954, 0.7737960689496169, 0.9168702101912495, 0.9875415441569676, 0.9680733271868864, 0.9970435249009169, 0.9989225713450516, 0.9875415441569676, 0.9875415441569676, 0.974706024008324, 0.9791338582102954, 0.9005716035834879, 0.9168702101912495, 0.974389335216475, 0.9875415441569676, 0.9680733271868864, 0.8994225050917115, 0.9168702101912495, 0.9168702101912495, 0.9875415441569676, 0.9970435249009169, 0.8994225050917115, 0.9875415441569676, 0.8994225050917115, 0.9875415441569676, 0.9875415441569676, 0.9680733271868864, 0.9875415441569676, 0.9954320949388873, 0.9970435249009169, 0.7737960689496169, 0.5544255511465029, 0.9875415441569676, 0.9954320949388873, 0.8994225050917115, 0.9989225713450516, 0.9875415441569676, 0.9680733271868864, 0.9905299444588228, 0.9875415441569676, 0.5544255511465029, 0.9875415441569676, 0.9609142642316364, 0.9791338582102954, 0.9168702101912495, 0.9680733271868864, 0.9875415441569676, 0.9875415441569676, 0.9168702101912495, 0.9357068501374565, 0.9923079316348676, 0.8994225050917115, 0.9989225713450516, 0.9168702101912495, 0.9989225713450516, 0.9989225713450516, 0.9168702101912495, 0.9005716035834879, 0.9168702101912495, 0.9970435249009169, 0.9791338582102954, 0.9875415441569676, 0.9970435249009169, 0.9970435249009169, 0.9168702101912495, 0.9954320949388873, 0.9168702101912495, 0.9168702101912495, 0.9168702101912495, 0.974389335216475, 0.9989225713450516, 0.9791338582102954, 0.9680733271868864, 0.9970435249009169, 0.8994225050917115, 0.974389335216475, 0.5544255511465029, 0.9970435249009169, 0.49764352864777284, 0.9954320949388873, 0.5499113396312997, 0.8428136010009404, 0.9970435249009169, 0.9791338582102954, 0.9168702101912495, 0.9168702101912495, 0.9791338582102954, 0.9168702101912495, 0.9954320949388873, 0.5575773872241003, 0.9680733271868864, 0.9970435249009169, 0.9970435249009169, 0.9989225713450516, 0.5544255511465029]",47,train,9
0.99,99,0,0,1,100,0,1,1,1,0,0,0,0,1,1,1,0,0,0,"(array([0.51993561, 0.75254685, 0.68244517, 0.88082331, 0.81015986,
       0.38702399]), array([0.79542655, 0.74697149, 0.77093226, 0.54625511, 0.6823293 ,
       0.80961359]), array([0.19903205, 0.24891968, 0.22453082, 0.44397095, 0.31158558,
       0.18412559]), array([0.48840252, 0.25477105, 0.32603788, 0.12383585, 0.19653091,
       0.61901063]))","['QwenPRM_avg_scores (7.63B)', 'GPM (8B)', 'EurusPRMStage2_avg_scores (7.62B)', 'QwenPRM_max_scores (7.63B)', 'DeepSeekQwen (32B)', 'Qwen72B_scores (72B)']","[0.9989225713450516, 0.9970435249009169, 0.9989225713450516, 0.9954320949388873, 0.9989225713450516, 0.9989225713450516, 0.9168702101912495, 0.9970435249009169, 0.9875415441569676, 0.9989225713450516, 0.9970435249009169, 0.9680733271868864, 0.9989225713450516, 0.9168702101912495, 0.9989225713450516, 0.9905299444588228, 0.8428136010009404, 0.9989225713450516, 0.9168702101912495, 0.9970435249009169, 0.9875415441569676, 0.9970435249009169, 0.7737960689496169, 0.9680733271868864, 0.8129927841565296, 0.9905299444588228, 0.9875415441569676, 0.9875415441569676, 0.9989225713450516, 0.9168702101912495, 0.8386598321306747, 0.9989225713450516, 0.9989225713450516, 0.8129927841565296, 0.9970435249009169, 0.9905299444588228, 0.9989225713450516, 0.9905299444588228, 0.9970435249009169, 0.9989225713450516, 0.9970435249009169, 0.974389335216475, 0.9954320949388873, 0.9970435249009169, 0.9970435249009169, 0.9168702101912495, 0.9970435249009169, 0.974389335216475, 0.974389335216475, 0.5544255511465029, 0.9989225713450516, 0.974389335216475, 0.9970435249009169, 0.9905299444588228, 0.9970435249009169, 0.9970435249009169, 0.9989225713450516, 0.9954320949388873, 0.9875415441569676, 0.9168702101912495, 0.9989225713450516, 0.974389335216475, 0.9970435249009169, 0.9954320949388873, 0.9970435249009169, 0.9875415441569676, 0.9168702101912495, 0.9905299444588228, 0.9954320949388873, 0.974389335216475, 0.9168702101912495, 0.9970435249009169, 0.9680733271868864, 0.9970435249009169, 0.9989225713450516, 0.9905299444588228, 0.9989225713450516, 0.9970435249009169, 0.9875415441569676, 0.9989225713450516, 0.9680733271868864, 0.9989225713450516, 0.9168702101912495, 0.974389335216475, 0.9989225713450516, 0.9970435249009169, 0.9791338582102954, 0.9168702101912495, 0.12250551882123616, 0.9168702101912495, 0.9791338582102954, 0.9954320949388873, 0.9680733271868864, 0.9168702101912495, 0.9905299444588228, 0.5544255511465029, 0.9923079316348676, 0.974389335216475, 0.9168702101912495, 0.974389335216475]",48,train,9
0.52,1,51,48,0,100,92,0,1,0,0,0,1,92,1,0,0,0,1,0,"(array([0.51993561, 0.75254685, 0.68244517, 0.88082331, 0.81015986,
       0.38702399]), array([0.79542655, 0.74697149, 0.77093226, 0.54625511, 0.6823293 ,
       0.80961359]), array([0.19903205, 0.24891968, 0.22453082, 0.44397095, 0.31158558,
       0.18412559]), array([0.48840252, 0.25477105, 0.32603788, 0.12383585, 0.19653091,
       0.61901063]))","['QwenPRM_avg_scores (7.63B)', 'GPM (8B)', 'EurusPRMStage2_avg_scores (7.62B)', 'QwenPRM_max_scores (7.63B)', 'DeepSeekQwen (32B)', 'Qwen72B_scores (72B)']","[0.5544255511465029, 0.974389335216475, 0.06280059753227958, 0.5544255511465029, 0.36965330676149943, 0.36965330676149943, 0.36965330676149943, 0.1211396351152488, 0.36965330676149943, 0.8082302839954738, 0.36965330676149943, 0.49764352864777284, 0.974389335216475, 0.49764352864777284, 0.1211396351152488, 0.1211396351152488, 0.36965330676149943, 0.1211396351152488, 0.36965330676149943, 0.5544255511465029, 0.12448153235872178, 0.5544255511465029, 0.5544255511465029, 0.36965330676149943, 0.1211396351152488, 0.8082302839954738, 0.8411147578365736, 0.5544255511465029, 0.36965330676149943, 0.1211396351152488, 0.8411147578365736, 0.8082302839954738, 0.8411147578365736, 0.8386598321306747, 0.1211396351152488, 0.1211396351152488, 0.5499113396312997, 0.7705847053292498, 0.3769107950282489, 0.06280059753227958, 0.1211396351152488, 0.8411147578365736, 0.5575773872241003, 0.974389335216475, 0.9168702101912495, 0.8386598321306747, 0.1211396351152488, 0.1211396351152488, 0.1211396351152488, 0.9791338582102954, 0.8411147578365736, 0.9791338582102954, 0.12448153235872178, 0.1211396351152488, 0.1211396351152488, 0.9791338582102954, 0.8411147578365736, 0.8411147578365736, 0.5544255511465029, 0.9791338582102954, 0.36965330676149943, 0.36965330676149943, 0.8386598321306747, 0.1211396351152488, 0.5499113396312997, 0.8411147578365736, 0.8411147578365736, 0.974389335216475, 0.1211396351152488, 0.36965330676149943, 0.1211396351152488, 0.1211396351152488, 0.5499113396312997, 0.015505871087739527, 0.5575773872241003, 0.1211396351152488, 0.36965330676149943, 0.49764352864777284, 0.1211396351152488, 0.5499113396312997, 0.8411147578365736, 0.8386598321306747, 0.5499113396312997, 0.8082302839954738, 0.1211396351152488, 0.5544255511465029, 0.1211396351152488, 0.36965330676149943, 0.5544255511465029, 0.325046555600141, 0.1211396351152488, 0.8386598321306747, 0.9875415441569676, 0.36965330676149943, 0.1211396351152488, 0.8411147578365736, 0.1211396351152488, 0.8411147578365736, 0.5499113396312997, 0.1211396351152488]",49,train,0
