sample_accuracy,sample_tp,sample_tn,sample_fp,sample_fn,num_samples,top1_idx,top1_positive,has_positive,top1_tp,top1_fp,top1_tn,top1_fn,prediction_idx,prediction_class,prediction_accuracy,prediction_tp,prediction_tn,prediction_fp,prediction_fn,model_params,verifier_subset,weaver_sample_scores,problem,set,difficulty
0.89,89,0,0,11,100,4,1,1,1,0,0,0,4,1,1,1,0,0,0,"(array([0.54911584, 0.70803607, 0.65902889]), array([0.78471941, 0.75420624, 0.76975858]), array([0.20827024, 0.24089263, 0.22472525]), array([0.44708383, 0.28637701, 0.3368333 ]))","['QwenPRM_avg_scores (7.63B)', 'GPM (8B)', 'EurusPRMStage2_avg_scores (7.62B)']","[0.7230035114718392, 0.9235411251542816, 0.9459247780764418, 0.7230035114718392, 0.9877975382595277, 0.9459247780764418, 0.7230035114718392, 0.9459247780764418, 0.7230035114718392, 0.25216642664740885, 0.7230035114718392, 0.7230035114718392, 0.9877975382595277, 0.9459247780764418, 0.9127225345945734, 0.7230035114718392, 0.7230035114718392, 0.9459247780764418, 0.6932348925606241, 0.6932348925606241, 0.25216642664740885, 0.9459247780764418, 0.7230035114718392, 0.6932348925606241, 0.7230035114718392, 0.9127225345945734, 0.7230035114718392, 0.7230035114718392, 0.9235411251542816, 0.9127225345945734, 0.9877975382595277, 0.7230035114718392, 0.7230035114718392, 0.7230035114718392, 0.7230035114718392, 0.25216642664740885, 0.7230035114718392, 0.25216642664740885, 0.6932348925606241, 0.9459247780764418, 0.7230035114718392, 0.9127225345945734, 0.9459247780764418, 0.7230035114718392, 0.7230035114718392, 0.6932348925606241, 0.7230035114718392, 0.7230035114718392, 0.6932348925606241, 0.9127225345945734, 0.7230035114718392, 0.9459247780764418, 0.7230035114718392, 0.9459247780764418, 0.25216642664740885, 0.25216642664740885, 0.7230035114718392, 0.9459247780764418, 0.25216642664740885, 0.25216642664740885, 0.9459247780764418, 0.9877975382595277, 0.7230035114718392, 0.25216642664740885, 0.7230035114718392, 0.6932348925606241, 0.7230035114718392, 0.7230035114718392, 0.9877975382595277, 0.9127225345945734, 0.6094407157883333, 0.25216642664740885, 0.9459247780764418, 0.7230035114718392, 0.9459247780764418, 0.7230035114718392, 0.9127225345945734, 0.7230035114718392, 0.9459247780764418, 0.7230035114718392, 0.7230035114718392, 0.9459247780764418, 0.7230035114718392, 0.7230035114718392, 0.7230035114718392, 0.9127225345945734, 0.9459247780764418, 0.9459247780764418, 0.9459247780764418, 0.7230035114718392, 0.7230035114718392, 0.9459247780764418, 0.7230035114718392, 0.7230035114718392, 0.7230035114718392, 0.7230035114718392, 0.9127225345945734, 0.7230035114718392, 0.25216642664740885, 0.9459247780764418]",0,train,9
0.94,94,0,0,6,100,3,1,1,1,0,0,0,3,1,1,1,0,0,0,"(array([0.54911584, 0.70803607, 0.65902889]), array([0.78471941, 0.75420624, 0.76975858]), array([0.20827024, 0.24089263, 0.22472525]), array([0.44708383, 0.28637701, 0.3368333 ]))","['QwenPRM_avg_scores (7.63B)', 'GPM (8B)', 'EurusPRMStage2_avg_scores (7.62B)']","[0.9127225345945734, 0.9459247780764418, 0.25216642664740885, 0.9877975382595277, 0.9877975382595277, 0.7230035114718392, 0.7230035114718392, 0.9459247780764418, 0.9877975382595277, 0.9877975382595277, 0.25216642664740885, 0.9127225345945734, 0.9127225345945734, 0.7230035114718392, 0.9877975382595277, 0.9877975382595277, 0.25216642664740885, 0.9877975382595277, 0.9127225345945734, 0.9235411251542816, 0.9877975382595277, 0.7230035114718392, 0.7230035114718392, 0.9877975382595277, 0.9235411251542816, 0.25216642664740885, 0.7230035114718392, 0.9877975382595277, 0.9877975382595277, 0.9877975382595277, 0.9127225345945734, 0.9235411251542816, 0.9877975382595277, 0.9877975382595277, 0.7230035114718392, 0.9127225345945734, 0.9127225345945734, 0.7230035114718392, 0.9877975382595277, 0.9877975382595277, 0.9459247780764418, 0.9877975382595277, 0.9459247780764418, 0.9877975382595277, 0.9877975382595277, 0.9877975382595277, 0.6932348925606241, 0.9877975382595277, 0.9877975382595277, 0.9877975382595277, 0.25216642664740885, 0.6932348925606241, 0.7230035114718392, 0.9127225345945734, 0.7230035114718392, 0.9877975382595277, 0.9877975382595277, 0.9877975382595277, 0.9459247780764418, 0.9877975382595277, 0.9877975382595277, 0.6932348925606241, 0.9877975382595277, 0.9127225345945734, 0.7230035114718392, 0.9877975382595277, 0.9127225345945734, 0.9235411251542816, 0.6932348925606241, 0.9877975382595277, 0.9877975382595277, 0.9877975382595277, 0.7230035114718392, 0.9235411251542816, 0.9127225345945734, 0.9877975382595277, 0.9877975382595277, 0.9877975382595277, 0.9877975382595277, 0.9459247780764418, 0.9877975382595277, 0.9459247780764418, 0.9877975382595277, 0.9877975382595277, 0.9877975382595277, 0.9235411251542816, 0.9127225345945734, 0.9127225345945734, 0.9877975382595277, 0.7230035114718392, 0.25216642664740885, 0.9877975382595277, 0.9459247780764418, 0.9127225345945734, 0.7230035114718392, 0.9877975382595277, 0.9877975382595277, 0.9235411251542816, 0.9235411251542816, 0.9459247780764418]",1,train,9
0.98,98,0,0,2,100,13,1,1,1,0,0,0,13,1,1,1,0,0,0,"(array([0.54911584, 0.70803607, 0.65902889]), array([0.78471941, 0.75420624, 0.76975858]), array([0.20827024, 0.24089263, 0.22472525]), array([0.44708383, 0.28637701, 0.3368333 ]))","['QwenPRM_avg_scores (7.63B)', 'GPM (8B)', 'EurusPRMStage2_avg_scores (7.62B)']","[0.6932348925606241, 0.25216642664740885, 0.9459247780764418, 0.6932348925606241, 0.9459247780764418, 0.9459247780764418, 0.9459247780764418, 0.6932348925606241, 0.9459247780764418, 0.9459247780764418, 0.7230035114718392, 0.9459247780764418, 0.25216642664740885, 0.9877975382595277, 0.9459247780764418, 0.9459247780764418, 0.9459247780764418, 0.7230035114718392, 0.6932348925606241, 0.9459247780764418, 0.9459247780764418, 0.6932348925606241, 0.9459247780764418, 0.7230035114718392, 0.9459247780764418, 0.9459247780764418, 0.9459247780764418, 0.9459247780764418, 0.9459247780764418, 0.9459247780764418, 0.9459247780764418, 0.7230035114718392, 0.7230035114718392, 0.9459247780764418, 0.9459247780764418, 0.9459247780764418, 0.9459247780764418, 0.6932348925606241, 0.7230035114718392, 0.9127225345945734, 0.9459247780764418, 0.7230035114718392, 0.7230035114718392, 0.6932348925606241, 0.9459247780764418, 0.9459247780764418, 0.9459247780764418, 0.7230035114718392, 0.6932348925606241, 0.9459247780764418, 0.9459247780764418, 0.9235411251542816, 0.9459247780764418, 0.7230035114718392, 0.9459247780764418, 0.9459247780764418, 0.9459247780764418, 0.6932348925606241, 0.9459247780764418, 0.9459247780764418, 0.7230035114718392, 0.9459247780764418, 0.9459247780764418, 0.9459247780764418, 0.7230035114718392, 0.9459247780764418, 0.6932348925606241, 0.9459247780764418, 0.7230035114718392, 0.9459247780764418, 0.9459247780764418, 0.7230035114718392, 0.7230035114718392, 0.9459247780764418, 0.6932348925606241, 0.6932348925606241, 0.7230035114718392, 0.7230035114718392, 0.9459247780764418, 0.9459247780764418, 0.6932348925606241, 0.9459247780764418, 0.9459247780764418, 0.9459247780764418, 0.9235411251542816, 0.9459247780764418, 0.7230035114718392, 0.7230035114718392, 0.6932348925606241, 0.6932348925606241, 0.7230035114718392, 0.9459247780764418, 0.9459247780764418, 0.6932348925606241, 0.9459247780764418, 0.9459247780764418, 0.6932348925606241, 0.7230035114718392, 0.6932348925606241, 0.9459247780764418]",2,train,9
1.0,100,0,0,0,100,0,1,1,1,0,0,0,0,1,1,1,0,0,0,"(array([0.54911584, 0.70803607, 0.65902889]), array([0.78471941, 0.75420624, 0.76975858]), array([0.20827024, 0.24089263, 0.22472525]), array([0.44708383, 0.28637701, 0.3368333 ]))","['QwenPRM_avg_scores (7.63B)', 'GPM (8B)', 'EurusPRMStage2_avg_scores (7.62B)']","[0.9877975382595277, 0.9877975382595277, 0.9877975382595277, 0.9877975382595277, 0.9127225345945734, 0.9127225345945734, 0.9127225345945734, 0.9877975382595277, 0.9459247780764418, 0.9877975382595277, 0.9877975382595277, 0.9127225345945734, 0.9877975382595277, 0.9877975382595277, 0.9877975382595277, 0.9127225345945734, 0.9235411251542816, 0.9877975382595277, 0.9127225345945734, 0.9877975382595277, 0.9877975382595277, 0.9877975382595277, 0.9877975382595277, 0.9877975382595277, 0.9877975382595277, 0.9127225345945734, 0.9235411251542816, 0.9877975382595277, 0.9877975382595277, 0.6932348925606241, 0.9127225345945734, 0.9877975382595277, 0.9127225345945734, 0.9877975382595277, 0.9127225345945734, 0.9127225345945734, 0.9877975382595277, 0.9877975382595277, 0.9127225345945734, 0.9127225345945734, 0.9877975382595277, 0.9127225345945734, 0.7230035114718392, 0.9127225345945734, 0.9127225345945734, 0.9127225345945734, 0.9877975382595277, 0.9877975382595277, 0.9877975382595277, 0.9877975382595277, 0.9877975382595277, 0.9877975382595277, 0.9127225345945734, 0.9877975382595277, 0.9877975382595277, 0.9877975382595277, 0.9877975382595277, 0.9877975382595277, 0.9877975382595277, 0.9877975382595277, 0.9127225345945734, 0.9877975382595277, 0.9877975382595277, 0.9459247780764418, 0.9877975382595277, 0.9877975382595277, 0.9877975382595277, 0.9877975382595277, 0.9877975382595277, 0.9127225345945734, 0.9877975382595277, 0.9877975382595277, 0.9877975382595277, 0.9127225345945734, 0.9459247780764418, 0.9877975382595277, 0.9877975382595277, 0.9877975382595277, 0.9877975382595277, 0.9127225345945734, 0.9459247780764418, 0.9877975382595277, 0.9877975382595277, 0.9127225345945734, 0.9459247780764418, 0.9127225345945734, 0.9127225345945734, 0.9877975382595277, 0.9877975382595277, 0.9127225345945734, 0.9877975382595277, 0.9459247780764418, 0.9235411251542816, 0.9235411251542816, 0.9235411251542816, 0.9877975382595277, 0.9235411251542816, 0.9235411251542816, 0.9127225345945734, 0.9877975382595277]",3,train,9
0.54,44,10,43,3,100,1,1,1,1,0,0,0,1,1,1,1,0,0,0,"(array([0.54911584, 0.70803607, 0.65902889]), array([0.78471941, 0.75420624, 0.76975858]), array([0.20827024, 0.24089263, 0.22472525]), array([0.44708383, 0.28637701, 0.3368333 ]))","['QwenPRM_avg_scores (7.63B)', 'GPM (8B)', 'EurusPRMStage2_avg_scores (7.62B)']","[0.25216642664740885, 0.9877975382595277, 0.9459247780764418, 0.25216642664740885, 0.9877975382595277, 0.7230035114718392, 0.7230035114718392, 0.7230035114718392, 0.7230035114718392, 0.7230035114718392, 0.7230035114718392, 0.7230035114718392, 0.7230035114718392, 0.7230035114718392, 0.6932348925606241, 0.7230035114718392, 0.25216642664740885, 0.9877975382595277, 0.9459247780764418, 0.7230035114718392, 0.6932348925606241, 0.7230035114718392, 0.25216642664740885, 0.7230035114718392, 0.7230035114718392, 0.7230035114718392, 0.9459247780764418, 0.7230035114718392, 0.25216642664740885, 0.25216642664740885, 0.6932348925606241, 0.9877975382595277, 0.9459247780764418, 0.9459247780764418, 0.9877975382595277, 0.9459247780764418, 0.6932348925606241, 0.7230035114718392, 0.7230035114718392, 0.7230035114718392, 0.7230035114718392, 0.9459247780764418, 0.9127225345945734, 0.7230035114718392, 0.9877975382595277, 0.7230035114718392, 0.7230035114718392, 0.9459247780764418, 0.7230035114718392, 0.7230035114718392, 0.25216642664740885, 0.7230035114718392, 0.9459247780764418, 0.7230035114718392, 0.9459247780764418, 0.7230035114718392, 0.7230035114718392, 0.6932348925606241, 0.7230035114718392, 0.7230035114718392, 0.7230035114718392, 0.7230035114718392, 0.7230035114718392, 0.9459247780764418, 0.9459247780764418, 0.9459247780764418, 0.7230035114718392, 0.9127225345945734, 0.7230035114718392, 0.7230035114718392, 0.7230035114718392, 0.25216642664740885, 0.7230035114718392, 0.7230035114718392, 0.9459247780764418, 0.7230035114718392, 0.9459247780764418, 0.7230035114718392, 0.9459247780764418, 0.7230035114718392, 0.9459247780764418, 0.7230035114718392, 0.7230035114718392, 0.9877975382595277, 0.25216642664740885, 0.7230035114718392, 0.7230035114718392, 0.9459247780764418, 0.7230035114718392, 0.7230035114718392, 0.7230035114718392, 0.7230035114718392, 0.9459247780764418, 0.25216642664740885, 0.25216642664740885, 0.9459247780764418, 0.6932348925606241, 0.25216642664740885, 0.25216642664740885, 0.7230035114718392]",4,train,4
0.87,81,6,10,3,100,0,1,1,1,0,0,0,0,1,1,1,0,0,0,"(array([0.54911584, 0.70803607, 0.65902889]), array([0.78471941, 0.75420624, 0.76975858]), array([0.20827024, 0.24089263, 0.22472525]), array([0.44708383, 0.28637701, 0.3368333 ]))","['QwenPRM_avg_scores (7.63B)', 'GPM (8B)', 'EurusPRMStage2_avg_scores (7.62B)']","[0.9877975382595277, 0.9235411251542816, 0.9459247780764418, 0.9459247780764418, 0.7230035114718392, 0.7230035114718392, 0.6932348925606241, 0.9459247780764418, 0.7230035114718392, 0.7230035114718392, 0.7230035114718392, 0.7230035114718392, 0.9459247780764418, 0.7230035114718392, 0.9459247780764418, 0.7230035114718392, 0.7230035114718392, 0.7230035114718392, 0.7230035114718392, 0.7230035114718392, 0.9127225345945734, 0.7230035114718392, 0.7230035114718392, 0.7230035114718392, 0.7230035114718392, 0.7230035114718392, 0.7230035114718392, 0.7230035114718392, 0.7230035114718392, 0.7230035114718392, 0.7230035114718392, 0.6094407157883333, 0.9877975382595277, 0.25216642664740885, 0.25216642664740885, 0.7230035114718392, 0.7230035114718392, 0.7230035114718392, 0.7230035114718392, 0.6932348925606241, 0.6932348925606241, 0.7230035114718392, 0.7230035114718392, 0.7230035114718392, 0.25216642664740885, 0.9877975382595277, 0.9459247780764418, 0.7230035114718392, 0.9877975382595277, 0.9127225345945734, 0.7230035114718392, 0.6094407157883333, 0.9127225345945734, 0.9877975382595277, 0.9877975382595277, 0.7230035114718392, 0.6094407157883333, 0.7230035114718392, 0.9877975382595277, 0.9877975382595277, 0.9459247780764418, 0.7230035114718392, 0.7230035114718392, 0.9127225345945734, 0.6094407157883333, 0.7230035114718392, 0.7230035114718392, 0.7230035114718392, 0.25216642664740885, 0.9877975382595277, 0.7230035114718392, 0.7230035114718392, 0.9877975382595277, 0.7230035114718392, 0.7230035114718392, 0.9877975382595277, 0.25216642664740885, 0.9235411251542816, 0.9877975382595277, 0.9459247780764418, 0.25216642664740885, 0.7230035114718392, 0.7230035114718392, 0.9877975382595277, 0.25216642664740885, 0.7230035114718392, 0.7230035114718392, 0.25216642664740885, 0.7230035114718392, 0.7230035114718392, 0.9877975382595277, 0.7230035114718392, 0.9235411251542816, 0.7230035114718392, 0.7230035114718392, 0.6094407157883333, 0.6932348925606241, 0.7230035114718392, 0.25216642664740885, 0.7230035114718392]",5,train,8
0.36,28,8,64,0,100,7,1,1,1,0,0,0,7,1,1,1,0,0,0,"(array([0.54911584, 0.70803607, 0.65902889]), array([0.78471941, 0.75420624, 0.76975858]), array([0.20827024, 0.24089263, 0.22472525]), array([0.44708383, 0.28637701, 0.3368333 ]))","['QwenPRM_avg_scores (7.63B)', 'GPM (8B)', 'EurusPRMStage2_avg_scores (7.62B)']","[0.25216642664740885, 0.9459247780764418, 0.7230035114718392, 0.7230035114718392, 0.7230035114718392, 0.7230035114718392, 0.7230035114718392, 0.9877975382595277, 0.7230035114718392, 0.9877975382595277, 0.9877975382595277, 0.7230035114718392, 0.9459247780764418, 0.7230035114718392, 0.7230035114718392, 0.7230035114718392, 0.7230035114718392, 0.7230035114718392, 0.7230035114718392, 0.25216642664740885, 0.9127225345945734, 0.7230035114718392, 0.9459247780764418, 0.7230035114718392, 0.7230035114718392, 0.6094407157883333, 0.9877975382595277, 0.7230035114718392, 0.9877975382595277, 0.9877975382595277, 0.7230035114718392, 0.9459247780764418, 0.9235411251542816, 0.7230035114718392, 0.9877975382595277, 0.7230035114718392, 0.7230035114718392, 0.25216642664740885, 0.9459247780764418, 0.7230035114718392, 0.7230035114718392, 0.7230035114718392, 0.7230035114718392, 0.7230035114718392, 0.7230035114718392, 0.25216642664740885, 0.7230035114718392, 0.7230035114718392, 0.7230035114718392, 0.9235411251542816, 0.7230035114718392, 0.7230035114718392, 0.7230035114718392, 0.7230035114718392, 0.9459247780764418, 0.7230035114718392, 0.7230035114718392, 0.9459247780764418, 0.7230035114718392, 0.9459247780764418, 0.7230035114718392, 0.25216642664740885, 0.25216642664740885, 0.7230035114718392, 0.7230035114718392, 0.7230035114718392, 0.25216642664740885, 0.7230035114718392, 0.9877975382595277, 0.9459247780764418, 0.7230035114718392, 0.7230035114718392, 0.7230035114718392, 0.7230035114718392, 0.7230035114718392, 0.7230035114718392, 0.7230035114718392, 0.9877975382595277, 0.7230035114718392, 0.7230035114718392, 0.9459247780764418, 0.9459247780764418, 0.7230035114718392, 0.7230035114718392, 0.6932348925606241, 0.9877975382595277, 0.9877975382595277, 0.9235411251542816, 0.7230035114718392, 0.7230035114718392, 0.7230035114718392, 0.7230035114718392, 0.7230035114718392, 0.25216642664740885, 0.9127225345945734, 0.7230035114718392, 0.9877975382595277, 0.7230035114718392, 0.7230035114718392, 0.7230035114718392]",6,train,2
0.95,95,0,0,5,100,0,1,1,1,0,0,0,0,1,1,1,0,0,0,"(array([0.54911584, 0.70803607, 0.65902889]), array([0.78471941, 0.75420624, 0.76975858]), array([0.20827024, 0.24089263, 0.22472525]), array([0.44708383, 0.28637701, 0.3368333 ]))","['QwenPRM_avg_scores (7.63B)', 'GPM (8B)', 'EurusPRMStage2_avg_scores (7.62B)']","[0.9877975382595277, 0.9459247780764418, 0.9459247780764418, 0.9459247780764418, 0.9459247780764418, 0.9459247780764418, 0.9459247780764418, 0.6932348925606241, 0.9459247780764418, 0.9459247780764418, 0.7230035114718392, 0.9459247780764418, 0.9459247780764418, 0.9877975382595277, 0.6932348925606241, 0.9877975382595277, 0.9235411251542816, 0.25216642664740885, 0.9877975382595277, 0.9459247780764418, 0.9459247780764418, 0.9459247780764418, 0.9877975382595277, 0.9459247780764418, 0.9235411251542816, 0.25216642664740885, 0.9459247780764418, 0.25216642664740885, 0.9877975382595277, 0.9877975382595277, 0.9877975382595277, 0.9459247780764418, 0.9127225345945734, 0.9459247780764418, 0.9459247780764418, 0.9459247780764418, 0.9877975382595277, 0.9877975382595277, 0.9459247780764418, 0.9459247780764418, 0.9459247780764418, 0.9459247780764418, 0.9235411251542816, 0.6932348925606241, 0.9877975382595277, 0.9127225345945734, 0.9877975382595277, 0.7230035114718392, 0.9459247780764418, 0.7230035114718392, 0.9459247780764418, 0.9459247780764418, 0.9877975382595277, 0.9459247780764418, 0.6932348925606241, 0.6932348925606241, 0.9459247780764418, 0.6932348925606241, 0.9459247780764418, 0.9459247780764418, 0.9877975382595277, 0.9459247780764418, 0.6932348925606241, 0.9459247780764418, 0.9877975382595277, 0.9459247780764418, 0.9877975382595277, 0.9459247780764418, 0.9127225345945734, 0.6932348925606241, 0.6932348925606241, 0.9459247780764418, 0.9127225345945734, 0.9459247780764418, 0.9459247780764418, 0.9127225345945734, 0.9127225345945734, 0.9459247780764418, 0.9459247780764418, 0.9877975382595277, 0.9127225345945734, 0.9877975382595277, 0.9127225345945734, 0.6932348925606241, 0.9877975382595277, 0.6932348925606241, 0.9459247780764418, 0.9459247780764418, 0.25216642664740885, 0.9459247780764418, 0.9459247780764418, 0.9235411251542816, 0.9127225345945734, 0.9459247780764418, 0.7230035114718392, 0.9127225345945734, 0.9459247780764418, 0.7230035114718392, 0.25216642664740885, 0.9459247780764418]",7,train,9
0.96,96,0,0,4,100,2,1,1,1,0,0,0,2,1,1,1,0,0,0,"(array([0.54911584, 0.70803607, 0.65902889]), array([0.78471941, 0.75420624, 0.76975858]), array([0.20827024, 0.24089263, 0.22472525]), array([0.44708383, 0.28637701, 0.3368333 ]))","['QwenPRM_avg_scores (7.63B)', 'GPM (8B)', 'EurusPRMStage2_avg_scores (7.62B)']","[0.9459247780764418, 0.7230035114718392, 0.9877975382595277, 0.7230035114718392, 0.9877975382595277, 0.9877975382595277, 0.7230035114718392, 0.9459247780764418, 0.9877975382595277, 0.9127225345945734, 0.9877975382595277, 0.9877975382595277, 0.7230035114718392, 0.7230035114718392, 0.9127225345945734, 0.9877975382595277, 0.9459247780764418, 0.9877975382595277, 0.7230035114718392, 0.9459247780764418, 0.7230035114718392, 0.9127225345945734, 0.9877975382595277, 0.25216642664740885, 0.7230035114718392, 0.9459247780764418, 0.25216642664740885, 0.7230035114718392, 0.9127225345945734, 0.9877975382595277, 0.9877975382595277, 0.9877975382595277, 0.7230035114718392, 0.9459247780764418, 0.9127225345945734, 0.9877975382595277, 0.9877975382595277, 0.7230035114718392, 0.9235411251542816, 0.9235411251542816, 0.7230035114718392, 0.9127225345945734, 0.9877975382595277, 0.7230035114718392, 0.9127225345945734, 0.9877975382595277, 0.9459247780764418, 0.9877975382595277, 0.7230035114718392, 0.6094407157883333, 0.9877975382595277, 0.9459247780764418, 0.6932348925606241, 0.7230035114718392, 0.9127225345945734, 0.9459247780764418, 0.9877975382595277, 0.25216642664740885, 0.9235411251542816, 0.7230035114718392, 0.9877975382595277, 0.6094407157883333, 0.7230035114718392, 0.7230035114718392, 0.9877975382595277, 0.7230035114718392, 0.9877975382595277, 0.7230035114718392, 0.7230035114718392, 0.9235411251542816, 0.9459247780764418, 0.7230035114718392, 0.7230035114718392, 0.7230035114718392, 0.9459247780764418, 0.7230035114718392, 0.7230035114718392, 0.9459247780764418, 0.9459247780764418, 0.7230035114718392, 0.9459247780764418, 0.9877975382595277, 0.9877975382595277, 0.9127225345945734, 0.9877975382595277, 0.9877975382595277, 0.9877975382595277, 0.9235411251542816, 0.9877975382595277, 0.6932348925606241, 0.9235411251542816, 0.9877975382595277, 0.9127225345945734, 0.9877975382595277, 0.6932348925606241, 0.7230035114718392, 0.7230035114718392, 0.7230035114718392, 0.25216642664740885, 0.9127225345945734]",8,train,9
0.34,15,19,65,1,100,3,0,1,0,0,0,1,3,1,0,0,0,1,0,"(array([0.54911584, 0.70803607, 0.65902889]), array([0.78471941, 0.75420624, 0.76975858]), array([0.20827024, 0.24089263, 0.22472525]), array([0.44708383, 0.28637701, 0.3368333 ]))","['QwenPRM_avg_scores (7.63B)', 'GPM (8B)', 'EurusPRMStage2_avg_scores (7.62B)']","[0.6932348925606241, 0.25216642664740885, 0.6932348925606241, 0.9459247780764418, 0.6932348925606241, 0.25216642664740885, 0.7230035114718392, 0.25216642664740885, 0.9127225345945734, 0.25216642664740885, 0.6932348925606241, 0.25216642664740885, 0.9459247780764418, 0.6932348925606241, 0.6932348925606241, 0.6932348925606241, 0.6932348925606241, 0.6932348925606241, 0.9127225345945734, 0.6932348925606241, 0.6932348925606241, 0.25216642664740885, 0.6932348925606241, 0.6932348925606241, 0.9459247780764418, 0.25216642664740885, 0.25216642664740885, 0.6932348925606241, 0.25216642664740885, 0.6932348925606241, 0.25216642664740885, 0.6932348925606241, 0.9459247780764418, 0.6932348925606241, 0.7230035114718392, 0.6932348925606241, 0.9459247780764418, 0.9459247780764418, 0.9459247780764418, 0.6932348925606241, 0.6932348925606241, 0.6932348925606241, 0.6932348925606241, 0.6932348925606241, 0.9127225345945734, 0.6932348925606241, 0.9459247780764418, 0.6932348925606241, 0.25216642664740885, 0.6932348925606241, 0.6932348925606241, 0.7230035114718392, 0.6932348925606241, 0.6932348925606241, 0.6932348925606241, 0.6932348925606241, 0.6932348925606241, 0.9459247780764418, 0.6932348925606241, 0.9459247780764418, 0.6932348925606241, 0.9127225345945734, 0.6932348925606241, 0.25216642664740885, 0.6932348925606241, 0.6932348925606241, 0.6932348925606241, 0.25216642664740885, 0.9459247780764418, 0.25216642664740885, 0.6932348925606241, 0.6932348925606241, 0.6932348925606241, 0.6932348925606241, 0.9459247780764418, 0.25216642664740885, 0.6932348925606241, 0.6932348925606241, 0.9459247780764418, 0.6932348925606241, 0.25216642664740885, 0.6932348925606241, 0.9459247780764418, 0.6932348925606241, 0.6932348925606241, 0.6932348925606241, 0.9459247780764418, 0.6932348925606241, 0.25216642664740885, 0.25216642664740885, 0.6932348925606241, 0.6932348925606241, 0.7230035114718392, 0.9459247780764418, 0.25216642664740885, 0.25216642664740885, 0.9459247780764418, 0.6932348925606241, 0.6932348925606241, 0.6932348925606241]",9,train,1
0.89,81,8,3,8,100,1,1,1,1,0,0,0,1,1,1,1,0,0,0,"(array([0.54911584, 0.70803607, 0.65902889]), array([0.78471941, 0.75420624, 0.76975858]), array([0.20827024, 0.24089263, 0.22472525]), array([0.44708383, 0.28637701, 0.3368333 ]))","['QwenPRM_avg_scores (7.63B)', 'GPM (8B)', 'EurusPRMStage2_avg_scores (7.62B)']","[0.7230035114718392, 0.9877975382595277, 0.25216642664740885, 0.9459247780764418, 0.9877975382595277, 0.7230035114718392, 0.7230035114718392, 0.25216642664740885, 0.7230035114718392, 0.9459247780764418, 0.9235411251542816, 0.9877975382595277, 0.25216642664740885, 0.7230035114718392, 0.9127225345945734, 0.9235411251542816, 0.9459247780764418, 0.7230035114718392, 0.9877975382595277, 0.7230035114718392, 0.9877975382595277, 0.9877975382595277, 0.9235411251542816, 0.7230035114718392, 0.9877975382595277, 0.9235411251542816, 0.9877975382595277, 0.25216642664740885, 0.6094407157883333, 0.6094407157883333, 0.7230035114718392, 0.9127225345945734, 0.7230035114718392, 0.9127225345945734, 0.25216642664740885, 0.6932348925606241, 0.25216642664740885, 0.9127225345945734, 0.9877975382595277, 0.9877975382595277, 0.7230035114718392, 0.6094407157883333, 0.7230035114718392, 0.9459247780764418, 0.9127225345945734, 0.7230035114718392, 0.9459247780764418, 0.25216642664740885, 0.9127225345945734, 0.9127225345945734, 0.9877975382595277, 0.7230035114718392, 0.6094407157883333, 0.9459247780764418, 0.9235411251542816, 0.9235411251542816, 0.9877975382595277, 0.9459247780764418, 0.25216642664740885, 0.9877975382595277, 0.25216642664740885, 0.9877975382595277, 0.9877975382595277, 0.9459247780764418, 0.9877975382595277, 0.25216642664740885, 0.9459247780764418, 0.7230035114718392, 0.7230035114718392, 0.6932348925606241, 0.9459247780764418, 0.9235411251542816, 0.7230035114718392, 0.7230035114718392, 0.9459247780764418, 0.9877975382595277, 0.7230035114718392, 0.9877975382595277, 0.9235411251542816, 0.9235411251542816, 0.7230035114718392, 0.9459247780764418, 0.6932348925606241, 0.7230035114718392, 0.9877975382595277, 0.9877975382595277, 0.25216642664740885, 0.25216642664740885, 0.9459247780764418, 0.7230035114718392, 0.25216642664740885, 0.7230035114718392, 0.25216642664740885, 0.7230035114718392, 0.7230035114718392, 0.9235411251542816, 0.6932348925606241, 0.25216642664740885, 0.25216642664740885, 0.7230035114718392]",10,train,8
0.99,98,1,1,0,100,0,1,1,1,0,0,0,0,1,1,1,0,0,0,"(array([0.54911584, 0.70803607, 0.65902889]), array([0.78471941, 0.75420624, 0.76975858]), array([0.20827024, 0.24089263, 0.22472525]), array([0.44708383, 0.28637701, 0.3368333 ]))","['QwenPRM_avg_scores (7.63B)', 'GPM (8B)', 'EurusPRMStage2_avg_scores (7.62B)']","[0.9877975382595277, 0.9877975382595277, 0.9127225345945734, 0.9877975382595277, 0.9877975382595277, 0.9877975382595277, 0.9877975382595277, 0.9127225345945734, 0.9127225345945734, 0.9877975382595277, 0.9459247780764418, 0.9127225345945734, 0.9877975382595277, 0.7230035114718392, 0.9459247780764418, 0.9877975382595277, 0.9127225345945734, 0.9127225345945734, 0.9877975382595277, 0.7230035114718392, 0.9877975382595277, 0.9877975382595277, 0.9877975382595277, 0.9877975382595277, 0.9877975382595277, 0.7230035114718392, 0.9877975382595277, 0.9459247780764418, 0.9877975382595277, 0.9877975382595277, 0.7230035114718392, 0.7230035114718392, 0.9877975382595277, 0.9235411251542816, 0.9127225345945734, 0.9877975382595277, 0.9459247780764418, 0.9127225345945734, 0.9127225345945734, 0.9127225345945734, 0.9877975382595277, 0.9127225345945734, 0.9877975382595277, 0.9877975382595277, 0.9459247780764418, 0.9877975382595277, 0.9877975382595277, 0.9877975382595277, 0.9459247780764418, 0.6932348925606241, 0.25216642664740885, 0.9127225345945734, 0.9877975382595277, 0.9459247780764418, 0.9877975382595277, 0.9127225345945734, 0.9877975382595277, 0.7230035114718392, 0.9235411251542816, 0.9877975382595277, 0.9877975382595277, 0.7230035114718392, 0.9127225345945734, 0.9127225345945734, 0.6932348925606241, 0.9459247780764418, 0.9877975382595277, 0.9877975382595277, 0.9459247780764418, 0.9877975382595277, 0.9127225345945734, 0.9127225345945734, 0.9877975382595277, 0.9127225345945734, 0.7230035114718392, 0.9877975382595277, 0.9877975382595277, 0.9877975382595277, 0.9127225345945734, 0.9877975382595277, 0.9877975382595277, 0.7230035114718392, 0.9127225345945734, 0.6094407157883333, 0.9877975382595277, 0.9877975382595277, 0.9877975382595277, 0.9235411251542816, 0.9459247780764418, 0.9877975382595277, 0.9235411251542816, 0.9877975382595277, 0.9877975382595277, 0.7230035114718392, 0.9877975382595277, 0.9235411251542816, 0.9235411251542816, 0.9877975382595277, 0.9127225345945734, 0.9459247780764418]",11,train,9
0.99,99,0,0,1,100,6,1,1,1,0,0,0,6,1,1,1,0,0,0,"(array([0.54911584, 0.70803607, 0.65902889]), array([0.78471941, 0.75420624, 0.76975858]), array([0.20827024, 0.24089263, 0.22472525]), array([0.44708383, 0.28637701, 0.3368333 ]))","['QwenPRM_avg_scores (7.63B)', 'GPM (8B)', 'EurusPRMStage2_avg_scores (7.62B)']","[0.9127225345945734, 0.9127225345945734, 0.6932348925606241, 0.9235411251542816, 0.9127225345945734, 0.9235411251542816, 0.9877975382595277, 0.9235411251542816, 0.9235411251542816, 0.9877975382595277, 0.9877975382595277, 0.9877975382595277, 0.7230035114718392, 0.6094407157883333, 0.9235411251542816, 0.9877975382595277, 0.9235411251542816, 0.7230035114718392, 0.9235411251542816, 0.9877975382595277, 0.9877975382595277, 0.9877975382595277, 0.9235411251542816, 0.9127225345945734, 0.9127225345945734, 0.9877975382595277, 0.9877975382595277, 0.9459247780764418, 0.9877975382595277, 0.7230035114718392, 0.9877975382595277, 0.9877975382595277, 0.9127225345945734, 0.9877975382595277, 0.9235411251542816, 0.9877975382595277, 0.9877975382595277, 0.9877975382595277, 0.6094407157883333, 0.9877975382595277, 0.9877975382595277, 0.9877975382595277, 0.9877975382595277, 0.9235411251542816, 0.9877975382595277, 0.7230035114718392, 0.6094407157883333, 0.9877975382595277, 0.9235411251542816, 0.7230035114718392, 0.9235411251542816, 0.9877975382595277, 0.9235411251542816, 0.9459247780764418, 0.7230035114718392, 0.9235411251542816, 0.9127225345945734, 0.9235411251542816, 0.9877975382595277, 0.7230035114718392, 0.9877975382595277, 0.9235411251542816, 0.9877975382595277, 0.6094407157883333, 0.9235411251542816, 0.9235411251542816, 0.6094407157883333, 0.9877975382595277, 0.9235411251542816, 0.9877975382595277, 0.9877975382595277, 0.9235411251542816, 0.9877975382595277, 0.25216642664740885, 0.9127225345945734, 0.7230035114718392, 0.9235411251542816, 0.9235411251542816, 0.6094407157883333, 0.9235411251542816, 0.9877975382595277, 0.9877975382595277, 0.9877975382595277, 0.9877975382595277, 0.6094407157883333, 0.6094407157883333, 0.9877975382595277, 0.9127225345945734, 0.9235411251542816, 0.9235411251542816, 0.9235411251542816, 0.9459247780764418, 0.9877975382595277, 0.9235411251542816, 0.9877975382595277, 0.7230035114718392, 0.9127225345945734, 0.7230035114718392, 0.9127225345945734, 0.9877975382595277]",12,train,9
0.74,59,15,24,2,100,17,1,1,1,0,0,0,17,1,1,1,0,0,0,"(array([0.54911584, 0.70803607, 0.65902889]), array([0.78471941, 0.75420624, 0.76975858]), array([0.20827024, 0.24089263, 0.22472525]), array([0.44708383, 0.28637701, 0.3368333 ]))","['QwenPRM_avg_scores (7.63B)', 'GPM (8B)', 'EurusPRMStage2_avg_scores (7.62B)']","[0.9235411251542816, 0.9459247780764418, 0.6932348925606241, 0.6932348925606241, 0.9459247780764418, 0.6932348925606241, 0.9459247780764418, 0.25216642664740885, 0.25216642664740885, 0.7230035114718392, 0.25216642664740885, 0.9235411251542816, 0.9127225345945734, 0.9459247780764418, 0.9459247780764418, 0.25216642664740885, 0.25216642664740885, 0.9877975382595277, 0.25216642664740885, 0.6932348925606241, 0.9127225345945734, 0.25216642664740885, 0.9877975382595277, 0.9459247780764418, 0.6094407157883333, 0.6094407157883333, 0.9459247780764418, 0.25216642664740885, 0.9459247780764418, 0.9459247780764418, 0.9459247780764418, 0.7230035114718392, 0.6094407157883333, 0.9459247780764418, 0.9235411251542816, 0.9459247780764418, 0.9459247780764418, 0.9877975382595277, 0.25216642664740885, 0.9877975382595277, 0.25216642664740885, 0.6094407157883333, 0.9459247780764418, 0.9877975382595277, 0.6932348925606241, 0.9877975382595277, 0.9877975382595277, 0.6932348925606241, 0.25216642664740885, 0.9877975382595277, 0.9459247780764418, 0.9459247780764418, 0.6932348925606241, 0.9127225345945734, 0.7230035114718392, 0.7230035114718392, 0.9459247780764418, 0.9459247780764418, 0.6094407157883333, 0.7230035114718392, 0.6932348925606241, 0.9459247780764418, 0.9459247780764418, 0.9459247780764418, 0.25216642664740885, 0.25216642664740885, 0.6094407157883333, 0.9127225345945734, 0.9459247780764418, 0.6932348925606241, 0.9459247780764418, 0.6094407157883333, 0.9459247780764418, 0.6932348925606241, 0.6094407157883333, 0.9459247780764418, 0.25216642664740885, 0.6094407157883333, 0.9459247780764418, 0.9459247780764418, 0.9459247780764418, 0.6094407157883333, 0.25216642664740885, 0.9459247780764418, 0.9459247780764418, 0.9877975382595277, 0.6094407157883333, 0.6932348925606241, 0.9459247780764418, 0.6932348925606241, 0.6932348925606241, 0.9235411251542816, 0.6932348925606241, 0.9127225345945734, 0.9459247780764418, 0.6932348925606241, 0.9235411251542816, 0.9877975382595277, 0.25216642664740885, 0.25216642664740885]",13,train,6
0.65,50,15,34,1,100,0,1,1,1,0,0,0,0,1,1,1,0,0,0,"(array([0.54911584, 0.70803607, 0.65902889]), array([0.78471941, 0.75420624, 0.76975858]), array([0.20827024, 0.24089263, 0.22472525]), array([0.44708383, 0.28637701, 0.3368333 ]))","['QwenPRM_avg_scores (7.63B)', 'GPM (8B)', 'EurusPRMStage2_avg_scores (7.62B)']","[0.9459247780764418, 0.6932348925606241, 0.9459247780764418, 0.25216642664740885, 0.25216642664740885, 0.6932348925606241, 0.7230035114718392, 0.6932348925606241, 0.7230035114718392, 0.7230035114718392, 0.9459247780764418, 0.7230035114718392, 0.9459247780764418, 0.9459247780764418, 0.7230035114718392, 0.9459247780764418, 0.7230035114718392, 0.7230035114718392, 0.25216642664740885, 0.9459247780764418, 0.9459247780764418, 0.9459247780764418, 0.6932348925606241, 0.7230035114718392, 0.7230035114718392, 0.7230035114718392, 0.7230035114718392, 0.9459247780764418, 0.7230035114718392, 0.9459247780764418, 0.9459247780764418, 0.25216642664740885, 0.7230035114718392, 0.7230035114718392, 0.25216642664740885, 0.9459247780764418, 0.25216642664740885, 0.25216642664740885, 0.7230035114718392, 0.9459247780764418, 0.9459247780764418, 0.9459247780764418, 0.7230035114718392, 0.7230035114718392, 0.7230035114718392, 0.7230035114718392, 0.6932348925606241, 0.25216642664740885, 0.6932348925606241, 0.7230035114718392, 0.7230035114718392, 0.9459247780764418, 0.9459247780764418, 0.7230035114718392, 0.9459247780764418, 0.7230035114718392, 0.9459247780764418, 0.25216642664740885, 0.9459247780764418, 0.9459247780764418, 0.6932348925606241, 0.7230035114718392, 0.7230035114718392, 0.25216642664740885, 0.7230035114718392, 0.7230035114718392, 0.25216642664740885, 0.7230035114718392, 0.9459247780764418, 0.9459247780764418, 0.7230035114718392, 0.25216642664740885, 0.25216642664740885, 0.7230035114718392, 0.7230035114718392, 0.25216642664740885, 0.6932348925606241, 0.7230035114718392, 0.7230035114718392, 0.9459247780764418, 0.9459247780764418, 0.25216642664740885, 0.7230035114718392, 0.9459247780764418, 0.6932348925606241, 0.7230035114718392, 0.9459247780764418, 0.9459247780764418, 0.7230035114718392, 0.9459247780764418, 0.6932348925606241, 0.25216642664740885, 0.7230035114718392, 0.9459247780764418, 0.9459247780764418, 0.7230035114718392, 0.9459247780764418, 0.6932348925606241, 0.9459247780764418, 0.9459247780764418]",14,train,5
0.98,94,4,0,2,100,5,1,1,1,0,0,0,5,1,1,1,0,0,0,"(array([0.54911584, 0.70803607, 0.65902889]), array([0.78471941, 0.75420624, 0.76975858]), array([0.20827024, 0.24089263, 0.22472525]), array([0.44708383, 0.28637701, 0.3368333 ]))","['QwenPRM_avg_scores (7.63B)', 'GPM (8B)', 'EurusPRMStage2_avg_scores (7.62B)']","[0.9127225345945734, 0.6932348925606241, 0.9459247780764418, 0.7230035114718392, 0.9459247780764418, 0.9877975382595277, 0.9235411251542816, 0.9459247780764418, 0.9877975382595277, 0.9459247780764418, 0.9877975382595277, 0.9127225345945734, 0.9877975382595277, 0.9877975382595277, 0.7230035114718392, 0.6932348925606241, 0.9459247780764418, 0.9877975382595277, 0.9877975382595277, 0.9459247780764418, 0.9127225345945734, 0.9877975382595277, 0.9459247780764418, 0.9877975382595277, 0.7230035114718392, 0.7230035114718392, 0.9459247780764418, 0.9459247780764418, 0.9877975382595277, 0.6094407157883333, 0.9127225345945734, 0.9459247780764418, 0.9877975382595277, 0.9877975382595277, 0.25216642664740885, 0.9877975382595277, 0.9877975382595277, 0.6932348925606241, 0.9877975382595277, 0.7230035114718392, 0.9877975382595277, 0.9127225345945734, 0.9459247780764418, 0.9877975382595277, 0.9127225345945734, 0.9459247780764418, 0.9459247780764418, 0.9459247780764418, 0.9459247780764418, 0.9127225345945734, 0.7230035114718392, 0.9459247780764418, 0.9877975382595277, 0.9877975382595277, 0.7230035114718392, 0.7230035114718392, 0.9877975382595277, 0.25216642664740885, 0.9877975382595277, 0.25216642664740885, 0.9877975382595277, 0.9877975382595277, 0.9459247780764418, 0.6932348925606241, 0.9877975382595277, 0.9877975382595277, 0.6932348925606241, 0.7230035114718392, 0.9127225345945734, 0.9877975382595277, 0.6932348925606241, 0.9127225345945734, 0.6932348925606241, 0.9127225345945734, 0.9877975382595277, 0.7230035114718392, 0.6094407157883333, 0.6932348925606241, 0.9877975382595277, 0.9235411251542816, 0.25216642664740885, 0.25216642664740885, 0.9459247780764418, 0.9877975382595277, 0.7230035114718392, 0.9235411251542816, 0.9877975382595277, 0.25216642664740885, 0.7230035114718392, 0.9235411251542816, 0.9127225345945734, 0.9459247780764418, 0.7230035114718392, 0.9459247780764418, 0.6094407157883333, 0.9459247780764418, 0.9877975382595277, 0.9127225345945734, 0.9877975382595277, 0.9459247780764418]",15,train,9
1.0,100,0,0,0,100,1,1,1,1,0,0,0,1,1,1,1,0,0,0,"(array([0.54911584, 0.70803607, 0.65902889]), array([0.78471941, 0.75420624, 0.76975858]), array([0.20827024, 0.24089263, 0.22472525]), array([0.44708383, 0.28637701, 0.3368333 ]))","['QwenPRM_avg_scores (7.63B)', 'GPM (8B)', 'EurusPRMStage2_avg_scores (7.62B)']","[0.9127225345945734, 0.9877975382595277, 0.9877975382595277, 0.7230035114718392, 0.9877975382595277, 0.9877975382595277, 0.9877975382595277, 0.9877975382595277, 0.9877975382595277, 0.9877975382595277, 0.9127225345945734, 0.9877975382595277, 0.9127225345945734, 0.9877975382595277, 0.9127225345945734, 0.9459247780764418, 0.9127225345945734, 0.9127225345945734, 0.9877975382595277, 0.9877975382595277, 0.9877975382595277, 0.9127225345945734, 0.9127225345945734, 0.7230035114718392, 0.7230035114718392, 0.9877975382595277, 0.9877975382595277, 0.9459247780764418, 0.9459247780764418, 0.9459247780764418, 0.9127225345945734, 0.9877975382595277, 0.9877975382595277, 0.9877975382595277, 0.9877975382595277, 0.9877975382595277, 0.9877975382595277, 0.9877975382595277, 0.9877975382595277, 0.9877975382595277, 0.9877975382595277, 0.9877975382595277, 0.9877975382595277, 0.9877975382595277, 0.9877975382595277, 0.9877975382595277, 0.9877975382595277, 0.7230035114718392, 0.9877975382595277, 0.6932348925606241, 0.9459247780764418, 0.9877975382595277, 0.9127225345945734, 0.9127225345945734, 0.7230035114718392, 0.9877975382595277, 0.9877975382595277, 0.9877975382595277, 0.9877975382595277, 0.9127225345945734, 0.9877975382595277, 0.9877975382595277, 0.9127225345945734, 0.9877975382595277, 0.9459247780764418, 0.7230035114718392, 0.6932348925606241, 0.9877975382595277, 0.9127225345945734, 0.9127225345945734, 0.9127225345945734, 0.9127225345945734, 0.9235411251542816, 0.7230035114718392, 0.9877975382595277, 0.9877975382595277, 0.9877975382595277, 0.9877975382595277, 0.9127225345945734, 0.7230035114718392, 0.9877975382595277, 0.9877975382595277, 0.9127225345945734, 0.9877975382595277, 0.9877975382595277, 0.9877975382595277, 0.9877975382595277, 0.9877975382595277, 0.9877975382595277, 0.9877975382595277, 0.9127225345945734, 0.9127225345945734, 0.9877975382595277, 0.7230035114718392, 0.9877975382595277, 0.9877975382595277, 0.7230035114718392, 0.7230035114718392, 0.9127225345945734, 0.9877975382595277]",16,train,9
0.99,99,0,0,1,100,0,1,1,1,0,0,0,0,1,1,1,0,0,0,"(array([0.54911584, 0.70803607, 0.65902889]), array([0.78471941, 0.75420624, 0.76975858]), array([0.20827024, 0.24089263, 0.22472525]), array([0.44708383, 0.28637701, 0.3368333 ]))","['QwenPRM_avg_scores (7.63B)', 'GPM (8B)', 'EurusPRMStage2_avg_scores (7.62B)']","[0.9877975382595277, 0.9877975382595277, 0.9877975382595277, 0.9127225345945734, 0.9877975382595277, 0.9877975382595277, 0.9127225345945734, 0.9877975382595277, 0.9127225345945734, 0.9877975382595277, 0.9127225345945734, 0.9235411251542816, 0.9127225345945734, 0.25216642664740885, 0.9877975382595277, 0.9127225345945734, 0.9127225345945734, 0.9877975382595277, 0.9877975382595277, 0.9877975382595277, 0.9127225345945734, 0.9877975382595277, 0.9877975382595277, 0.9877975382595277, 0.9877975382595277, 0.9127225345945734, 0.9877975382595277, 0.6932348925606241, 0.9877975382595277, 0.9877975382595277, 0.9127225345945734, 0.9877975382595277, 0.9877975382595277, 0.9459247780764418, 0.9127225345945734, 0.9877975382595277, 0.9127225345945734, 0.9877975382595277, 0.9877975382595277, 0.9127225345945734, 0.9877975382595277, 0.6932348925606241, 0.9877975382595277, 0.9127225345945734, 0.9459247780764418, 0.9877975382595277, 0.9877975382595277, 0.9877975382595277, 0.9877975382595277, 0.9877975382595277, 0.9127225345945734, 0.6932348925606241, 0.6094407157883333, 0.9127225345945734, 0.9877975382595277, 0.9127225345945734, 0.9127225345945734, 0.9877975382595277, 0.9877975382595277, 0.9877975382595277, 0.9877975382595277, 0.9877975382595277, 0.9877975382595277, 0.9877975382595277, 0.9877975382595277, 0.9127225345945734, 0.9877975382595277, 0.9459247780764418, 0.9877975382595277, 0.9877975382595277, 0.9877975382595277, 0.9877975382595277, 0.9127225345945734, 0.9127225345945734, 0.9877975382595277, 0.9877975382595277, 0.9127225345945734, 0.9877975382595277, 0.9877975382595277, 0.9877975382595277, 0.6932348925606241, 0.9235411251542816, 0.9877975382595277, 0.9877975382595277, 0.9127225345945734, 0.9877975382595277, 0.9235411251542816, 0.9877975382595277, 0.9877975382595277, 0.9877975382595277, 0.9877975382595277, 0.9877975382595277, 0.9877975382595277, 0.9235411251542816, 0.9877975382595277, 0.9877975382595277, 0.9877975382595277, 0.9127225345945734, 0.9877975382595277, 0.9877975382595277]",17,train,9
0.22,0,22,77,1,100,3,0,1,0,0,0,1,3,1,0,0,0,1,0,"(array([0.54911584, 0.70803607, 0.65902889]), array([0.78471941, 0.75420624, 0.76975858]), array([0.20827024, 0.24089263, 0.22472525]), array([0.44708383, 0.28637701, 0.3368333 ]))","['QwenPRM_avg_scores (7.63B)', 'GPM (8B)', 'EurusPRMStage2_avg_scores (7.62B)']","[0.25216642664740885, 0.7230035114718392, 0.7230035114718392, 0.9459247780764418, 0.7230035114718392, 0.7230035114718392, 0.7230035114718392, 0.9459247780764418, 0.25216642664740885, 0.25216642664740885, 0.25216642664740885, 0.25216642664740885, 0.9459247780764418, 0.25216642664740885, 0.25216642664740885, 0.7230035114718392, 0.7230035114718392, 0.7230035114718392, 0.25216642664740885, 0.7230035114718392, 0.7230035114718392, 0.7230035114718392, 0.7230035114718392, 0.25216642664740885, 0.7230035114718392, 0.7230035114718392, 0.25216642664740885, 0.7230035114718392, 0.9459247780764418, 0.7230035114718392, 0.25216642664740885, 0.9459247780764418, 0.7230035114718392, 0.7230035114718392, 0.7230035114718392, 0.7230035114718392, 0.7230035114718392, 0.7230035114718392, 0.25216642664740885, 0.7230035114718392, 0.7230035114718392, 0.7230035114718392, 0.7230035114718392, 0.7230035114718392, 0.7230035114718392, 0.7230035114718392, 0.25216642664740885, 0.7230035114718392, 0.7230035114718392, 0.7230035114718392, 0.7230035114718392, 0.9459247780764418, 0.9459247780764418, 0.7230035114718392, 0.7230035114718392, 0.7230035114718392, 0.7230035114718392, 0.7230035114718392, 0.7230035114718392, 0.7230035114718392, 0.9459247780764418, 0.25216642664740885, 0.25216642664740885, 0.7230035114718392, 0.7230035114718392, 0.7230035114718392, 0.7230035114718392, 0.7230035114718392, 0.7230035114718392, 0.25216642664740885, 0.6932348925606241, 0.7230035114718392, 0.25216642664740885, 0.7230035114718392, 0.7230035114718392, 0.7230035114718392, 0.25216642664740885, 0.25216642664740885, 0.7230035114718392, 0.7230035114718392, 0.7230035114718392, 0.7230035114718392, 0.7230035114718392, 0.7230035114718392, 0.25216642664740885, 0.25216642664740885, 0.7230035114718392, 0.9459247780764418, 0.7230035114718392, 0.25216642664740885, 0.9235411251542816, 0.7230035114718392, 0.7230035114718392, 0.7230035114718392, 0.7230035114718392, 0.9459247780764418, 0.7230035114718392, 0.7230035114718392, 0.25216642664740885, 0.7230035114718392]",18,train,0
0.99,99,0,0,1,100,5,1,1,1,0,0,0,5,1,1,1,0,0,0,"(array([0.54911584, 0.70803607, 0.65902889]), array([0.78471941, 0.75420624, 0.76975858]), array([0.20827024, 0.24089263, 0.22472525]), array([0.44708383, 0.28637701, 0.3368333 ]))","['QwenPRM_avg_scores (7.63B)', 'GPM (8B)', 'EurusPRMStage2_avg_scores (7.62B)']","[0.9235411251542816, 0.9127225345945734, 0.9235411251542816, 0.6094407157883333, 0.7230035114718392, 0.9877975382595277, 0.9877975382595277, 0.9877975382595277, 0.9877975382595277, 0.9877975382595277, 0.7230035114718392, 0.9877975382595277, 0.9877975382595277, 0.9127225345945734, 0.9235411251542816, 0.9235411251542816, 0.9127225345945734, 0.9459247780764418, 0.9235411251542816, 0.9877975382595277, 0.9877975382595277, 0.9877975382595277, 0.6932348925606241, 0.9127225345945734, 0.9235411251542816, 0.9459247780764418, 0.9235411251542816, 0.9877975382595277, 0.6094407157883333, 0.9877975382595277, 0.9877975382595277, 0.9127225345945734, 0.6094407157883333, 0.9877975382595277, 0.9235411251542816, 0.6094407157883333, 0.9127225345945734, 0.9877975382595277, 0.9127225345945734, 0.25216642664740885, 0.9877975382595277, 0.6932348925606241, 0.6094407157883333, 0.9877975382595277, 0.7230035114718392, 0.9877975382595277, 0.9877975382595277, 0.9127225345945734, 0.9877975382595277, 0.7230035114718392, 0.9877975382595277, 0.9877975382595277, 0.6094407157883333, 0.9127225345945734, 0.9459247780764418, 0.9127225345945734, 0.9877975382595277, 0.9235411251542816, 0.9877975382595277, 0.7230035114718392, 0.9877975382595277, 0.9127225345945734, 0.9877975382595277, 0.9877975382595277, 0.9127225345945734, 0.9127225345945734, 0.9235411251542816, 0.9877975382595277, 0.6932348925606241, 0.9459247780764418, 0.9127225345945734, 0.9459247780764418, 0.9127225345945734, 0.9877975382595277, 0.6932348925606241, 0.9235411251542816, 0.9459247780764418, 0.9877975382595277, 0.9877975382595277, 0.9877975382595277, 0.9459247780764418, 0.9459247780764418, 0.9459247780764418, 0.9235411251542816, 0.9127225345945734, 0.9877975382595277, 0.7230035114718392, 0.9459247780764418, 0.7230035114718392, 0.9235411251542816, 0.9127225345945734, 0.9877975382595277, 0.9877975382595277, 0.9877975382595277, 0.9877975382595277, 0.9877975382595277, 0.9877975382595277, 0.9877975382595277, 0.9877975382595277, 0.9877975382595277]",19,train,9
0.98,98,0,0,2,100,7,1,1,1,0,0,0,7,1,1,1,0,0,0,"(array([0.54911584, 0.70803607, 0.65902889]), array([0.78471941, 0.75420624, 0.76975858]), array([0.20827024, 0.24089263, 0.22472525]), array([0.44708383, 0.28637701, 0.3368333 ]))","['QwenPRM_avg_scores (7.63B)', 'GPM (8B)', 'EurusPRMStage2_avg_scores (7.62B)']","[0.9459247780764418, 0.9127225345945734, 0.6094407157883333, 0.9459247780764418, 0.9459247780764418, 0.9459247780764418, 0.9459247780764418, 0.9877975382595277, 0.9459247780764418, 0.9877975382595277, 0.9877975382595277, 0.7230035114718392, 0.9459247780764418, 0.9459247780764418, 0.9877975382595277, 0.6932348925606241, 0.9459247780764418, 0.9459247780764418, 0.9877975382595277, 0.9459247780764418, 0.9459247780764418, 0.9459247780764418, 0.9877975382595277, 0.9459247780764418, 0.6932348925606241, 0.6932348925606241, 0.9459247780764418, 0.9877975382595277, 0.9877975382595277, 0.9459247780764418, 0.6932348925606241, 0.9127225345945734, 0.6932348925606241, 0.9459247780764418, 0.6932348925606241, 0.9127225345945734, 0.9459247780764418, 0.9459247780764418, 0.9877975382595277, 0.9877975382595277, 0.9459247780764418, 0.9459247780764418, 0.9459247780764418, 0.9235411251542816, 0.9459247780764418, 0.9459247780764418, 0.9459247780764418, 0.9459247780764418, 0.9127225345945734, 0.9877975382595277, 0.6932348925606241, 0.9877975382595277, 0.9459247780764418, 0.9127225345945734, 0.9459247780764418, 0.6932348925606241, 0.9877975382595277, 0.9459247780764418, 0.9127225345945734, 0.9877975382595277, 0.9877975382595277, 0.6094407157883333, 0.25216642664740885, 0.6932348925606241, 0.6932348925606241, 0.9459247780764418, 0.9459247780764418, 0.9235411251542816, 0.9127225345945734, 0.9459247780764418, 0.9459247780764418, 0.9127225345945734, 0.9877975382595277, 0.9459247780764418, 0.9459247780764418, 0.6932348925606241, 0.9877975382595277, 0.9877975382595277, 0.9127225345945734, 0.9877975382595277, 0.9127225345945734, 0.9127225345945734, 0.9877975382595277, 0.9877975382595277, 0.6932348925606241, 0.9877975382595277, 0.9459247780764418, 0.9877975382595277, 0.6932348925606241, 0.9877975382595277, 0.9127225345945734, 0.9877975382595277, 0.25216642664740885, 0.9877975382595277, 0.9127225345945734, 0.9877975382595277, 0.9127225345945734, 0.6932348925606241, 0.9877975382595277, 0.9127225345945734]",20,train,9
0.94,94,0,0,6,100,36,1,1,1,0,0,0,36,1,1,1,0,0,0,"(array([0.54911584, 0.70803607, 0.65902889]), array([0.78471941, 0.75420624, 0.76975858]), array([0.20827024, 0.24089263, 0.22472525]), array([0.44708383, 0.28637701, 0.3368333 ]))","['QwenPRM_avg_scores (7.63B)', 'GPM (8B)', 'EurusPRMStage2_avg_scores (7.62B)']","[0.6932348925606241, 0.7230035114718392, 0.9459247780764418, 0.25216642664740885, 0.9459247780764418, 0.25216642664740885, 0.7230035114718392, 0.9459247780764418, 0.9459247780764418, 0.7230035114718392, 0.25216642664740885, 0.9459247780764418, 0.7230035114718392, 0.9459247780764418, 0.9459247780764418, 0.9459247780764418, 0.7230035114718392, 0.9459247780764418, 0.7230035114718392, 0.9459247780764418, 0.7230035114718392, 0.7230035114718392, 0.9459247780764418, 0.6932348925606241, 0.9459247780764418, 0.7230035114718392, 0.7230035114718392, 0.7230035114718392, 0.9459247780764418, 0.9459247780764418, 0.9459247780764418, 0.9459247780764418, 0.9459247780764418, 0.9459247780764418, 0.9459247780764418, 0.9459247780764418, 0.9877975382595277, 0.7230035114718392, 0.7230035114718392, 0.6932348925606241, 0.25216642664740885, 0.7230035114718392, 0.7230035114718392, 0.9877975382595277, 0.7230035114718392, 0.6932348925606241, 0.9459247780764418, 0.9459247780764418, 0.9459247780764418, 0.7230035114718392, 0.9459247780764418, 0.7230035114718392, 0.9459247780764418, 0.9459247780764418, 0.9459247780764418, 0.6932348925606241, 0.9459247780764418, 0.9127225345945734, 0.6932348925606241, 0.7230035114718392, 0.25216642664740885, 0.7230035114718392, 0.9877975382595277, 0.9459247780764418, 0.9459247780764418, 0.7230035114718392, 0.7230035114718392, 0.7230035114718392, 0.6932348925606241, 0.9459247780764418, 0.9877975382595277, 0.6932348925606241, 0.7230035114718392, 0.9459247780764418, 0.6932348925606241, 0.7230035114718392, 0.25216642664740885, 0.7230035114718392, 0.9459247780764418, 0.7230035114718392, 0.7230035114718392, 0.7230035114718392, 0.9459247780764418, 0.9459247780764418, 0.7230035114718392, 0.9459247780764418, 0.6932348925606241, 0.9459247780764418, 0.7230035114718392, 0.9459247780764418, 0.7230035114718392, 0.9459247780764418, 0.7230035114718392, 0.9459247780764418, 0.9459247780764418, 0.9459247780764418, 0.7230035114718392, 0.7230035114718392, 0.7230035114718392, 0.6932348925606241]",21,train,9
0.96,95,1,0,4,100,0,1,1,1,0,0,0,0,1,1,1,0,0,0,"(array([0.54911584, 0.70803607, 0.65902889]), array([0.78471941, 0.75420624, 0.76975858]), array([0.20827024, 0.24089263, 0.22472525]), array([0.44708383, 0.28637701, 0.3368333 ]))","['QwenPRM_avg_scores (7.63B)', 'GPM (8B)', 'EurusPRMStage2_avg_scores (7.62B)']","[0.9877975382595277, 0.9877975382595277, 0.9877975382595277, 0.9877975382595277, 0.9877975382595277, 0.9127225345945734, 0.9235411251542816, 0.7230035114718392, 0.9877975382595277, 0.9459247780764418, 0.9459247780764418, 0.9877975382595277, 0.6094407157883333, 0.9877975382595277, 0.9127225345945734, 0.7230035114718392, 0.25216642664740885, 0.9877975382595277, 0.9877975382595277, 0.9877975382595277, 0.9877975382595277, 0.9877975382595277, 0.9877975382595277, 0.25216642664740885, 0.9877975382595277, 0.9127225345945734, 0.9877975382595277, 0.9877975382595277, 0.7230035114718392, 0.7230035114718392, 0.9877975382595277, 0.7230035114718392, 0.25216642664740885, 0.9877975382595277, 0.9877975382595277, 0.6932348925606241, 0.9877975382595277, 0.9877975382595277, 0.9877975382595277, 0.9877975382595277, 0.9877975382595277, 0.9127225345945734, 0.9235411251542816, 0.9127225345945734, 0.9877975382595277, 0.9459247780764418, 0.7230035114718392, 0.9127225345945734, 0.9459247780764418, 0.9877975382595277, 0.7230035114718392, 0.9877975382595277, 0.9127225345945734, 0.9877975382595277, 0.9235411251542816, 0.9877975382595277, 0.9877975382595277, 0.9235411251542816, 0.9877975382595277, 0.9877975382595277, 0.9459247780764418, 0.9877975382595277, 0.9877975382595277, 0.7230035114718392, 0.9877975382595277, 0.9235411251542816, 0.9877975382595277, 0.7230035114718392, 0.9877975382595277, 0.25216642664740885, 0.9877975382595277, 0.9877975382595277, 0.9877975382595277, 0.7230035114718392, 0.9235411251542816, 0.9459247780764418, 0.9235411251542816, 0.7230035114718392, 0.9459247780764418, 0.9877975382595277, 0.9459247780764418, 0.7230035114718392, 0.6932348925606241, 0.9877975382595277, 0.9877975382595277, 0.25216642664740885, 0.9459247780764418, 0.9459247780764418, 0.9235411251542816, 0.9235411251542816, 0.9877975382595277, 0.9877975382595277, 0.9877975382595277, 0.9459247780764418, 0.9877975382595277, 0.9877975382595277, 0.9235411251542816, 0.9877975382595277, 0.9459247780764418, 0.7230035114718392]",22,train,9
0.28,11,17,72,0,100,29,1,1,1,0,0,0,29,1,1,1,0,0,0,"(array([0.54911584, 0.70803607, 0.65902889]), array([0.78471941, 0.75420624, 0.76975858]), array([0.20827024, 0.24089263, 0.22472525]), array([0.44708383, 0.28637701, 0.3368333 ]))","['QwenPRM_avg_scores (7.63B)', 'GPM (8B)', 'EurusPRMStage2_avg_scores (7.62B)']","[0.9235411251542816, 0.6094407157883333, 0.9127225345945734, 0.7230035114718392, 0.7230035114718392, 0.25216642664740885, 0.7230035114718392, 0.7230035114718392, 0.7230035114718392, 0.25216642664740885, 0.25216642664740885, 0.9459247780764418, 0.7230035114718392, 0.7230035114718392, 0.25216642664740885, 0.25216642664740885, 0.7230035114718392, 0.9459247780764418, 0.9459247780764418, 0.9459247780764418, 0.25216642664740885, 0.7230035114718392, 0.9235411251542816, 0.6094407157883333, 0.25216642664740885, 0.9459247780764418, 0.25216642664740885, 0.25216642664740885, 0.9459247780764418, 0.9877975382595277, 0.7230035114718392, 0.9459247780764418, 0.7230035114718392, 0.7230035114718392, 0.7230035114718392, 0.9877975382595277, 0.9877975382595277, 0.25216642664740885, 0.6932348925606241, 0.7230035114718392, 0.9235411251542816, 0.25216642664740885, 0.7230035114718392, 0.9127225345945734, 0.9877975382595277, 0.9459247780764418, 0.7230035114718392, 0.7230035114718392, 0.7230035114718392, 0.25216642664740885, 0.7230035114718392, 0.6932348925606241, 0.7230035114718392, 0.6932348925606241, 0.7230035114718392, 0.7230035114718392, 0.9459247780764418, 0.25216642664740885, 0.7230035114718392, 0.7230035114718392, 0.7230035114718392, 0.9459247780764418, 0.7230035114718392, 0.6094407157883333, 0.6932348925606241, 0.9459247780764418, 0.9459247780764418, 0.7230035114718392, 0.9459247780764418, 0.7230035114718392, 0.25216642664740885, 0.7230035114718392, 0.7230035114718392, 0.9459247780764418, 0.7230035114718392, 0.7230035114718392, 0.9459247780764418, 0.7230035114718392, 0.7230035114718392, 0.6094407157883333, 0.9459247780764418, 0.7230035114718392, 0.6094407157883333, 0.25216642664740885, 0.9877975382595277, 0.7230035114718392, 0.7230035114718392, 0.7230035114718392, 0.9877975382595277, 0.25216642664740885, 0.7230035114718392, 0.25216642664740885, 0.7230035114718392, 0.9459247780764418, 0.7230035114718392, 0.7230035114718392, 0.7230035114718392, 0.9235411251542816, 0.9127225345945734, 0.9459247780764418]",23,train,1
0.99,99,0,0,1,100,1,1,1,1,0,0,0,1,1,1,1,0,0,0,"(array([0.54911584, 0.70803607, 0.65902889]), array([0.78471941, 0.75420624, 0.76975858]), array([0.20827024, 0.24089263, 0.22472525]), array([0.44708383, 0.28637701, 0.3368333 ]))","['QwenPRM_avg_scores (7.63B)', 'GPM (8B)', 'EurusPRMStage2_avg_scores (7.62B)']","[0.6932348925606241, 0.9877975382595277, 0.6932348925606241, 0.9459247780764418, 0.9127225345945734, 0.6932348925606241, 0.7230035114718392, 0.9459247780764418, 0.9459247780764418, 0.9459247780764418, 0.9877975382595277, 0.7230035114718392, 0.7230035114718392, 0.9459247780764418, 0.9459247780764418, 0.9877975382595277, 0.9877975382595277, 0.9459247780764418, 0.7230035114718392, 0.9459247780764418, 0.9459247780764418, 0.9459247780764418, 0.9235411251542816, 0.9459247780764418, 0.6932348925606241, 0.9877975382595277, 0.9877975382595277, 0.7230035114718392, 0.9877975382595277, 0.9459247780764418, 0.9459247780764418, 0.6932348925606241, 0.9235411251542816, 0.9459247780764418, 0.9235411251542816, 0.6094407157883333, 0.9877975382595277, 0.9877975382595277, 0.9459247780764418, 0.9459247780764418, 0.7230035114718392, 0.7230035114718392, 0.7230035114718392, 0.9877975382595277, 0.9459247780764418, 0.6932348925606241, 0.7230035114718392, 0.9459247780764418, 0.6932348925606241, 0.9459247780764418, 0.7230035114718392, 0.9235411251542816, 0.9877975382595277, 0.9459247780764418, 0.9877975382595277, 0.9459247780764418, 0.9877975382595277, 0.6932348925606241, 0.9459247780764418, 0.9459247780764418, 0.25216642664740885, 0.9459247780764418, 0.6932348925606241, 0.9877975382595277, 0.6932348925606241, 0.9235411251542816, 0.9459247780764418, 0.9127225345945734, 0.9459247780764418, 0.7230035114718392, 0.9235411251542816, 0.7230035114718392, 0.6932348925606241, 0.9459247780764418, 0.9459247780764418, 0.6932348925606241, 0.9459247780764418, 0.6932348925606241, 0.9459247780764418, 0.6094407157883333, 0.9877975382595277, 0.7230035114718392, 0.9877975382595277, 0.9459247780764418, 0.6932348925606241, 0.9235411251542816, 0.9877975382595277, 0.6932348925606241, 0.9459247780764418, 0.9459247780764418, 0.6932348925606241, 0.9459247780764418, 0.9459247780764418, 0.9127225345945734, 0.9459247780764418, 0.9127225345945734, 0.6932348925606241, 0.7230035114718392, 0.7230035114718392, 0.9877975382595277]",24,train,9
0.89,68,21,4,7,100,4,1,1,1,0,0,0,4,1,1,1,0,0,0,"(array([0.54911584, 0.70803607, 0.65902889]), array([0.78471941, 0.75420624, 0.76975858]), array([0.20827024, 0.24089263, 0.22472525]), array([0.44708383, 0.28637701, 0.3368333 ]))","['QwenPRM_avg_scores (7.63B)', 'GPM (8B)', 'EurusPRMStage2_avg_scores (7.62B)']","[0.7230035114718392, 0.6932348925606241, 0.6932348925606241, 0.25216642664740885, 0.9459247780764418, 0.25216642664740885, 0.9459247780764418, 0.7230035114718392, 0.6932348925606241, 0.9459247780764418, 0.25216642664740885, 0.25216642664740885, 0.7230035114718392, 0.7230035114718392, 0.7230035114718392, 0.7230035114718392, 0.7230035114718392, 0.7230035114718392, 0.25216642664740885, 0.25216642664740885, 0.25216642664740885, 0.25216642664740885, 0.9459247780764418, 0.6932348925606241, 0.25216642664740885, 0.25216642664740885, 0.7230035114718392, 0.7230035114718392, 0.9459247780764418, 0.6932348925606241, 0.9459247780764418, 0.7230035114718392, 0.9459247780764418, 0.7230035114718392, 0.7230035114718392, 0.25216642664740885, 0.6932348925606241, 0.7230035114718392, 0.9459247780764418, 0.7230035114718392, 0.25216642664740885, 0.9459247780764418, 0.25216642664740885, 0.7230035114718392, 0.25216642664740885, 0.9459247780764418, 0.25216642664740885, 0.25216642664740885, 0.7230035114718392, 0.25216642664740885, 0.25216642664740885, 0.6932348925606241, 0.25216642664740885, 0.6932348925606241, 0.7230035114718392, 0.6932348925606241, 0.25216642664740885, 0.25216642664740885, 0.9459247780764418, 0.7230035114718392, 0.7230035114718392, 0.7230035114718392, 0.7230035114718392, 0.6932348925606241, 0.6932348925606241, 0.25216642664740885, 0.9459247780764418, 0.9459247780764418, 0.9459247780764418, 0.9459247780764418, 0.25216642664740885, 0.25216642664740885, 0.6932348925606241, 0.9459247780764418, 0.7230035114718392, 0.7230035114718392, 0.9459247780764418, 0.7230035114718392, 0.25216642664740885, 0.9459247780764418, 0.9459247780764418, 0.7230035114718392, 0.7230035114718392, 0.7230035114718392, 0.9459247780764418, 0.7230035114718392, 0.7230035114718392, 0.7230035114718392, 0.7230035114718392, 0.7230035114718392, 0.6932348925606241, 0.9459247780764418, 0.25216642664740885, 0.9459247780764418, 0.7230035114718392, 0.25216642664740885, 0.9459247780764418, 0.25216642664740885, 0.9459247780764418, 0.9459247780764418]",25,train,7
0.62,57,5,35,3,100,1,1,1,1,0,0,0,1,1,1,1,0,0,0,"(array([0.54911584, 0.70803607, 0.65902889]), array([0.78471941, 0.75420624, 0.76975858]), array([0.20827024, 0.24089263, 0.22472525]), array([0.44708383, 0.28637701, 0.3368333 ]))","['QwenPRM_avg_scores (7.63B)', 'GPM (8B)', 'EurusPRMStage2_avg_scores (7.62B)']","[0.7230035114718392, 0.9459247780764418, 0.7230035114718392, 0.7230035114718392, 0.6932348925606241, 0.7230035114718392, 0.7230035114718392, 0.7230035114718392, 0.7230035114718392, 0.6932348925606241, 0.6932348925606241, 0.9459247780764418, 0.7230035114718392, 0.9459247780764418, 0.7230035114718392, 0.25216642664740885, 0.7230035114718392, 0.9459247780764418, 0.9459247780764418, 0.7230035114718392, 0.7230035114718392, 0.7230035114718392, 0.9459247780764418, 0.7230035114718392, 0.6932348925606241, 0.7230035114718392, 0.7230035114718392, 0.9459247780764418, 0.7230035114718392, 0.7230035114718392, 0.7230035114718392, 0.7230035114718392, 0.7230035114718392, 0.9459247780764418, 0.7230035114718392, 0.7230035114718392, 0.25216642664740885, 0.7230035114718392, 0.6932348925606241, 0.9459247780764418, 0.9459247780764418, 0.7230035114718392, 0.7230035114718392, 0.7230035114718392, 0.25216642664740885, 0.9459247780764418, 0.9459247780764418, 0.25216642664740885, 0.7230035114718392, 0.7230035114718392, 0.25216642664740885, 0.7230035114718392, 0.9459247780764418, 0.7230035114718392, 0.7230035114718392, 0.7230035114718392, 0.7230035114718392, 0.7230035114718392, 0.7230035114718392, 0.7230035114718392, 0.6932348925606241, 0.9459247780764418, 0.25216642664740885, 0.7230035114718392, 0.7230035114718392, 0.9459247780764418, 0.9459247780764418, 0.7230035114718392, 0.9459247780764418, 0.9459247780764418, 0.7230035114718392, 0.7230035114718392, 0.7230035114718392, 0.7230035114718392, 0.9459247780764418, 0.9459247780764418, 0.7230035114718392, 0.9459247780764418, 0.7230035114718392, 0.7230035114718392, 0.9459247780764418, 0.7230035114718392, 0.9459247780764418, 0.9459247780764418, 0.6932348925606241, 0.9459247780764418, 0.9459247780764418, 0.7230035114718392, 0.25216642664740885, 0.6932348925606241, 0.25216642664740885, 0.7230035114718392, 0.7230035114718392, 0.6932348925606241, 0.9459247780764418, 0.7230035114718392, 0.7230035114718392, 0.9459247780764418, 0.7230035114718392, 0.9459247780764418]",26,train,5
0.99,99,0,0,1,100,0,1,1,1,0,0,0,0,1,1,1,0,0,0,"(array([0.54911584, 0.70803607, 0.65902889]), array([0.78471941, 0.75420624, 0.76975858]), array([0.20827024, 0.24089263, 0.22472525]), array([0.44708383, 0.28637701, 0.3368333 ]))","['QwenPRM_avg_scores (7.63B)', 'GPM (8B)', 'EurusPRMStage2_avg_scores (7.62B)']","[0.9877975382595277, 0.9877975382595277, 0.9235411251542816, 0.9235411251542816, 0.9127225345945734, 0.9877975382595277, 0.9877975382595277, 0.6932348925606241, 0.9459247780764418, 0.9459247780764418, 0.9877975382595277, 0.9877975382595277, 0.9459247780764418, 0.9459247780764418, 0.9877975382595277, 0.9877975382595277, 0.6932348925606241, 0.7230035114718392, 0.9877975382595277, 0.6932348925606241, 0.6932348925606241, 0.9877975382595277, 0.9877975382595277, 0.9877975382595277, 0.9877975382595277, 0.9877975382595277, 0.7230035114718392, 0.9877975382595277, 0.9459247780764418, 0.9127225345945734, 0.6932348925606241, 0.9877975382595277, 0.9459247780764418, 0.6932348925606241, 0.9127225345945734, 0.9459247780764418, 0.9877975382595277, 0.6932348925606241, 0.9459247780764418, 0.9877975382595277, 0.9127225345945734, 0.9877975382595277, 0.9235411251542816, 0.9877975382595277, 0.6932348925606241, 0.9235411251542816, 0.9877975382595277, 0.9459247780764418, 0.9127225345945734, 0.9459247780764418, 0.9459247780764418, 0.9877975382595277, 0.9459247780764418, 0.9877975382595277, 0.9877975382595277, 0.9877975382595277, 0.9877975382595277, 0.9877975382595277, 0.7230035114718392, 0.9459247780764418, 0.9877975382595277, 0.9127225345945734, 0.9877975382595277, 0.9877975382595277, 0.9877975382595277, 0.9235411251542816, 0.9459247780764418, 0.9459247780764418, 0.9459247780764418, 0.9877975382595277, 0.9235411251542816, 0.9127225345945734, 0.9877975382595277, 0.9459247780764418, 0.25216642664740885, 0.9459247780764418, 0.9877975382595277, 0.9877975382595277, 0.9127225345945734, 0.9127225345945734, 0.6932348925606241, 0.9235411251542816, 0.9235411251542816, 0.9459247780764418, 0.9877975382595277, 0.9127225345945734, 0.9127225345945734, 0.9459247780764418, 0.9877975382595277, 0.9877975382595277, 0.9877975382595277, 0.9877975382595277, 0.9127225345945734, 0.7230035114718392, 0.9877975382595277, 0.9459247780764418, 0.9877975382595277, 0.9235411251542816, 0.9877975382595277, 0.9459247780764418]",27,train,9
0.62,39,23,35,3,100,23,1,1,1,0,0,0,23,1,1,1,0,0,0,"(array([0.54911584, 0.70803607, 0.65902889]), array([0.78471941, 0.75420624, 0.76975858]), array([0.20827024, 0.24089263, 0.22472525]), array([0.44708383, 0.28637701, 0.3368333 ]))","['QwenPRM_avg_scores (7.63B)', 'GPM (8B)', 'EurusPRMStage2_avg_scores (7.62B)']","[0.6932348925606241, 0.9459247780764418, 0.6932348925606241, 0.6932348925606241, 0.9459247780764418, 0.7230035114718392, 0.25216642664740885, 0.6932348925606241, 0.6932348925606241, 0.25216642664740885, 0.25216642664740885, 0.9459247780764418, 0.7230035114718392, 0.9459247780764418, 0.25216642664740885, 0.6932348925606241, 0.25216642664740885, 0.7230035114718392, 0.25216642664740885, 0.6932348925606241, 0.6932348925606241, 0.25216642664740885, 0.9459247780764418, 0.9877975382595277, 0.25216642664740885, 0.9459247780764418, 0.6932348925606241, 0.6932348925606241, 0.25216642664740885, 0.7230035114718392, 0.7230035114718392, 0.6932348925606241, 0.7230035114718392, 0.7230035114718392, 0.25216642664740885, 0.9459247780764418, 0.25216642664740885, 0.6932348925606241, 0.6932348925606241, 0.6932348925606241, 0.7230035114718392, 0.7230035114718392, 0.6932348925606241, 0.7230035114718392, 0.6932348925606241, 0.7230035114718392, 0.25216642664740885, 0.9459247780764418, 0.25216642664740885, 0.7230035114718392, 0.25216642664740885, 0.25216642664740885, 0.9459247780764418, 0.9459247780764418, 0.9877975382595277, 0.9877975382595277, 0.9459247780764418, 0.7230035114718392, 0.7230035114718392, 0.6932348925606241, 0.9459247780764418, 0.7230035114718392, 0.6932348925606241, 0.9459247780764418, 0.7230035114718392, 0.25216642664740885, 0.9235411251542816, 0.6932348925606241, 0.6932348925606241, 0.9127225345945734, 0.9459247780764418, 0.25216642664740885, 0.25216642664740885, 0.7230035114718392, 0.7230035114718392, 0.9459247780764418, 0.6932348925606241, 0.25216642664740885, 0.25216642664740885, 0.25216642664740885, 0.9459247780764418, 0.9877975382595277, 0.9459247780764418, 0.25216642664740885, 0.6932348925606241, 0.9459247780764418, 0.9459247780764418, 0.25216642664740885, 0.25216642664740885, 0.6932348925606241, 0.9459247780764418, 0.7230035114718392, 0.9459247780764418, 0.9459247780764418, 0.9877975382595277, 0.25216642664740885, 0.7230035114718392, 0.25216642664740885, 0.6094407157883333, 0.6932348925606241]",28,train,4
0.99,97,2,0,1,100,0,1,1,1,0,0,0,0,1,1,1,0,0,0,"(array([0.54911584, 0.70803607, 0.65902889]), array([0.78471941, 0.75420624, 0.76975858]), array([0.20827024, 0.24089263, 0.22472525]), array([0.44708383, 0.28637701, 0.3368333 ]))","['QwenPRM_avg_scores (7.63B)', 'GPM (8B)', 'EurusPRMStage2_avg_scores (7.62B)']","[0.9877975382595277, 0.9127225345945734, 0.9459247780764418, 0.9127225345945734, 0.9877975382595277, 0.6932348925606241, 0.7230035114718392, 0.9459247780764418, 0.9459247780764418, 0.9459247780764418, 0.9877975382595277, 0.9459247780764418, 0.9877975382595277, 0.7230035114718392, 0.9459247780764418, 0.9459247780764418, 0.6932348925606241, 0.9877975382595277, 0.9127225345945734, 0.9127225345945734, 0.9459247780764418, 0.9127225345945734, 0.9877975382595277, 0.9877975382595277, 0.9127225345945734, 0.25216642664740885, 0.9459247780764418, 0.9459247780764418, 0.7230035114718392, 0.9459247780764418, 0.9459247780764418, 0.9127225345945734, 0.9235411251542816, 0.9127225345945734, 0.9459247780764418, 0.9127225345945734, 0.9235411251542816, 0.9459247780764418, 0.9459247780764418, 0.9459247780764418, 0.9459247780764418, 0.9127225345945734, 0.9877975382595277, 0.9877975382595277, 0.9459247780764418, 0.9877975382595277, 0.9877975382595277, 0.9877975382595277, 0.7230035114718392, 0.9877975382595277, 0.9127225345945734, 0.9127225345945734, 0.9459247780764418, 0.9127225345945734, 0.9877975382595277, 0.6932348925606241, 0.9459247780764418, 0.7230035114718392, 0.9459247780764418, 0.9877975382595277, 0.9127225345945734, 0.9459247780764418, 0.9877975382595277, 0.9459247780764418, 0.25216642664740885, 0.7230035114718392, 0.9877975382595277, 0.9127225345945734, 0.9877975382595277, 0.9877975382595277, 0.9235411251542816, 0.9877975382595277, 0.9877975382595277, 0.9127225345945734, 0.7230035114718392, 0.9459247780764418, 0.6932348925606241, 0.9877975382595277, 0.9877975382595277, 0.7230035114718392, 0.9127225345945734, 0.9127225345945734, 0.9127225345945734, 0.9235411251542816, 0.9877975382595277, 0.9235411251542816, 0.9459247780764418, 0.9877975382595277, 0.25216642664740885, 0.9459247780764418, 0.6932348925606241, 0.6932348925606241, 0.9235411251542816, 0.9459247780764418, 0.9877975382595277, 0.9877975382595277, 0.9877975382595277, 0.9877975382595277, 0.9235411251542816, 0.9459247780764418]",29,train,9
0.92,88,4,1,7,100,4,1,1,1,0,0,0,4,1,1,1,0,0,0,"(array([0.54911584, 0.70803607, 0.65902889]), array([0.78471941, 0.75420624, 0.76975858]), array([0.20827024, 0.24089263, 0.22472525]), array([0.44708383, 0.28637701, 0.3368333 ]))","['QwenPRM_avg_scores (7.63B)', 'GPM (8B)', 'EurusPRMStage2_avg_scores (7.62B)']","[0.9459247780764418, 0.7230035114718392, 0.7230035114718392, 0.25216642664740885, 0.9877975382595277, 0.7230035114718392, 0.7230035114718392, 0.9459247780764418, 0.7230035114718392, 0.7230035114718392, 0.7230035114718392, 0.9459247780764418, 0.25216642664740885, 0.9459247780764418, 0.7230035114718392, 0.25216642664740885, 0.7230035114718392, 0.7230035114718392, 0.7230035114718392, 0.7230035114718392, 0.7230035114718392, 0.7230035114718392, 0.9459247780764418, 0.7230035114718392, 0.7230035114718392, 0.7230035114718392, 0.7230035114718392, 0.7230035114718392, 0.9459247780764418, 0.7230035114718392, 0.25216642664740885, 0.9459247780764418, 0.9459247780764418, 0.7230035114718392, 0.7230035114718392, 0.7230035114718392, 0.7230035114718392, 0.7230035114718392, 0.9877975382595277, 0.7230035114718392, 0.9459247780764418, 0.7230035114718392, 0.7230035114718392, 0.9459247780764418, 0.25216642664740885, 0.9459247780764418, 0.7230035114718392, 0.7230035114718392, 0.9459247780764418, 0.7230035114718392, 0.7230035114718392, 0.25216642664740885, 0.25216642664740885, 0.7230035114718392, 0.7230035114718392, 0.7230035114718392, 0.9877975382595277, 0.7230035114718392, 0.7230035114718392, 0.9459247780764418, 0.7230035114718392, 0.7230035114718392, 0.7230035114718392, 0.9459247780764418, 0.6932348925606241, 0.6932348925606241, 0.7230035114718392, 0.7230035114718392, 0.7230035114718392, 0.7230035114718392, 0.7230035114718392, 0.25216642664740885, 0.7230035114718392, 0.7230035114718392, 0.6932348925606241, 0.9459247780764418, 0.9459247780764418, 0.25216642664740885, 0.7230035114718392, 0.9459247780764418, 0.7230035114718392, 0.7230035114718392, 0.7230035114718392, 0.7230035114718392, 0.25216642664740885, 0.7230035114718392, 0.9459247780764418, 0.7230035114718392, 0.7230035114718392, 0.9459247780764418, 0.7230035114718392, 0.7230035114718392, 0.7230035114718392, 0.7230035114718392, 0.9459247780764418, 0.7230035114718392, 0.7230035114718392, 0.7230035114718392, 0.25216642664740885, 0.9459247780764418]",30,train,9
0.93,92,1,0,7,100,1,1,1,1,0,0,0,1,1,1,1,0,0,0,"(array([0.54911584, 0.70803607, 0.65902889]), array([0.78471941, 0.75420624, 0.76975858]), array([0.20827024, 0.24089263, 0.22472525]), array([0.44708383, 0.28637701, 0.3368333 ]))","['QwenPRM_avg_scores (7.63B)', 'GPM (8B)', 'EurusPRMStage2_avg_scores (7.62B)']","[0.6932348925606241, 0.9877975382595277, 0.9459247780764418, 0.7230035114718392, 0.9877975382595277, 0.7230035114718392, 0.9235411251542816, 0.6094407157883333, 0.9235411251542816, 0.9877975382595277, 0.9127225345945734, 0.7230035114718392, 0.9127225345945734, 0.9877975382595277, 0.9459247780764418, 0.9877975382595277, 0.6932348925606241, 0.25216642664740885, 0.9877975382595277, 0.9459247780764418, 0.7230035114718392, 0.7230035114718392, 0.9127225345945734, 0.9877975382595277, 0.9877975382595277, 0.7230035114718392, 0.7230035114718392, 0.7230035114718392, 0.9235411251542816, 0.7230035114718392, 0.7230035114718392, 0.9877975382595277, 0.7230035114718392, 0.9459247780764418, 0.7230035114718392, 0.6932348925606241, 0.9127225345945734, 0.9877975382595277, 0.9877975382595277, 0.9459247780764418, 0.7230035114718392, 0.25216642664740885, 0.25216642664740885, 0.25216642664740885, 0.7230035114718392, 0.9877975382595277, 0.7230035114718392, 0.7230035114718392, 0.9235411251542816, 0.9877975382595277, 0.9459247780764418, 0.6932348925606241, 0.9459247780764418, 0.7230035114718392, 0.7230035114718392, 0.25216642664740885, 0.9235411251542816, 0.7230035114718392, 0.9877975382595277, 0.9235411251542816, 0.25216642664740885, 0.7230035114718392, 0.9459247780764418, 0.9877975382595277, 0.7230035114718392, 0.9459247780764418, 0.9235411251542816, 0.25216642664740885, 0.9459247780764418, 0.7230035114718392, 0.7230035114718392, 0.7230035114718392, 0.7230035114718392, 0.7230035114718392, 0.9459247780764418, 0.9877975382595277, 0.25216642664740885, 0.9459247780764418, 0.9459247780764418, 0.7230035114718392, 0.7230035114718392, 0.9235411251542816, 0.9459247780764418, 0.9127225345945734, 0.9877975382595277, 0.9127225345945734, 0.7230035114718392, 0.9127225345945734, 0.7230035114718392, 0.7230035114718392, 0.9459247780764418, 0.9127225345945734, 0.7230035114718392, 0.7230035114718392, 0.9459247780764418, 0.7230035114718392, 0.7230035114718392, 0.9127225345945734, 0.9235411251542816, 0.9459247780764418]",31,train,9
0.94,94,0,0,6,100,15,1,1,1,0,0,0,15,1,1,1,0,0,0,"(array([0.54911584, 0.70803607, 0.65902889]), array([0.78471941, 0.75420624, 0.76975858]), array([0.20827024, 0.24089263, 0.22472525]), array([0.44708383, 0.28637701, 0.3368333 ]))","['QwenPRM_avg_scores (7.63B)', 'GPM (8B)', 'EurusPRMStage2_avg_scores (7.62B)']","[0.7230035114718392, 0.7230035114718392, 0.9235411251542816, 0.7230035114718392, 0.7230035114718392, 0.7230035114718392, 0.7230035114718392, 0.7230035114718392, 0.6932348925606241, 0.7230035114718392, 0.9459247780764418, 0.7230035114718392, 0.9459247780764418, 0.25216642664740885, 0.9459247780764418, 0.9877975382595277, 0.9459247780764418, 0.9459247780764418, 0.7230035114718392, 0.6932348925606241, 0.9459247780764418, 0.7230035114718392, 0.7230035114718392, 0.6932348925606241, 0.25216642664740885, 0.6932348925606241, 0.7230035114718392, 0.9459247780764418, 0.9877975382595277, 0.25216642664740885, 0.7230035114718392, 0.25216642664740885, 0.7230035114718392, 0.9459247780764418, 0.7230035114718392, 0.7230035114718392, 0.7230035114718392, 0.9459247780764418, 0.7230035114718392, 0.7230035114718392, 0.9235411251542816, 0.6932348925606241, 0.6932348925606241, 0.9459247780764418, 0.9459247780764418, 0.9459247780764418, 0.9459247780764418, 0.7230035114718392, 0.6932348925606241, 0.6932348925606241, 0.7230035114718392, 0.7230035114718392, 0.9127225345945734, 0.9877975382595277, 0.9127225345945734, 0.9459247780764418, 0.9459247780764418, 0.9459247780764418, 0.6932348925606241, 0.9459247780764418, 0.9459247780764418, 0.7230035114718392, 0.7230035114718392, 0.7230035114718392, 0.9127225345945734, 0.7230035114718392, 0.7230035114718392, 0.7230035114718392, 0.7230035114718392, 0.9459247780764418, 0.9459247780764418, 0.7230035114718392, 0.9459247780764418, 0.6932348925606241, 0.9127225345945734, 0.9459247780764418, 0.7230035114718392, 0.9459247780764418, 0.9459247780764418, 0.25216642664740885, 0.7230035114718392, 0.9459247780764418, 0.7230035114718392, 0.7230035114718392, 0.25216642664740885, 0.6932348925606241, 0.9235411251542816, 0.9459247780764418, 0.9127225345945734, 0.9459247780764418, 0.9459247780764418, 0.7230035114718392, 0.7230035114718392, 0.9459247780764418, 0.7230035114718392, 0.7230035114718392, 0.9459247780764418, 0.6932348925606241, 0.9459247780764418, 0.7230035114718392]",32,train,9
0.98,98,0,0,2,100,3,1,1,1,0,0,0,3,1,1,1,0,0,0,"(array([0.54911584, 0.70803607, 0.65902889]), array([0.78471941, 0.75420624, 0.76975858]), array([0.20827024, 0.24089263, 0.22472525]), array([0.44708383, 0.28637701, 0.3368333 ]))","['QwenPRM_avg_scores (7.63B)', 'GPM (8B)', 'EurusPRMStage2_avg_scores (7.62B)']","[0.7230035114718392, 0.25216642664740885, 0.9459247780764418, 0.9877975382595277, 0.7230035114718392, 0.9877975382595277, 0.9235411251542816, 0.7230035114718392, 0.9877975382595277, 0.9235411251542816, 0.9877975382595277, 0.6932348925606241, 0.7230035114718392, 0.9877975382595277, 0.9877975382595277, 0.25216642664740885, 0.7230035114718392, 0.7230035114718392, 0.9459247780764418, 0.9877975382595277, 0.9127225345945734, 0.9459247780764418, 0.9235411251542816, 0.9877975382595277, 0.9459247780764418, 0.6932348925606241, 0.9877975382595277, 0.9127225345945734, 0.9877975382595277, 0.9459247780764418, 0.7230035114718392, 0.9877975382595277, 0.7230035114718392, 0.9877975382595277, 0.7230035114718392, 0.7230035114718392, 0.9235411251542816, 0.9877975382595277, 0.6094407157883333, 0.9127225345945734, 0.9459247780764418, 0.9877975382595277, 0.7230035114718392, 0.9235411251542816, 0.9127225345945734, 0.9127225345945734, 0.6932348925606241, 0.9877975382595277, 0.9459247780764418, 0.9127225345945734, 0.9459247780764418, 0.9127225345945734, 0.9459247780764418, 0.9877975382595277, 0.9877975382595277, 0.7230035114718392, 0.9459247780764418, 0.6932348925606241, 0.7230035114718392, 0.7230035114718392, 0.9877975382595277, 0.7230035114718392, 0.9877975382595277, 0.9877975382595277, 0.7230035114718392, 0.9127225345945734, 0.9127225345945734, 0.9235411251542816, 0.9459247780764418, 0.6932348925606241, 0.6094407157883333, 0.9127225345945734, 0.7230035114718392, 0.7230035114718392, 0.9877975382595277, 0.9235411251542816, 0.9877975382595277, 0.7230035114718392, 0.9877975382595277, 0.9877975382595277, 0.7230035114718392, 0.7230035114718392, 0.9459247780764418, 0.9127225345945734, 0.9877975382595277, 0.7230035114718392, 0.9877975382595277, 0.7230035114718392, 0.7230035114718392, 0.9877975382595277, 0.9459247780764418, 0.9877975382595277, 0.9877975382595277, 0.9459247780764418, 0.6094407157883333, 0.9877975382595277, 0.9877975382595277, 0.9235411251542816, 0.9877975382595277, 0.9459247780764418]",33,train,9
0.7,0,70,30,0,100,3,0,0,0,0,1,0,3,1,0,0,0,1,0,"(array([0.54911584, 0.70803607, 0.65902889]), array([0.78471941, 0.75420624, 0.76975858]), array([0.20827024, 0.24089263, 0.22472525]), array([0.44708383, 0.28637701, 0.3368333 ]))","['QwenPRM_avg_scores (7.63B)', 'GPM (8B)', 'EurusPRMStage2_avg_scores (7.62B)']","[0.25216642664740885, 0.25216642664740885, 0.25216642664740885, 0.9459247780764418, 0.25216642664740885, 0.25216642664740885, 0.25216642664740885, 0.25216642664740885, 0.25216642664740885, 0.25216642664740885, 0.25216642664740885, 0.25216642664740885, 0.25216642664740885, 0.25216642664740885, 0.25216642664740885, 0.7230035114718392, 0.7230035114718392, 0.7230035114718392, 0.25216642664740885, 0.25216642664740885, 0.25216642664740885, 0.25216642664740885, 0.25216642664740885, 0.25216642664740885, 0.7230035114718392, 0.7230035114718392, 0.25216642664740885, 0.25216642664740885, 0.25216642664740885, 0.25216642664740885, 0.25216642664740885, 0.25216642664740885, 0.25216642664740885, 0.25216642664740885, 0.25216642664740885, 0.25216642664740885, 0.25216642664740885, 0.7230035114718392, 0.25216642664740885, 0.25216642664740885, 0.25216642664740885, 0.7230035114718392, 0.25216642664740885, 0.9459247780764418, 0.25216642664740885, 0.25216642664740885, 0.25216642664740885, 0.25216642664740885, 0.25216642664740885, 0.25216642664740885, 0.25216642664740885, 0.7230035114718392, 0.7230035114718392, 0.25216642664740885, 0.25216642664740885, 0.6932348925606241, 0.6932348925606241, 0.25216642664740885, 0.25216642664740885, 0.25216642664740885, 0.7230035114718392, 0.25216642664740885, 0.25216642664740885, 0.6932348925606241, 0.25216642664740885, 0.25216642664740885, 0.7230035114718392, 0.7230035114718392, 0.25216642664740885, 0.25216642664740885, 0.25216642664740885, 0.7230035114718392, 0.25216642664740885, 0.7230035114718392, 0.25216642664740885, 0.25216642664740885, 0.25216642664740885, 0.25216642664740885, 0.7230035114718392, 0.25216642664740885, 0.25216642664740885, 0.25216642664740885, 0.25216642664740885, 0.25216642664740885, 0.7230035114718392, 0.25216642664740885, 0.25216642664740885, 0.7230035114718392, 0.7230035114718392, 0.25216642664740885, 0.7230035114718392, 0.7230035114718392, 0.25216642664740885, 0.7230035114718392, 0.7230035114718392, 0.7230035114718392, 0.7230035114718392, 0.25216642664740885, 0.25216642664740885, 0.7230035114718392]",34,train,0
0.93,93,0,7,0,100,4,1,1,1,0,0,0,4,1,1,1,0,0,0,"(array([0.54911584, 0.70803607, 0.65902889]), array([0.78471941, 0.75420624, 0.76975858]), array([0.20827024, 0.24089263, 0.22472525]), array([0.44708383, 0.28637701, 0.3368333 ]))","['QwenPRM_avg_scores (7.63B)', 'GPM (8B)', 'EurusPRMStage2_avg_scores (7.62B)']","[0.7230035114718392, 0.9459247780764418, 0.9459247780764418, 0.9235411251542816, 0.9877975382595277, 0.9877975382595277, 0.9877975382595277, 0.9877975382595277, 0.9877975382595277, 0.9877975382595277, 0.9459247780764418, 0.9877975382595277, 0.7230035114718392, 0.9127225345945734, 0.9877975382595277, 0.9127225345945734, 0.9877975382595277, 0.9127225345945734, 0.6932348925606241, 0.9459247780764418, 0.9127225345945734, 0.6932348925606241, 0.6932348925606241, 0.9459247780764418, 0.9877975382595277, 0.9877975382595277, 0.9127225345945734, 0.6932348925606241, 0.9877975382595277, 0.9127225345945734, 0.9877975382595277, 0.9877975382595277, 0.9459247780764418, 0.9877975382595277, 0.9877975382595277, 0.9127225345945734, 0.9877975382595277, 0.9877975382595277, 0.9127225345945734, 0.9877975382595277, 0.7230035114718392, 0.9877975382595277, 0.9877975382595277, 0.9877975382595277, 0.9877975382595277, 0.9127225345945734, 0.9127225345945734, 0.9877975382595277, 0.9877975382595277, 0.9459247780764418, 0.9877975382595277, 0.7230035114718392, 0.9459247780764418, 0.9877975382595277, 0.9877975382595277, 0.9235411251542816, 0.9877975382595277, 0.9459247780764418, 0.9877975382595277, 0.7230035114718392, 0.9459247780764418, 0.9235411251542816, 0.9877975382595277, 0.9127225345945734, 0.9127225345945734, 0.9235411251542816, 0.9127225345945734, 0.9459247780764418, 0.9459247780764418, 0.9127225345945734, 0.9459247780764418, 0.6932348925606241, 0.9235411251542816, 0.9877975382595277, 0.9459247780764418, 0.7230035114718392, 0.7230035114718392, 0.6932348925606241, 0.9459247780764418, 0.9877975382595277, 0.9877975382595277, 0.9459247780764418, 0.9127225345945734, 0.9877975382595277, 0.9459247780764418, 0.9877975382595277, 0.6932348925606241, 0.9235411251542816, 0.9877975382595277, 0.7230035114718392, 0.9877975382595277, 0.9127225345945734, 0.9459247780764418, 0.9877975382595277, 0.9877975382595277, 0.7230035114718392, 0.9127225345945734, 0.9459247780764418, 0.6932348925606241, 0.9877975382595277]",35,train,9
0.94,84,10,4,2,100,5,1,1,1,0,0,0,5,1,1,1,0,0,0,"(array([0.54911584, 0.70803607, 0.65902889]), array([0.78471941, 0.75420624, 0.76975858]), array([0.20827024, 0.24089263, 0.22472525]), array([0.44708383, 0.28637701, 0.3368333 ]))","['QwenPRM_avg_scores (7.63B)', 'GPM (8B)', 'EurusPRMStage2_avg_scores (7.62B)']","[0.6932348925606241, 0.9459247780764418, 0.9459247780764418, 0.7230035114718392, 0.9459247780764418, 0.9877975382595277, 0.7230035114718392, 0.9877975382595277, 0.9459247780764418, 0.9459247780764418, 0.25216642664740885, 0.6932348925606241, 0.9459247780764418, 0.9459247780764418, 0.9235411251542816, 0.25216642664740885, 0.9459247780764418, 0.9459247780764418, 0.6932348925606241, 0.9459247780764418, 0.9459247780764418, 0.9459247780764418, 0.7230035114718392, 0.7230035114718392, 0.7230035114718392, 0.9459247780764418, 0.7230035114718392, 0.7230035114718392, 0.9459247780764418, 0.9459247780764418, 0.6932348925606241, 0.25216642664740885, 0.9459247780764418, 0.9877975382595277, 0.9459247780764418, 0.7230035114718392, 0.9459247780764418, 0.9459247780764418, 0.6932348925606241, 0.9459247780764418, 0.9459247780764418, 0.7230035114718392, 0.25216642664740885, 0.9459247780764418, 0.25216642664740885, 0.9459247780764418, 0.7230035114718392, 0.9459247780764418, 0.6932348925606241, 0.9459247780764418, 0.25216642664740885, 0.9459247780764418, 0.7230035114718392, 0.9459247780764418, 0.6932348925606241, 0.9459247780764418, 0.6932348925606241, 0.7230035114718392, 0.9459247780764418, 0.9459247780764418, 0.7230035114718392, 0.6932348925606241, 0.6932348925606241, 0.7230035114718392, 0.9877975382595277, 0.9459247780764418, 0.7230035114718392, 0.9459247780764418, 0.9459247780764418, 0.6932348925606241, 0.25216642664740885, 0.7230035114718392, 0.25216642664740885, 0.7230035114718392, 0.25216642664740885, 0.9459247780764418, 0.9459247780764418, 0.25216642664740885, 0.9459247780764418, 0.7230035114718392, 0.9459247780764418, 0.6932348925606241, 0.9459247780764418, 0.7230035114718392, 0.7230035114718392, 0.25216642664740885, 0.6932348925606241, 0.9459247780764418, 0.9459247780764418, 0.9459247780764418, 0.25216642664740885, 0.9459247780764418, 0.6932348925606241, 0.9877975382595277, 0.9459247780764418, 0.9459247780764418, 0.9459247780764418, 0.7230035114718392, 0.7230035114718392, 0.6932348925606241]",36,train,8
0.78,21,57,19,3,100,29,1,1,1,0,0,0,29,1,1,1,0,0,0,"(array([0.54911584, 0.70803607, 0.65902889]), array([0.78471941, 0.75420624, 0.76975858]), array([0.20827024, 0.24089263, 0.22472525]), array([0.44708383, 0.28637701, 0.3368333 ]))","['QwenPRM_avg_scores (7.63B)', 'GPM (8B)', 'EurusPRMStage2_avg_scores (7.62B)']","[0.7230035114718392, 0.25216642664740885, 0.25216642664740885, 0.9127225345945734, 0.6932348925606241, 0.25216642664740885, 0.25216642664740885, 0.7230035114718392, 0.25216642664740885, 0.7230035114718392, 0.6932348925606241, 0.7230035114718392, 0.25216642664740885, 0.25216642664740885, 0.25216642664740885, 0.25216642664740885, 0.25216642664740885, 0.25216642664740885, 0.7230035114718392, 0.9235411251542816, 0.25216642664740885, 0.25216642664740885, 0.7230035114718392, 0.25216642664740885, 0.25216642664740885, 0.6932348925606241, 0.25216642664740885, 0.25216642664740885, 0.25216642664740885, 0.9459247780764418, 0.9459247780764418, 0.25216642664740885, 0.7230035114718392, 0.6094407157883333, 0.7230035114718392, 0.7230035114718392, 0.7230035114718392, 0.25216642664740885, 0.25216642664740885, 0.25216642664740885, 0.25216642664740885, 0.7230035114718392, 0.25216642664740885, 0.9459247780764418, 0.25216642664740885, 0.25216642664740885, 0.7230035114718392, 0.25216642664740885, 0.25216642664740885, 0.25216642664740885, 0.25216642664740885, 0.25216642664740885, 0.7230035114718392, 0.6932348925606241, 0.9459247780764418, 0.25216642664740885, 0.25216642664740885, 0.7230035114718392, 0.25216642664740885, 0.9459247780764418, 0.25216642664740885, 0.7230035114718392, 0.7230035114718392, 0.25216642664740885, 0.7230035114718392, 0.6932348925606241, 0.7230035114718392, 0.25216642664740885, 0.7230035114718392, 0.25216642664740885, 0.25216642664740885, 0.25216642664740885, 0.25216642664740885, 0.25216642664740885, 0.25216642664740885, 0.25216642664740885, 0.25216642664740885, 0.25216642664740885, 0.7230035114718392, 0.25216642664740885, 0.7230035114718392, 0.25216642664740885, 0.7230035114718392, 0.25216642664740885, 0.25216642664740885, 0.25216642664740885, 0.25216642664740885, 0.25216642664740885, 0.25216642664740885, 0.25216642664740885, 0.7230035114718392, 0.7230035114718392, 0.25216642664740885, 0.25216642664740885, 0.7230035114718392, 0.25216642664740885, 0.25216642664740885, 0.7230035114718392, 0.25216642664740885, 0.7230035114718392]",37,train,2
0.99,96,3,1,0,100,0,1,1,1,0,0,0,0,1,1,1,0,0,0,"(array([0.54911584, 0.70803607, 0.65902889]), array([0.78471941, 0.75420624, 0.76975858]), array([0.20827024, 0.24089263, 0.22472525]), array([0.44708383, 0.28637701, 0.3368333 ]))","['QwenPRM_avg_scores (7.63B)', 'GPM (8B)', 'EurusPRMStage2_avg_scores (7.62B)']","[0.9877975382595277, 0.9459247780764418, 0.9459247780764418, 0.9877975382595277, 0.9877975382595277, 0.9877975382595277, 0.9877975382595277, 0.9127225345945734, 0.9877975382595277, 0.25216642664740885, 0.9877975382595277, 0.9877975382595277, 0.9459247780764418, 0.9877975382595277, 0.9877975382595277, 0.9877975382595277, 0.6932348925606241, 0.9877975382595277, 0.9877975382595277, 0.9877975382595277, 0.9127225345945734, 0.9459247780764418, 0.9877975382595277, 0.9127225345945734, 0.9127225345945734, 0.9877975382595277, 0.9877975382595277, 0.9877975382595277, 0.9459247780764418, 0.6932348925606241, 0.9127225345945734, 0.9127225345945734, 0.9877975382595277, 0.9459247780764418, 0.9877975382595277, 0.7230035114718392, 0.9877975382595277, 0.9877975382595277, 0.9459247780764418, 0.9459247780764418, 0.9459247780764418, 0.25216642664740885, 0.9459247780764418, 0.7230035114718392, 0.6932348925606241, 0.9459247780764418, 0.9877975382595277, 0.9877975382595277, 0.9877975382595277, 0.7230035114718392, 0.9459247780764418, 0.9459247780764418, 0.9235411251542816, 0.9459247780764418, 0.9877975382595277, 0.9235411251542816, 0.9459247780764418, 0.25216642664740885, 0.6932348925606241, 0.9127225345945734, 0.6932348925606241, 0.9877975382595277, 0.9877975382595277, 0.9235411251542816, 0.9127225345945734, 0.9877975382595277, 0.9877975382595277, 0.9235411251542816, 0.9127225345945734, 0.9459247780764418, 0.9459247780764418, 0.9877975382595277, 0.9877975382595277, 0.9877975382595277, 0.9459247780764418, 0.9877975382595277, 0.9877975382595277, 0.9877975382595277, 0.9459247780764418, 0.9459247780764418, 0.7230035114718392, 0.9877975382595277, 0.9459247780764418, 0.9127225345945734, 0.9877975382595277, 0.9459247780764418, 0.9127225345945734, 0.6932348925606241, 0.9877975382595277, 0.9459247780764418, 0.9877975382595277, 0.9877975382595277, 0.9877975382595277, 0.9877975382595277, 0.9235411251542816, 0.9877975382595277, 0.9877975382595277, 0.9127225345945734, 0.9127225345945734, 0.9877975382595277]",38,train,9
0.98,98,0,0,2,100,7,1,1,1,0,0,0,7,1,1,1,0,0,0,"(array([0.54911584, 0.70803607, 0.65902889]), array([0.78471941, 0.75420624, 0.76975858]), array([0.20827024, 0.24089263, 0.22472525]), array([0.44708383, 0.28637701, 0.3368333 ]))","['QwenPRM_avg_scores (7.63B)', 'GPM (8B)', 'EurusPRMStage2_avg_scores (7.62B)']","[0.9459247780764418, 0.9459247780764418, 0.9459247780764418, 0.6932348925606241, 0.9459247780764418, 0.9459247780764418, 0.25216642664740885, 0.9877975382595277, 0.9459247780764418, 0.9235411251542816, 0.9459247780764418, 0.9877975382595277, 0.9877975382595277, 0.9877975382595277, 0.9877975382595277, 0.9877975382595277, 0.9877975382595277, 0.9127225345945734, 0.6094407157883333, 0.9877975382595277, 0.9127225345945734, 0.9127225345945734, 0.9877975382595277, 0.9877975382595277, 0.9459247780764418, 0.9877975382595277, 0.9877975382595277, 0.9459247780764418, 0.9877975382595277, 0.9877975382595277, 0.9877975382595277, 0.9127225345945734, 0.9459247780764418, 0.9877975382595277, 0.9127225345945734, 0.9877975382595277, 0.9127225345945734, 0.9877975382595277, 0.9877975382595277, 0.9877975382595277, 0.9459247780764418, 0.9877975382595277, 0.9127225345945734, 0.9459247780764418, 0.9127225345945734, 0.9877975382595277, 0.9877975382595277, 0.9877975382595277, 0.6932348925606241, 0.9877975382595277, 0.9877975382595277, 0.9459247780764418, 0.9877975382595277, 0.9877975382595277, 0.9235411251542816, 0.25216642664740885, 0.9877975382595277, 0.9127225345945734, 0.9127225345945734, 0.9877975382595277, 0.7230035114718392, 0.9459247780764418, 0.9459247780764418, 0.9877975382595277, 0.9127225345945734, 0.9877975382595277, 0.9127225345945734, 0.9877975382595277, 0.9127225345945734, 0.6932348925606241, 0.9235411251542816, 0.9127225345945734, 0.9877975382595277, 0.9235411251542816, 0.9459247780764418, 0.6932348925606241, 0.9877975382595277, 0.9877975382595277, 0.9127225345945734, 0.9877975382595277, 0.9127225345945734, 0.7230035114718392, 0.9459247780764418, 0.9127225345945734, 0.9459247780764418, 0.9127225345945734, 0.6094407157883333, 0.9459247780764418, 0.9877975382595277, 0.9127225345945734, 0.9877975382595277, 0.7230035114718392, 0.9459247780764418, 0.9877975382595277, 0.9877975382595277, 0.9127225345945734, 0.9877975382595277, 0.7230035114718392, 0.9127225345945734, 0.9459247780764418]",39,train,9
0.97,93,4,0,3,100,0,1,1,1,0,0,0,0,1,1,1,0,0,0,"(array([0.54911584, 0.70803607, 0.65902889]), array([0.78471941, 0.75420624, 0.76975858]), array([0.20827024, 0.24089263, 0.22472525]), array([0.44708383, 0.28637701, 0.3368333 ]))","['QwenPRM_avg_scores (7.63B)', 'GPM (8B)', 'EurusPRMStage2_avg_scores (7.62B)']","[0.9877975382595277, 0.9459247780764418, 0.6094407157883333, 0.9877975382595277, 0.9877975382595277, 0.9877975382595277, 0.9877975382595277, 0.25216642664740885, 0.25216642664740885, 0.9127225345945734, 0.9877975382595277, 0.9877975382595277, 0.9877975382595277, 0.9877975382595277, 0.9127225345945734, 0.9127225345945734, 0.6932348925606241, 0.9877975382595277, 0.9235411251542816, 0.9127225345945734, 0.9127225345945734, 0.9877975382595277, 0.9459247780764418, 0.9877975382595277, 0.9459247780764418, 0.9877975382595277, 0.25216642664740885, 0.9877975382595277, 0.25216642664740885, 0.9459247780764418, 0.9235411251542816, 0.9459247780764418, 0.9877975382595277, 0.9127225345945734, 0.9877975382595277, 0.9127225345945734, 0.9459247780764418, 0.6094407157883333, 0.9459247780764418, 0.9877975382595277, 0.9127225345945734, 0.9877975382595277, 0.9877975382595277, 0.9127225345945734, 0.9877975382595277, 0.9877975382595277, 0.9235411251542816, 0.25216642664740885, 0.25216642664740885, 0.9127225345945734, 0.9877975382595277, 0.9127225345945734, 0.9877975382595277, 0.9235411251542816, 0.9127225345945734, 0.9459247780764418, 0.9127225345945734, 0.9877975382595277, 0.9877975382595277, 0.9877975382595277, 0.9877975382595277, 0.9877975382595277, 0.9877975382595277, 0.9877975382595277, 0.9459247780764418, 0.9459247780764418, 0.9459247780764418, 0.9235411251542816, 0.6932348925606241, 0.9459247780764418, 0.9127225345945734, 0.9877975382595277, 0.9877975382595277, 0.9877975382595277, 0.9127225345945734, 0.9235411251542816, 0.9127225345945734, 0.9459247780764418, 0.7230035114718392, 0.9877975382595277, 0.9877975382595277, 0.9877975382595277, 0.9877975382595277, 0.9877975382595277, 0.9127225345945734, 0.9877975382595277, 0.9459247780764418, 0.9877975382595277, 0.9877975382595277, 0.9127225345945734, 0.9235411251542816, 0.9877975382595277, 0.9877975382595277, 0.9877975382595277, 0.25216642664740885, 0.9877975382595277, 0.9877975382595277, 0.9877975382595277, 0.6932348925606241, 0.9877975382595277]",40,train,9
0.79,26,53,13,8,100,59,1,1,1,0,0,0,59,1,1,1,0,0,0,"(array([0.54911584, 0.70803607, 0.65902889]), array([0.78471941, 0.75420624, 0.76975858]), array([0.20827024, 0.24089263, 0.22472525]), array([0.44708383, 0.28637701, 0.3368333 ]))","['QwenPRM_avg_scores (7.63B)', 'GPM (8B)', 'EurusPRMStage2_avg_scores (7.62B)']","[0.7230035114718392, 0.25216642664740885, 0.25216642664740885, 0.25216642664740885, 0.7230035114718392, 0.25216642664740885, 0.9459247780764418, 0.25216642664740885, 0.25216642664740885, 0.25216642664740885, 0.25216642664740885, 0.7230035114718392, 0.25216642664740885, 0.7230035114718392, 0.7230035114718392, 0.25216642664740885, 0.25216642664740885, 0.7230035114718392, 0.25216642664740885, 0.7230035114718392, 0.7230035114718392, 0.7230035114718392, 0.25216642664740885, 0.25216642664740885, 0.7230035114718392, 0.7230035114718392, 0.7230035114718392, 0.25216642664740885, 0.7230035114718392, 0.7230035114718392, 0.25216642664740885, 0.25216642664740885, 0.25216642664740885, 0.25216642664740885, 0.7230035114718392, 0.25216642664740885, 0.7230035114718392, 0.25216642664740885, 0.25216642664740885, 0.25216642664740885, 0.7230035114718392, 0.7230035114718392, 0.25216642664740885, 0.7230035114718392, 0.7230035114718392, 0.25216642664740885, 0.25216642664740885, 0.25216642664740885, 0.25216642664740885, 0.7230035114718392, 0.9459247780764418, 0.25216642664740885, 0.25216642664740885, 0.25216642664740885, 0.25216642664740885, 0.25216642664740885, 0.25216642664740885, 0.7230035114718392, 0.25216642664740885, 0.9877975382595277, 0.25216642664740885, 0.25216642664740885, 0.25216642664740885, 0.25216642664740885, 0.7230035114718392, 0.25216642664740885, 0.25216642664740885, 0.7230035114718392, 0.25216642664740885, 0.25216642664740885, 0.7230035114718392, 0.25216642664740885, 0.7230035114718392, 0.7230035114718392, 0.25216642664740885, 0.25216642664740885, 0.9459247780764418, 0.25216642664740885, 0.25216642664740885, 0.25216642664740885, 0.25216642664740885, 0.7230035114718392, 0.25216642664740885, 0.7230035114718392, 0.7230035114718392, 0.25216642664740885, 0.25216642664740885, 0.25216642664740885, 0.25216642664740885, 0.25216642664740885, 0.7230035114718392, 0.25216642664740885, 0.25216642664740885, 0.7230035114718392, 0.25216642664740885, 0.9127225345945734, 0.25216642664740885, 0.7230035114718392, 0.25216642664740885, 0.7230035114718392]",41,train,3
0.77,18,59,15,8,100,1,1,1,1,0,0,0,1,1,1,1,0,0,0,"(array([0.54911584, 0.70803607, 0.65902889]), array([0.78471941, 0.75420624, 0.76975858]), array([0.20827024, 0.24089263, 0.22472525]), array([0.44708383, 0.28637701, 0.3368333 ]))","['QwenPRM_avg_scores (7.63B)', 'GPM (8B)', 'EurusPRMStage2_avg_scores (7.62B)']","[0.7230035114718392, 0.9459247780764418, 0.25216642664740885, 0.7230035114718392, 0.7230035114718392, 0.7230035114718392, 0.7230035114718392, 0.25216642664740885, 0.25216642664740885, 0.7230035114718392, 0.25216642664740885, 0.25216642664740885, 0.25216642664740885, 0.25216642664740885, 0.7230035114718392, 0.25216642664740885, 0.25216642664740885, 0.25216642664740885, 0.7230035114718392, 0.25216642664740885, 0.25216642664740885, 0.25216642664740885, 0.25216642664740885, 0.25216642664740885, 0.7230035114718392, 0.6932348925606241, 0.7230035114718392, 0.25216642664740885, 0.25216642664740885, 0.25216642664740885, 0.25216642664740885, 0.25216642664740885, 0.7230035114718392, 0.6932348925606241, 0.7230035114718392, 0.25216642664740885, 0.25216642664740885, 0.25216642664740885, 0.25216642664740885, 0.25216642664740885, 0.25216642664740885, 0.25216642664740885, 0.25216642664740885, 0.9459247780764418, 0.25216642664740885, 0.25216642664740885, 0.25216642664740885, 0.25216642664740885, 0.25216642664740885, 0.25216642664740885, 0.9459247780764418, 0.25216642664740885, 0.7230035114718392, 0.25216642664740885, 0.7230035114718392, 0.25216642664740885, 0.7230035114718392, 0.25216642664740885, 0.25216642664740885, 0.25216642664740885, 0.25216642664740885, 0.7230035114718392, 0.25216642664740885, 0.25216642664740885, 0.7230035114718392, 0.7230035114718392, 0.7230035114718392, 0.7230035114718392, 0.7230035114718392, 0.25216642664740885, 0.7230035114718392, 0.25216642664740885, 0.7230035114718392, 0.25216642664740885, 0.25216642664740885, 0.25216642664740885, 0.25216642664740885, 0.25216642664740885, 0.25216642664740885, 0.25216642664740885, 0.7230035114718392, 0.25216642664740885, 0.25216642664740885, 0.6932348925606241, 0.25216642664740885, 0.25216642664740885, 0.7230035114718392, 0.7230035114718392, 0.25216642664740885, 0.25216642664740885, 0.25216642664740885, 0.25216642664740885, 0.25216642664740885, 0.25216642664740885, 0.25216642664740885, 0.25216642664740885, 0.25216642664740885, 0.7230035114718392, 0.25216642664740885, 0.25216642664740885]",42,train,2
0.99,98,1,1,0,100,6,1,1,1,0,0,0,6,1,1,1,0,0,0,"(array([0.54911584, 0.70803607, 0.65902889]), array([0.78471941, 0.75420624, 0.76975858]), array([0.20827024, 0.24089263, 0.22472525]), array([0.44708383, 0.28637701, 0.3368333 ]))","['QwenPRM_avg_scores (7.63B)', 'GPM (8B)', 'EurusPRMStage2_avg_scores (7.62B)']","[0.9459247780764418, 0.9235411251542816, 0.9459247780764418, 0.9127225345945734, 0.9127225345945734, 0.9127225345945734, 0.9877975382595277, 0.9877975382595277, 0.7230035114718392, 0.9127225345945734, 0.9877975382595277, 0.9459247780764418, 0.9877975382595277, 0.9877975382595277, 0.9877975382595277, 0.9127225345945734, 0.9877975382595277, 0.9235411251542816, 0.9459247780764418, 0.9877975382595277, 0.9877975382595277, 0.9459247780764418, 0.9459247780764418, 0.7230035114718392, 0.9459247780764418, 0.9877975382595277, 0.9127225345945734, 0.7230035114718392, 0.9877975382595277, 0.9127225345945734, 0.9877975382595277, 0.9877975382595277, 0.6094407157883333, 0.9877975382595277, 0.9459247780764418, 0.7230035114718392, 0.9235411251542816, 0.9877975382595277, 0.9877975382595277, 0.9877975382595277, 0.9877975382595277, 0.9127225345945734, 0.9877975382595277, 0.9877975382595277, 0.9877975382595277, 0.9877975382595277, 0.7230035114718392, 0.9127225345945734, 0.9127225345945734, 0.9459247780764418, 0.9877975382595277, 0.9127225345945734, 0.9459247780764418, 0.9877975382595277, 0.7230035114718392, 0.9877975382595277, 0.9877975382595277, 0.9127225345945734, 0.9877975382595277, 0.9235411251542816, 0.9877975382595277, 0.9877975382595277, 0.9877975382595277, 0.9235411251542816, 0.7230035114718392, 0.7230035114718392, 0.9877975382595277, 0.9459247780764418, 0.9127225345945734, 0.9877975382595277, 0.9877975382595277, 0.9235411251542816, 0.9877975382595277, 0.9877975382595277, 0.9127225345945734, 0.25216642664740885, 0.9877975382595277, 0.9459247780764418, 0.9877975382595277, 0.9235411251542816, 0.7230035114718392, 0.6094407157883333, 0.6932348925606241, 0.7230035114718392, 0.9877975382595277, 0.9127225345945734, 0.9235411251542816, 0.9235411251542816, 0.9459247780764418, 0.9235411251542816, 0.9127225345945734, 0.9235411251542816, 0.9877975382595277, 0.7230035114718392, 0.9877975382595277, 0.9877975382595277, 0.9877975382595277, 0.9877975382595277, 0.9877975382595277, 0.6094407157883333]",43,train,9
0.99,99,0,0,1,100,1,1,1,1,0,0,0,1,1,1,1,0,0,0,"(array([0.54911584, 0.70803607, 0.65902889]), array([0.78471941, 0.75420624, 0.76975858]), array([0.20827024, 0.24089263, 0.22472525]), array([0.44708383, 0.28637701, 0.3368333 ]))","['QwenPRM_avg_scores (7.63B)', 'GPM (8B)', 'EurusPRMStage2_avg_scores (7.62B)']","[0.9459247780764418, 0.9877975382595277, 0.7230035114718392, 0.9877975382595277, 0.9459247780764418, 0.9877975382595277, 0.9459247780764418, 0.9877975382595277, 0.9877975382595277, 0.9877975382595277, 0.6932348925606241, 0.9877975382595277, 0.7230035114718392, 0.9127225345945734, 0.9877975382595277, 0.7230035114718392, 0.6932348925606241, 0.9877975382595277, 0.9877975382595277, 0.9877975382595277, 0.9127225345945734, 0.9877975382595277, 0.9459247780764418, 0.9127225345945734, 0.7230035114718392, 0.9459247780764418, 0.9235411251542816, 0.9877975382595277, 0.9127225345945734, 0.9459247780764418, 0.9877975382595277, 0.9877975382595277, 0.7230035114718392, 0.9127225345945734, 0.9877975382595277, 0.9877975382595277, 0.9127225345945734, 0.9127225345945734, 0.7230035114718392, 0.9127225345945734, 0.9877975382595277, 0.9127225345945734, 0.9877975382595277, 0.9235411251542816, 0.9877975382595277, 0.9459247780764418, 0.9127225345945734, 0.9459247780764418, 0.9127225345945734, 0.9877975382595277, 0.9877975382595277, 0.6932348925606241, 0.9877975382595277, 0.9877975382595277, 0.9877975382595277, 0.9877975382595277, 0.6932348925606241, 0.9127225345945734, 0.9877975382595277, 0.9127225345945734, 0.9459247780764418, 0.9459247780764418, 0.9877975382595277, 0.9877975382595277, 0.9235411251542816, 0.9235411251542816, 0.9459247780764418, 0.9127225345945734, 0.9127225345945734, 0.7230035114718392, 0.7230035114718392, 0.9127225345945734, 0.9459247780764418, 0.9127225345945734, 0.9877975382595277, 0.9877975382595277, 0.9459247780764418, 0.9877975382595277, 0.9877975382595277, 0.9877975382595277, 0.9877975382595277, 0.6932348925606241, 0.9877975382595277, 0.9877975382595277, 0.9235411251542816, 0.9877975382595277, 0.9877975382595277, 0.9459247780764418, 0.9877975382595277, 0.9877975382595277, 0.6932348925606241, 0.9877975382595277, 0.9459247780764418, 0.9877975382595277, 0.9459247780764418, 0.9877975382595277, 0.9877975382595277, 0.9877975382595277, 0.9235411251542816, 0.25216642664740885]",44,train,9
0.98,98,0,0,2,100,0,1,1,1,0,0,0,0,1,1,1,0,0,0,"(array([0.54911584, 0.70803607, 0.65902889]), array([0.78471941, 0.75420624, 0.76975858]), array([0.20827024, 0.24089263, 0.22472525]), array([0.44708383, 0.28637701, 0.3368333 ]))","['QwenPRM_avg_scores (7.63B)', 'GPM (8B)', 'EurusPRMStage2_avg_scores (7.62B)']","[0.9877975382595277, 0.9877975382595277, 0.6932348925606241, 0.9877975382595277, 0.9877975382595277, 0.25216642664740885, 0.6932348925606241, 0.9127225345945734, 0.9877975382595277, 0.9877975382595277, 0.9877975382595277, 0.6932348925606241, 0.9127225345945734, 0.9877975382595277, 0.9127225345945734, 0.9877975382595277, 0.6932348925606241, 0.9459247780764418, 0.9877975382595277, 0.9459247780764418, 0.9127225345945734, 0.9127225345945734, 0.9127225345945734, 0.9877975382595277, 0.9877975382595277, 0.7230035114718392, 0.9877975382595277, 0.9877975382595277, 0.9877975382595277, 0.9877975382595277, 0.9877975382595277, 0.9127225345945734, 0.9459247780764418, 0.6932348925606241, 0.9459247780764418, 0.9459247780764418, 0.9235411251542816, 0.9459247780764418, 0.6932348925606241, 0.6932348925606241, 0.9235411251542816, 0.9459247780764418, 0.9877975382595277, 0.9459247780764418, 0.9459247780764418, 0.9127225345945734, 0.9235411251542816, 0.9877975382595277, 0.9877975382595277, 0.9459247780764418, 0.9235411251542816, 0.9127225345945734, 0.9877975382595277, 0.9877975382595277, 0.9459247780764418, 0.9877975382595277, 0.9459247780764418, 0.9877975382595277, 0.9459247780764418, 0.6932348925606241, 0.9459247780764418, 0.9459247780764418, 0.9877975382595277, 0.9877975382595277, 0.6094407157883333, 0.9127225345945734, 0.9877975382595277, 0.9877975382595277, 0.9459247780764418, 0.9459247780764418, 0.9877975382595277, 0.9877975382595277, 0.6932348925606241, 0.9235411251542816, 0.9877975382595277, 0.9877975382595277, 0.9877975382595277, 0.9459247780764418, 0.9459247780764418, 0.9877975382595277, 0.9459247780764418, 0.9877975382595277, 0.9459247780764418, 0.9877975382595277, 0.9127225345945734, 0.9127225345945734, 0.9127225345945734, 0.9877975382595277, 0.9459247780764418, 0.9459247780764418, 0.9459247780764418, 0.9127225345945734, 0.9877975382595277, 0.9877975382595277, 0.25216642664740885, 0.9877975382595277, 0.9877975382595277, 0.9877975382595277, 0.9127225345945734, 0.6932348925606241]",45,train,9
0.99,99,0,0,1,100,0,1,1,1,0,0,0,0,1,1,1,0,0,0,"(array([0.54911584, 0.70803607, 0.65902889]), array([0.78471941, 0.75420624, 0.76975858]), array([0.20827024, 0.24089263, 0.22472525]), array([0.44708383, 0.28637701, 0.3368333 ]))","['QwenPRM_avg_scores (7.63B)', 'GPM (8B)', 'EurusPRMStage2_avg_scores (7.62B)']","[0.9877975382595277, 0.9459247780764418, 0.9459247780764418, 0.7230035114718392, 0.9127225345945734, 0.9127225345945734, 0.9877975382595277, 0.9877975382595277, 0.9459247780764418, 0.9877975382595277, 0.9459247780764418, 0.9877975382595277, 0.9459247780764418, 0.9459247780764418, 0.6932348925606241, 0.6932348925606241, 0.9459247780764418, 0.6932348925606241, 0.9459247780764418, 0.9877975382595277, 0.9459247780764418, 0.9459247780764418, 0.7230035114718392, 0.9459247780764418, 0.7230035114718392, 0.9877975382595277, 0.9459247780764418, 0.9459247780764418, 0.25216642664740885, 0.9459247780764418, 0.6932348925606241, 0.9459247780764418, 0.6932348925606241, 0.6932348925606241, 0.9877975382595277, 0.7230035114718392, 0.9459247780764418, 0.9877975382595277, 0.9877975382595277, 0.9877975382595277, 0.9459247780764418, 0.9127225345945734, 0.9459247780764418, 0.9459247780764418, 0.9877975382595277, 0.9459247780764418, 0.9459247780764418, 0.6094407157883333, 0.9877975382595277, 0.9877975382595277, 0.9459247780764418, 0.9127225345945734, 0.9127225345945734, 0.9877975382595277, 0.9877975382595277, 0.6932348925606241, 0.9235411251542816, 0.9877975382595277, 0.9459247780764418, 0.9459247780764418, 0.9459247780764418, 0.9877975382595277, 0.9877975382595277, 0.9459247780764418, 0.9459247780764418, 0.9459247780764418, 0.9877975382595277, 0.9877975382595277, 0.9459247780764418, 0.6932348925606241, 0.9235411251542816, 0.9235411251542816, 0.9459247780764418, 0.9877975382595277, 0.6932348925606241, 0.7230035114718392, 0.7230035114718392, 0.6932348925606241, 0.9459247780764418, 0.9459247780764418, 0.7230035114718392, 0.9127225345945734, 0.9459247780764418, 0.9877975382595277, 0.6932348925606241, 0.9459247780764418, 0.6932348925606241, 0.9459247780764418, 0.9459247780764418, 0.9459247780764418, 0.6932348925606241, 0.9459247780764418, 0.7230035114718392, 0.9877975382595277, 0.9459247780764418, 0.6932348925606241, 0.9127225345945734, 0.9877975382595277, 0.9459247780764418, 0.9877975382595277]",46,train,9
0.93,93,0,0,7,100,3,1,1,1,0,0,0,3,1,1,1,0,0,0,"(array([0.54911584, 0.70803607, 0.65902889]), array([0.78471941, 0.75420624, 0.76975858]), array([0.20827024, 0.24089263, 0.22472525]), array([0.44708383, 0.28637701, 0.3368333 ]))","['QwenPRM_avg_scores (7.63B)', 'GPM (8B)', 'EurusPRMStage2_avg_scores (7.62B)']","[0.9235411251542816, 0.7230035114718392, 0.9127225345945734, 0.9877975382595277, 0.25216642664740885, 0.9235411251542816, 0.25216642664740885, 0.7230035114718392, 0.9459247780764418, 0.7230035114718392, 0.9877975382595277, 0.9877975382595277, 0.9459247780764418, 0.9459247780764418, 0.9877975382595277, 0.9235411251542816, 0.9459247780764418, 0.7230035114718392, 0.9127225345945734, 0.9459247780764418, 0.7230035114718392, 0.6932348925606241, 0.7230035114718392, 0.7230035114718392, 0.9459247780764418, 0.9877975382595277, 0.6932348925606241, 0.9459247780764418, 0.6932348925606241, 0.9459247780764418, 0.9459247780764418, 0.7230035114718392, 0.9459247780764418, 0.9459247780764418, 0.9877975382595277, 0.25216642664740885, 0.25216642664740885, 0.9459247780764418, 0.9459247780764418, 0.6932348925606241, 0.9877975382595277, 0.9459247780764418, 0.7230035114718392, 0.9127225345945734, 0.9459247780764418, 0.25216642664740885, 0.9459247780764418, 0.6932348925606241, 0.9235411251542816, 0.7230035114718392, 0.7230035114718392, 0.9459247780764418, 0.9459247780764418, 0.7230035114718392, 0.6094407157883333, 0.9235411251542816, 0.6932348925606241, 0.9877975382595277, 0.7230035114718392, 0.9877975382595277, 0.9877975382595277, 0.7230035114718392, 0.9459247780764418, 0.7230035114718392, 0.9877975382595277, 0.9235411251542816, 0.9459247780764418, 0.9877975382595277, 0.9877975382595277, 0.7230035114718392, 0.9459247780764418, 0.7230035114718392, 0.7230035114718392, 0.7230035114718392, 0.9127225345945734, 0.9877975382595277, 0.9235411251542816, 0.7230035114718392, 0.9877975382595277, 0.6932348925606241, 0.9127225345945734, 0.25216642664740885, 0.9877975382595277, 0.6932348925606241, 0.9459247780764418, 0.7230035114718392, 0.9235411251542816, 0.9877975382595277, 0.9235411251542816, 0.7230035114718392, 0.7230035114718392, 0.9235411251542816, 0.7230035114718392, 0.9459247780764418, 0.7230035114718392, 0.7230035114718392, 0.9877975382595277, 0.9877975382595277, 0.9877975382595277, 0.25216642664740885]",47,train,9
0.97,97,0,0,3,100,0,1,1,1,0,0,0,0,1,1,1,0,0,0,"(array([0.54911584, 0.70803607, 0.65902889]), array([0.78471941, 0.75420624, 0.76975858]), array([0.20827024, 0.24089263, 0.22472525]), array([0.44708383, 0.28637701, 0.3368333 ]))","['QwenPRM_avg_scores (7.63B)', 'GPM (8B)', 'EurusPRMStage2_avg_scores (7.62B)']","[0.9877975382595277, 0.9877975382595277, 0.9877975382595277, 0.9459247780764418, 0.9877975382595277, 0.9877975382595277, 0.7230035114718392, 0.9877975382595277, 0.9459247780764418, 0.9877975382595277, 0.9877975382595277, 0.7230035114718392, 0.9877975382595277, 0.7230035114718392, 0.9877975382595277, 0.9127225345945734, 0.9235411251542816, 0.9877975382595277, 0.7230035114718392, 0.9877975382595277, 0.9459247780764418, 0.9877975382595277, 0.25216642664740885, 0.7230035114718392, 0.9127225345945734, 0.9127225345945734, 0.9459247780764418, 0.9459247780764418, 0.9877975382595277, 0.7230035114718392, 0.9235411251542816, 0.9877975382595277, 0.9877975382595277, 0.9127225345945734, 0.9877975382595277, 0.9127225345945734, 0.9877975382595277, 0.9127225345945734, 0.9877975382595277, 0.9877975382595277, 0.9877975382595277, 0.9127225345945734, 0.9459247780764418, 0.9877975382595277, 0.9877975382595277, 0.7230035114718392, 0.9877975382595277, 0.9127225345945734, 0.9127225345945734, 0.25216642664740885, 0.9877975382595277, 0.9127225345945734, 0.9877975382595277, 0.9127225345945734, 0.9877975382595277, 0.9877975382595277, 0.9877975382595277, 0.9459247780764418, 0.9459247780764418, 0.7230035114718392, 0.9877975382595277, 0.9127225345945734, 0.9877975382595277, 0.9459247780764418, 0.9877975382595277, 0.9459247780764418, 0.7230035114718392, 0.9127225345945734, 0.9459247780764418, 0.9127225345945734, 0.7230035114718392, 0.9877975382595277, 0.7230035114718392, 0.9877975382595277, 0.9877975382595277, 0.9127225345945734, 0.9877975382595277, 0.9877975382595277, 0.9459247780764418, 0.9877975382595277, 0.7230035114718392, 0.9877975382595277, 0.7230035114718392, 0.9127225345945734, 0.9877975382595277, 0.9877975382595277, 0.9235411251542816, 0.7230035114718392, 0.7230035114718392, 0.7230035114718392, 0.9235411251542816, 0.9459247780764418, 0.7230035114718392, 0.7230035114718392, 0.9127225345945734, 0.25216642664740885, 0.9235411251542816, 0.9127225345945734, 0.7230035114718392, 0.9127225345945734]",48,train,9
0.39,1,38,61,0,100,92,0,1,0,0,0,1,92,1,0,0,0,1,0,"(array([0.54911584, 0.70803607, 0.65902889]), array([0.78471941, 0.75420624, 0.76975858]), array([0.20827024, 0.24089263, 0.22472525]), array([0.44708383, 0.28637701, 0.3368333 ]))","['QwenPRM_avg_scores (7.63B)', 'GPM (8B)', 'EurusPRMStage2_avg_scores (7.62B)']","[0.25216642664740885, 0.9127225345945734, 0.6094407157883333, 0.25216642664740885, 0.6094407157883333, 0.6094407157883333, 0.6094407157883333, 0.25216642664740885, 0.6094407157883333, 0.9127225345945734, 0.6094407157883333, 0.6932348925606241, 0.9127225345945734, 0.6932348925606241, 0.25216642664740885, 0.25216642664740885, 0.6094407157883333, 0.25216642664740885, 0.6094407157883333, 0.25216642664740885, 0.25216642664740885, 0.25216642664740885, 0.25216642664740885, 0.6094407157883333, 0.25216642664740885, 0.9127225345945734, 0.6094407157883333, 0.25216642664740885, 0.6094407157883333, 0.25216642664740885, 0.6094407157883333, 0.9127225345945734, 0.6094407157883333, 0.9235411251542816, 0.25216642664740885, 0.25216642664740885, 0.7230035114718392, 0.7230035114718392, 0.6094407157883333, 0.6094407157883333, 0.25216642664740885, 0.6094407157883333, 0.7230035114718392, 0.9127225345945734, 0.7230035114718392, 0.9235411251542816, 0.25216642664740885, 0.25216642664740885, 0.25216642664740885, 0.9235411251542816, 0.6094407157883333, 0.9235411251542816, 0.25216642664740885, 0.25216642664740885, 0.25216642664740885, 0.9235411251542816, 0.6094407157883333, 0.6094407157883333, 0.25216642664740885, 0.9235411251542816, 0.6094407157883333, 0.6094407157883333, 0.9235411251542816, 0.25216642664740885, 0.7230035114718392, 0.6094407157883333, 0.6094407157883333, 0.9127225345945734, 0.25216642664740885, 0.6094407157883333, 0.25216642664740885, 0.25216642664740885, 0.7230035114718392, 0.25216642664740885, 0.7230035114718392, 0.25216642664740885, 0.6094407157883333, 0.6932348925606241, 0.25216642664740885, 0.7230035114718392, 0.6094407157883333, 0.9235411251542816, 0.7230035114718392, 0.9127225345945734, 0.25216642664740885, 0.25216642664740885, 0.25216642664740885, 0.6094407157883333, 0.25216642664740885, 0.9127225345945734, 0.25216642664740885, 0.9235411251542816, 0.9459247780764418, 0.6094407157883333, 0.25216642664740885, 0.6094407157883333, 0.25216642664740885, 0.6094407157883333, 0.7230035114718392, 0.25216642664740885]",49,train,0
