sample_accuracy,sample_tp,sample_tn,sample_fp,sample_fn,num_samples,top1_idx,top1_positive,has_positive,top1_tp,top1_fp,top1_tn,top1_fn,prediction_idx,prediction_class,prediction_accuracy,prediction_tp,prediction_tn,prediction_fp,prediction_fn,model_params,verifier_subset,weaver_sample_scores,problem,set,difficulty
0.86,86,0,0,14,100,2,1,1,1,0,0,0,2,1,1,1,0,0,0,"(array([0.77334696, 0.67310566, 0.53818798, 0.72713733]), array([0.68833965, 0.7716127 , 0.78888756, 0.75261629]), array([0.30410263, 0.22223687, 0.20361367, 0.24180163]), array([0.22514953, 0.32774061, 0.46274129, 0.27229652]))","['DeepSeekQwen (32B)', 'EurusPRMStage2_avg_scores (7.62B)', 'QwenPRM_min_scores (7.63B)', 'GPM (8B)']","[0.8715774509563594, 0.9683365892043467, 0.9954353426972122, 0.8715774509563594, 0.9954353426972122, 0.9797550559030644, 0.8715774509563594, 0.9797550559030644, 0.8715774509563594, 0.449502070300918, 0.8715774509563594, 0.8715774509563594, 0.9954353426972122, 0.9797550559030644, 0.9632854006273194, 0.8715774509563594, 0.8715774509563594, 0.9797550559030644, 0.853426952796001, 0.853426952796001, 0.449502070300918, 0.9797550559030644, 0.8715774509563594, 0.853426952796001, 0.8715774509563594, 0.853426952796001, 0.8715774509563594, 0.8715774509563594, 0.8715774509563594, 0.9632854006273194, 0.9954353426972122, 0.46607684661064075, 0.8715774509563594, 0.8715774509563594, 0.8715774509563594, 0.449502070300918, 0.8715774509563594, 0.095042581836247, 0.853426952796001, 0.9797550559030644, 0.8715774509563594, 0.9632854006273194, 0.9797550559030644, 0.8715774509563594, 0.46607684661064075, 0.853426952796001, 0.8715774509563594, 0.8715774509563594, 0.853426952796001, 0.853426952796001, 0.46607684661064075, 0.9797550559030644, 0.8715774509563594, 0.9797550559030644, 0.7862985296267098, 0.449502070300918, 0.8715774509563594, 0.9797550559030644, 0.449502070300918, 0.449502070300918, 0.9797550559030644, 0.9797550559030644, 0.8715774509563594, 0.449502070300918, 0.8715774509563594, 0.9632854006273194, 0.8715774509563594, 0.46607684661064075, 0.9954353426972122, 0.9632854006273194, 0.7862985296267098, 0.449502070300918, 0.9797550559030644, 0.8715774509563594, 0.9797550559030644, 0.8715774509563594, 0.9632854006273194, 0.8715774509563594, 0.9797550559030644, 0.8715774509563594, 0.8715774509563594, 0.9797550559030644, 0.9683365892043467, 0.8715774509563594, 0.8715774509563594, 0.9632854006273194, 0.9797550559030644, 0.9797550559030644, 0.9797550559030644, 0.8715774509563594, 0.8715774509563594, 0.9797550559030644, 0.8715774509563594, 0.8715774509563594, 0.8715774509563594, 0.8715774509563594, 0.9632854006273194, 0.8715774509563594, 0.449502070300918, 0.9954353426972122]",0,train,9
0.93,93,0,0,7,100,4,1,1,1,0,0,0,4,1,1,1,0,0,0,"(array([0.77334696, 0.67310566, 0.53818798, 0.72713733]), array([0.68833965, 0.7716127 , 0.78888756, 0.75261629]), array([0.30410263, 0.22223687, 0.20361367, 0.24180163]), array([0.22514953, 0.32774061, 0.46274129, 0.27229652]))","['DeepSeekQwen (32B)', 'EurusPRMStage2_avg_scores (7.62B)', 'QwenPRM_min_scores (7.63B)', 'GPM (8B)']","[0.9632854006273194, 0.9797550559030644, 0.449502070300918, 0.9797550559030644, 0.9954353426972122, 0.8715774509563594, 0.9683365892043467, 0.9797550559030644, 0.9954353426972122, 0.9954353426972122, 0.449502070300918, 0.9632854006273194, 0.9632854006273194, 0.8715774509563594, 0.9954353426972122, 0.9954353426972122, 0.449502070300918, 0.9954353426972122, 0.9632854006273194, 0.9683365892043467, 0.9954353426972122, 0.9683365892043467, 0.8715774509563594, 0.9797550559030644, 0.9683365892043467, 0.449502070300918, 0.8715774509563594, 0.9954353426972122, 0.9954353426972122, 0.9954353426972122, 0.9632854006273194, 0.9683365892043467, 0.9954353426972122, 0.9797550559030644, 0.8715774509563594, 0.9632854006273194, 0.9632854006273194, 0.8715774509563594, 0.9954353426972122, 0.9954353426972122, 0.9797550559030644, 0.9954353426972122, 0.9797550559030644, 0.9954353426972122, 0.9954353426972122, 0.9954353426972122, 0.9632854006273194, 0.9954353426972122, 0.9954353426972122, 0.9797550559030644, 0.449502070300918, 0.9632854006273194, 0.8715774509563594, 0.9632854006273194, 0.8715774509563594, 0.9797550559030644, 0.9954353426972122, 0.9954353426972122, 0.9954353426972122, 0.9954353426972122, 0.9797550559030644, 0.9632854006273194, 0.9954353426972122, 0.9632854006273194, 0.8715774509563594, 0.9954353426972122, 0.9632854006273194, 0.9683365892043467, 0.9632854006273194, 0.9954353426972122, 0.9954353426972122, 0.9954353426972122, 0.8715774509563594, 0.8715774509563594, 0.9632854006273194, 0.9954353426972122, 0.9797550559030644, 0.9797550559030644, 0.9954353426972122, 0.9797550559030644, 0.9954353426972122, 0.9797550559030644, 0.9954353426972122, 0.9954353426972122, 0.9954353426972122, 0.9683365892043467, 0.9632854006273194, 0.9632854006273194, 0.9954353426972122, 0.46607684661064075, 0.449502070300918, 0.9954353426972122, 0.9797550559030644, 0.9632854006273194, 0.8715774509563594, 0.9954353426972122, 0.9797550559030644, 0.9683365892043467, 0.9683365892043467, 0.9954353426972122]",1,train,9
0.93,93,0,0,7,100,2,1,1,1,0,0,0,2,1,1,1,0,0,0,"(array([0.77334696, 0.67310566, 0.53818798, 0.72713733]), array([0.68833965, 0.7716127 , 0.78888756, 0.75261629]), array([0.30410263, 0.22223687, 0.20361367, 0.24180163]), array([0.22514953, 0.32774061, 0.46274129, 0.27229652]))","['DeepSeekQwen (32B)', 'EurusPRMStage2_avg_scores (7.62B)', 'QwenPRM_min_scores (7.63B)', 'GPM (8B)']","[0.853426952796001, 0.449502070300918, 0.9797550559030644, 0.853426952796001, 0.9797550559030644, 0.9797550559030644, 0.9797550559030644, 0.853426952796001, 0.9797550559030644, 0.9797550559030644, 0.46607684661064075, 0.9797550559030644, 0.449502070300918, 0.9797550559030644, 0.9797550559030644, 0.9797550559030644, 0.9797550559030644, 0.46607684661064075, 0.853426952796001, 0.9797550559030644, 0.9797550559030644, 0.853426952796001, 0.9797550559030644, 0.9683365892043467, 0.9797550559030644, 0.9797550559030644, 0.9797550559030644, 0.8615850092784149, 0.9797550559030644, 0.9797550559030644, 0.9797550559030644, 0.8715774509563594, 0.8715774509563594, 0.9797550559030644, 0.9797550559030644, 0.9797550559030644, 0.9797550559030644, 0.853426952796001, 0.8715774509563594, 0.853426952796001, 0.9797550559030644, 0.8715774509563594, 0.8715774509563594, 0.853426952796001, 0.9797550559030644, 0.9797550559030644, 0.9797550559030644, 0.8715774509563594, 0.853426952796001, 0.9797550559030644, 0.9797550559030644, 0.8715774509563594, 0.9797550559030644, 0.8715774509563594, 0.9797550559030644, 0.9797550559030644, 0.9797550559030644, 0.42821341823266806, 0.9797550559030644, 0.9797550559030644, 0.8715774509563594, 0.9797550559030644, 0.9797550559030644, 0.9797550559030644, 0.8715774509563594, 0.9797550559030644, 0.853426952796001, 0.9797550559030644, 0.8715774509563594, 0.9797550559030644, 0.9797550559030644, 0.8715774509563594, 0.46607684661064075, 0.9797550559030644, 0.853426952796001, 0.853426952796001, 0.8715774509563594, 0.8715774509563594, 0.9797550559030644, 0.9797550559030644, 0.853426952796001, 0.9797550559030644, 0.9797550559030644, 0.9797550559030644, 0.8715774509563594, 0.9797550559030644, 0.8715774509563594, 0.8715774509563594, 0.42821341823266806, 0.853426952796001, 0.8715774509563594, 0.9797550559030644, 0.9797550559030644, 0.853426952796001, 0.9797550559030644, 0.9797550559030644, 0.853426952796001, 0.8715774509563594, 0.853426952796001, 0.9797550559030644]",2,train,9
1.0,100,0,0,0,100,0,1,1,1,0,0,0,0,1,1,1,0,0,0,"(array([0.77334696, 0.67310566, 0.53818798, 0.72713733]), array([0.68833965, 0.7716127 , 0.78888756, 0.75261629]), array([0.30410263, 0.22223687, 0.20361367, 0.24180163]), array([0.22514953, 0.32774061, 0.46274129, 0.27229652]))","['DeepSeekQwen (32B)', 'EurusPRMStage2_avg_scores (7.62B)', 'QwenPRM_min_scores (7.63B)', 'GPM (8B)']","[0.9954353426972122, 0.9954353426972122, 0.9954353426972122, 0.9797550559030644, 0.9632854006273194, 0.9632854006273194, 0.9632854006273194, 0.9954353426972122, 0.9954353426972122, 0.9954353426972122, 0.9954353426972122, 0.9632854006273194, 0.9954353426972122, 0.9954353426972122, 0.9954353426972122, 0.9632854006273194, 0.9683365892043467, 0.9954353426972122, 0.9632854006273194, 0.9954353426972122, 0.9954353426972122, 0.9954353426972122, 0.9954353426972122, 0.9954353426972122, 0.9954353426972122, 0.9632854006273194, 0.8715774509563594, 0.9954353426972122, 0.9954353426972122, 0.9632854006273194, 0.9632854006273194, 0.9954353426972122, 0.9632854006273194, 0.9954353426972122, 0.9632854006273194, 0.9632854006273194, 0.9954353426972122, 0.9954353426972122, 0.9632854006273194, 0.9632854006273194, 0.9954353426972122, 0.9632854006273194, 0.8715774509563594, 0.9632854006273194, 0.9632854006273194, 0.9632854006273194, 0.9954353426972122, 0.9954353426972122, 0.9954353426972122, 0.9954353426972122, 0.9954353426972122, 0.9954353426972122, 0.9632854006273194, 0.9954353426972122, 0.9954353426972122, 0.9954353426972122, 0.9954353426972122, 0.9954353426972122, 0.9954353426972122, 0.9954353426972122, 0.9632854006273194, 0.9954353426972122, 0.9954353426972122, 0.9954353426972122, 0.9954353426972122, 0.9954353426972122, 0.9954353426972122, 0.9954353426972122, 0.9954353426972122, 0.9632854006273194, 0.9954353426972122, 0.9954353426972122, 0.9954353426972122, 0.9632854006273194, 0.9954353426972122, 0.9954353426972122, 0.9954353426972122, 0.9954353426972122, 0.9954353426972122, 0.9632854006273194, 0.9954353426972122, 0.9954353426972122, 0.9954353426972122, 0.9632854006273194, 0.9954353426972122, 0.9632854006273194, 0.853426952796001, 0.9954353426972122, 0.9954353426972122, 0.9632854006273194, 0.9797550559030644, 0.9954353426972122, 0.8715774509563594, 0.9683365892043467, 0.9683365892043467, 0.9954353426972122, 0.9683365892043467, 0.9683365892043467, 0.9632854006273194, 0.9954353426972122]",3,train,9
0.9,41,49,4,6,100,4,1,1,1,0,0,0,4,1,1,1,0,0,0,"(array([0.77334696, 0.67310566, 0.53818798, 0.72713733]), array([0.68833965, 0.7716127 , 0.78888756, 0.75261629]), array([0.30410263, 0.22223687, 0.20361367, 0.24180163]), array([0.22514953, 0.32774061, 0.46274129, 0.27229652]))","['DeepSeekQwen (32B)', 'EurusPRMStage2_avg_scores (7.62B)', 'QwenPRM_min_scores (7.63B)', 'GPM (8B)']","[0.095042581836247, 0.9797550559030644, 0.8615850092784149, 0.095042581836247, 0.9954353426972122, 0.8715774509563594, 0.8715774509563594, 0.46607684661064075, 0.8715774509563594, 0.46607684661064075, 0.46607684661064075, 0.8715774509563594, 0.46607684661064075, 0.46607684661064075, 0.853426952796001, 0.8715774509563594, 0.095042581836247, 0.9954353426972122, 0.9797550559030644, 0.46607684661064075, 0.853426952796001, 0.46607684661064075, 0.095042581836247, 0.46607684661064075, 0.46607684661064075, 0.46607684661064075, 0.9797550559030644, 0.46607684661064075, 0.095042581836247, 0.095042581836247, 0.853426952796001, 0.9655755272766947, 0.8615850092784149, 0.8615850092784149, 0.9797550559030644, 0.9797550559030644, 0.853426952796001, 0.46607684661064075, 0.46607684661064075, 0.46607684661064075, 0.8715774509563594, 0.9797550559030644, 0.9632854006273194, 0.46607684661064075, 0.9954353426972122, 0.46607684661064075, 0.46607684661064075, 0.9797550559030644, 0.9683365892043467, 0.8715774509563594, 0.095042581836247, 0.46607684661064075, 0.8615850092784149, 0.46607684661064075, 0.9797550559030644, 0.46607684661064075, 0.46607684661064075, 0.853426952796001, 0.8715774509563594, 0.46607684661064075, 0.46607684661064075, 0.46607684661064075, 0.46607684661064075, 0.9797550559030644, 0.9797550559030644, 0.9797550559030644, 0.46607684661064075, 0.853426952796001, 0.46607684661064075, 0.46607684661064075, 0.46607684661064075, 0.095042581836247, 0.46607684661064075, 0.46607684661064075, 0.9797550559030644, 0.8715774509563594, 0.9797550559030644, 0.46607684661064075, 0.8615850092784149, 0.46607684661064075, 0.9797550559030644, 0.46607684661064075, 0.46607684661064075, 0.9954353426972122, 0.095042581836247, 0.46607684661064075, 0.46607684661064075, 0.9797550559030644, 0.46607684661064075, 0.46607684661064075, 0.46607684661064075, 0.46607684661064075, 0.9797550559030644, 0.449502070300918, 0.449502070300918, 0.9797550559030644, 0.853426952796001, 0.095042581836247, 0.095042581836247, 0.46607684661064075]",4,train,4
0.94,80,14,2,4,100,0,1,1,1,0,0,0,0,1,1,1,0,0,0,"(array([0.77334696, 0.67310566, 0.53818798, 0.72713733]), array([0.68833965, 0.7716127 , 0.78888756, 0.75261629]), array([0.30410263, 0.22223687, 0.20361367, 0.24180163]), array([0.22514953, 0.32774061, 0.46274129, 0.27229652]))","['DeepSeekQwen (32B)', 'EurusPRMStage2_avg_scores (7.62B)', 'QwenPRM_min_scores (7.63B)', 'GPM (8B)']","[0.9954353426972122, 0.9683365892043467, 0.9954353426972122, 0.9797550559030644, 0.8715774509563594, 0.9683365892043467, 0.9632854006273194, 0.9797550559030644, 0.8715774509563594, 0.8715774509563594, 0.8715774509563594, 0.8715774509563594, 0.9954353426972122, 0.8715774509563594, 0.9954353426972122, 0.46607684661064075, 0.8715774509563594, 0.8715774509563594, 0.8715774509563594, 0.8715774509563594, 0.9632854006273194, 0.8715774509563594, 0.7973054724962, 0.8715774509563594, 0.8715774509563594, 0.8715774509563594, 0.8715774509563594, 0.8715774509563594, 0.46607684661064075, 0.8715774509563594, 0.8715774509563594, 0.3212302859244871, 0.9797550559030644, 0.095042581836247, 0.449502070300918, 0.8715774509563594, 0.8715774509563594, 0.8715774509563594, 0.8715774509563594, 0.853426952796001, 0.9632854006273194, 0.8715774509563594, 0.8715774509563594, 0.8715774509563594, 0.449502070300918, 0.9954353426972122, 0.9797550559030644, 0.46607684661064075, 0.9954353426972122, 0.9632854006273194, 0.8715774509563594, 0.3212302859244871, 0.9632854006273194, 0.9954353426972122, 0.9954353426972122, 0.8715774509563594, 0.3212302859244871, 0.8715774509563594, 0.9954353426972122, 0.9954353426972122, 0.9954353426972122, 0.8715774509563594, 0.8715774509563594, 0.853426952796001, 0.3212302859244871, 0.8715774509563594, 0.46607684661064075, 0.8715774509563594, 0.095042581836247, 0.9954353426972122, 0.8715774509563594, 0.8715774509563594, 0.9954353426972122, 0.8715774509563594, 0.8715774509563594, 0.9954353426972122, 0.449502070300918, 0.8715774509563594, 0.9954353426972122, 0.9954353426972122, 0.095042581836247, 0.8715774509563594, 0.8715774509563594, 0.9954353426972122, 0.449502070300918, 0.9683365892043467, 0.8715774509563594, 0.095042581836247, 0.8715774509563594, 0.8715774509563594, 0.9954353426972122, 0.8715774509563594, 0.9683365892043467, 0.8715774509563594, 0.8715774509563594, 0.7862985296267098, 0.42821341823266806, 0.8715774509563594, 0.449502070300918, 0.8715774509563594]",5,train,8
0.82,27,55,17,1,100,7,1,1,1,0,0,0,7,1,1,1,0,0,0,"(array([0.77334696, 0.67310566, 0.53818798, 0.72713733]), array([0.68833965, 0.7716127 , 0.78888756, 0.75261629]), array([0.30410263, 0.22223687, 0.20361367, 0.24180163]), array([0.22514953, 0.32774061, 0.46274129, 0.27229652]))","['DeepSeekQwen (32B)', 'EurusPRMStage2_avg_scores (7.62B)', 'QwenPRM_min_scores (7.63B)', 'GPM (8B)']","[0.095042581836247, 0.8615850092784149, 0.46607684661064075, 0.46607684661064075, 0.46607684661064075, 0.46607684661064075, 0.46607684661064075, 0.9954353426972122, 0.46607684661064075, 0.9954353426972122, 0.9954353426972122, 0.46607684661064075, 0.8615850092784149, 0.46607684661064075, 0.8715774509563594, 0.8715774509563594, 0.46607684661064075, 0.46607684661064075, 0.8715774509563594, 0.095042581836247, 0.9632854006273194, 0.46607684661064075, 0.8615850092784149, 0.8715774509563594, 0.8715774509563594, 0.7862985296267098, 0.9797550559030644, 0.46607684661064075, 0.9954353426972122, 0.9954353426972122, 0.46607684661064075, 0.9797550559030644, 0.8715774509563594, 0.46607684661064075, 0.9954353426972122, 0.46607684661064075, 0.46607684661064075, 0.095042581836247, 0.9797550559030644, 0.8715774509563594, 0.46607684661064075, 0.46607684661064075, 0.8715774509563594, 0.46607684661064075, 0.8715774509563594, 0.095042581836247, 0.46607684661064075, 0.8715774509563594, 0.8715774509563594, 0.9683365892043467, 0.46607684661064075, 0.8715774509563594, 0.46607684661064075, 0.46607684661064075, 0.9797550559030644, 0.8715774509563594, 0.46607684661064075, 0.9797550559030644, 0.8715774509563594, 0.9797550559030644, 0.46607684661064075, 0.095042581836247, 0.449502070300918, 0.46607684661064075, 0.46607684661064075, 0.8715774509563594, 0.095042581836247, 0.8715774509563594, 0.9954353426972122, 0.9954353426972122, 0.46607684661064075, 0.46607684661064075, 0.46607684661064075, 0.46607684661064075, 0.46607684661064075, 0.46607684661064075, 0.46607684661064075, 0.9954353426972122, 0.46607684661064075, 0.46607684661064075, 0.9797550559030644, 0.9797550559030644, 0.46607684661064075, 0.46607684661064075, 0.42821341823266806, 0.9954353426972122, 0.9954353426972122, 0.46607684661064075, 0.46607684661064075, 0.46607684661064075, 0.46607684661064075, 0.46607684661064075, 0.46607684661064075, 0.095042581836247, 0.9632854006273194, 0.46607684661064075, 0.9655755272766947, 0.8715774509563594, 0.46607684661064075, 0.46607684661064075]",6,train,2
0.98,98,0,0,2,100,1,1,1,1,0,0,0,1,1,1,1,0,0,0,"(array([0.77334696, 0.67310566, 0.53818798, 0.72713733]), array([0.68833965, 0.7716127 , 0.78888756, 0.75261629]), array([0.30410263, 0.22223687, 0.20361367, 0.24180163]), array([0.22514953, 0.32774061, 0.46274129, 0.27229652]))","['DeepSeekQwen (32B)', 'EurusPRMStage2_avg_scores (7.62B)', 'QwenPRM_min_scores (7.63B)', 'GPM (8B)']","[0.9797550559030644, 0.9954353426972122, 0.9797550559030644, 0.9954353426972122, 0.9954353426972122, 0.9954353426972122, 0.9954353426972122, 0.853426952796001, 0.9797550559030644, 0.9797550559030644, 0.9683365892043467, 0.9797550559030644, 0.9797550559030644, 0.9954353426972122, 0.853426952796001, 0.9797550559030644, 0.9683365892043467, 0.7862985296267098, 0.9954353426972122, 0.9797550559030644, 0.9797550559030644, 0.9797550559030644, 0.9954353426972122, 0.9954353426972122, 0.9683365892043467, 0.449502070300918, 0.9797550559030644, 0.7862985296267098, 0.9954353426972122, 0.9954353426972122, 0.9954353426972122, 0.9655755272766947, 0.9632854006273194, 0.9954353426972122, 0.9797550559030644, 0.9797550559030644, 0.9954353426972122, 0.9797550559030644, 0.9797550559030644, 0.9797550559030644, 0.9797550559030644, 0.9954353426972122, 0.9683365892043467, 0.853426952796001, 0.9954353426972122, 0.9632854006273194, 0.9954353426972122, 0.9683365892043467, 0.9797550559030644, 0.8715774509563594, 0.9954353426972122, 0.9954353426972122, 0.9954353426972122, 0.9954353426972122, 0.9632854006273194, 0.9632854006273194, 0.9954353426972122, 0.853426952796001, 0.9797550559030644, 0.9797550559030644, 0.9954353426972122, 0.9954353426972122, 0.9632854006273194, 0.9797550559030644, 0.9954353426972122, 0.9954353426972122, 0.9954353426972122, 0.9797550559030644, 0.9632854006273194, 0.853426952796001, 0.9632854006273194, 0.9954353426972122, 0.9632854006273194, 0.9797550559030644, 0.9954353426972122, 0.9632854006273194, 0.9632854006273194, 0.9797550559030644, 0.9954353426972122, 0.9797550559030644, 0.9632854006273194, 0.9954353426972122, 0.9632854006273194, 0.9632854006273194, 0.9954353426972122, 0.9632854006273194, 0.9954353426972122, 0.9954353426972122, 0.449502070300918, 0.9954353426972122, 0.9954353426972122, 0.9683365892043467, 0.9632854006273194, 0.9954353426972122, 0.9683365892043467, 0.9632854006273194, 0.9954353426972122, 0.8715774509563594, 0.7862985296267098, 0.9954353426972122]",7,train,9
0.95,95,0,0,5,100,0,1,1,1,0,0,0,0,1,1,1,0,0,0,"(array([0.77334696, 0.67310566, 0.53818798, 0.72713733]), array([0.68833965, 0.7716127 , 0.78888756, 0.75261629]), array([0.30410263, 0.22223687, 0.20361367, 0.24180163]), array([0.22514953, 0.32774061, 0.46274129, 0.27229652]))","['DeepSeekQwen (32B)', 'EurusPRMStage2_avg_scores (7.62B)', 'QwenPRM_min_scores (7.63B)', 'GPM (8B)']","[0.9954353426972122, 0.8715774509563594, 0.9954353426972122, 0.9683365892043467, 0.9954353426972122, 0.9797550559030644, 0.8715774509563594, 0.9954353426972122, 0.9797550559030644, 0.9632854006273194, 0.9797550559030644, 0.9954353426972122, 0.8715774509563594, 0.8715774509563594, 0.9632854006273194, 0.9797550559030644, 0.9797550559030644, 0.9954353426972122, 0.8715774509563594, 0.9797550559030644, 0.8715774509563594, 0.9632854006273194, 0.9797550559030644, 0.7862985296267098, 0.8715774509563594, 0.9954353426972122, 0.449502070300918, 0.8715774509563594, 0.9632854006273194, 0.9797550559030644, 0.9954353426972122, 0.9797550559030644, 0.8715774509563594, 0.9797550559030644, 0.853426952796001, 0.9954353426972122, 0.9954353426972122, 0.8715774509563594, 0.8715774509563594, 0.8715774509563594, 0.8715774509563594, 0.9632854006273194, 0.9954353426972122, 0.8715774509563594, 0.9632854006273194, 0.9954353426972122, 0.9797550559030644, 0.9954353426972122, 0.8715774509563594, 0.449502070300918, 0.9797550559030644, 0.9797550559030644, 0.853426952796001, 0.8715774509563594, 0.853426952796001, 0.9954353426972122, 0.9954353426972122, 0.449502070300918, 0.8715774509563594, 0.8715774509563594, 0.9954353426972122, 0.449502070300918, 0.8715774509563594, 0.8715774509563594, 0.9954353426972122, 0.8715774509563594, 0.9797550559030644, 0.8715774509563594, 0.9683365892043467, 0.8715774509563594, 0.9797550559030644, 0.8715774509563594, 0.9683365892043467, 0.8715774509563594, 0.9954353426972122, 0.8715774509563594, 0.8715774509563594, 0.9797550559030644, 0.9797550559030644, 0.8715774509563594, 0.9954353426972122, 0.9954353426972122, 0.9797550559030644, 0.853426952796001, 0.9954353426972122, 0.9954353426972122, 0.9954353426972122, 0.8715774509563594, 0.9954353426972122, 0.9632854006273194, 0.9683365892043467, 0.9954353426972122, 0.853426952796001, 0.9954353426972122, 0.853426952796001, 0.8715774509563594, 0.8715774509563594, 0.8715774509563594, 0.449502070300918, 0.9632854006273194]",8,train,9
0.67,15,52,32,1,100,24,1,1,1,0,0,0,24,1,1,1,0,0,0,"(array([0.77334696, 0.67310566, 0.53818798, 0.72713733]), array([0.68833965, 0.7716127 , 0.78888756, 0.75261629]), array([0.30410263, 0.22223687, 0.20361367, 0.24180163]), array([0.22514953, 0.32774061, 0.46274129, 0.27229652]))","['DeepSeekQwen (32B)', 'EurusPRMStage2_avg_scores (7.62B)', 'QwenPRM_min_scores (7.63B)', 'GPM (8B)']","[0.42821341823266806, 0.095042581836247, 0.853426952796001, 0.8615850092784149, 0.7714109024315244, 0.095042581836247, 0.46607684661064075, 0.095042581836247, 0.7714109024315244, 0.095042581836247, 0.42821341823266806, 0.095042581836247, 0.8615850092784149, 0.42821341823266806, 0.42821341823266806, 0.853426952796001, 0.853426952796001, 0.42821341823266806, 0.7714109024315244, 0.42821341823266806, 0.853426952796001, 0.3212302859244871, 0.9632854006273194, 0.42821341823266806, 0.9797550559030644, 0.095042581836247, 0.095042581836247, 0.7714109024315244, 0.449502070300918, 0.853426952796001, 0.095042581836247, 0.853426952796001, 0.8615850092784149, 0.42821341823266806, 0.46607684661064075, 0.42821341823266806, 0.9797550559030644, 0.8615850092784149, 0.9797550559030644, 0.42821341823266806, 0.853426952796001, 0.42821341823266806, 0.42821341823266806, 0.42821341823266806, 0.42821341823266806, 0.853426952796001, 0.9797550559030644, 0.853426952796001, 0.449502070300918, 0.853426952796001, 0.853426952796001, 0.8715774509563594, 0.853426952796001, 0.853426952796001, 0.853426952796001, 0.42821341823266806, 0.42821341823266806, 0.9797550559030644, 0.7714109024315244, 0.8615850092784149, 0.42821341823266806, 0.7714109024315244, 0.42821341823266806, 0.449502070300918, 0.853426952796001, 0.42821341823266806, 0.42821341823266806, 0.095042581836247, 0.9797550559030644, 0.7862985296267098, 0.42821341823266806, 0.42821341823266806, 0.853426952796001, 0.42821341823266806, 0.9797550559030644, 0.449502070300918, 0.7714109024315244, 0.853426952796001, 0.9797550559030644, 0.853426952796001, 0.3212302859244871, 0.42821341823266806, 0.9797550559030644, 0.42821341823266806, 0.42821341823266806, 0.42821341823266806, 0.9797550559030644, 0.42821341823266806, 0.449502070300918, 0.449502070300918, 0.42821341823266806, 0.853426952796001, 0.46607684661064075, 0.8615850092784149, 0.095042581836247, 0.095042581836247, 0.9797550559030644, 0.853426952796001, 0.42821341823266806, 0.42821341823266806]",9,train,1
0.91,81,10,1,8,100,1,1,1,1,0,0,0,1,1,1,1,0,0,0,"(array([0.77334696, 0.67310566, 0.53818798, 0.72713733]), array([0.68833965, 0.7716127 , 0.78888756, 0.75261629]), array([0.30410263, 0.22223687, 0.20361367, 0.24180163]), array([0.22514953, 0.32774061, 0.46274129, 0.27229652]))","['DeepSeekQwen (32B)', 'EurusPRMStage2_avg_scores (7.62B)', 'QwenPRM_min_scores (7.63B)', 'GPM (8B)']","[0.46607684661064075, 0.9954353426972122, 0.449502070300918, 0.9797550559030644, 0.9954353426972122, 0.9683365892043467, 0.8715774509563594, 0.7862985296267098, 0.8715774509563594, 0.9797550559030644, 0.8715774509563594, 0.9655755272766947, 0.095042581836247, 0.8715774509563594, 0.853426952796001, 0.9683365892043467, 0.9797550559030644, 0.8715774509563594, 0.9954353426972122, 0.8715774509563594, 0.9655755272766947, 0.9954353426972122, 0.8715774509563594, 0.8715774509563594, 0.9797550559030644, 0.8715774509563594, 0.9797550559030644, 0.095042581836247, 0.7862985296267098, 0.7862985296267098, 0.8715774509563594, 0.853426952796001, 0.8715774509563594, 0.853426952796001, 0.095042581836247, 0.853426952796001, 0.7862985296267098, 0.853426952796001, 0.9954353426972122, 0.9954353426972122, 0.8715774509563594, 0.7862985296267098, 0.8715774509563594, 0.9797550559030644, 0.9632854006273194, 0.9683365892043467, 0.9797550559030644, 0.449502070300918, 0.9632854006273194, 0.9632854006273194, 0.9954353426972122, 0.8715774509563594, 0.7862985296267098, 0.9797550559030644, 0.9683365892043467, 0.9683365892043467, 0.9954353426972122, 0.9797550559030644, 0.095042581836247, 0.9954353426972122, 0.095042581836247, 0.9954353426972122, 0.9954353426972122, 0.9797550559030644, 0.9954353426972122, 0.449502070300918, 0.9797550559030644, 0.8715774509563594, 0.8715774509563594, 0.42821341823266806, 0.9797550559030644, 0.8715774509563594, 0.8715774509563594, 0.8715774509563594, 0.9797550559030644, 0.9954353426972122, 0.8715774509563594, 0.9954353426972122, 0.8715774509563594, 0.8715774509563594, 0.8715774509563594, 0.9797550559030644, 0.853426952796001, 0.8715774509563594, 0.9954353426972122, 0.9954353426972122, 0.449502070300918, 0.449502070300918, 0.8615850092784149, 0.8715774509563594, 0.449502070300918, 0.8715774509563594, 0.095042581836247, 0.8715774509563594, 0.8715774509563594, 0.8715774509563594, 0.42821341823266806, 0.449502070300918, 0.095042581836247, 0.46607684661064075]",10,train,8
0.99,97,2,0,1,100,0,1,1,1,0,0,0,0,1,1,1,0,0,0,"(array([0.77334696, 0.67310566, 0.53818798, 0.72713733]), array([0.68833965, 0.7716127 , 0.78888756, 0.75261629]), array([0.30410263, 0.22223687, 0.20361367, 0.24180163]), array([0.22514953, 0.32774061, 0.46274129, 0.27229652]))","['DeepSeekQwen (32B)', 'EurusPRMStage2_avg_scores (7.62B)', 'QwenPRM_min_scores (7.63B)', 'GPM (8B)']","[0.9954353426972122, 0.9954353426972122, 0.9632854006273194, 0.9954353426972122, 0.9954353426972122, 0.9954353426972122, 0.9954353426972122, 0.9632854006273194, 0.9632854006273194, 0.9954353426972122, 0.8615850092784149, 0.9632854006273194, 0.9954353426972122, 0.46607684661064075, 0.9954353426972122, 0.9954353426972122, 0.9632854006273194, 0.9632854006273194, 0.9954353426972122, 0.8715774509563594, 0.9954353426972122, 0.9954353426972122, 0.9954353426972122, 0.9954353426972122, 0.9954353426972122, 0.8715774509563594, 0.9954353426972122, 0.9797550559030644, 0.9954353426972122, 0.9954353426972122, 0.8715774509563594, 0.8715774509563594, 0.9954353426972122, 0.8715774509563594, 0.853426952796001, 0.9954353426972122, 0.9954353426972122, 0.853426952796001, 0.9632854006273194, 0.9632854006273194, 0.9954353426972122, 0.9632854006273194, 0.9954353426972122, 0.9954353426972122, 0.9797550559030644, 0.9797550559030644, 0.9797550559030644, 0.9954353426972122, 0.9797550559030644, 0.9632854006273194, 0.095042581836247, 0.9632854006273194, 0.9954353426972122, 0.9954353426972122, 0.9797550559030644, 0.9632854006273194, 0.9954353426972122, 0.8715774509563594, 0.9683365892043467, 0.9954353426972122, 0.9954353426972122, 0.9683365892043467, 0.9632854006273194, 0.9632854006273194, 0.9632854006273194, 0.9954353426972122, 0.9954353426972122, 0.9954353426972122, 0.9954353426972122, 0.9954353426972122, 0.9632854006273194, 0.9632854006273194, 0.9954353426972122, 0.9632854006273194, 0.8715774509563594, 0.9954353426972122, 0.9954353426972122, 0.9954353426972122, 0.9632854006273194, 0.9954353426972122, 0.8615850092784149, 0.9683365892043467, 0.9632854006273194, 0.7862985296267098, 0.9954353426972122, 0.9954353426972122, 0.9954353426972122, 0.9683365892043467, 0.9797550559030644, 0.9954353426972122, 0.8715774509563594, 0.9954353426972122, 0.9954353426972122, 0.46607684661064075, 0.9954353426972122, 0.9683365892043467, 0.9683365892043467, 0.9954353426972122, 0.9632854006273194, 0.9954353426972122]",11,train,9
0.98,98,0,0,2,100,6,1,1,1,0,0,0,6,1,1,1,0,0,0,"(array([0.77334696, 0.67310566, 0.53818798, 0.72713733]), array([0.68833965, 0.7716127 , 0.78888756, 0.75261629]), array([0.30410263, 0.22223687, 0.20361367, 0.24180163]), array([0.22514953, 0.32774061, 0.46274129, 0.27229652]))","['DeepSeekQwen (32B)', 'EurusPRMStage2_avg_scores (7.62B)', 'QwenPRM_min_scores (7.63B)', 'GPM (8B)']","[0.9632854006273194, 0.9632854006273194, 0.853426952796001, 0.9683365892043467, 0.9632854006273194, 0.9683365892043467, 0.9954353426972122, 0.9683365892043467, 0.9683365892043467, 0.9954353426972122, 0.9954353426972122, 0.9954353426972122, 0.8715774509563594, 0.7862985296267098, 0.9683365892043467, 0.9954353426972122, 0.9683365892043467, 0.8715774509563594, 0.9683365892043467, 0.9954353426972122, 0.9954353426972122, 0.9954353426972122, 0.9683365892043467, 0.9632854006273194, 0.9632854006273194, 0.9954353426972122, 0.9954353426972122, 0.9954353426972122, 0.9954353426972122, 0.8715774509563594, 0.9954353426972122, 0.9954353426972122, 0.9632854006273194, 0.9954353426972122, 0.9683365892043467, 0.9954353426972122, 0.9954353426972122, 0.9797550559030644, 0.7862985296267098, 0.9954353426972122, 0.9954353426972122, 0.9954353426972122, 0.9954353426972122, 0.9683365892043467, 0.9954353426972122, 0.8715774509563594, 0.7862985296267098, 0.9954353426972122, 0.9683365892043467, 0.8715774509563594, 0.9683365892043467, 0.9954353426972122, 0.9683365892043467, 0.9797550559030644, 0.9683365892043467, 0.9683365892043467, 0.9632854006273194, 0.9683365892043467, 0.9954353426972122, 0.8715774509563594, 0.9954353426972122, 0.9683365892043467, 0.9954353426972122, 0.3212302859244871, 0.9683365892043467, 0.9683365892043467, 0.7862985296267098, 0.9954353426972122, 0.9683365892043467, 0.9954353426972122, 0.9954353426972122, 0.9683365892043467, 0.9954353426972122, 0.449502070300918, 0.9632854006273194, 0.8715774509563594, 0.9683365892043467, 0.9683365892043467, 0.7862985296267098, 0.9683365892043467, 0.9954353426972122, 0.9954353426972122, 0.9954353426972122, 0.9954353426972122, 0.7862985296267098, 0.7862985296267098, 0.9954353426972122, 0.9632854006273194, 0.9683365892043467, 0.9683365892043467, 0.9683365892043467, 0.9954353426972122, 0.9954353426972122, 0.9683365892043467, 0.9954353426972122, 0.9683365892043467, 0.9632854006273194, 0.8715774509563594, 0.9632854006273194, 0.9954353426972122]",12,train,9
0.84,57,27,12,4,100,39,1,1,1,0,0,0,39,1,1,1,0,0,0,"(array([0.77334696, 0.67310566, 0.53818798, 0.72713733]), array([0.68833965, 0.7716127 , 0.78888756, 0.75261629]), array([0.30410263, 0.22223687, 0.20361367, 0.24180163]), array([0.22514953, 0.32774061, 0.46274129, 0.27229652]))","['DeepSeekQwen (32B)', 'EurusPRMStage2_avg_scores (7.62B)', 'QwenPRM_min_scores (7.63B)', 'GPM (8B)']","[0.7973054724962, 0.9797550559030644, 0.853426952796001, 0.853426952796001, 0.9797550559030644, 0.853426952796001, 0.9797550559030644, 0.449502070300918, 0.095042581836247, 0.46607684661064075, 0.449502070300918, 0.8715774509563594, 0.7714109024315244, 0.9797550559030644, 0.8615850092784149, 0.095042581836247, 0.449502070300918, 0.9797550559030644, 0.095042581836247, 0.853426952796001, 0.853426952796001, 0.095042581836247, 0.9797550559030644, 0.9797550559030644, 0.7862985296267098, 0.095042581836247, 0.9797550559030644, 0.095042581836247, 0.9797550559030644, 0.9797550559030644, 0.9797550559030644, 0.8715774509563594, 0.095042581836247, 0.9797550559030644, 0.8715774509563594, 0.9797550559030644, 0.9797550559030644, 0.9797550559030644, 0.449502070300918, 0.9954353426972122, 0.095042581836247, 0.7862985296267098, 0.9797550559030644, 0.9797550559030644, 0.853426952796001, 0.9797550559030644, 0.9954353426972122, 0.7714109024315244, 0.3212302859244871, 0.8615850092784149, 0.9797550559030644, 0.9797550559030644, 0.853426952796001, 0.853426952796001, 0.46607684661064075, 0.46607684661064075, 0.9797550559030644, 0.9797550559030644, 0.095042581836247, 0.8715774509563594, 0.853426952796001, 0.8615850092784149, 0.9797550559030644, 0.9797550559030644, 0.3212302859244871, 0.095042581836247, 0.7862985296267098, 0.853426952796001, 0.9797550559030644, 0.7714109024315244, 0.9797550559030644, 0.095042581836247, 0.9797550559030644, 0.7714109024315244, 0.095042581836247, 0.9797550559030644, 0.095042581836247, 0.3212302859244871, 0.9797550559030644, 0.9797550559030644, 0.9797550559030644, 0.3212302859244871, 0.095042581836247, 0.9797550559030644, 0.9797550559030644, 0.9797550559030644, 0.3212302859244871, 0.42821341823266806, 0.9797550559030644, 0.42821341823266806, 0.853426952796001, 0.9683365892043467, 0.42821341823266806, 0.7714109024315244, 0.9797550559030644, 0.853426952796001, 0.7973054724962, 0.9954353426972122, 0.095042581836247, 0.095042581836247]",13,train,6
0.98,49,49,0,2,100,0,1,1,1,0,0,0,0,1,1,1,0,0,0,"(array([0.77334696, 0.67310566, 0.53818798, 0.72713733]), array([0.68833965, 0.7716127 , 0.78888756, 0.75261629]), array([0.30410263, 0.22223687, 0.20361367, 0.24180163]), array([0.22514953, 0.32774061, 0.46274129, 0.27229652]))","['DeepSeekQwen (32B)', 'EurusPRMStage2_avg_scores (7.62B)', 'QwenPRM_min_scores (7.63B)', 'GPM (8B)']","[0.9797550559030644, 0.853426952796001, 0.9797550559030644, 0.095042581836247, 0.095042581836247, 0.42821341823266806, 0.8715774509563594, 0.853426952796001, 0.46607684661064075, 0.46607684661064075, 0.8615850092784149, 0.46607684661064075, 0.9797550559030644, 0.9797550559030644, 0.46607684661064075, 0.8615850092784149, 0.46607684661064075, 0.46607684661064075, 0.095042581836247, 0.9797550559030644, 0.9797550559030644, 0.9797550559030644, 0.853426952796001, 0.46607684661064075, 0.46607684661064075, 0.46607684661064075, 0.46607684661064075, 0.9797550559030644, 0.46607684661064075, 0.9797550559030644, 0.9797550559030644, 0.095042581836247, 0.46607684661064075, 0.46607684661064075, 0.095042581836247, 0.8615850092784149, 0.449502070300918, 0.095042581836247, 0.8715774509563594, 0.9797550559030644, 0.9797550559030644, 0.9797550559030644, 0.46607684661064075, 0.46607684661064075, 0.46607684661064075, 0.46607684661064075, 0.853426952796001, 0.449502070300918, 0.853426952796001, 0.46607684661064075, 0.46607684661064075, 0.9797550559030644, 0.9797550559030644, 0.46607684661064075, 0.9797550559030644, 0.46607684661064075, 0.9797550559030644, 0.095042581836247, 0.9797550559030644, 0.9797550559030644, 0.853426952796001, 0.46607684661064075, 0.46607684661064075, 0.095042581836247, 0.46607684661064075, 0.46607684661064075, 0.095042581836247, 0.46607684661064075, 0.9797550559030644, 0.9797550559030644, 0.46607684661064075, 0.095042581836247, 0.095042581836247, 0.8715774509563594, 0.46607684661064075, 0.095042581836247, 0.853426952796001, 0.46607684661064075, 0.46607684661064075, 0.9797550559030644, 0.9797550559030644, 0.095042581836247, 0.46607684661064075, 0.9797550559030644, 0.853426952796001, 0.46607684661064075, 0.9797550559030644, 0.9797550559030644, 0.46607684661064075, 0.9797550559030644, 0.853426952796001, 0.095042581836247, 0.8715774509563594, 0.9797550559030644, 0.9797550559030644, 0.46607684661064075, 0.9797550559030644, 0.853426952796001, 0.9797550559030644, 0.9797550559030644]",14,train,5
0.94,90,4,0,6,100,4,1,1,1,0,0,0,4,1,1,1,0,0,0,"(array([0.77334696, 0.67310566, 0.53818798, 0.72713733]), array([0.68833965, 0.7716127 , 0.78888756, 0.75261629]), array([0.30410263, 0.22223687, 0.20361367, 0.24180163]), array([0.22514953, 0.32774061, 0.46274129, 0.27229652]))","['DeepSeekQwen (32B)', 'EurusPRMStage2_avg_scores (7.62B)', 'QwenPRM_min_scores (7.63B)', 'GPM (8B)']","[0.9632854006273194, 0.853426952796001, 0.8615850092784149, 0.8715774509563594, 0.9954353426972122, 0.9954353426972122, 0.8715774509563594, 0.9954353426972122, 0.9954353426972122, 0.8615850092784149, 0.9797550559030644, 0.9632854006273194, 0.9954353426972122, 0.9954353426972122, 0.8715774509563594, 0.853426952796001, 0.9797550559030644, 0.9797550559030644, 0.9954353426972122, 0.9954353426972122, 0.9632854006273194, 0.9954353426972122, 0.9797550559030644, 0.9797550559030644, 0.8715774509563594, 0.8715774509563594, 0.9797550559030644, 0.9797550559030644, 0.9797550559030644, 0.449502070300918, 0.853426952796001, 0.9797550559030644, 0.9797550559030644, 0.9954353426972122, 0.095042581836247, 0.9954353426972122, 0.9954353426972122, 0.853426952796001, 0.9797550559030644, 0.8715774509563594, 0.9954353426972122, 0.9632854006273194, 0.9797550559030644, 0.9954353426972122, 0.9632854006273194, 0.9954353426972122, 0.9797550559030644, 0.9954353426972122, 0.9797550559030644, 0.9632854006273194, 0.8715774509563594, 0.9954353426972122, 0.9954353426972122, 0.9954353426972122, 0.8715774509563594, 0.8715774509563594, 0.9954353426972122, 0.095042581836247, 0.9954353426972122, 0.095042581836247, 0.9954353426972122, 0.9797550559030644, 0.9797550559030644, 0.853426952796001, 0.9954353426972122, 0.9797550559030644, 0.9632854006273194, 0.46607684661064075, 0.9632854006273194, 0.9954353426972122, 0.853426952796001, 0.9632854006273194, 0.9632854006273194, 0.9632854006273194, 0.9954353426972122, 0.8715774509563594, 0.449502070300918, 0.853426952796001, 0.9954353426972122, 0.9683365892043467, 0.095042581836247, 0.095042581836247, 0.9954353426972122, 0.9954353426972122, 0.8715774509563594, 0.9683365892043467, 0.9954353426972122, 0.449502070300918, 0.8715774509563594, 0.8715774509563594, 0.9632854006273194, 0.9797550559030644, 0.8715774509563594, 0.9797550559030644, 0.3212302859244871, 0.9954353426972122, 0.9797550559030644, 0.9632854006273194, 0.9797550559030644, 0.9954353426972122]",15,train,9
1.0,100,0,0,0,100,2,1,1,1,0,0,0,2,1,1,1,0,0,0,"(array([0.77334696, 0.67310566, 0.53818798, 0.72713733]), array([0.68833965, 0.7716127 , 0.78888756, 0.75261629]), array([0.30410263, 0.22223687, 0.20361367, 0.24180163]), array([0.22514953, 0.32774061, 0.46274129, 0.27229652]))","['DeepSeekQwen (32B)', 'EurusPRMStage2_avg_scores (7.62B)', 'QwenPRM_min_scores (7.63B)', 'GPM (8B)']","[0.9632854006273194, 0.9797550559030644, 0.9954353426972122, 0.8715774509563594, 0.9954353426972122, 0.9954353426972122, 0.9954353426972122, 0.9954353426972122, 0.9954353426972122, 0.9954353426972122, 0.9632854006273194, 0.9954353426972122, 0.9632854006273194, 0.9954353426972122, 0.9632854006273194, 0.9954353426972122, 0.853426952796001, 0.9632854006273194, 0.9954353426972122, 0.9954353426972122, 0.9954353426972122, 0.9632854006273194, 0.9632854006273194, 0.8715774509563594, 0.8715774509563594, 0.9954353426972122, 0.9954353426972122, 0.9797550559030644, 0.9797550559030644, 0.9954353426972122, 0.9632854006273194, 0.9954353426972122, 0.9954353426972122, 0.9954353426972122, 0.9954353426972122, 0.9954353426972122, 0.9954353426972122, 0.9954353426972122, 0.9954353426972122, 0.9954353426972122, 0.9954353426972122, 0.9954353426972122, 0.9954353426972122, 0.9954353426972122, 0.9954353426972122, 0.9954353426972122, 0.9954353426972122, 0.8715774509563594, 0.9954353426972122, 0.9632854006273194, 0.9797550559030644, 0.9954353426972122, 0.9632854006273194, 0.9632854006273194, 0.8715774509563594, 0.9954353426972122, 0.9954353426972122, 0.9954353426972122, 0.9954353426972122, 0.853426952796001, 0.9954353426972122, 0.9954353426972122, 0.9632854006273194, 0.9954353426972122, 0.9797550559030644, 0.8715774509563594, 0.9632854006273194, 0.9954353426972122, 0.9632854006273194, 0.9632854006273194, 0.9632854006273194, 0.853426952796001, 0.8715774509563594, 0.8715774509563594, 0.9954353426972122, 0.9954353426972122, 0.9954353426972122, 0.9954353426972122, 0.9632854006273194, 0.8715774509563594, 0.9954353426972122, 0.9954353426972122, 0.9632854006273194, 0.9954353426972122, 0.9954353426972122, 0.9954353426972122, 0.9954353426972122, 0.9954353426972122, 0.9954353426972122, 0.9954353426972122, 0.9632854006273194, 0.9632854006273194, 0.9954353426972122, 0.8715774509563594, 0.9954353426972122, 0.9954353426972122, 0.8715774509563594, 0.8715774509563594, 0.9632854006273194, 0.9954353426972122]",16,train,9
1.0,100,0,0,0,100,0,1,1,1,0,0,0,0,1,1,1,0,0,0,"(array([0.77334696, 0.67310566, 0.53818798, 0.72713733]), array([0.68833965, 0.7716127 , 0.78888756, 0.75261629]), array([0.30410263, 0.22223687, 0.20361367, 0.24180163]), array([0.22514953, 0.32774061, 0.46274129, 0.27229652]))","['DeepSeekQwen (32B)', 'EurusPRMStage2_avg_scores (7.62B)', 'QwenPRM_min_scores (7.63B)', 'GPM (8B)']","[0.9954353426972122, 0.9954353426972122, 0.9954353426972122, 0.9632854006273194, 0.9954353426972122, 0.9954353426972122, 0.9632854006273194, 0.9954353426972122, 0.9632854006273194, 0.9954353426972122, 0.853426952796001, 0.9683365892043467, 0.9632854006273194, 0.7862985296267098, 0.9954353426972122, 0.9632854006273194, 0.9632854006273194, 0.9797550559030644, 0.9797550559030644, 0.9797550559030644, 0.853426952796001, 0.9954353426972122, 0.9954353426972122, 0.9954353426972122, 0.9954353426972122, 0.9632854006273194, 0.9954353426972122, 0.9632854006273194, 0.9954353426972122, 0.9954353426972122, 0.9632854006273194, 0.9954353426972122, 0.9954353426972122, 0.9954353426972122, 0.9632854006273194, 0.9954353426972122, 0.9632854006273194, 0.9954353426972122, 0.9954353426972122, 0.9632854006273194, 0.9954353426972122, 0.9632854006273194, 0.9954353426972122, 0.9632854006273194, 0.9797550559030644, 0.9954353426972122, 0.9797550559030644, 0.9954353426972122, 0.9954353426972122, 0.9954353426972122, 0.9632854006273194, 0.9632854006273194, 0.7862985296267098, 0.9632854006273194, 0.9954353426972122, 0.9632854006273194, 0.9632854006273194, 0.9954353426972122, 0.9954353426972122, 0.9954353426972122, 0.9797550559030644, 0.9954353426972122, 0.9954353426972122, 0.9954353426972122, 0.9797550559030644, 0.9632854006273194, 0.9954353426972122, 0.9954353426972122, 0.9954353426972122, 0.9797550559030644, 0.9954353426972122, 0.9954353426972122, 0.9632854006273194, 0.9632854006273194, 0.9954353426972122, 0.9954353426972122, 0.9632854006273194, 0.9954353426972122, 0.9954353426972122, 0.9797550559030644, 0.9632854006273194, 0.8715774509563594, 0.9954353426972122, 0.9954353426972122, 0.9632854006273194, 0.9954353426972122, 0.9683365892043467, 0.9954353426972122, 0.9954353426972122, 0.9954353426972122, 0.9954353426972122, 0.9954353426972122, 0.9954353426972122, 0.9683365892043467, 0.9954353426972122, 0.9954353426972122, 0.9954353426972122, 0.9632854006273194, 0.9954353426972122, 0.9797550559030644]",17,train,9
0.76,0,76,23,1,100,3,0,1,0,0,0,1,3,1,0,0,0,1,0,"(array([0.77334696, 0.67310566, 0.53818798, 0.72713733]), array([0.68833965, 0.7716127 , 0.78888756, 0.75261629]), array([0.30410263, 0.22223687, 0.20361367, 0.24180163]), array([0.22514953, 0.32774061, 0.46274129, 0.27229652]))","['DeepSeekQwen (32B)', 'EurusPRMStage2_avg_scores (7.62B)', 'QwenPRM_min_scores (7.63B)', 'GPM (8B)']","[0.095042581836247, 0.46607684661064075, 0.8715774509563594, 0.9797550559030644, 0.46607684661064075, 0.46607684661064075, 0.46607684661064075, 0.8615850092784149, 0.095042581836247, 0.095042581836247, 0.095042581836247, 0.095042581836247, 0.8615850092784149, 0.095042581836247, 0.095042581836247, 0.8715774509563594, 0.46607684661064075, 0.46607684661064075, 0.095042581836247, 0.46607684661064075, 0.8715774509563594, 0.46607684661064075, 0.46607684661064075, 0.095042581836247, 0.46607684661064075, 0.46607684661064075, 0.095042581836247, 0.46607684661064075, 0.8615850092784149, 0.46607684661064075, 0.095042581836247, 0.8615850092784149, 0.46607684661064075, 0.46607684661064075, 0.8715774509563594, 0.46607684661064075, 0.46607684661064075, 0.46607684661064075, 0.095042581836247, 0.46607684661064075, 0.46607684661064075, 0.46607684661064075, 0.46607684661064075, 0.46607684661064075, 0.46607684661064075, 0.8715774509563594, 0.095042581836247, 0.46607684661064075, 0.8715774509563594, 0.8715774509563594, 0.46607684661064075, 0.8615850092784149, 0.9797550559030644, 0.46607684661064075, 0.46607684661064075, 0.46607684661064075, 0.46607684661064075, 0.46607684661064075, 0.46607684661064075, 0.46607684661064075, 0.8615850092784149, 0.095042581836247, 0.095042581836247, 0.46607684661064075, 0.8715774509563594, 0.46607684661064075, 0.46607684661064075, 0.8715774509563594, 0.8715774509563594, 0.095042581836247, 0.42821341823266806, 0.8715774509563594, 0.095042581836247, 0.46607684661064075, 0.46607684661064075, 0.46607684661064075, 0.095042581836247, 0.095042581836247, 0.46607684661064075, 0.46607684661064075, 0.46607684661064075, 0.46607684661064075, 0.46607684661064075, 0.46607684661064075, 0.095042581836247, 0.095042581836247, 0.46607684661064075, 0.8615850092784149, 0.46607684661064075, 0.095042581836247, 0.8715774509563594, 0.46607684661064075, 0.46607684661064075, 0.46607684661064075, 0.46607684661064075, 0.8615850092784149, 0.46607684661064075, 0.46607684661064075, 0.449502070300918, 0.8715774509563594]",18,train,0
0.98,98,0,0,2,100,5,1,1,1,0,0,0,5,1,1,1,0,0,0,"(array([0.77334696, 0.67310566, 0.53818798, 0.72713733]), array([0.68833965, 0.7716127 , 0.78888756, 0.75261629]), array([0.30410263, 0.22223687, 0.20361367, 0.24180163]), array([0.22514953, 0.32774061, 0.46274129, 0.27229652]))","['DeepSeekQwen (32B)', 'EurusPRMStage2_avg_scores (7.62B)', 'QwenPRM_min_scores (7.63B)', 'GPM (8B)']","[0.9683365892043467, 0.9632854006273194, 0.9683365892043467, 0.7862985296267098, 0.8715774509563594, 0.9954353426972122, 0.9954353426972122, 0.9954353426972122, 0.9954353426972122, 0.9954353426972122, 0.9683365892043467, 0.9954353426972122, 0.9954353426972122, 0.853426952796001, 0.9683365892043467, 0.9683365892043467, 0.9632854006273194, 0.9954353426972122, 0.9683365892043467, 0.9954353426972122, 0.9954353426972122, 0.9954353426972122, 0.9632854006273194, 0.9632854006273194, 0.9683365892043467, 0.9797550559030644, 0.9683365892043467, 0.9954353426972122, 0.7862985296267098, 0.9797550559030644, 0.9954353426972122, 0.853426952796001, 0.7862985296267098, 0.9954353426972122, 0.9683365892043467, 0.7862985296267098, 0.9632854006273194, 0.9954353426972122, 0.9632854006273194, 0.449502070300918, 0.9954353426972122, 0.853426952796001, 0.7862985296267098, 0.9954353426972122, 0.8715774509563594, 0.9954353426972122, 0.9954353426972122, 0.9632854006273194, 0.9954353426972122, 0.9683365892043467, 0.9954353426972122, 0.9954353426972122, 0.449502070300918, 0.9632854006273194, 0.9797550559030644, 0.9632854006273194, 0.9954353426972122, 0.9683365892043467, 0.9797550559030644, 0.8715774509563594, 0.9954353426972122, 0.9632854006273194, 0.9954353426972122, 0.9954353426972122, 0.9632854006273194, 0.9632854006273194, 0.9683365892043467, 0.9954353426972122, 0.9632854006273194, 0.9954353426972122, 0.9632854006273194, 0.9797550559030644, 0.9632854006273194, 0.9954353426972122, 0.853426952796001, 0.8715774509563594, 0.9797550559030644, 0.9954353426972122, 0.9954353426972122, 0.9954353426972122, 0.9797550559030644, 0.9797550559030644, 0.9954353426972122, 0.9683365892043467, 0.9632854006273194, 0.9954353426972122, 0.9683365892043467, 0.9797550559030644, 0.8715774509563594, 0.8715774509563594, 0.9632854006273194, 0.9954353426972122, 0.9954353426972122, 0.9954353426972122, 0.9797550559030644, 0.9954353426972122, 0.9954353426972122, 0.9954353426972122, 0.9954353426972122, 0.9954353426972122]",19,train,9
0.97,97,0,0,3,100,5,1,1,1,0,0,0,5,1,1,1,0,0,0,"(array([0.77334696, 0.67310566, 0.53818798, 0.72713733]), array([0.68833965, 0.7716127 , 0.78888756, 0.75261629]), array([0.30410263, 0.22223687, 0.20361367, 0.24180163]), array([0.22514953, 0.32774061, 0.46274129, 0.27229652]))","['DeepSeekQwen (32B)', 'EurusPRMStage2_avg_scores (7.62B)', 'QwenPRM_min_scores (7.63B)', 'GPM (8B)']","[0.9797550559030644, 0.853426952796001, 0.7862985296267098, 0.9797550559030644, 0.9797550559030644, 0.9954353426972122, 0.9797550559030644, 0.9954353426972122, 0.9797550559030644, 0.9954353426972122, 0.9797550559030644, 0.9683365892043467, 0.9797550559030644, 0.9954353426972122, 0.9954353426972122, 0.853426952796001, 0.9797550559030644, 0.9797550559030644, 0.9954353426972122, 0.9797550559030644, 0.9797550559030644, 0.9797550559030644, 0.9954353426972122, 0.9797550559030644, 0.853426952796001, 0.9632854006273194, 0.9954353426972122, 0.9954353426972122, 0.9954353426972122, 0.9954353426972122, 0.853426952796001, 0.9632854006273194, 0.853426952796001, 0.9797550559030644, 0.9632854006273194, 0.9632854006273194, 0.9797550559030644, 0.9797550559030644, 0.9954353426972122, 0.9954353426972122, 0.9797550559030644, 0.8615850092784149, 0.9797550559030644, 0.9683365892043467, 0.9954353426972122, 0.9797550559030644, 0.9954353426972122, 0.9797550559030644, 0.9632854006273194, 0.9797550559030644, 0.853426952796001, 0.9954353426972122, 0.9797550559030644, 0.9632854006273194, 0.9954353426972122, 0.853426952796001, 0.9954353426972122, 0.9954353426972122, 0.9632854006273194, 0.9954353426972122, 0.9797550559030644, 0.449502070300918, 0.449502070300918, 0.9632854006273194, 0.9632854006273194, 0.9797550559030644, 0.9797550559030644, 0.9683365892043467, 0.9632854006273194, 0.9797550559030644, 0.9954353426972122, 0.853426952796001, 0.9797550559030644, 0.9797550559030644, 0.9797550559030644, 0.9632854006273194, 0.9797550559030644, 0.9954353426972122, 0.853426952796001, 0.9954353426972122, 0.853426952796001, 0.9632854006273194, 0.9797550559030644, 0.9797550559030644, 0.853426952796001, 0.9954353426972122, 0.9797550559030644, 0.9797550559030644, 0.9632854006273194, 0.9954353426972122, 0.9632854006273194, 0.9954353426972122, 0.449502070300918, 0.9954353426972122, 0.9632854006273194, 0.9954353426972122, 0.9632854006273194, 0.9632854006273194, 0.9954353426972122, 0.9632854006273194]",20,train,9
0.93,93,0,0,7,100,36,1,1,1,0,0,0,36,1,1,1,0,0,0,"(array([0.77334696, 0.67310566, 0.53818798, 0.72713733]), array([0.68833965, 0.7716127 , 0.78888756, 0.75261629]), array([0.30410263, 0.22223687, 0.20361367, 0.24180163]), array([0.22514953, 0.32774061, 0.46274129, 0.27229652]))","['DeepSeekQwen (32B)', 'EurusPRMStage2_avg_scores (7.62B)', 'QwenPRM_min_scores (7.63B)', 'GPM (8B)']","[0.853426952796001, 0.8715774509563594, 0.9797550559030644, 0.449502070300918, 0.9797550559030644, 0.449502070300918, 0.8715774509563594, 0.9797550559030644, 0.9797550559030644, 0.46607684661064075, 0.449502070300918, 0.9797550559030644, 0.8715774509563594, 0.9797550559030644, 0.9797550559030644, 0.9797550559030644, 0.8715774509563594, 0.9797550559030644, 0.8715774509563594, 0.9797550559030644, 0.8715774509563594, 0.8715774509563594, 0.9797550559030644, 0.853426952796001, 0.9797550559030644, 0.8715774509563594, 0.8715774509563594, 0.8715774509563594, 0.9797550559030644, 0.9797550559030644, 0.9797550559030644, 0.9797550559030644, 0.9797550559030644, 0.9797550559030644, 0.9797550559030644, 0.9797550559030644, 0.9954353426972122, 0.8715774509563594, 0.8715774509563594, 0.853426952796001, 0.449502070300918, 0.8715774509563594, 0.8715774509563594, 0.9954353426972122, 0.8715774509563594, 0.853426952796001, 0.9797550559030644, 0.9797550559030644, 0.9797550559030644, 0.8715774509563594, 0.8615850092784149, 0.8715774509563594, 0.9797550559030644, 0.9797550559030644, 0.9797550559030644, 0.853426952796001, 0.9797550559030644, 0.9632854006273194, 0.853426952796001, 0.8715774509563594, 0.449502070300918, 0.8715774509563594, 0.9797550559030644, 0.9797550559030644, 0.9797550559030644, 0.8715774509563594, 0.8715774509563594, 0.8715774509563594, 0.853426952796001, 0.9797550559030644, 0.9954353426972122, 0.853426952796001, 0.8715774509563594, 0.9797550559030644, 0.853426952796001, 0.8715774509563594, 0.449502070300918, 0.8715774509563594, 0.9797550559030644, 0.8715774509563594, 0.8715774509563594, 0.8715774509563594, 0.9797550559030644, 0.8615850092784149, 0.8715774509563594, 0.9797550559030644, 0.853426952796001, 0.9797550559030644, 0.8715774509563594, 0.9797550559030644, 0.8715774509563594, 0.9797550559030644, 0.8715774509563594, 0.9797550559030644, 0.9797550559030644, 0.9797550559030644, 0.8715774509563594, 0.8715774509563594, 0.8715774509563594, 0.853426952796001]",21,train,9
0.84,83,1,0,16,100,1,1,1,1,0,0,0,1,1,1,1,0,0,0,"(array([0.77334696, 0.67310566, 0.53818798, 0.72713733]), array([0.68833965, 0.7716127 , 0.78888756, 0.75261629]), array([0.30410263, 0.22223687, 0.20361367, 0.24180163]), array([0.22514953, 0.32774061, 0.46274129, 0.27229652]))","['DeepSeekQwen (32B)', 'EurusPRMStage2_avg_scores (7.62B)', 'QwenPRM_min_scores (7.63B)', 'GPM (8B)']","[0.9655755272766947, 0.9954353426972122, 0.9797550559030644, 0.9797550559030644, 0.9954353426972122, 0.9632854006273194, 0.8715774509563594, 0.8715774509563594, 0.8615850092784149, 0.9655755272766947, 0.9797550559030644, 0.9655755272766947, 0.449502070300918, 0.9655755272766947, 0.9632854006273194, 0.46607684661064075, 0.095042581836247, 0.9655755272766947, 0.9655755272766947, 0.9954353426972122, 0.9655755272766947, 0.9954353426972122, 0.9655755272766947, 0.095042581836247, 0.9797550559030644, 0.7714109024315244, 0.9655755272766947, 0.9797550559030644, 0.46607684661064075, 0.8715774509563594, 0.9655755272766947, 0.8715774509563594, 0.449502070300918, 0.9954353426972122, 0.9954353426972122, 0.9632854006273194, 0.9797550559030644, 0.9797550559030644, 0.8615850092784149, 0.9655755272766947, 0.9954353426972122, 0.7714109024315244, 0.7973054724962, 0.42821341823266806, 0.9655755272766947, 0.8615850092784149, 0.46607684661064075, 0.42821341823266806, 0.8615850092784149, 0.9954353426972122, 0.8715774509563594, 0.8615850092784149, 0.9632854006273194, 0.9655755272766947, 0.8715774509563594, 0.9797550559030644, 0.9954353426972122, 0.46607684661064075, 0.9655755272766947, 0.9797550559030644, 0.9954353426972122, 0.9655755272766947, 0.9954353426972122, 0.46607684661064075, 0.9655755272766947, 0.9683365892043467, 0.9655755272766947, 0.9683365892043467, 0.9797550559030644, 0.095042581836247, 0.9655755272766947, 0.9655755272766947, 0.9655755272766947, 0.8715774509563594, 0.46607684661064075, 0.9954353426972122, 0.46607684661064075, 0.8715774509563594, 0.9797550559030644, 0.9655755272766947, 0.9954353426972122, 0.46607684661064075, 0.853426952796001, 0.9954353426972122, 0.9655755272766947, 0.449502070300918, 0.9954353426972122, 0.8615850092784149, 0.8715774509563594, 0.7973054724962, 0.9954353426972122, 0.9954353426972122, 0.9655755272766947, 0.8615850092784149, 0.9954353426972122, 0.9954353426972122, 0.7973054724962, 0.9954353426972122, 0.9797550559030644, 0.46607684661064075]",22,train,9
0.67,11,56,33,0,100,29,1,1,1,0,0,0,29,1,1,1,0,0,0,"(array([0.77334696, 0.67310566, 0.53818798, 0.72713733]), array([0.68833965, 0.7716127 , 0.78888756, 0.75261629]), array([0.30410263, 0.22223687, 0.20361367, 0.24180163]), array([0.22514953, 0.32774061, 0.46274129, 0.27229652]))","['DeepSeekQwen (32B)', 'EurusPRMStage2_avg_scores (7.62B)', 'QwenPRM_min_scores (7.63B)', 'GPM (8B)']","[0.46607684661064075, 0.095042581836247, 0.7714109024315244, 0.46607684661064075, 0.8715774509563594, 0.095042581836247, 0.46607684661064075, 0.8715774509563594, 0.46607684661064075, 0.095042581836247, 0.095042581836247, 0.9797550559030644, 0.46607684661064075, 0.46607684661064075, 0.095042581836247, 0.449502070300918, 0.46607684661064075, 0.8615850092784149, 0.8615850092784149, 0.9797550559030644, 0.449502070300918, 0.46607684661064075, 0.46607684661064075, 0.3212302859244871, 0.095042581836247, 0.8615850092784149, 0.095042581836247, 0.095042581836247, 0.8615850092784149, 0.9954353426972122, 0.46607684661064075, 0.9655755272766947, 0.8715774509563594, 0.46607684661064075, 0.8715774509563594, 0.9954353426972122, 0.9797550559030644, 0.095042581836247, 0.853426952796001, 0.46607684661064075, 0.9683365892043467, 0.449502070300918, 0.46607684661064075, 0.9632854006273194, 0.9797550559030644, 0.9655755272766947, 0.8715774509563594, 0.8715774509563594, 0.8715774509563594, 0.095042581836247, 0.46607684661064075, 0.42821341823266806, 0.46607684661064075, 0.853426952796001, 0.46607684661064075, 0.8715774509563594, 0.8615850092784149, 0.095042581836247, 0.8715774509563594, 0.46607684661064075, 0.46607684661064075, 0.9797550559030644, 0.46607684661064075, 0.449502070300918, 0.853426952796001, 0.8615850092784149, 0.8615850092784149, 0.46607684661064075, 0.9797550559030644, 0.46607684661064075, 0.7862985296267098, 0.46607684661064075, 0.46607684661064075, 0.8615850092784149, 0.46607684661064075, 0.46607684661064075, 0.8615850092784149, 0.46607684661064075, 0.46607684661064075, 0.3212302859244871, 0.8615850092784149, 0.46607684661064075, 0.095042581836247, 0.095042581836247, 0.9954353426972122, 0.46607684661064075, 0.46607684661064075, 0.46607684661064075, 0.9797550559030644, 0.095042581836247, 0.46607684661064075, 0.095042581836247, 0.8715774509563594, 0.9797550559030644, 0.7973054724962, 0.46607684661064075, 0.46607684661064075, 0.9683365892043467, 0.9632854006273194, 0.9954353426972122]",23,train,1
0.98,98,0,0,2,100,1,1,1,1,0,0,0,1,1,1,1,0,0,0,"(array([0.77334696, 0.67310566, 0.53818798, 0.72713733]), array([0.68833965, 0.7716127 , 0.78888756, 0.75261629]), array([0.30410263, 0.22223687, 0.20361367, 0.24180163]), array([0.22514953, 0.32774061, 0.46274129, 0.27229652]))","['DeepSeekQwen (32B)', 'EurusPRMStage2_avg_scores (7.62B)', 'QwenPRM_min_scores (7.63B)', 'GPM (8B)']","[0.853426952796001, 0.9954353426972122, 0.853426952796001, 0.9797550559030644, 0.9632854006273194, 0.853426952796001, 0.8715774509563594, 0.9797550559030644, 0.9797550559030644, 0.9797550559030644, 0.9954353426972122, 0.8715774509563594, 0.8715774509563594, 0.9797550559030644, 0.9797550559030644, 0.9954353426972122, 0.9954353426972122, 0.9797550559030644, 0.8715774509563594, 0.9797550559030644, 0.9797550559030644, 0.9797550559030644, 0.9683365892043467, 0.9797550559030644, 0.853426952796001, 0.9797550559030644, 0.9954353426972122, 0.8715774509563594, 0.9797550559030644, 0.9797550559030644, 0.9797550559030644, 0.853426952796001, 0.8715774509563594, 0.9797550559030644, 0.8715774509563594, 0.449502070300918, 0.9954353426972122, 0.9954353426972122, 0.9797550559030644, 0.9797550559030644, 0.8715774509563594, 0.8715774509563594, 0.8715774509563594, 0.9954353426972122, 0.9797550559030644, 0.853426952796001, 0.8715774509563594, 0.9954353426972122, 0.853426952796001, 0.9797550559030644, 0.8715774509563594, 0.8715774509563594, 0.9797550559030644, 0.9797550559030644, 0.9954353426972122, 0.9797550559030644, 0.9954353426972122, 0.853426952796001, 0.9797550559030644, 0.9797550559030644, 0.449502070300918, 0.9797550559030644, 0.853426952796001, 0.9954353426972122, 0.853426952796001, 0.8715774509563594, 0.9797550559030644, 0.9632854006273194, 0.9797550559030644, 0.8715774509563594, 0.9683365892043467, 0.8715774509563594, 0.853426952796001, 0.9797550559030644, 0.9797550559030644, 0.853426952796001, 0.9797550559030644, 0.853426952796001, 0.9797550559030644, 0.7862985296267098, 0.9954353426972122, 0.8715774509563594, 0.9797550559030644, 0.9797550559030644, 0.853426952796001, 0.8715774509563594, 0.9797550559030644, 0.853426952796001, 0.9797550559030644, 0.9797550559030644, 0.853426952796001, 0.9797550559030644, 0.9797550559030644, 0.9632854006273194, 0.9797550559030644, 0.9632854006273194, 0.853426952796001, 0.8715774509563594, 0.8715774509563594, 0.9954353426972122]",24,train,9
0.57,32,25,0,43,100,67,1,1,1,0,0,0,67,1,1,1,0,0,0,"(array([0.77334696, 0.67310566, 0.53818798, 0.72713733]), array([0.68833965, 0.7716127 , 0.78888756, 0.75261629]), array([0.30410263, 0.22223687, 0.20361367, 0.24180163]), array([0.22514953, 0.32774061, 0.46274129, 0.27229652]))","['DeepSeekQwen (32B)', 'EurusPRMStage2_avg_scores (7.62B)', 'QwenPRM_min_scores (7.63B)', 'GPM (8B)']","[0.8715774509563594, 0.42821341823266806, 0.853426952796001, 0.095042581836247, 0.8615850092784149, 0.095042581836247, 0.8615850092784149, 0.8715774509563594, 0.42821341823266806, 0.8615850092784149, 0.095042581836247, 0.095042581836247, 0.46607684661064075, 0.8715774509563594, 0.46607684661064075, 0.46607684661064075, 0.46607684661064075, 0.8715774509563594, 0.095042581836247, 0.095042581836247, 0.095042581836247, 0.095042581836247, 0.8615850092784149, 0.42821341823266806, 0.095042581836247, 0.095042581836247, 0.46607684661064075, 0.46607684661064075, 0.8615850092784149, 0.42821341823266806, 0.8615850092784149, 0.8715774509563594, 0.8615850092784149, 0.46607684661064075, 0.46607684661064075, 0.095042581836247, 0.42821341823266806, 0.46607684661064075, 0.8615850092784149, 0.46607684661064075, 0.095042581836247, 0.8615850092784149, 0.095042581836247, 0.46607684661064075, 0.095042581836247, 0.8615850092784149, 0.095042581836247, 0.095042581836247, 0.46607684661064075, 0.095042581836247, 0.095042581836247, 0.42821341823266806, 0.095042581836247, 0.42821341823266806, 0.46607684661064075, 0.42821341823266806, 0.095042581836247, 0.095042581836247, 0.8615850092784149, 0.46607684661064075, 0.8715774509563594, 0.46607684661064075, 0.46607684661064075, 0.42821341823266806, 0.42821341823266806, 0.095042581836247, 0.8615850092784149, 0.9797550559030644, 0.8615850092784149, 0.8615850092784149, 0.095042581836247, 0.449502070300918, 0.42821341823266806, 0.8615850092784149, 0.46607684661064075, 0.46607684661064075, 0.8615850092784149, 0.46607684661064075, 0.449502070300918, 0.8615850092784149, 0.8615850092784149, 0.46607684661064075, 0.46607684661064075, 0.46607684661064075, 0.8615850092784149, 0.46607684661064075, 0.46607684661064075, 0.46607684661064075, 0.46607684661064075, 0.46607684661064075, 0.42821341823266806, 0.8615850092784149, 0.095042581836247, 0.8615850092784149, 0.46607684661064075, 0.095042581836247, 0.8615850092784149, 0.095042581836247, 0.8615850092784149, 0.8615850092784149]",25,train,7
0.83,57,26,14,3,100,1,1,1,1,0,0,0,1,1,1,1,0,0,0,"(array([0.77334696, 0.67310566, 0.53818798, 0.72713733]), array([0.68833965, 0.7716127 , 0.78888756, 0.75261629]), array([0.30410263, 0.22223687, 0.20361367, 0.24180163]), array([0.22514953, 0.32774061, 0.46274129, 0.27229652]))","['DeepSeekQwen (32B)', 'EurusPRMStage2_avg_scores (7.62B)', 'QwenPRM_min_scores (7.63B)', 'GPM (8B)']","[0.8715774509563594, 0.9797550559030644, 0.46607684661064075, 0.46607684661064075, 0.853426952796001, 0.8715774509563594, 0.46607684661064075, 0.8715774509563594, 0.46607684661064075, 0.853426952796001, 0.853426952796001, 0.9797550559030644, 0.8715774509563594, 0.9797550559030644, 0.46607684661064075, 0.095042581836247, 0.46607684661064075, 0.8615850092784149, 0.9797550559030644, 0.46607684661064075, 0.8715774509563594, 0.8715774509563594, 0.9797550559030644, 0.8715774509563594, 0.853426952796001, 0.8715774509563594, 0.8715774509563594, 0.9797550559030644, 0.8715774509563594, 0.46607684661064075, 0.46607684661064075, 0.8715774509563594, 0.46607684661064075, 0.9797550559030644, 0.46607684661064075, 0.8715774509563594, 0.095042581836247, 0.8715774509563594, 0.853426952796001, 0.9797550559030644, 0.9797550559030644, 0.46607684661064075, 0.8715774509563594, 0.8715774509563594, 0.449502070300918, 0.9797550559030644, 0.9797550559030644, 0.449502070300918, 0.8715774509563594, 0.8715774509563594, 0.449502070300918, 0.46607684661064075, 0.9797550559030644, 0.8715774509563594, 0.8715774509563594, 0.8715774509563594, 0.46607684661064075, 0.8715774509563594, 0.46607684661064075, 0.46607684661064075, 0.853426952796001, 0.9797550559030644, 0.095042581836247, 0.8715774509563594, 0.46607684661064075, 0.9797550559030644, 0.9797550559030644, 0.46607684661064075, 0.8615850092784149, 0.9797550559030644, 0.8715774509563594, 0.46607684661064075, 0.8715774509563594, 0.8715774509563594, 0.9797550559030644, 0.9797550559030644, 0.46607684661064075, 0.9797550559030644, 0.8715774509563594, 0.8715774509563594, 0.9797550559030644, 0.8715774509563594, 0.9797550559030644, 0.9797550559030644, 0.853426952796001, 0.9797550559030644, 0.9797550559030644, 0.8715774509563594, 0.095042581836247, 0.853426952796001, 0.449502070300918, 0.8715774509563594, 0.8715774509563594, 0.853426952796001, 0.9797550559030644, 0.8715774509563594, 0.46607684661064075, 0.9797550559030644, 0.8715774509563594, 0.9797550559030644]",26,train,5
1.0,100,0,0,0,100,0,1,1,1,0,0,0,0,1,1,1,0,0,0,"(array([0.77334696, 0.67310566, 0.53818798, 0.72713733]), array([0.68833965, 0.7716127 , 0.78888756, 0.75261629]), array([0.30410263, 0.22223687, 0.20361367, 0.24180163]), array([0.22514953, 0.32774061, 0.46274129, 0.27229652]))","['DeepSeekQwen (32B)', 'EurusPRMStage2_avg_scores (7.62B)', 'QwenPRM_min_scores (7.63B)', 'GPM (8B)']","[0.9954353426972122, 0.9954353426972122, 0.9683365892043467, 0.8715774509563594, 0.9632854006273194, 0.9954353426972122, 0.9797550559030644, 0.9632854006273194, 0.9797550559030644, 0.9797550559030644, 0.9954353426972122, 0.9797550559030644, 0.9954353426972122, 0.9954353426972122, 0.9954353426972122, 0.9954353426972122, 0.9632854006273194, 0.8715774509563594, 0.9954353426972122, 0.9632854006273194, 0.9632854006273194, 0.9954353426972122, 0.9954353426972122, 0.9655755272766947, 0.9954353426972122, 0.9954353426972122, 0.9683365892043467, 0.9954353426972122, 0.9954353426972122, 0.9632854006273194, 0.9632854006273194, 0.9954353426972122, 0.9797550559030644, 0.9632854006273194, 0.853426952796001, 0.9954353426972122, 0.9954353426972122, 0.9632854006273194, 0.9954353426972122, 0.9954353426972122, 0.9632854006273194, 0.9954353426972122, 0.9683365892043467, 0.9954353426972122, 0.853426952796001, 0.8715774509563594, 0.9954353426972122, 0.9797550559030644, 0.9632854006273194, 0.9797550559030644, 0.9954353426972122, 0.9954353426972122, 0.9954353426972122, 0.9954353426972122, 0.9954353426972122, 0.9954353426972122, 0.9797550559030644, 0.9954353426972122, 0.9683365892043467, 0.9954353426972122, 0.9954353426972122, 0.9632854006273194, 0.9954353426972122, 0.9954353426972122, 0.9954353426972122, 0.9683365892043467, 0.9954353426972122, 0.9954353426972122, 0.9954353426972122, 0.9954353426972122, 0.9683365892043467, 0.9632854006273194, 0.9954353426972122, 0.9954353426972122, 0.7862985296267098, 0.9797550559030644, 0.9954353426972122, 0.9954353426972122, 0.9632854006273194, 0.9632854006273194, 0.9632854006273194, 0.9683365892043467, 0.9683365892043467, 0.9954353426972122, 0.9954353426972122, 0.9632854006273194, 0.9632854006273194, 0.9954353426972122, 0.9954353426972122, 0.9954353426972122, 0.9954353426972122, 0.9954353426972122, 0.9632854006273194, 0.9683365892043467, 0.9954353426972122, 0.9954353426972122, 0.9797550559030644, 0.9683365892043467, 0.9954353426972122, 0.9797550559030644]",27,train,9
0.86,39,47,11,3,100,82,1,1,1,0,0,0,82,1,1,1,0,0,0,"(array([0.77334696, 0.67310566, 0.53818798, 0.72713733]), array([0.68833965, 0.7716127 , 0.78888756, 0.75261629]), array([0.30410263, 0.22223687, 0.20361367, 0.24180163]), array([0.22514953, 0.32774061, 0.46274129, 0.27229652]))","['DeepSeekQwen (32B)', 'EurusPRMStage2_avg_scores (7.62B)', 'QwenPRM_min_scores (7.63B)', 'GPM (8B)']","[0.853426952796001, 0.9797550559030644, 0.853426952796001, 0.853426952796001, 0.9797550559030644, 0.46607684661064075, 0.095042581836247, 0.42821341823266806, 0.42821341823266806, 0.095042581836247, 0.449502070300918, 0.8615850092784149, 0.8715774509563594, 0.8615850092784149, 0.095042581836247, 0.42821341823266806, 0.095042581836247, 0.8715774509563594, 0.095042581836247, 0.853426952796001, 0.42821341823266806, 0.449502070300918, 0.9797550559030644, 0.9797550559030644, 0.095042581836247, 0.8615850092784149, 0.42821341823266806, 0.42821341823266806, 0.095042581836247, 0.8715774509563594, 0.8715774509563594, 0.42821341823266806, 0.8715774509563594, 0.46607684661064075, 0.095042581836247, 0.9797550559030644, 0.095042581836247, 0.853426952796001, 0.853426952796001, 0.42821341823266806, 0.8715774509563594, 0.8715774509563594, 0.42821341823266806, 0.8715774509563594, 0.42821341823266806, 0.46607684661064075, 0.095042581836247, 0.9797550559030644, 0.095042581836247, 0.8715774509563594, 0.095042581836247, 0.449502070300918, 0.8615850092784149, 0.9797550559030644, 0.9797550559030644, 0.9797550559030644, 0.8615850092784149, 0.8715774509563594, 0.8715774509563594, 0.42821341823266806, 0.9797550559030644, 0.46607684661064075, 0.42821341823266806, 0.9797550559030644, 0.46607684661064075, 0.095042581836247, 0.8715774509563594, 0.853426952796001, 0.42821341823266806, 0.853426952796001, 0.9797550559030644, 0.095042581836247, 0.095042581836247, 0.8715774509563594, 0.8715774509563594, 0.9797550559030644, 0.42821341823266806, 0.095042581836247, 0.095042581836247, 0.095042581836247, 0.9797550559030644, 0.8615850092784149, 0.9954353426972122, 0.095042581836247, 0.42821341823266806, 0.9797550559030644, 0.9797550559030644, 0.449502070300918, 0.095042581836247, 0.853426952796001, 0.9797550559030644, 0.46607684661064075, 0.9797550559030644, 0.9797550559030644, 0.9797550559030644, 0.095042581836247, 0.46607684661064075, 0.449502070300918, 0.095042581836247, 0.42821341823266806]",28,train,4
0.99,97,2,0,1,100,0,1,1,1,0,0,0,0,1,1,1,0,0,0,"(array([0.77334696, 0.67310566, 0.53818798, 0.72713733]), array([0.68833965, 0.7716127 , 0.78888756, 0.75261629]), array([0.30410263, 0.22223687, 0.20361367, 0.24180163]), array([0.22514953, 0.32774061, 0.46274129, 0.27229652]))","['DeepSeekQwen (32B)', 'EurusPRMStage2_avg_scores (7.62B)', 'QwenPRM_min_scores (7.63B)', 'GPM (8B)']","[0.9954353426972122, 0.9632854006273194, 0.9954353426972122, 0.853426952796001, 0.9954353426972122, 0.853426952796001, 0.8715774509563594, 0.9797550559030644, 0.9954353426972122, 0.8615850092784149, 0.9797550559030644, 0.9954353426972122, 0.9655755272766947, 0.8715774509563594, 0.9797550559030644, 0.9797550559030644, 0.9632854006273194, 0.9954353426972122, 0.9632854006273194, 0.9632854006273194, 0.9797550559030644, 0.9632854006273194, 0.9954353426972122, 0.9954353426972122, 0.853426952796001, 0.449502070300918, 0.9797550559030644, 0.9797550559030644, 0.8715774509563594, 0.9797550559030644, 0.9797550559030644, 0.9632854006273194, 0.9683365892043467, 0.9632854006273194, 0.9797550559030644, 0.9632854006273194, 0.8715774509563594, 0.9797550559030644, 0.9797550559030644, 0.9954353426972122, 0.9797550559030644, 0.9632854006273194, 0.9797550559030644, 0.9797550559030644, 0.9797550559030644, 0.9954353426972122, 0.9797550559030644, 0.9954353426972122, 0.8715774509563594, 0.9954353426972122, 0.9632854006273194, 0.9632854006273194, 0.9797550559030644, 0.853426952796001, 0.9954353426972122, 0.853426952796001, 0.9797550559030644, 0.8715774509563594, 0.9797550559030644, 0.9954353426972122, 0.9632854006273194, 0.9797550559030644, 0.9954353426972122, 0.9797550559030644, 0.449502070300918, 0.8715774509563594, 0.9954353426972122, 0.9632854006273194, 0.8615850092784149, 0.9954353426972122, 0.8715774509563594, 0.9954353426972122, 0.9797550559030644, 0.9632854006273194, 0.8715774509563594, 0.9797550559030644, 0.853426952796001, 0.9797550559030644, 0.9954353426972122, 0.8715774509563594, 0.9632854006273194, 0.9632854006273194, 0.9632854006273194, 0.9683365892043467, 0.9954353426972122, 0.8715774509563594, 0.9797550559030644, 0.9954353426972122, 0.095042581836247, 0.9797550559030644, 0.9632854006273194, 0.853426952796001, 0.8715774509563594, 0.9797550559030644, 0.9954353426972122, 0.9797550559030644, 0.9954353426972122, 0.9797550559030644, 0.8715774509563594, 0.9954353426972122]",29,train,9
0.75,70,5,0,25,100,4,1,1,1,0,0,0,4,1,1,1,0,0,0,"(array([0.77334696, 0.67310566, 0.53818798, 0.72713733]), array([0.68833965, 0.7716127 , 0.78888756, 0.75261629]), array([0.30410263, 0.22223687, 0.20361367, 0.24180163]), array([0.22514953, 0.32774061, 0.46274129, 0.27229652]))","['DeepSeekQwen (32B)', 'EurusPRMStage2_avg_scores (7.62B)', 'QwenPRM_min_scores (7.63B)', 'GPM (8B)']","[0.9797550559030644, 0.8715774509563594, 0.8715774509563594, 0.095042581836247, 0.9954353426972122, 0.8715774509563594, 0.8715774509563594, 0.9797550559030644, 0.8715774509563594, 0.8715774509563594, 0.8715774509563594, 0.9954353426972122, 0.449502070300918, 0.9797550559030644, 0.8715774509563594, 0.095042581836247, 0.8715774509563594, 0.46607684661064075, 0.46607684661064075, 0.46607684661064075, 0.46607684661064075, 0.46607684661064075, 0.9797550559030644, 0.46607684661064075, 0.8715774509563594, 0.8715774509563594, 0.8715774509563594, 0.8715774509563594, 0.9797550559030644, 0.46607684661064075, 0.095042581836247, 0.9797550559030644, 0.9797550559030644, 0.46607684661064075, 0.46607684661064075, 0.46607684661064075, 0.8715774509563594, 0.8715774509563594, 0.9797550559030644, 0.8715774509563594, 0.8615850092784149, 0.8715774509563594, 0.8715774509563594, 0.9797550559030644, 0.449502070300918, 0.9797550559030644, 0.8715774509563594, 0.8715774509563594, 0.9797550559030644, 0.8715774509563594, 0.8715774509563594, 0.449502070300918, 0.095042581836247, 0.8715774509563594, 0.8715774509563594, 0.8715774509563594, 0.9954353426972122, 0.8715774509563594, 0.8715774509563594, 0.9797550559030644, 0.8715774509563594, 0.8715774509563594, 0.8715774509563594, 0.9797550559030644, 0.42821341823266806, 0.853426952796001, 0.8715774509563594, 0.8715774509563594, 0.8715774509563594, 0.46607684661064075, 0.8715774509563594, 0.095042581836247, 0.46607684661064075, 0.8715774509563594, 0.853426952796001, 0.9797550559030644, 0.9797550559030644, 0.449502070300918, 0.8715774509563594, 0.9797550559030644, 0.8715774509563594, 0.46607684661064075, 0.46607684661064075, 0.46607684661064075, 0.095042581836247, 0.46607684661064075, 0.9797550559030644, 0.8715774509563594, 0.8715774509563594, 0.8615850092784149, 0.8715774509563594, 0.46607684661064075, 0.8715774509563594, 0.46607684661064075, 0.9797550559030644, 0.8715774509563594, 0.8715774509563594, 0.8715774509563594, 0.095042581836247, 0.9954353426972122]",30,train,9
0.94,93,1,0,6,100,1,1,1,1,0,0,0,1,1,1,1,0,0,0,"(array([0.77334696, 0.67310566, 0.53818798, 0.72713733]), array([0.68833965, 0.7716127 , 0.78888756, 0.75261629]), array([0.30410263, 0.22223687, 0.20361367, 0.24180163]), array([0.22514953, 0.32774061, 0.46274129, 0.27229652]))","['DeepSeekQwen (32B)', 'EurusPRMStage2_avg_scores (7.62B)', 'QwenPRM_min_scores (7.63B)', 'GPM (8B)']","[0.853426952796001, 0.9954353426972122, 0.9797550559030644, 0.8715774509563594, 0.9954353426972122, 0.8715774509563594, 0.9683365892043467, 0.449502070300918, 0.8715774509563594, 0.9954353426972122, 0.9632854006273194, 0.9683365892043467, 0.9632854006273194, 0.9797550559030644, 0.9797550559030644, 0.9954353426972122, 0.853426952796001, 0.095042581836247, 0.9797550559030644, 0.9797550559030644, 0.8715774509563594, 0.8715774509563594, 0.9632854006273194, 0.9797550559030644, 0.8615850092784149, 0.8715774509563594, 0.8715774509563594, 0.9683365892043467, 0.9683365892043467, 0.8715774509563594, 0.8715774509563594, 0.9954353426972122, 0.8715774509563594, 0.9797550559030644, 0.8715774509563594, 0.853426952796001, 0.9632854006273194, 0.9797550559030644, 0.9954353426972122, 0.9797550559030644, 0.8715774509563594, 0.449502070300918, 0.449502070300918, 0.449502070300918, 0.9683365892043467, 0.9954353426972122, 0.9683365892043467, 0.8715774509563594, 0.8715774509563594, 0.9954353426972122, 0.9797550559030644, 0.853426952796001, 0.9797550559030644, 0.8715774509563594, 0.8715774509563594, 0.449502070300918, 0.9683365892043467, 0.8715774509563594, 0.9797550559030644, 0.9683365892043467, 0.7862985296267098, 0.9683365892043467, 0.9797550559030644, 0.9797550559030644, 0.9683365892043467, 0.9797550559030644, 0.8715774509563594, 0.7862985296267098, 0.9797550559030644, 0.8715774509563594, 0.8715774509563594, 0.8715774509563594, 0.8715774509563594, 0.8715774509563594, 0.9954353426972122, 0.9797550559030644, 0.449502070300918, 0.9797550559030644, 0.9954353426972122, 0.8715774509563594, 0.8715774509563594, 0.8715774509563594, 0.9797550559030644, 0.9632854006273194, 0.9954353426972122, 0.9632854006273194, 0.8715774509563594, 0.9632854006273194, 0.9683365892043467, 0.8715774509563594, 0.9954353426972122, 0.9632854006273194, 0.8715774509563594, 0.8715774509563594, 0.9797550559030644, 0.8715774509563594, 0.8715774509563594, 0.9632854006273194, 0.8715774509563594, 0.9797550559030644]",31,train,9
0.92,92,0,0,8,100,10,1,1,1,0,0,0,10,1,1,1,0,0,0,"(array([0.77334696, 0.67310566, 0.53818798, 0.72713733]), array([0.68833965, 0.7716127 , 0.78888756, 0.75261629]), array([0.30410263, 0.22223687, 0.20361367, 0.24180163]), array([0.22514953, 0.32774061, 0.46274129, 0.27229652]))","['DeepSeekQwen (32B)', 'EurusPRMStage2_avg_scores (7.62B)', 'QwenPRM_min_scores (7.63B)', 'GPM (8B)']","[0.8715774509563594, 0.9683365892043467, 0.8715774509563594, 0.8715774509563594, 0.8715774509563594, 0.8715774509563594, 0.8715774509563594, 0.8715774509563594, 0.853426952796001, 0.8715774509563594, 0.9954353426972122, 0.8715774509563594, 0.9797550559030644, 0.449502070300918, 0.9797550559030644, 0.9797550559030644, 0.9954353426972122, 0.9954353426972122, 0.8715774509563594, 0.853426952796001, 0.9797550559030644, 0.8715774509563594, 0.8715774509563594, 0.853426952796001, 0.449502070300918, 0.853426952796001, 0.8715774509563594, 0.9797550559030644, 0.9797550559030644, 0.449502070300918, 0.8715774509563594, 0.449502070300918, 0.8715774509563594, 0.9954353426972122, 0.8715774509563594, 0.8715774509563594, 0.8715774509563594, 0.9797550559030644, 0.8715774509563594, 0.9683365892043467, 0.8715774509563594, 0.9632854006273194, 0.853426952796001, 0.9954353426972122, 0.9954353426972122, 0.9797550559030644, 0.9797550559030644, 0.8715774509563594, 0.853426952796001, 0.853426952796001, 0.8715774509563594, 0.46607684661064075, 0.853426952796001, 0.9797550559030644, 0.9632854006273194, 0.9797550559030644, 0.9797550559030644, 0.9954353426972122, 0.853426952796001, 0.9954353426972122, 0.9797550559030644, 0.8715774509563594, 0.8715774509563594, 0.8715774509563594, 0.853426952796001, 0.8715774509563594, 0.8715774509563594, 0.8715774509563594, 0.8715774509563594, 0.9797550559030644, 0.9954353426972122, 0.8715774509563594, 0.9797550559030644, 0.853426952796001, 0.853426952796001, 0.9797550559030644, 0.8715774509563594, 0.9954353426972122, 0.9954353426972122, 0.449502070300918, 0.8715774509563594, 0.9954353426972122, 0.8715774509563594, 0.8715774509563594, 0.449502070300918, 0.9632854006273194, 0.46607684661064075, 0.9797550559030644, 0.9632854006273194, 0.9797550559030644, 0.9797550559030644, 0.8715774509563594, 0.8715774509563594, 0.9797550559030644, 0.8715774509563594, 0.8715774509563594, 0.9954353426972122, 0.853426952796001, 0.9797550559030644, 0.8715774509563594]",32,train,9
0.97,97,0,0,3,100,5,1,1,1,0,0,0,5,1,1,1,0,0,0,"(array([0.77334696, 0.67310566, 0.53818798, 0.72713733]), array([0.68833965, 0.7716127 , 0.78888756, 0.75261629]), array([0.30410263, 0.22223687, 0.20361367, 0.24180163]), array([0.22514953, 0.32774061, 0.46274129, 0.27229652]))","['DeepSeekQwen (32B)', 'EurusPRMStage2_avg_scores (7.62B)', 'QwenPRM_min_scores (7.63B)', 'GPM (8B)']","[0.8715774509563594, 0.449502070300918, 0.9797550559030644, 0.9797550559030644, 0.8715774509563594, 0.9954353426972122, 0.9683365892043467, 0.8715774509563594, 0.9954353426972122, 0.8715774509563594, 0.9797550559030644, 0.9632854006273194, 0.8715774509563594, 0.9954353426972122, 0.9954353426972122, 0.449502070300918, 0.8715774509563594, 0.8715774509563594, 0.9797550559030644, 0.9954353426972122, 0.853426952796001, 0.9797550559030644, 0.9683365892043467, 0.9954353426972122, 0.9797550559030644, 0.853426952796001, 0.9954353426972122, 0.9632854006273194, 0.9954353426972122, 0.9797550559030644, 0.8715774509563594, 0.9954353426972122, 0.8715774509563594, 0.9954353426972122, 0.8715774509563594, 0.8715774509563594, 0.8715774509563594, 0.9954353426972122, 0.7862985296267098, 0.9632854006273194, 0.9797550559030644, 0.9954353426972122, 0.8715774509563594, 0.8715774509563594, 0.9632854006273194, 0.9632854006273194, 0.853426952796001, 0.9954353426972122, 0.9797550559030644, 0.9632854006273194, 0.9797550559030644, 0.9632854006273194, 0.9797550559030644, 0.9954353426972122, 0.9954353426972122, 0.8715774509563594, 0.9797550559030644, 0.853426952796001, 0.8715774509563594, 0.8715774509563594, 0.9954353426972122, 0.8715774509563594, 0.9954353426972122, 0.9797550559030644, 0.8715774509563594, 0.9632854006273194, 0.9632854006273194, 0.9683365892043467, 0.9797550559030644, 0.42821341823266806, 0.7862985296267098, 0.9632854006273194, 0.8715774509563594, 0.8715774509563594, 0.9797550559030644, 0.8715774509563594, 0.9954353426972122, 0.8715774509563594, 0.9954353426972122, 0.9797550559030644, 0.8715774509563594, 0.8715774509563594, 0.9954353426972122, 0.9632854006273194, 0.9954353426972122, 0.8715774509563594, 0.9797550559030644, 0.8715774509563594, 0.8715774509563594, 0.9954353426972122, 0.9797550559030644, 0.9954353426972122, 0.9954353426972122, 0.9797550559030644, 0.7862985296267098, 0.9954353426972122, 0.9954353426972122, 0.9683365892043467, 0.9954353426972122, 0.9797550559030644]",33,train,9
0.98,0,98,2,0,100,3,0,0,0,0,1,0,0,0,1,0,1,0,0,"(array([0.77334696, 0.67310566, 0.53818798, 0.72713733]), array([0.68833965, 0.7716127 , 0.78888756, 0.75261629]), array([0.30410263, 0.22223687, 0.20361367, 0.24180163]), array([0.22514953, 0.32774061, 0.46274129, 0.27229652]))","['DeepSeekQwen (32B)', 'EurusPRMStage2_avg_scores (7.62B)', 'QwenPRM_min_scores (7.63B)', 'GPM (8B)']","[0.095042581836247, 0.095042581836247, 0.095042581836247, 0.8615850092784149, 0.095042581836247, 0.095042581836247, 0.095042581836247, 0.095042581836247, 0.095042581836247, 0.095042581836247, 0.095042581836247, 0.095042581836247, 0.095042581836247, 0.095042581836247, 0.095042581836247, 0.46607684661064075, 0.46607684661064075, 0.46607684661064075, 0.095042581836247, 0.095042581836247, 0.095042581836247, 0.095042581836247, 0.095042581836247, 0.095042581836247, 0.46607684661064075, 0.46607684661064075, 0.095042581836247, 0.095042581836247, 0.095042581836247, 0.095042581836247, 0.095042581836247, 0.095042581836247, 0.095042581836247, 0.449502070300918, 0.095042581836247, 0.095042581836247, 0.095042581836247, 0.46607684661064075, 0.095042581836247, 0.095042581836247, 0.095042581836247, 0.46607684661064075, 0.095042581836247, 0.8615850092784149, 0.095042581836247, 0.095042581836247, 0.095042581836247, 0.095042581836247, 0.095042581836247, 0.095042581836247, 0.095042581836247, 0.46607684661064075, 0.46607684661064075, 0.095042581836247, 0.095042581836247, 0.42821341823266806, 0.42821341823266806, 0.095042581836247, 0.095042581836247, 0.095042581836247, 0.46607684661064075, 0.095042581836247, 0.095042581836247, 0.42821341823266806, 0.095042581836247, 0.095042581836247, 0.46607684661064075, 0.46607684661064075, 0.095042581836247, 0.095042581836247, 0.095042581836247, 0.46607684661064075, 0.095042581836247, 0.46607684661064075, 0.095042581836247, 0.095042581836247, 0.095042581836247, 0.095042581836247, 0.46607684661064075, 0.095042581836247, 0.095042581836247, 0.095042581836247, 0.095042581836247, 0.095042581836247, 0.46607684661064075, 0.095042581836247, 0.095042581836247, 0.46607684661064075, 0.46607684661064075, 0.095042581836247, 0.46607684661064075, 0.46607684661064075, 0.095042581836247, 0.46607684661064075, 0.46607684661064075, 0.46607684661064075, 0.46607684661064075, 0.095042581836247, 0.095042581836247, 0.46607684661064075]",34,train,0
0.99,93,6,1,0,100,1,1,1,1,0,0,0,1,1,1,1,0,0,0,"(array([0.77334696, 0.67310566, 0.53818798, 0.72713733]), array([0.68833965, 0.7716127 , 0.78888756, 0.75261629]), array([0.30410263, 0.22223687, 0.20361367, 0.24180163]), array([0.22514953, 0.32774061, 0.46274129, 0.27229652]))","['DeepSeekQwen (32B)', 'EurusPRMStage2_avg_scores (7.62B)', 'QwenPRM_min_scores (7.63B)', 'GPM (8B)']","[0.46607684661064075, 0.9954353426972122, 0.9954353426972122, 0.9683365892043467, 0.9954353426972122, 0.9954353426972122, 0.9954353426972122, 0.9954353426972122, 0.9954353426972122, 0.9954353426972122, 0.9954353426972122, 0.9954353426972122, 0.8715774509563594, 0.9632854006273194, 0.9954353426972122, 0.9632854006273194, 0.9797550559030644, 0.9632854006273194, 0.9632854006273194, 0.8615850092784149, 0.9632854006273194, 0.9632854006273194, 0.9632854006273194, 0.9954353426972122, 0.9954353426972122, 0.9954353426972122, 0.9632854006273194, 0.9632854006273194, 0.9954353426972122, 0.9632854006273194, 0.9954353426972122, 0.9954353426972122, 0.9797550559030644, 0.9954353426972122, 0.9954353426972122, 0.9632854006273194, 0.9954353426972122, 0.9954353426972122, 0.9632854006273194, 0.9954353426972122, 0.8715774509563594, 0.9954353426972122, 0.9954353426972122, 0.9954353426972122, 0.9954353426972122, 0.9632854006273194, 0.9632854006273194, 0.9954353426972122, 0.9954353426972122, 0.9954353426972122, 0.9954353426972122, 0.46607684661064075, 0.9797550559030644, 0.9954353426972122, 0.9954353426972122, 0.9683365892043467, 0.9954353426972122, 0.9797550559030644, 0.9954353426972122, 0.46607684661064075, 0.9797550559030644, 0.9683365892043467, 0.9954353426972122, 0.9632854006273194, 0.9632854006273194, 0.9683365892043467, 0.9632854006273194, 0.9954353426972122, 0.9797550559030644, 0.9632854006273194, 0.9954353426972122, 0.853426952796001, 0.9683365892043467, 0.9954353426972122, 0.9797550559030644, 0.46607684661064075, 0.46607684661064075, 0.853426952796001, 0.9797550559030644, 0.9954353426972122, 0.9954353426972122, 0.9954353426972122, 0.9632854006273194, 0.9954353426972122, 0.9797550559030644, 0.9797550559030644, 0.853426952796001, 0.9683365892043467, 0.9954353426972122, 0.8715774509563594, 0.9954353426972122, 0.9632854006273194, 0.8615850092784149, 0.9954353426972122, 0.9954353426972122, 0.46607684661064075, 0.9632854006273194, 0.9954353426972122, 0.9632854006273194, 0.9954353426972122]",35,train,9
0.92,80,12,2,6,100,5,1,1,1,0,0,0,5,1,1,1,0,0,0,"(array([0.77334696, 0.67310566, 0.53818798, 0.72713733]), array([0.68833965, 0.7716127 , 0.78888756, 0.75261629]), array([0.30410263, 0.22223687, 0.20361367, 0.24180163]), array([0.22514953, 0.32774061, 0.46274129, 0.27229652]))","['DeepSeekQwen (32B)', 'EurusPRMStage2_avg_scores (7.62B)', 'QwenPRM_min_scores (7.63B)', 'GPM (8B)']","[0.853426952796001, 0.9797550559030644, 0.9797550559030644, 0.8715774509563594, 0.9797550559030644, 0.9954353426972122, 0.8715774509563594, 0.9954353426972122, 0.9797550559030644, 0.9797550559030644, 0.095042581836247, 0.853426952796001, 0.9797550559030644, 0.9954353426972122, 0.9683365892043467, 0.095042581836247, 0.9797550559030644, 0.9797550559030644, 0.42821341823266806, 0.9797550559030644, 0.9797550559030644, 0.9797550559030644, 0.8715774509563594, 0.8715774509563594, 0.8715774509563594, 0.9797550559030644, 0.46607684661064075, 0.8715774509563594, 0.9797550559030644, 0.9797550559030644, 0.853426952796001, 0.095042581836247, 0.9797550559030644, 0.9954353426972122, 0.9797550559030644, 0.8715774509563594, 0.9797550559030644, 0.9797550559030644, 0.853426952796001, 0.9797550559030644, 0.9797550559030644, 0.8715774509563594, 0.449502070300918, 0.9797550559030644, 0.449502070300918, 0.9797550559030644, 0.8715774509563594, 0.9797550559030644, 0.853426952796001, 0.9797550559030644, 0.095042581836247, 0.9797550559030644, 0.8715774509563594, 0.9797550559030644, 0.853426952796001, 0.9797550559030644, 0.42821341823266806, 0.46607684661064075, 0.9797550559030644, 0.9797550559030644, 0.8715774509563594, 0.853426952796001, 0.853426952796001, 0.8715774509563594, 0.9954353426972122, 0.9797550559030644, 0.46607684661064075, 0.9797550559030644, 0.9797550559030644, 0.853426952796001, 0.449502070300918, 0.8715774509563594, 0.095042581836247, 0.8715774509563594, 0.449502070300918, 0.9797550559030644, 0.9797550559030644, 0.449502070300918, 0.9797550559030644, 0.46607684661064075, 0.9797550559030644, 0.853426952796001, 0.9797550559030644, 0.8715774509563594, 0.8715774509563594, 0.095042581836247, 0.853426952796001, 0.9797550559030644, 0.9797550559030644, 0.9797550559030644, 0.095042581836247, 0.9797550559030644, 0.853426952796001, 0.9954353426972122, 0.9797550559030644, 0.9797550559030644, 0.9797550559030644, 0.9683365892043467, 0.8715774509563594, 0.853426952796001]",36,train,8
0.85,11,74,2,13,100,43,1,1,1,0,0,0,43,1,1,1,0,0,0,"(array([0.77334696, 0.67310566, 0.53818798, 0.72713733]), array([0.68833965, 0.7716127 , 0.78888756, 0.75261629]), array([0.30410263, 0.22223687, 0.20361367, 0.24180163]), array([0.22514953, 0.32774061, 0.46274129, 0.27229652]))","['DeepSeekQwen (32B)', 'EurusPRMStage2_avg_scores (7.62B)', 'QwenPRM_min_scores (7.63B)', 'GPM (8B)']","[0.46607684661064075, 0.095042581836247, 0.449502070300918, 0.853426952796001, 0.42821341823266806, 0.095042581836247, 0.095042581836247, 0.8715774509563594, 0.095042581836247, 0.46607684661064075, 0.853426952796001, 0.46607684661064075, 0.095042581836247, 0.095042581836247, 0.449502070300918, 0.095042581836247, 0.095042581836247, 0.095042581836247, 0.46607684661064075, 0.9683365892043467, 0.095042581836247, 0.095042581836247, 0.46607684661064075, 0.095042581836247, 0.095042581836247, 0.853426952796001, 0.095042581836247, 0.095042581836247, 0.095042581836247, 0.8615850092784149, 0.8615850092784149, 0.095042581836247, 0.46607684661064075, 0.449502070300918, 0.46607684661064075, 0.46607684661064075, 0.46607684661064075, 0.095042581836247, 0.095042581836247, 0.095042581836247, 0.095042581836247, 0.46607684661064075, 0.095042581836247, 0.9797550559030644, 0.095042581836247, 0.095042581836247, 0.46607684661064075, 0.095042581836247, 0.449502070300918, 0.449502070300918, 0.095042581836247, 0.095042581836247, 0.8715774509563594, 0.42821341823266806, 0.9797550559030644, 0.449502070300918, 0.095042581836247, 0.46607684661064075, 0.095042581836247, 0.9797550559030644, 0.449502070300918, 0.46607684661064075, 0.8715774509563594, 0.095042581836247, 0.8715774509563594, 0.42821341823266806, 0.46607684661064075, 0.449502070300918, 0.46607684661064075, 0.095042581836247, 0.095042581836247, 0.095042581836247, 0.095042581836247, 0.449502070300918, 0.095042581836247, 0.449502070300918, 0.095042581836247, 0.095042581836247, 0.46607684661064075, 0.095042581836247, 0.46607684661064075, 0.095042581836247, 0.46607684661064075, 0.095042581836247, 0.095042581836247, 0.095042581836247, 0.095042581836247, 0.449502070300918, 0.095042581836247, 0.095042581836247, 0.46607684661064075, 0.46607684661064075, 0.449502070300918, 0.095042581836247, 0.46607684661064075, 0.095042581836247, 0.095042581836247, 0.46607684661064075, 0.095042581836247, 0.46607684661064075]",37,train,2
0.98,95,3,1,1,100,0,1,1,1,0,0,0,0,1,1,1,0,0,0,"(array([0.77334696, 0.67310566, 0.53818798, 0.72713733]), array([0.68833965, 0.7716127 , 0.78888756, 0.75261629]), array([0.30410263, 0.22223687, 0.20361367, 0.24180163]), array([0.22514953, 0.32774061, 0.46274129, 0.27229652]))","['DeepSeekQwen (32B)', 'EurusPRMStage2_avg_scores (7.62B)', 'QwenPRM_min_scores (7.63B)', 'GPM (8B)']","[0.9954353426972122, 0.9954353426972122, 0.9797550559030644, 0.9954353426972122, 0.9954353426972122, 0.9954353426972122, 0.9954353426972122, 0.853426952796001, 0.9954353426972122, 0.095042581836247, 0.9797550559030644, 0.9954353426972122, 0.9954353426972122, 0.9797550559030644, 0.9954353426972122, 0.9797550559030644, 0.853426952796001, 0.9797550559030644, 0.9954353426972122, 0.9797550559030644, 0.9632854006273194, 0.9797550559030644, 0.9954353426972122, 0.9632854006273194, 0.9632854006273194, 0.9954353426972122, 0.9954353426972122, 0.9954353426972122, 0.9797550559030644, 0.853426952796001, 0.853426952796001, 0.9632854006273194, 0.9954353426972122, 0.9797550559030644, 0.9797550559030644, 0.8715774509563594, 0.9797550559030644, 0.9954353426972122, 0.9797550559030644, 0.9797550559030644, 0.9797550559030644, 0.095042581836247, 0.9954353426972122, 0.8715774509563594, 0.42821341823266806, 0.9797550559030644, 0.9954353426972122, 0.9954353426972122, 0.9954353426972122, 0.8715774509563594, 0.9797550559030644, 0.9797550559030644, 0.9683365892043467, 0.9797550559030644, 0.9954353426972122, 0.8715774509563594, 0.8615850092784149, 0.095042581836247, 0.9632854006273194, 0.853426952796001, 0.853426952796001, 0.9954353426972122, 0.9954353426972122, 0.9683365892043467, 0.9632854006273194, 0.9797550559030644, 0.9954353426972122, 0.8715774509563594, 0.9632854006273194, 0.9797550559030644, 0.9954353426972122, 0.9954353426972122, 0.9954353426972122, 0.9954353426972122, 0.9954353426972122, 0.8615850092784149, 0.9954353426972122, 0.9954353426972122, 0.9797550559030644, 0.9797550559030644, 0.8715774509563594, 0.9797550559030644, 0.9797550559030644, 0.9632854006273194, 0.9797550559030644, 0.9954353426972122, 0.853426952796001, 0.853426952796001, 0.9954353426972122, 0.9797550559030644, 0.9954353426972122, 0.9797550559030644, 0.9954353426972122, 0.9954353426972122, 0.9683365892043467, 0.9954353426972122, 0.9954353426972122, 0.853426952796001, 0.853426952796001, 0.9954353426972122]",38,train,9
0.99,99,0,0,1,100,1,1,1,1,0,0,0,1,1,1,1,0,0,0,"(array([0.77334696, 0.67310566, 0.53818798, 0.72713733]), array([0.68833965, 0.7716127 , 0.78888756, 0.75261629]), array([0.30410263, 0.22223687, 0.20361367, 0.24180163]), array([0.22514953, 0.32774061, 0.46274129, 0.27229652]))","['DeepSeekQwen (32B)', 'EurusPRMStage2_avg_scores (7.62B)', 'QwenPRM_min_scores (7.63B)', 'GPM (8B)']","[0.9797550559030644, 0.9954353426972122, 0.9797550559030644, 0.853426952796001, 0.9797550559030644, 0.9797550559030644, 0.7862985296267098, 0.9954353426972122, 0.9797550559030644, 0.9683365892043467, 0.9954353426972122, 0.9954353426972122, 0.9655755272766947, 0.9954353426972122, 0.9954353426972122, 0.9954353426972122, 0.9954353426972122, 0.9632854006273194, 0.7862985296267098, 0.9954353426972122, 0.9632854006273194, 0.9632854006273194, 0.9954353426972122, 0.9954353426972122, 0.9797550559030644, 0.9954353426972122, 0.9797550559030644, 0.9797550559030644, 0.9954353426972122, 0.9954353426972122, 0.9797550559030644, 0.9632854006273194, 0.9797550559030644, 0.9954353426972122, 0.9632854006273194, 0.9954353426972122, 0.9632854006273194, 0.9954353426972122, 0.9954353426972122, 0.9954353426972122, 0.9954353426972122, 0.9797550559030644, 0.9632854006273194, 0.9797550559030644, 0.9632854006273194, 0.9954353426972122, 0.9797550559030644, 0.9954353426972122, 0.853426952796001, 0.9954353426972122, 0.9954353426972122, 0.9797550559030644, 0.9954353426972122, 0.9954353426972122, 0.9683365892043467, 0.449502070300918, 0.9954353426972122, 0.9632854006273194, 0.9632854006273194, 0.9797550559030644, 0.9683365892043467, 0.9954353426972122, 0.9954353426972122, 0.9954353426972122, 0.9632854006273194, 0.9797550559030644, 0.853426952796001, 0.9954353426972122, 0.9632854006273194, 0.853426952796001, 0.9683365892043467, 0.9632854006273194, 0.9797550559030644, 0.8715774509563594, 0.9797550559030644, 0.9632854006273194, 0.9954353426972122, 0.9954353426972122, 0.7714109024315244, 0.9954353426972122, 0.853426952796001, 0.8715774509563594, 0.9954353426972122, 0.9632854006273194, 0.9797550559030644, 0.9632854006273194, 0.7862985296267098, 0.9797550559030644, 0.9954353426972122, 0.9632854006273194, 0.9954353426972122, 0.8715774509563594, 0.9954353426972122, 0.9797550559030644, 0.9954353426972122, 0.853426952796001, 0.9797550559030644, 0.8715774509563594, 0.853426952796001, 0.9797550559030644]",39,train,9
0.98,94,4,0,2,100,1,1,1,1,0,0,0,1,1,1,1,0,0,0,"(array([0.77334696, 0.67310566, 0.53818798, 0.72713733]), array([0.68833965, 0.7716127 , 0.78888756, 0.75261629]), array([0.30410263, 0.22223687, 0.20361367, 0.24180163]), array([0.22514953, 0.32774061, 0.46274129, 0.27229652]))","['DeepSeekQwen (32B)', 'EurusPRMStage2_avg_scores (7.62B)', 'QwenPRM_min_scores (7.63B)', 'GPM (8B)']","[0.9797550559030644, 0.9954353426972122, 0.7862985296267098, 0.9797550559030644, 0.9954353426972122, 0.9954353426972122, 0.9954353426972122, 0.095042581836247, 0.095042581836247, 0.9632854006273194, 0.9954353426972122, 0.9954353426972122, 0.9954353426972122, 0.9655755272766947, 0.9632854006273194, 0.9632854006273194, 0.853426952796001, 0.9954353426972122, 0.9683365892043467, 0.9632854006273194, 0.9632854006273194, 0.9954353426972122, 0.9954353426972122, 0.9954353426972122, 0.9797550559030644, 0.9954353426972122, 0.095042581836247, 0.9954353426972122, 0.449502070300918, 0.9954353426972122, 0.9683365892043467, 0.9797550559030644, 0.9954353426972122, 0.9632854006273194, 0.9954353426972122, 0.9632854006273194, 0.9797550559030644, 0.7862985296267098, 0.9797550559030644, 0.9954353426972122, 0.9632854006273194, 0.9954353426972122, 0.9954353426972122, 0.9632854006273194, 0.9797550559030644, 0.9954353426972122, 0.9683365892043467, 0.449502070300918, 0.095042581836247, 0.9632854006273194, 0.9954353426972122, 0.9632854006273194, 0.9954353426972122, 0.9683365892043467, 0.9632854006273194, 0.9954353426972122, 0.9632854006273194, 0.9954353426972122, 0.9954353426972122, 0.9954353426972122, 0.9954353426972122, 0.9954353426972122, 0.9797550559030644, 0.9954353426972122, 0.9954353426972122, 0.9954353426972122, 0.9954353426972122, 0.9683365892043467, 0.9632854006273194, 0.9797550559030644, 0.9632854006273194, 0.9954353426972122, 0.9954353426972122, 0.9797550559030644, 0.9632854006273194, 0.9683365892043467, 0.853426952796001, 0.9954353426972122, 0.8715774509563594, 0.9954353426972122, 0.9954353426972122, 0.9954353426972122, 0.9954353426972122, 0.9954353426972122, 0.9632854006273194, 0.9954353426972122, 0.9797550559030644, 0.9954353426972122, 0.9655755272766947, 0.9632854006273194, 0.9683365892043467, 0.9797550559030644, 0.9954353426972122, 0.9797550559030644, 0.7862985296267098, 0.9954353426972122, 0.9954353426972122, 0.9954353426972122, 0.853426952796001, 0.9954353426972122]",40,train,9
0.76,10,66,0,24,100,6,1,1,1,0,0,0,6,1,1,1,0,0,0,"(array([0.77334696, 0.67310566, 0.53818798, 0.72713733]), array([0.68833965, 0.7716127 , 0.78888756, 0.75261629]), array([0.30410263, 0.22223687, 0.20361367, 0.24180163]), array([0.22514953, 0.32774061, 0.46274129, 0.27229652]))","['DeepSeekQwen (32B)', 'EurusPRMStage2_avg_scores (7.62B)', 'QwenPRM_min_scores (7.63B)', 'GPM (8B)']","[0.8715774509563594, 0.095042581836247, 0.095042581836247, 0.095042581836247, 0.46607684661064075, 0.095042581836247, 0.9954353426972122, 0.095042581836247, 0.095042581836247, 0.095042581836247, 0.095042581836247, 0.46607684661064075, 0.095042581836247, 0.46607684661064075, 0.8715774509563594, 0.095042581836247, 0.095042581836247, 0.46607684661064075, 0.095042581836247, 0.46607684661064075, 0.46607684661064075, 0.46607684661064075, 0.095042581836247, 0.449502070300918, 0.8715774509563594, 0.46607684661064075, 0.46607684661064075, 0.095042581836247, 0.46607684661064075, 0.46607684661064075, 0.095042581836247, 0.095042581836247, 0.095042581836247, 0.095042581836247, 0.46607684661064075, 0.095042581836247, 0.46607684661064075, 0.095042581836247, 0.095042581836247, 0.095042581836247, 0.8715774509563594, 0.46607684661064075, 0.095042581836247, 0.46607684661064075, 0.46607684661064075, 0.449502070300918, 0.095042581836247, 0.095042581836247, 0.095042581836247, 0.46607684661064075, 0.9797550559030644, 0.095042581836247, 0.095042581836247, 0.095042581836247, 0.095042581836247, 0.095042581836247, 0.095042581836247, 0.46607684661064075, 0.095042581836247, 0.9954353426972122, 0.095042581836247, 0.095042581836247, 0.095042581836247, 0.095042581836247, 0.46607684661064075, 0.095042581836247, 0.095042581836247, 0.46607684661064075, 0.449502070300918, 0.095042581836247, 0.46607684661064075, 0.095042581836247, 0.46607684661064075, 0.46607684661064075, 0.095042581836247, 0.449502070300918, 0.9797550559030644, 0.449502070300918, 0.449502070300918, 0.095042581836247, 0.095042581836247, 0.46607684661064075, 0.095042581836247, 0.8715774509563594, 0.46607684661064075, 0.095042581836247, 0.095042581836247, 0.095042581836247, 0.095042581836247, 0.095042581836247, 0.46607684661064075, 0.095042581836247, 0.095042581836247, 0.46607684661064075, 0.095042581836247, 0.9632854006273194, 0.095042581836247, 0.46607684661064075, 0.095042581836247, 0.46607684661064075]",41,train,3
0.77,7,70,4,19,100,50,1,1,1,0,0,0,50,1,1,1,0,0,0,"(array([0.77334696, 0.67310566, 0.53818798, 0.72713733]), array([0.68833965, 0.7716127 , 0.78888756, 0.75261629]), array([0.30410263, 0.22223687, 0.20361367, 0.24180163]), array([0.22514953, 0.32774061, 0.46274129, 0.27229652]))","['DeepSeekQwen (32B)', 'EurusPRMStage2_avg_scores (7.62B)', 'QwenPRM_min_scores (7.63B)', 'GPM (8B)']","[0.46607684661064075, 0.8615850092784149, 0.095042581836247, 0.46607684661064075, 0.46607684661064075, 0.46607684661064075, 0.46607684661064075, 0.095042581836247, 0.095042581836247, 0.8715774509563594, 0.095042581836247, 0.095042581836247, 0.095042581836247, 0.095042581836247, 0.8715774509563594, 0.095042581836247, 0.095042581836247, 0.095042581836247, 0.46607684661064075, 0.095042581836247, 0.095042581836247, 0.095042581836247, 0.095042581836247, 0.095042581836247, 0.46607684661064075, 0.853426952796001, 0.46607684661064075, 0.095042581836247, 0.095042581836247, 0.095042581836247, 0.095042581836247, 0.095042581836247, 0.46607684661064075, 0.42821341823266806, 0.46607684661064075, 0.095042581836247, 0.095042581836247, 0.095042581836247, 0.095042581836247, 0.095042581836247, 0.095042581836247, 0.095042581836247, 0.095042581836247, 0.8615850092784149, 0.095042581836247, 0.095042581836247, 0.095042581836247, 0.095042581836247, 0.449502070300918, 0.095042581836247, 0.9797550559030644, 0.095042581836247, 0.46607684661064075, 0.095042581836247, 0.46607684661064075, 0.095042581836247, 0.8715774509563594, 0.095042581836247, 0.095042581836247, 0.095042581836247, 0.095042581836247, 0.46607684661064075, 0.095042581836247, 0.095042581836247, 0.46607684661064075, 0.46607684661064075, 0.8715774509563594, 0.8715774509563594, 0.46607684661064075, 0.095042581836247, 0.8715774509563594, 0.095042581836247, 0.46607684661064075, 0.095042581836247, 0.095042581836247, 0.095042581836247, 0.095042581836247, 0.095042581836247, 0.095042581836247, 0.449502070300918, 0.46607684661064075, 0.449502070300918, 0.095042581836247, 0.42821341823266806, 0.095042581836247, 0.095042581836247, 0.8715774509563594, 0.46607684661064075, 0.095042581836247, 0.095042581836247, 0.095042581836247, 0.449502070300918, 0.449502070300918, 0.095042581836247, 0.095042581836247, 0.095042581836247, 0.095042581836247, 0.46607684661064075, 0.095042581836247, 0.095042581836247]",42,train,2
0.99,98,1,1,0,100,6,1,1,1,0,0,0,6,1,1,1,0,0,0,"(array([0.77334696, 0.67310566, 0.53818798, 0.72713733]), array([0.68833965, 0.7716127 , 0.78888756, 0.75261629]), array([0.30410263, 0.22223687, 0.20361367, 0.24180163]), array([0.22514953, 0.32774061, 0.46274129, 0.27229652]))","['DeepSeekQwen (32B)', 'EurusPRMStage2_avg_scores (7.62B)', 'QwenPRM_min_scores (7.63B)', 'GPM (8B)']","[0.9797550559030644, 0.9683365892043467, 0.9797550559030644, 0.9632854006273194, 0.9632854006273194, 0.853426952796001, 0.9954353426972122, 0.9954353426972122, 0.8715774509563594, 0.9632854006273194, 0.9954353426972122, 0.9797550559030644, 0.9954353426972122, 0.9797550559030644, 0.9954353426972122, 0.9632854006273194, 0.9954353426972122, 0.9683365892043467, 0.9797550559030644, 0.9954353426972122, 0.9954353426972122, 0.9954353426972122, 0.9797550559030644, 0.8715774509563594, 0.9954353426972122, 0.9954353426972122, 0.9632854006273194, 0.8715774509563594, 0.9954353426972122, 0.9632854006273194, 0.9954353426972122, 0.9655755272766947, 0.7862985296267098, 0.9954353426972122, 0.9797550559030644, 0.8715774509563594, 0.9683365892043467, 0.9797550559030644, 0.9954353426972122, 0.9954353426972122, 0.9954353426972122, 0.9632854006273194, 0.9954353426972122, 0.9954353426972122, 0.9954353426972122, 0.9954353426972122, 0.9683365892043467, 0.9632854006273194, 0.9632854006273194, 0.9797550559030644, 0.9954353426972122, 0.853426952796001, 0.9954353426972122, 0.9954353426972122, 0.8715774509563594, 0.9954353426972122, 0.9954353426972122, 0.9632854006273194, 0.9954353426972122, 0.9683365892043467, 0.9954353426972122, 0.9954353426972122, 0.9954353426972122, 0.9683365892043467, 0.8715774509563594, 0.8715774509563594, 0.9797550559030644, 0.9797550559030644, 0.9632854006273194, 0.9954353426972122, 0.9954353426972122, 0.9683365892043467, 0.9954353426972122, 0.9797550559030644, 0.9632854006273194, 0.095042581836247, 0.9954353426972122, 0.9954353426972122, 0.9954353426972122, 0.8715774509563594, 0.8715774509563594, 0.7862985296267098, 0.9632854006273194, 0.8715774509563594, 0.9954353426972122, 0.9632854006273194, 0.9683365892043467, 0.9683365892043467, 0.9797550559030644, 0.9683365892043467, 0.9632854006273194, 0.9683365892043467, 0.9954353426972122, 0.8715774509563594, 0.9954353426972122, 0.9954353426972122, 0.9954353426972122, 0.9954353426972122, 0.9954353426972122, 0.7862985296267098]",43,train,9
0.99,99,0,0,1,100,1,1,1,1,0,0,0,1,1,1,1,0,0,0,"(array([0.77334696, 0.67310566, 0.53818798, 0.72713733]), array([0.68833965, 0.7716127 , 0.78888756, 0.75261629]), array([0.30410263, 0.22223687, 0.20361367, 0.24180163]), array([0.22514953, 0.32774061, 0.46274129, 0.27229652]))","['DeepSeekQwen (32B)', 'EurusPRMStage2_avg_scores (7.62B)', 'QwenPRM_min_scores (7.63B)', 'GPM (8B)']","[0.9797550559030644, 0.9954353426972122, 0.8715774509563594, 0.9954353426972122, 0.9797550559030644, 0.9954353426972122, 0.9797550559030644, 0.9954353426972122, 0.9954353426972122, 0.9797550559030644, 0.9632854006273194, 0.9954353426972122, 0.8715774509563594, 0.9632854006273194, 0.9954353426972122, 0.8715774509563594, 0.9632854006273194, 0.9954353426972122, 0.9954353426972122, 0.9954353426972122, 0.9632854006273194, 0.9954353426972122, 0.9954353426972122, 0.9632854006273194, 0.8715774509563594, 0.9954353426972122, 0.9683365892043467, 0.9954353426972122, 0.853426952796001, 0.9954353426972122, 0.9954353426972122, 0.9954353426972122, 0.8715774509563594, 0.9632854006273194, 0.9797550559030644, 0.9954353426972122, 0.9632854006273194, 0.853426952796001, 0.9683365892043467, 0.9632854006273194, 0.9954353426972122, 0.853426952796001, 0.9954353426972122, 0.9683365892043467, 0.9797550559030644, 0.9954353426972122, 0.853426952796001, 0.9954353426972122, 0.9632854006273194, 0.9954353426972122, 0.9954353426972122, 0.9632854006273194, 0.9954353426972122, 0.9797550559030644, 0.9797550559030644, 0.9954353426972122, 0.853426952796001, 0.9632854006273194, 0.9954353426972122, 0.853426952796001, 0.9954353426972122, 0.9954353426972122, 0.9954353426972122, 0.9954353426972122, 0.8715774509563594, 0.9683365892043467, 0.9797550559030644, 0.9632854006273194, 0.9632854006273194, 0.8715774509563594, 0.8715774509563594, 0.9632854006273194, 0.9797550559030644, 0.9632854006273194, 0.9954353426972122, 0.9954353426972122, 0.9797550559030644, 0.9954353426972122, 0.9954353426972122, 0.9954353426972122, 0.9954353426972122, 0.9632854006273194, 0.9954353426972122, 0.9954353426972122, 0.9683365892043467, 0.9954353426972122, 0.9954353426972122, 0.9954353426972122, 0.9954353426972122, 0.9954353426972122, 0.853426952796001, 0.9954353426972122, 0.9954353426972122, 0.9954353426972122, 0.9797550559030644, 0.9797550559030644, 0.9954353426972122, 0.9797550559030644, 0.8715774509563594, 0.449502070300918]",44,train,9
0.97,97,0,0,3,100,1,1,1,1,0,0,0,1,1,1,1,0,0,0,"(array([0.77334696, 0.67310566, 0.53818798, 0.72713733]), array([0.68833965, 0.7716127 , 0.78888756, 0.75261629]), array([0.30410263, 0.22223687, 0.20361367, 0.24180163]), array([0.22514953, 0.32774061, 0.46274129, 0.27229652]))","['DeepSeekQwen (32B)', 'EurusPRMStage2_avg_scores (7.62B)', 'QwenPRM_min_scores (7.63B)', 'GPM (8B)']","[0.9797550559030644, 0.9954353426972122, 0.853426952796001, 0.9797550559030644, 0.9954353426972122, 0.449502070300918, 0.9632854006273194, 0.853426952796001, 0.9954353426972122, 0.9797550559030644, 0.9954353426972122, 0.853426952796001, 0.9632854006273194, 0.9797550559030644, 0.9632854006273194, 0.9797550559030644, 0.9632854006273194, 0.9797550559030644, 0.9797550559030644, 0.9954353426972122, 0.9632854006273194, 0.853426952796001, 0.9632854006273194, 0.9954353426972122, 0.9954353426972122, 0.8715774509563594, 0.9954353426972122, 0.9797550559030644, 0.9797550559030644, 0.9954353426972122, 0.9954353426972122, 0.9632854006273194, 0.9797550559030644, 0.9632854006273194, 0.9954353426972122, 0.9954353426972122, 0.9683365892043467, 0.9954353426972122, 0.853426952796001, 0.9632854006273194, 0.8715774509563594, 0.9797550559030644, 0.9954353426972122, 0.9797550559030644, 0.9954353426972122, 0.9632854006273194, 0.9683365892043467, 0.9954353426972122, 0.9954353426972122, 0.9797550559030644, 0.9683365892043467, 0.853426952796001, 0.9797550559030644, 0.9797550559030644, 0.9797550559030644, 0.9954353426972122, 0.9954353426972122, 0.9954353426972122, 0.9954353426972122, 0.9632854006273194, 0.9797550559030644, 0.9797550559030644, 0.9797550559030644, 0.9797550559030644, 0.449502070300918, 0.9632854006273194, 0.9954353426972122, 0.9797550559030644, 0.9954353426972122, 0.9954353426972122, 0.9954353426972122, 0.9797550559030644, 0.853426952796001, 0.8715774509563594, 0.9797550559030644, 0.9954353426972122, 0.9954353426972122, 0.9954353426972122, 0.9954353426972122, 0.9954353426972122, 0.9797550559030644, 0.9954353426972122, 0.9954353426972122, 0.9954353426972122, 0.9632854006273194, 0.853426952796001, 0.9632854006273194, 0.9954353426972122, 0.9797550559030644, 0.9797550559030644, 0.9954353426972122, 0.9632854006273194, 0.9954353426972122, 0.9954353426972122, 0.449502070300918, 0.9797550559030644, 0.9954353426972122, 0.9954353426972122, 0.853426952796001, 0.853426952796001]",45,train,9
0.98,98,0,0,2,100,0,1,1,1,0,0,0,0,1,1,1,0,0,0,"(array([0.77334696, 0.67310566, 0.53818798, 0.72713733]), array([0.68833965, 0.7716127 , 0.78888756, 0.75261629]), array([0.30410263, 0.22223687, 0.20361367, 0.24180163]), array([0.22514953, 0.32774061, 0.46274129, 0.27229652]))","['DeepSeekQwen (32B)', 'EurusPRMStage2_avg_scores (7.62B)', 'QwenPRM_min_scores (7.63B)', 'GPM (8B)']","[0.9954353426972122, 0.9797550559030644, 0.9797550559030644, 0.8715774509563594, 0.9632854006273194, 0.9632854006273194, 0.9954353426972122, 0.9954353426972122, 0.9954353426972122, 0.9954353426972122, 0.9954353426972122, 0.9954353426972122, 0.9797550559030644, 0.9797550559030644, 0.853426952796001, 0.853426952796001, 0.9954353426972122, 0.9632854006273194, 0.9954353426972122, 0.9954353426972122, 0.9954353426972122, 0.9797550559030644, 0.9683365892043467, 0.9797550559030644, 0.8715774509563594, 0.9954353426972122, 0.9797550559030644, 0.9797550559030644, 0.449502070300918, 0.9954353426972122, 0.853426952796001, 0.9797550559030644, 0.9632854006273194, 0.9632854006273194, 0.9954353426972122, 0.9683365892043467, 0.9797550559030644, 0.9954353426972122, 0.9954353426972122, 0.9954353426972122, 0.9954353426972122, 0.9632854006273194, 0.9954353426972122, 0.9797550559030644, 0.9954353426972122, 0.9797550559030644, 0.9954353426972122, 0.7862985296267098, 0.9954353426972122, 0.9954353426972122, 0.9797550559030644, 0.9632854006273194, 0.9632854006273194, 0.9954353426972122, 0.9797550559030644, 0.853426952796001, 0.9683365892043467, 0.9954353426972122, 0.9954353426972122, 0.9954353426972122, 0.9954353426972122, 0.9954353426972122, 0.9954353426972122, 0.9954353426972122, 0.9954353426972122, 0.9797550559030644, 0.9797550559030644, 0.9954353426972122, 0.9954353426972122, 0.853426952796001, 0.9683365892043467, 0.9683365892043467, 0.9954353426972122, 0.9954353426972122, 0.853426952796001, 0.46607684661064075, 0.8715774509563594, 0.853426952796001, 0.9954353426972122, 0.9954353426972122, 0.9683365892043467, 0.9632854006273194, 0.9797550559030644, 0.9954353426972122, 0.9632854006273194, 0.9797550559030644, 0.9632854006273194, 0.9954353426972122, 0.9954353426972122, 0.9954353426972122, 0.853426952796001, 0.9954353426972122, 0.9683365892043467, 0.9954353426972122, 0.9797550559030644, 0.853426952796001, 0.9632854006273194, 0.9954353426972122, 0.9797550559030644, 0.9954353426972122]",46,train,9
0.9,90,0,0,10,100,3,1,1,1,0,0,0,3,1,1,1,0,0,0,"(array([0.77334696, 0.67310566, 0.53818798, 0.72713733]), array([0.68833965, 0.7716127 , 0.78888756, 0.75261629]), array([0.30410263, 0.22223687, 0.20361367, 0.24180163]), array([0.22514953, 0.32774061, 0.46274129, 0.27229652]))","['DeepSeekQwen (32B)', 'EurusPRMStage2_avg_scores (7.62B)', 'QwenPRM_min_scores (7.63B)', 'GPM (8B)']","[0.8715774509563594, 0.8715774509563594, 0.9632854006273194, 0.9954353426972122, 0.449502070300918, 0.8715774509563594, 0.449502070300918, 0.9683365892043467, 0.9954353426972122, 0.8715774509563594, 0.9797550559030644, 0.9954353426972122, 0.9954353426972122, 0.9797550559030644, 0.9954353426972122, 0.8715774509563594, 0.9954353426972122, 0.8715774509563594, 0.853426952796001, 0.9797550559030644, 0.8715774509563594, 0.853426952796001, 0.8715774509563594, 0.8715774509563594, 0.9797550559030644, 0.9797550559030644, 0.853426952796001, 0.9797550559030644, 0.853426952796001, 0.9797550559030644, 0.9797550559030644, 0.8715774509563594, 0.9797550559030644, 0.9797550559030644, 0.9797550559030644, 0.449502070300918, 0.449502070300918, 0.9797550559030644, 0.9797550559030644, 0.853426952796001, 0.9954353426972122, 0.9797550559030644, 0.8715774509563594, 0.853426952796001, 0.9797550559030644, 0.449502070300918, 0.9797550559030644, 0.853426952796001, 0.8715774509563594, 0.8715774509563594, 0.8715774509563594, 0.9797550559030644, 0.9797550559030644, 0.8715774509563594, 0.449502070300918, 0.9683365892043467, 0.853426952796001, 0.9954353426972122, 0.8715774509563594, 0.9954353426972122, 0.9797550559030644, 0.8715774509563594, 0.9797550559030644, 0.8715774509563594, 0.9954353426972122, 0.8715774509563594, 0.9797550559030644, 0.9797550559030644, 0.9954353426972122, 0.8715774509563594, 0.9797550559030644, 0.8715774509563594, 0.8715774509563594, 0.8715774509563594, 0.9632854006273194, 0.9954353426972122, 0.8715774509563594, 0.8715774509563594, 0.9954353426972122, 0.853426952796001, 0.9632854006273194, 0.449502070300918, 0.9797550559030644, 0.42821341823266806, 0.9797550559030644, 0.46607684661064075, 0.8715774509563594, 0.9797550559030644, 0.8715774509563594, 0.9683365892043467, 0.8715774509563594, 0.9683365892043467, 0.8715774509563594, 0.9797550559030644, 0.8715774509563594, 0.8715774509563594, 0.9797550559030644, 0.9954353426972122, 0.9954353426972122, 0.449502070300918]",47,train,9
0.97,97,0,0,3,100,0,1,1,1,0,0,0,0,1,1,1,0,0,0,"(array([0.77334696, 0.67310566, 0.53818798, 0.72713733]), array([0.68833965, 0.7716127 , 0.78888756, 0.75261629]), array([0.30410263, 0.22223687, 0.20361367, 0.24180163]), array([0.22514953, 0.32774061, 0.46274129, 0.27229652]))","['DeepSeekQwen (32B)', 'EurusPRMStage2_avg_scores (7.62B)', 'QwenPRM_min_scores (7.63B)', 'GPM (8B)']","[0.9954353426972122, 0.9954353426972122, 0.9797550559030644, 0.9954353426972122, 0.9954353426972122, 0.9954353426972122, 0.8715774509563594, 0.9797550559030644, 0.9797550559030644, 0.9797550559030644, 0.9954353426972122, 0.8715774509563594, 0.9954353426972122, 0.8715774509563594, 0.9954353426972122, 0.9632854006273194, 0.9683365892043467, 0.9954353426972122, 0.8715774509563594, 0.9954353426972122, 0.9954353426972122, 0.9954353426972122, 0.449502070300918, 0.8715774509563594, 0.9632854006273194, 0.9632854006273194, 0.9797550559030644, 0.9797550559030644, 0.9797550559030644, 0.8715774509563594, 0.7973054724962, 0.9954353426972122, 0.9954353426972122, 0.9632854006273194, 0.9954353426972122, 0.9632854006273194, 0.9797550559030644, 0.9632854006273194, 0.9954353426972122, 0.9954353426972122, 0.9797550559030644, 0.9632854006273194, 0.9797550559030644, 0.9954353426972122, 0.9954353426972122, 0.8715774509563594, 0.9797550559030644, 0.853426952796001, 0.9632854006273194, 0.449502070300918, 0.9954353426972122, 0.9632854006273194, 0.9797550559030644, 0.9632854006273194, 0.9797550559030644, 0.9797550559030644, 0.9954353426972122, 0.9954353426972122, 0.9954353426972122, 0.9683365892043467, 0.9954353426972122, 0.853426952796001, 0.9954353426972122, 0.9797550559030644, 0.9954353426972122, 0.9797550559030644, 0.8715774509563594, 0.853426952796001, 0.9954353426972122, 0.9632854006273194, 0.9683365892043467, 0.9797550559030644, 0.8715774509563594, 0.9954353426972122, 0.9954353426972122, 0.853426952796001, 0.9954353426972122, 0.9797550559030644, 0.9954353426972122, 0.9954353426972122, 0.8715774509563594, 0.9954353426972122, 0.9683365892043467, 0.853426952796001, 0.9797550559030644, 0.9797550559030644, 0.8715774509563594, 0.8715774509563594, 0.46607684661064075, 0.8715774509563594, 0.8715774509563594, 0.9954353426972122, 0.9683365892043467, 0.8715774509563594, 0.853426952796001, 0.7862985296267098, 0.9683365892043467, 0.853426952796001, 0.8715774509563594, 0.853426952796001]",48,train,9
0.7,0,70,29,1,100,92,0,1,0,0,0,1,92,1,0,0,0,1,0,"(array([0.77334696, 0.67310566, 0.53818798, 0.72713733]), array([0.68833965, 0.7716127 , 0.78888756, 0.75261629]), array([0.30410263, 0.22223687, 0.20361367, 0.24180163]), array([0.22514953, 0.32774061, 0.46274129, 0.27229652]))","['DeepSeekQwen (32B)', 'EurusPRMStage2_avg_scores (7.62B)', 'QwenPRM_min_scores (7.63B)', 'GPM (8B)']","[0.449502070300918, 0.9632854006273194, 0.3212302859244871, 0.449502070300918, 0.3212302859244871, 0.3212302859244871, 0.095042581836247, 0.3212302859244871, 0.3212302859244871, 0.42821341823266806, 0.3212302859244871, 0.42821341823266806, 0.853426952796001, 0.42821341823266806, 0.095042581836247, 0.3212302859244871, 0.095042581836247, 0.095042581836247, 0.095042581836247, 0.449502070300918, 0.449502070300918, 0.449502070300918, 0.449502070300918, 0.095042581836247, 0.095042581836247, 0.42821341823266806, 0.7862985296267098, 0.449502070300918, 0.3212302859244871, 0.095042581836247, 0.7862985296267098, 0.7714109024315244, 0.7862985296267098, 0.7973054724962, 0.095042581836247, 0.095042581836247, 0.46607684661064075, 0.46607684661064075, 0.7862985296267098, 0.3212302859244871, 0.095042581836247, 0.449502070300918, 0.8715774509563594, 0.853426952796001, 0.8715774509563594, 0.7973054724962, 0.095042581836247, 0.3212302859244871, 0.3212302859244871, 0.8715774509563594, 0.449502070300918, 0.9683365892043467, 0.7862985296267098, 0.095042581836247, 0.3212302859244871, 0.9683365892043467, 0.449502070300918, 0.449502070300918, 0.449502070300918, 0.9683365892043467, 0.3212302859244871, 0.3212302859244871, 0.46607684661064075, 0.095042581836247, 0.46607684661064075, 0.7862985296267098, 0.7862985296267098, 0.9632854006273194, 0.3212302859244871, 0.3212302859244871, 0.3212302859244871, 0.3212302859244871, 0.46607684661064075, 0.3212302859244871, 0.9683365892043467, 0.3212302859244871, 0.3212302859244871, 0.7714109024315244, 0.095042581836247, 0.46607684661064075, 0.7862985296267098, 0.7973054724962, 0.46607684661064075, 0.42821341823266806, 0.095042581836247, 0.7862985296267098, 0.3212302859244871, 0.095042581836247, 0.449502070300918, 0.7714109024315244, 0.3212302859244871, 0.46607684661064075, 0.9797550559030644, 0.3212302859244871, 0.3212302859244871, 0.7862985296267098, 0.095042581836247, 0.7862985296267098, 0.46607684661064075, 0.095042581836247]",49,train,0
