sample_accuracy,sample_tp,sample_tn,sample_fp,sample_fn,num_samples,top1_idx,top1_positive,has_positive,top1_tp,top1_fp,top1_tn,top1_fn,prediction_idx,prediction_class,prediction_accuracy,prediction_tp,prediction_tn,prediction_fp,prediction_fn,model_params,verifier_subset,weaver_sample_scores,problem,set,difficulty
0.96,96,0,0,4,100,12,1,1,1,0,0,0,12,1,1,1,0,0,0,"(array([0.86648166, 0.78539568, 0.69587725, 0.95471913, 0.47933784,
       0.3166711 , 0.91776067, 0.91474807, 0.61101902, 0.20415564,
       0.24124672]), array([0.67512035, 0.73498839, 0.77423733, 0.52445269, 0.81321633,
       0.83342677, 0.58861023, 0.60887009, 0.77603871, 0.84897435,
       0.84831977]), array([0.31990349, 0.26203117, 0.22256717, 0.46716723, 0.18315196,
       0.16271123, 0.40449718, 0.38455918, 0.22072333, 0.14702569,
       0.14769955]), array([0.14507529, 0.22597478, 0.31613952, 0.05592586, 0.53233099,
       0.69362694, 0.09335599, 0.09656507, 0.4009611 , 0.80469018,
       0.76809967]))","['DeepSeekQwen (32B)', 'GPM (8B)', 'EurusPRMStage2_avg_scores (7.62B)', 'QwenPRM_max_scores (7.63B)', 'QwenPRM_min_scores (7.63B)', 'Qwen72B_scores (72B)', 'SkyT1 (32B)', 'DeepSeekLlama (70B)', 'EurusPRMStage1_min_scores (7.62B)', 'ArmorRM (8B)', 'Skyworks (8B)']","[0.9691943554663389, 0.9993658829547162, 0.9853649304305052, 0.9691943554663389, 0.9996970296786076, 0.9992258437612205, 0.9691943554663389, 0.9982280560584657, 0.9691943554663389, 0.7634362269432815, 0.7544846125004887, 0.9787644464737902, 0.9999171405416687, 0.9982280560584657, 0.9931383293991363, 0.9941025673905487, 0.9941025673905487, 0.9982280560584657, 0.9925035940212282, 0.9611062305846195, 0.14412460195456017, 0.9982280560584657, 0.9182935650787167, 0.9925035940212282, 0.9941025673905487, 0.9829891898255522, 0.9691943554663389, 0.9691943554663389, 0.9941025673905487, 0.8375368036057739, 0.9989628360175347, 0.1152347676734349, 0.9691943554663389, 0.9691943554663389, 0.9691943554663389, 0.6390812262116587, 0.6874298976719295, 0.0011918892883407278, 0.9611062305846195, 0.9958661609098207, 0.9941025673905487, 0.9899797066162087, 0.9958661609098207, 0.9787644464737902, 0.7139625011334958, 0.9611062305846195, 0.6214503718236669, 0.6214503718236669, 0.9925035940212282, 0.9731192920828367, 0.7139625011334958, 0.9958661609098207, 0.9959668659329107, 0.9958661609098207, 0.9679204508052817, 0.9620214336340065, 0.9691943554663389, 0.9958661609098207, 0.9453273571534971, 0.14412460195456017, 0.9958661609098207, 0.9992258437612205, 0.9691943554663389, 0.7634362269432815, 0.9691943554663389, 0.9899797066162087, 0.9865901532633942, 0.7139625011334958, 0.980490839413101, 0.995690309923258, 0.9280712833869678, 0.7634362269432815, 0.9958661609098207, 0.7063154715808656, 0.9958661609098207, 0.9941025673905487, 0.998114411853029, 0.9865901532633942, 0.9958661609098207, 0.6874298976719295, 0.9691943554663389, 0.9992258437612205, 0.9985183918345741, 0.9691943554663389, 0.6874298976719295, 0.998114411853029, 0.9982280560584657, 0.9987897912800026, 0.9996688012321661, 0.9691943554663389, 0.9691943554663389, 0.9982280560584657, 0.9959668659329107, 0.9691943554663389, 0.6214503718236669, 0.9691943554663389, 0.998114411853029, 0.9691943554663389, 0.825412716957325, 0.9989628360175347]",0,train,9
0.99,99,0,0,1,100,88,1,1,1,0,0,0,88,1,1,1,0,0,0,"(array([0.86648166, 0.78539568, 0.69587725, 0.95471913, 0.47933784,
       0.3166711 , 0.91776067, 0.91474807, 0.61101902, 0.20415564,
       0.24124672]), array([0.67512035, 0.73498839, 0.77423733, 0.52445269, 0.81321633,
       0.83342677, 0.58861023, 0.60887009, 0.77603871, 0.84897435,
       0.84831977]), array([0.31990349, 0.26203117, 0.22256717, 0.46716723, 0.18315196,
       0.16271123, 0.40449718, 0.38455918, 0.22072333, 0.14702569,
       0.14769955]), array([0.14507529, 0.22597478, 0.31613952, 0.05592586, 0.53233099,
       0.69362694, 0.09335599, 0.09656507, 0.4009611 , 0.80469018,
       0.76809967]))","['DeepSeekQwen (32B)', 'GPM (8B)', 'EurusPRMStage2_avg_scores (7.62B)', 'QwenPRM_max_scores (7.63B)', 'QwenPRM_min_scores (7.63B)', 'Qwen72B_scores (72B)', 'SkyT1 (32B)', 'DeepSeekLlama (70B)', 'EurusPRMStage1_min_scores (7.62B)', 'ArmorRM (8B)', 'Skyworks (8B)']","[0.998114411853029, 0.9992258437612205, 0.9453273571534971, 0.9992258437612205, 0.9989628360175347, 0.9982713225070391, 0.9966118814267103, 0.9992258437612205, 0.9998062568693682, 0.9999171405416687, 0.8829957347741683, 0.995690309923258, 0.9899797066162087, 0.9865901532633942, 0.9998062568693682, 0.9998062568693682, 0.9758651141805254, 0.9998677428994843, 0.9899797066162087, 0.9946026508179744, 0.9989628360175347, 0.9985183918345741, 0.9959668659329107, 0.9996688012321661, 0.9921127436832089, 0.9453273571534971, 0.9974695424921315, 0.9998677428994843, 0.9998062568693682, 0.9998677428994843, 0.9899797066162087, 0.9921127436832089, 0.999291799228958, 0.9992258437612205, 0.9941025673905487, 0.9899797066162087, 0.9931383293991363, 0.9691943554663389, 0.9998062568693682, 0.9998062568693682, 0.9958661609098207, 0.9989628360175347, 0.9992258437612205, 0.9995562146793853, 0.9989628360175347, 0.999291799228958, 0.998114411853029, 0.9989628360175347, 0.9963000355038028, 0.9994714314464109, 0.8829957347741683, 0.9987121276664741, 0.21157978462050148, 0.998114411853029, 0.9974695424921315, 0.9992258437612205, 0.9998062568693682, 0.9998062568693682, 0.9995562146793853, 0.9989628360175347, 0.9958661609098207, 0.9899797066162087, 0.9989628360175347, 0.9899797066162087, 0.9691943554663389, 0.9989628360175347, 0.9899797066162087, 0.9985183918345741, 0.998114411853029, 0.9989628360175347, 0.9989628360175347, 0.9998062568693682, 0.921773216887954, 0.9959668659329107, 0.998114411853029, 0.9998062568693682, 0.9958661609098207, 0.9992258437612205, 0.9998062568693682, 0.9992258437612205, 0.9998062568693682, 0.9992258437612205, 0.999291799228958, 0.9989628360175347, 0.9998062568693682, 0.9921127436832089, 0.998114411853029, 0.998114411853029, 0.9999434386861862, 0.930426774711355, 0.5472415863282014, 0.9998062568693682, 0.8248079677381558, 0.998114411853029, 0.9691943554663389, 0.9998677428994843, 0.9958661609098207, 0.9985183918345741, 0.9985183918345741, 0.9989628360175347]",1,train,9
0.97,97,0,0,3,100,6,1,1,1,0,0,0,6,1,1,1,0,0,0,"(array([0.86648166, 0.78539568, 0.69587725, 0.95471913, 0.47933784,
       0.3166711 , 0.91776067, 0.91474807, 0.61101902, 0.20415564,
       0.24124672]), array([0.67512035, 0.73498839, 0.77423733, 0.52445269, 0.81321633,
       0.83342677, 0.58861023, 0.60887009, 0.77603871, 0.84897435,
       0.84831977]), array([0.31990349, 0.26203117, 0.22256717, 0.46716723, 0.18315196,
       0.16271123, 0.40449718, 0.38455918, 0.22072333, 0.14702569,
       0.14769955]), array([0.14507529, 0.22597478, 0.31613952, 0.05592586, 0.53233099,
       0.69362694, 0.09335599, 0.09656507, 0.4009611 , 0.80469018,
       0.76809967]))","['DeepSeekQwen (32B)', 'GPM (8B)', 'EurusPRMStage2_avg_scores (7.62B)', 'QwenPRM_max_scores (7.63B)', 'QwenPRM_min_scores (7.63B)', 'Qwen72B_scores (72B)', 'SkyT1 (32B)', 'DeepSeekLlama (70B)', 'EurusPRMStage1_min_scores (7.62B)', 'ArmorRM (8B)', 'Skyworks (8B)']","[0.9611062305846195, 0.825412716957325, 0.9996688012321661, 0.9829891898255522, 0.989038306180005, 0.9992258437612205, 0.9998163763593968, 0.9925035940212282, 0.9992258437612205, 0.9992258437612205, 0.4831632274474834, 0.9990169653109371, 0.7634362269432815, 0.9899665931176409, 0.9992258437612205, 0.9996688012321661, 0.9924914289154478, 0.4831632274474834, 0.9925035940212282, 0.9995707065582173, 0.9992258437612205, 0.9750264439427967, 0.9998163763593968, 0.9921127436832089, 0.9992258437612205, 0.9996688012321661, 0.9996688012321661, 0.8774248010847838, 0.9992258437612205, 0.9853694384173151, 0.9992258437612205, 0.9974695424921315, 0.6874298976719295, 0.9992258437612205, 0.9992258437612205, 0.9982280560584657, 0.9996688012321661, 0.9967805020088198, 0.9941025673905487, 0.9967805020088198, 0.9996688012321661, 0.9974695424921315, 0.9691943554663389, 0.9611062305846195, 0.9982280560584657, 0.9992258437612205, 0.9992258437612205, 0.9941025673905487, 0.9925035940212282, 0.9998163763593968, 0.9982280560584657, 0.9985956839360259, 0.9996688012321661, 0.9941025673905487, 0.9998163763593968, 0.9958661609098207, 0.9958661609098207, 0.6319541445855897, 0.9996688012321661, 0.9958661609098207, 0.9691943554663389, 0.9992258437612205, 0.9958661609098207, 0.9992258437612205, 0.9974695424921315, 0.9996688012321661, 0.995830516928186, 0.9992258437612205, 0.9691943554663389, 0.9952828607785226, 0.9996688012321661, 0.9691943554663389, 0.1485614545374129, 0.9996688012321661, 0.8982443709279381, 0.9967805020088198, 0.6475406867373235, 0.6874298976719295, 0.9992258437612205, 0.9996688012321661, 0.9925035940212282, 0.9958661609098207, 0.9992258437612205, 0.9992258437612205, 0.9941025673905487, 0.9996688012321661, 0.9941025673905487, 0.9865901532633942, 0.6622173474690791, 0.9257197650837837, 0.921773216887954, 0.9752355145190814, 0.9996688012321661, 0.8015663472809943, 0.9996688012321661, 0.9996688012321661, 0.9925035940212282, 0.9974695424921315, 0.9611062305846195, 0.9982280560584657]",2,train,9
1.0,100,0,0,0,100,65,1,1,1,0,0,0,65,1,1,1,0,0,0,"(array([0.86648166, 0.78539568, 0.69587725, 0.95471913, 0.47933784,
       0.3166711 , 0.91776067, 0.91474807, 0.61101902, 0.20415564,
       0.24124672]), array([0.67512035, 0.73498839, 0.77423733, 0.52445269, 0.81321633,
       0.83342677, 0.58861023, 0.60887009, 0.77603871, 0.84897435,
       0.84831977]), array([0.31990349, 0.26203117, 0.22256717, 0.46716723, 0.18315196,
       0.16271123, 0.40449718, 0.38455918, 0.22072333, 0.14702569,
       0.14769955]), array([0.14507529, 0.22597478, 0.31613952, 0.05592586, 0.53233099,
       0.69362694, 0.09335599, 0.09656507, 0.4009611 , 0.80469018,
       0.76809967]))","['DeepSeekQwen (32B)', 'GPM (8B)', 'EurusPRMStage2_avg_scores (7.62B)', 'QwenPRM_max_scores (7.63B)', 'QwenPRM_min_scores (7.63B)', 'Qwen72B_scores (72B)', 'SkyT1 (32B)', 'DeepSeekLlama (70B)', 'EurusPRMStage1_min_scores (7.62B)', 'ArmorRM (8B)', 'Skyworks (8B)']","[0.9989628360175347, 0.9989628360175347, 0.9989628360175347, 0.9992258437612205, 0.998114411853029, 0.9899797066162087, 0.998114411853029, 0.9989628360175347, 0.9989628360175347, 0.9998062568693682, 0.9989628360175347, 0.9899797066162087, 0.9998062568693682, 0.9998062568693682, 0.9998062568693682, 0.9899797066162087, 0.9921127436832089, 0.9989628360175347, 0.9899797066162087, 0.980490839413101, 0.9998062568693682, 0.980490839413101, 0.9998062568693682, 0.999291799228958, 0.9998062568693682, 0.9899797066162087, 0.9787644464737902, 0.9989628360175347, 0.9989628360175347, 0.9899797066162087, 0.9899797066162087, 0.9998062568693682, 0.998114411853029, 0.9989628360175347, 0.998114411853029, 0.9899797066162087, 0.9998062568693682, 0.9989628360175347, 0.998114411853029, 0.9899797066162087, 0.9989628360175347, 0.9899797066162087, 0.9941025673905487, 0.998114411853029, 0.998114411853029, 0.998114411853029, 0.9998062568693682, 0.9989628360175347, 0.9995562146793853, 0.9998062568693682, 0.9998062568693682, 0.9989628360175347, 0.998114411853029, 0.9998062568693682, 0.9989628360175347, 0.9998062568693682, 0.9998062568693682, 0.9989628360175347, 0.9998062568693682, 0.9989628360175347, 0.9899797066162087, 0.9989628360175347, 0.9989628360175347, 0.9998062568693682, 0.9998062568693682, 0.9998677428994843, 0.9998062568693682, 0.9989628360175347, 0.9989628360175347, 0.9899797066162087, 0.9998062568693682, 0.9989628360175347, 0.9998062568693682, 0.9899797066162087, 0.9998062568693682, 0.9989628360175347, 0.9989628360175347, 0.9998062568693682, 0.9998062568693682, 0.9931383293991363, 0.9989628360175347, 0.9998062568693682, 0.9998062568693682, 0.998114411853029, 0.9998062568693682, 0.998114411853029, 0.8735533337142514, 0.9989628360175347, 0.9989628360175347, 0.998114411853029, 0.9992258437612205, 0.9989628360175347, 0.9691943554663389, 0.9921127436832089, 0.9985183918345741, 0.9998062568693682, 0.8677867742336809, 0.9985183918345741, 0.9650603978476305, 0.9989628360175347]",3,train,9
0.92,41,51,2,6,100,17,1,1,1,0,0,0,22,0,1,0,1,0,0,"(array([0.86648166, 0.78539568, 0.69587725, 0.95471913, 0.47933784,
       0.3166711 , 0.91776067, 0.91474807, 0.61101902, 0.20415564,
       0.24124672]), array([0.67512035, 0.73498839, 0.77423733, 0.52445269, 0.81321633,
       0.83342677, 0.58861023, 0.60887009, 0.77603871, 0.84897435,
       0.84831977]), array([0.31990349, 0.26203117, 0.22256717, 0.46716723, 0.18315196,
       0.16271123, 0.40449718, 0.38455918, 0.22072333, 0.14702569,
       0.14769955]), array([0.14507529, 0.22597478, 0.31613952, 0.05592586, 0.53233099,
       0.69362694, 0.09335599, 0.09656507, 0.4009611 , 0.80469018,
       0.76809967]))","['DeepSeekQwen (32B)', 'GPM (8B)', 'EurusPRMStage2_avg_scores (7.62B)', 'QwenPRM_max_scores (7.63B)', 'QwenPRM_min_scores (7.63B)', 'Qwen72B_scores (72B)', 'SkyT1 (32B)', 'DeepSeekLlama (70B)', 'EurusPRMStage1_min_scores (7.62B)', 'ArmorRM (8B)', 'Skyworks (8B)']","[0.017582987203791287, 0.9992258437612205, 0.9502798686627156, 0.20384273682011783, 0.9989628360175347, 0.9691943554663389, 0.10294454213734619, 0.0006066656521848884, 0.10294454213734619, 0.011499705269357537, 0.046511360439528804, 0.6771769584356397, 0.009022351580312496, 0.011499705269357537, 0.9925035940212282, 0.6214503718236669, 0.0004885020133257561, 0.9998062568693682, 0.9958661609098207, 0.011499705269357537, 0.9611062305846195, 0.011499705269357537, 6.226297485841259e-05, 0.011499705269357537, 0.011499705269357537, 0.011499705269357537, 0.9958661609098207, 0.011499705269357537, 6.226297485841259e-05, 0.01678426285633708, 0.9925035940212282, 0.8423119453413704, 0.9903289731067623, 0.26267822671991886, 0.9992258437612205, 0.9992258437612205, 0.9611062305846195, 0.011499705269357537, 0.011499705269357537, 0.0006066656521848884, 0.6874298976719295, 0.9958661609098207, 0.9899797066162087, 0.0032418311745493547, 0.9853649304305052, 0.011499705269357537, 0.008609094675068221, 0.9958661609098207, 0.9985183918345741, 0.9691943554663389, 0.006352923819118642, 0.011499705269357537, 0.3230757910460572, 0.011499705269357537, 0.9958661609098207, 0.011499705269357537, 0.05867296946517162, 0.9611062305846195, 0.6214503718236669, 0.1485614545374129, 0.0006066656521848884, 0.7139625011334958, 0.011499705269357537, 0.9958661609098207, 0.9958661609098207, 0.9853694384173151, 0.01316241538176175, 0.9925035940212282, 0.47136254160037094, 0.011499705269357537, 0.0006066656521848884, 0.0011918892883407278, 0.0006066656521848884, 0.7139625011334958, 0.9958661609098207, 0.9691943554663389, 0.9958661609098207, 0.4831632274474834, 0.08179320749222538, 0.47136254160037094, 0.9958661609098207, 0.14267700207427336, 0.05867296946517162, 0.9998062568693682, 6.226297485841259e-05, 0.011499705269357537, 0.47136254160037094, 0.9992258437612205, 0.14267700207427336, 0.011499705269357537, 0.0006066656521848884, 0.05867296946517162, 0.9439468859396031, 0.18406820883923236, 0.9453273571534971, 0.9992258437612205, 0.5632081528787988, 0.006352923819118642, 6.226297485841259e-05, 0.011499705269357537]",4,train,4
0.87,84,3,13,0,100,59,1,1,1,0,0,0,59,1,1,1,0,0,0,"(array([0.86648166, 0.78539568, 0.69587725, 0.95471913, 0.47933784,
       0.3166711 , 0.91776067, 0.91474807, 0.61101902, 0.20415564,
       0.24124672]), array([0.67512035, 0.73498839, 0.77423733, 0.52445269, 0.81321633,
       0.83342677, 0.58861023, 0.60887009, 0.77603871, 0.84897435,
       0.84831977]), array([0.31990349, 0.26203117, 0.22256717, 0.46716723, 0.18315196,
       0.16271123, 0.40449718, 0.38455918, 0.22072333, 0.14702569,
       0.14769955]), array([0.14507529, 0.22597478, 0.31613952, 0.05592586, 0.53233099,
       0.69362694, 0.09335599, 0.09656507, 0.4009611 , 0.80469018,
       0.76809967]))","['DeepSeekQwen (32B)', 'GPM (8B)', 'EurusPRMStage2_avg_scores (7.62B)', 'QwenPRM_max_scores (7.63B)', 'QwenPRM_min_scores (7.63B)', 'Qwen72B_scores (72B)', 'SkyT1 (32B)', 'DeepSeekLlama (70B)', 'EurusPRMStage1_min_scores (7.62B)', 'ArmorRM (8B)', 'Skyworks (8B)']","[0.9998062568693682, 0.9966118814267103, 0.9963000355038028, 0.9992258437612205, 0.9865901532633942, 0.9995670648744467, 0.998114411853029, 0.9992258437612205, 0.9908073183529411, 0.9691943554663389, 0.9865901532633942, 0.9536361940613144, 0.9998062568693682, 0.9865901532633942, 0.9998062568693682, 0.930426774711355, 0.9941025673905487, 0.9865901532633942, 0.8372120974465215, 0.8306620376192058, 0.9991927957847315, 0.9536361940613144, 0.9816406220596654, 0.7933449406375538, 0.9536361940613144, 0.9974695424921315, 0.9865901532633942, 0.9974695424921315, 0.7139625011334958, 0.9974695424921315, 0.9865901532633942, 0.8457865464338107, 0.9994714314464109, 0.2727725513615753, 0.7555535939564966, 0.9865901532633942, 0.9691943554663389, 0.9941025673905487, 0.9974695424921315, 0.9611062305846195, 0.998114411853029, 0.9691943554663389, 0.9865901532633942, 0.9941025673905487, 0.9453273571534971, 0.9998062568693682, 0.9958661609098207, 0.930426774711355, 0.9998062568693682, 0.9931383293991363, 0.9941025673905487, 0.8457865464338107, 0.9987121276664741, 0.9989628360175347, 0.9989628360175347, 0.9691943554663389, 0.8457865464338107, 0.9941025673905487, 0.9998062568693682, 0.9999171405416687, 0.9998062568693682, 0.9941025673905487, 0.9974695424921315, 0.9925035940212282, 0.8893162883870509, 0.9974695424921315, 0.9690145471107123, 0.9974695424921315, 0.20384273682011783, 0.9998062568693682, 0.9865901532633942, 0.9974695424921315, 0.9998062568693682, 0.9865901532633942, 0.9865901532633942, 0.9998062568693682, 0.7634362269432815, 0.9691943554663389, 0.9998677428994843, 0.9998062568693682, 0.5783754795343704, 0.9691943554663389, 0.9974695424921315, 0.999291799228958, 0.7634362269432815, 0.9723498931971001, 0.9974695424921315, 0.06679789459466298, 0.9941025673905487, 0.9865901532633942, 0.9998677428994843, 0.9974695424921315, 0.9946026508179744, 0.9941025673905487, 0.9941025673905487, 0.9857407703395203, 0.9130730063425182, 0.9691943554663389, 0.8829957347741683, 0.9865901532633942]",5,train,8
0.73,28,45,27,0,100,9,1,1,1,0,0,0,9,1,1,1,0,0,0,"(array([0.86648166, 0.78539568, 0.69587725, 0.95471913, 0.47933784,
       0.3166711 , 0.91776067, 0.91474807, 0.61101902, 0.20415564,
       0.24124672]), array([0.67512035, 0.73498839, 0.77423733, 0.52445269, 0.81321633,
       0.83342677, 0.58861023, 0.60887009, 0.77603871, 0.84897435,
       0.84831977]), array([0.31990349, 0.26203117, 0.22256717, 0.46716723, 0.18315196,
       0.16271123, 0.40449718, 0.38455918, 0.22072333, 0.14702569,
       0.14769955]), array([0.14507529, 0.22597478, 0.31613952, 0.05592586, 0.53233099,
       0.69362694, 0.09335599, 0.09656507, 0.4009611 , 0.80469018,
       0.76809967]))","['DeepSeekQwen (32B)', 'GPM (8B)', 'EurusPRMStage2_avg_scores (7.62B)', 'QwenPRM_max_scores (7.63B)', 'QwenPRM_min_scores (7.63B)', 'Qwen72B_scores (72B)', 'SkyT1 (32B)', 'DeepSeekLlama (70B)', 'EurusPRMStage1_min_scores (7.62B)', 'ArmorRM (8B)', 'Skyworks (8B)']","[0.11815866087288308, 0.5603069071105288, 0.7139625011334958, 0.14267700207427336, 0.011499705269357537, 0.14267700207427336, 0.14267700207427336, 0.9999171405416687, 0.044458004383194326, 0.9999540660385944, 0.9998062568693682, 0.7139625011334958, 0.06234780377657075, 0.14267700207427336, 0.09865759059918575, 0.9865901532633942, 0.14267700207427336, 0.47136254160037094, 0.9691943554663389, 0.017582987203791287, 0.9991927957847315, 0.1152347676734349, 0.9933782356170748, 0.9941025673905487, 0.9182935650787167, 0.9938521573534826, 0.9994714314464109, 0.19601578516913115, 0.9995562146793853, 0.9995562146793853, 0.14267700207427336, 0.9996688012321661, 0.963345735159443, 0.7852545355538912, 0.9999171405416687, 0.14267700207427336, 0.1152347676734349, 0.20384273682011783, 0.9921305804116322, 0.9865901532633942, 0.14267700207427336, 0.930426774711355, 0.9691943554663389, 0.1485614545374129, 0.9787644464737902, 0.01678426285633708, 0.14267700207427336, 0.007593304053361115, 0.9758266059174695, 0.9993658829547162, 0.9514369528468415, 0.8979145708826952, 0.14267700207427336, 0.7139625011334958, 0.9996688012321661, 0.6771769584356397, 0.14267700207427336, 0.9998163763593968, 0.1278829971760672, 0.9996688012321661, 0.01316241538176175, 0.01678426285633708, 0.14412460195456017, 0.7139625011334958, 0.1485614545374129, 0.9691943554663389, 0.017582987203791287, 0.9182935650787167, 0.9995562146793853, 0.9999171405416687, 0.4831632274474834, 0.14267700207427336, 0.7852545355538912, 0.012561932127878957, 0.14267700207427336, 0.7139625011334958, 0.14267700207427336, 0.9998062568693682, 0.14267700207427336, 0.47136254160037094, 0.9263104186604669, 0.9996688012321661, 0.7139625011334958, 0.14267700207427336, 0.9608811184183099, 0.9989628360175347, 0.9999171405416687, 0.930426774711355, 0.1152347676734349, 0.011499705269357537, 0.930426774711355, 0.41100924595462524, 0.14267700207427336, 0.3159450703220975, 0.995690309923258, 0.7139625011334958, 0.9975634286797294, 0.6771769584356397, 0.7139625011334958, 0.011499705269357537]",6,train,2
0.98,98,0,0,2,100,1,1,1,1,0,0,0,1,1,1,1,0,0,0,"(array([0.86648166, 0.78539568, 0.69587725, 0.95471913, 0.47933784,
       0.3166711 , 0.91776067, 0.91474807, 0.61101902, 0.20415564,
       0.24124672]), array([0.67512035, 0.73498839, 0.77423733, 0.52445269, 0.81321633,
       0.83342677, 0.58861023, 0.60887009, 0.77603871, 0.84897435,
       0.84831977]), array([0.31990349, 0.26203117, 0.22256717, 0.46716723, 0.18315196,
       0.16271123, 0.40449718, 0.38455918, 0.22072333, 0.14702569,
       0.14769955]), array([0.14507529, 0.22597478, 0.31613952, 0.05592586, 0.53233099,
       0.69362694, 0.09335599, 0.09656507, 0.4009611 , 0.80469018,
       0.76809967]))","['DeepSeekQwen (32B)', 'GPM (8B)', 'EurusPRMStage2_avg_scores (7.62B)', 'QwenPRM_max_scores (7.63B)', 'QwenPRM_min_scores (7.63B)', 'Qwen72B_scores (72B)', 'SkyT1 (32B)', 'DeepSeekLlama (70B)', 'EurusPRMStage1_min_scores (7.62B)', 'ArmorRM (8B)', 'Skyworks (8B)']","[0.9992258437612205, 0.9999171405416687, 0.9996688012321661, 0.9998062568693682, 0.9995562146793853, 0.9999171405416687, 0.9995562146793853, 0.9967805020088198, 0.9956846372803912, 0.993690706217635, 0.9985183918345741, 0.9992258437612205, 0.9996688012321661, 0.9999171405416687, 0.9948707525554311, 0.9996688012321661, 0.9910046062931167, 0.9938521573534826, 0.9999171405416687, 0.9982280560584657, 0.9996688012321661, 0.9952828607785226, 0.9999171405416687, 0.9999171405416687, 0.9985183918345741, 0.28252959902076846, 0.9982280560584657, 0.9938521573534826, 0.9999171405416687, 0.9995562146793853, 0.9999171405416687, 0.9989565951736636, 0.9991927957847315, 0.9999171405416687, 0.9853694384173151, 0.9992258437612205, 0.9999171405416687, 0.9996688012321661, 0.9996688012321661, 0.9996688012321661, 0.9167331644908685, 0.9999171405416687, 0.9388329134464287, 0.9967805020088198, 0.9999171405416687, 0.995690309923258, 0.9989628360175347, 0.9966118814267103, 0.9996688012321661, 0.9974695424921315, 0.9999171405416687, 0.9995562146793853, 0.9999171405416687, 0.9998062568693682, 0.995690309923258, 0.9899797066162087, 0.9999171405416687, 0.9417089004520428, 0.993690706217635, 0.9996688012321661, 0.9999171405416687, 0.9995562146793853, 0.9991927957847315, 0.9996688012321661, 0.9999171405416687, 0.9995562146793853, 0.9963000355038028, 0.9996688012321661, 0.9991927957847315, 0.9829891898255522, 0.998114411853029, 0.9999171405416687, 0.9847538992871189, 0.9982280560584657, 0.9999171405416687, 0.995690309923258, 0.9991927957847315, 0.9996688012321661, 0.9995562146793853, 0.9992258437612205, 0.9991927957847315, 0.9999171405416687, 0.995690309923258, 0.9991927957847315, 0.9999171405416687, 0.995690309923258, 0.9995562146793853, 0.9999171405416687, 0.28252959902076846, 0.9998062568693682, 0.9999171405416687, 0.9966118814267103, 0.9991927957847315, 0.9999171405416687, 0.9993658829547162, 0.9991927957847315, 0.9936887457681335, 0.9941025673905487, 0.9857407703395203, 0.9999171405416687]",7,train,9
1.0,100,0,0,0,100,47,1,1,1,0,0,0,47,1,1,1,0,0,0,"(array([0.86648166, 0.78539568, 0.69587725, 0.95471913, 0.47933784,
       0.3166711 , 0.91776067, 0.91474807, 0.61101902, 0.20415564,
       0.24124672]), array([0.67512035, 0.73498839, 0.77423733, 0.52445269, 0.81321633,
       0.83342677, 0.58861023, 0.60887009, 0.77603871, 0.84897435,
       0.84831977]), array([0.31990349, 0.26203117, 0.22256717, 0.46716723, 0.18315196,
       0.16271123, 0.40449718, 0.38455918, 0.22072333, 0.14702569,
       0.14769955]), array([0.14507529, 0.22597478, 0.31613952, 0.05592586, 0.53233099,
       0.69362694, 0.09335599, 0.09656507, 0.4009611 , 0.80469018,
       0.76809967]))","['DeepSeekQwen (32B)', 'GPM (8B)', 'EurusPRMStage2_avg_scores (7.62B)', 'QwenPRM_max_scores (7.63B)', 'QwenPRM_min_scores (7.63B)', 'Qwen72B_scores (72B)', 'SkyT1 (32B)', 'DeepSeekLlama (70B)', 'EurusPRMStage1_min_scores (7.62B)', 'ArmorRM (8B)', 'Skyworks (8B)']","[0.9994247932316419, 0.9941025673905487, 0.9999266803522306, 0.9985183918345741, 0.9998925912686524, 0.9992258437612205, 0.9974695424921315, 0.9994247932316419, 0.9996688012321661, 0.9976063715002719, 0.9990169653109371, 0.9995562146793853, 0.9691943554663389, 0.9974695424921315, 0.9914906677788408, 0.9990169653109371, 0.9958661609098207, 0.999753943632323, 0.9974695424921315, 0.989038306180005, 0.9941025673905487, 0.9976063715002719, 0.9998163763593968, 0.9902224044281513, 0.9974695424921315, 0.9998062568693682, 0.7634362269432815, 0.9865901532633942, 0.9944204398813489, 0.9998163763593968, 0.999753943632323, 0.9995707065582173, 0.9865901532633942, 0.9992258437612205, 0.9750264439427967, 0.999753943632323, 0.9998925912686524, 0.9974695424921315, 0.9865901532633942, 0.9941025673905487, 0.9941025673905487, 0.9736861083699514, 0.9999171405416687, 0.9974695424921315, 0.9961846381210184, 0.9999171405416687, 0.9996688012321661, 0.9999540660385944, 0.9691943554663389, 0.9453273571534971, 0.9995707065582173, 0.9990169653109371, 0.9883253951979704, 0.9974695424921315, 0.9849182896647871, 0.9999171405416687, 0.9998925912686524, 0.9758651141805254, 0.9941025673905487, 0.9691943554663389, 0.9999540660385944, 0.7634362269432815, 0.9865901532633942, 0.9974695424921315, 0.999753943632323, 0.9974695424921315, 0.9958661609098207, 0.9974695424921315, 0.997000822332861, 0.9974695424921315, 0.9958661609098207, 0.9941025673905487, 0.997000822332861, 0.9865901532633942, 0.9995562146793853, 0.8372120974465215, 0.9865901532633942, 0.9992258437612205, 0.9995707065582173, 0.9941025673905487, 0.9999171405416687, 0.9998925912686524, 0.9996688012321661, 0.9780593432920829, 0.9998062568693682, 0.9999540660385944, 0.9998062568693682, 0.9691943554663389, 0.9989628360175347, 0.9989538650337689, 0.9921127436832089, 0.9998925912686524, 0.9982127409421523, 0.9996072924405174, 0.9611062305846195, 0.9959668659329107, 0.9691943554663389, 0.9691943554663389, 0.7634362269432815, 0.9992856715885972]",8,train,9
0.64,16,48,36,0,100,24,1,1,1,0,0,0,95,0,1,0,1,0,0,"(array([0.86648166, 0.78539568, 0.69587725, 0.95471913, 0.47933784,
       0.3166711 , 0.91776067, 0.91474807, 0.61101902, 0.20415564,
       0.24124672]), array([0.67512035, 0.73498839, 0.77423733, 0.52445269, 0.81321633,
       0.83342677, 0.58861023, 0.60887009, 0.77603871, 0.84897435,
       0.84831977]), array([0.31990349, 0.26203117, 0.22256717, 0.46716723, 0.18315196,
       0.16271123, 0.40449718, 0.38455918, 0.22072333, 0.14702569,
       0.14769955]), array([0.14507529, 0.22597478, 0.31613952, 0.05592586, 0.53233099,
       0.69362694, 0.09335599, 0.09656507, 0.4009611 , 0.80469018,
       0.76809967]))","['DeepSeekQwen (32B)', 'GPM (8B)', 'EurusPRMStage2_avg_scores (7.62B)', 'QwenPRM_max_scores (7.63B)', 'QwenPRM_min_scores (7.63B)', 'Qwen72B_scores (72B)', 'SkyT1 (32B)', 'DeepSeekLlama (70B)', 'EurusPRMStage1_min_scores (7.62B)', 'ArmorRM (8B)', 'Skyworks (8B)']","[0.006774406242539149, 0.01678426285633708, 0.9611062305846195, 0.9903289731067623, 0.8868551055168059, 0.0011918892883407278, 0.41100924595462524, 0.01678426285633708, 0.8868551055168059, 0.0011918892883407278, 0.6622173474690791, 0.5783754795343704, 0.4993220696822747, 0.09280413467448319, 0.6622173474690791, 0.8735533337142514, 0.8735533337142514, 0.11560263246215141, 0.9767418872408675, 0.9130730063425182, 0.9611062305846195, 0.06389026783723939, 0.9899797066162087, 0.009054623641956522, 0.9992258437612205, 0.0008899586464655237, 0.0011918892883407278, 0.8868551055168059, 0.17706983382556674, 0.9611062305846195, 0.20384273682011783, 0.9925035940212282, 0.26267822671991886, 0.009054623641956522, 0.1152347676734349, 0.009054623641956522, 0.9263104186604669, 0.9903289731067623, 0.9958661609098207, 0.41188176213067423, 0.08268265610968252, 0.9130730063425182, 0.11560263246215141, 0.3540437858902317, 0.03525521803624434, 0.9925035940212282, 0.9263104186604669, 0.6222976254096636, 0.6752893945185321, 0.5632081528787988, 0.9611062305846195, 0.6214503718236669, 0.07916501382630574, 0.1032777525153357, 0.9925035940212282, 0.11560263246215141, 0.11560263246215141, 0.9413908409723092, 0.7368440611518743, 0.9281254473260082, 0.11560263246215141, 0.7368440611518743, 0.11560263246215141, 0.7634362269432815, 0.9611062305846195, 0.6622173474690791, 0.6622173474690791, 0.20384273682011783, 0.9263104186604669, 0.9280712833869678, 0.03525521803624434, 0.11560263246215141, 0.8735533337142514, 0.11560263246215141, 0.9413908409723092, 0.14412460195456017, 0.9767418872408675, 0.08268265610968252, 0.9413908409723092, 0.6222976254096636, 0.5058430487246638, 0.3540437858902317, 0.9992258437612205, 0.04667141162959713, 0.006774406242539149, 0.09280413467448319, 0.9992258437612205, 0.09280413467448319, 0.14412460195456017, 0.14412460195456017, 0.3540437858902317, 0.07916501382630574, 0.011499705269357537, 0.842353467690959, 0.20384273682011783, 6.226297485841259e-05, 0.9853694384173151, 0.5632081528787988, 0.6622173474690791, 0.6622173474690791]",9,train,1
0.98,88,10,1,1,100,4,1,1,1,0,0,0,4,1,1,1,0,0,0,"(array([0.86648166, 0.78539568, 0.69587725, 0.95471913, 0.47933784,
       0.3166711 , 0.91776067, 0.91474807, 0.61101902, 0.20415564,
       0.24124672]), array([0.67512035, 0.73498839, 0.77423733, 0.52445269, 0.81321633,
       0.83342677, 0.58861023, 0.60887009, 0.77603871, 0.84897435,
       0.84831977]), array([0.31990349, 0.26203117, 0.22256717, 0.46716723, 0.18315196,
       0.16271123, 0.40449718, 0.38455918, 0.22072333, 0.14702569,
       0.14769955]), array([0.14507529, 0.22597478, 0.31613952, 0.05592586, 0.53233099,
       0.69362694, 0.09335599, 0.09656507, 0.4009611 , 0.80469018,
       0.76809967]))","['DeepSeekQwen (32B)', 'GPM (8B)', 'EurusPRMStage2_avg_scores (7.62B)', 'QwenPRM_max_scores (7.63B)', 'QwenPRM_min_scores (7.63B)', 'Qwen72B_scores (72B)', 'SkyT1 (32B)', 'DeepSeekLlama (70B)', 'EurusPRMStage1_min_scores (7.62B)', 'ArmorRM (8B)', 'Skyworks (8B)']","[0.14267700207427336, 0.9998062568693682, 0.7634362269432815, 0.9958661609098207, 0.9999171405416687, 0.9921127436832089, 0.9974695424921315, 0.9679204508052817, 0.6771769584356397, 0.9982280560584657, 0.9691943554663389, 0.9944349351710258, 0.0008899586464655237, 0.6214503718236669, 0.9925035940212282, 0.9921127436832089, 0.9958661609098207, 0.9691943554663389, 0.9998062568693682, 0.9974695424921315, 0.9944349351710258, 0.9999171405416687, 0.9691943554663389, 0.9865901532633942, 0.9958661609098207, 0.9974695424921315, 0.96710053923399, 0.0011918892883407278, 0.9679204508052817, 0.6115596360882335, 0.9974695424921315, 0.9829891898255522, 0.9691943554663389, 0.9611062305846195, 0.006352923819118642, 0.9967805020088198, 0.9679204508052817, 0.9829891898255522, 0.9995562146793853, 0.9998062568693682, 0.9941025673905487, 0.9938521573534826, 0.9865901532633942, 0.9958661609098207, 0.995690309923258, 0.9985183918345741, 0.9982280560584657, 0.7634362269432815, 0.995690309923258, 0.9899797066162087, 0.9999171405416687, 0.9974695424921315, 0.9497543746026756, 0.9996688012321661, 0.9966118814267103, 0.9921127436832089, 0.9971020359421707, 0.9982280560584657, 0.20384273682011783, 0.9999171405416687, 0.006352923819118642, 0.9999171405416687, 0.9995562146793853, 0.9982280560584657, 0.980490839413101, 0.17706983382556674, 0.9996688012321661, 0.9865901532633942, 0.9691943554663389, 0.006774406242539149, 0.9982280560584657, 0.9941025673905487, 0.9865901532633942, 0.9691943554663389, 0.9992258437612205, 0.9995562146793853, 0.9941025673905487, 0.9989628360175347, 0.9974695424921315, 0.9691943554663389, 0.9865901532633942, 0.9982280560584657, 0.9829891898255522, 0.9865901532633942, 0.9998062568693682, 0.9995562146793853, 0.9453273571534971, 0.9758651141805254, 0.9781154080933621, 0.9691943554663389, 0.7634362269432815, 0.9691943554663389, 0.0008899586464655237, 0.9974695424921315, 0.9691943554663389, 0.9691943554663389, 0.8209341648689895, 0.18406820883923236, 0.0008899586464655237, 0.7139625011334958]",10,train,8
1.0,98,2,0,0,100,3,1,1,1,0,0,0,3,1,1,1,0,0,0,"(array([0.86648166, 0.78539568, 0.69587725, 0.95471913, 0.47933784,
       0.3166711 , 0.91776067, 0.91474807, 0.61101902, 0.20415564,
       0.24124672]), array([0.67512035, 0.73498839, 0.77423733, 0.52445269, 0.81321633,
       0.83342677, 0.58861023, 0.60887009, 0.77603871, 0.84897435,
       0.84831977]), array([0.31990349, 0.26203117, 0.22256717, 0.46716723, 0.18315196,
       0.16271123, 0.40449718, 0.38455918, 0.22072333, 0.14702569,
       0.14769955]), array([0.14507529, 0.22597478, 0.31613952, 0.05592586, 0.53233099,
       0.69362694, 0.09335599, 0.09656507, 0.4009611 , 0.80469018,
       0.76809967]))","['DeepSeekQwen (32B)', 'GPM (8B)', 'EurusPRMStage2_avg_scores (7.62B)', 'QwenPRM_max_scores (7.63B)', 'QwenPRM_min_scores (7.63B)', 'Qwen72B_scores (72B)', 'SkyT1 (32B)', 'DeepSeekLlama (70B)', 'EurusPRMStage1_min_scores (7.62B)', 'ArmorRM (8B)', 'Skyworks (8B)']","[0.9936887457681335, 0.9989628360175347, 0.998114411853029, 0.9999171405416687, 0.9998062568693682, 0.9999171405416687, 0.9999171405416687, 0.9899797066162087, 0.9818868686393464, 0.9995562146793853, 0.7575343261285238, 0.9991927957847315, 0.9998062568693682, 0.7139625011334958, 0.9999171405416687, 0.9999171405416687, 0.9899797066162087, 0.9234032885663643, 0.9999171405416687, 0.9941025673905487, 0.9999171405416687, 0.9998062568693682, 0.9999171405416687, 0.9999171405416687, 0.9999171405416687, 0.9691943554663389, 0.9999171405416687, 0.9958661609098207, 0.9998062568693682, 0.9999171405416687, 0.8979145708826952, 0.9691943554663389, 0.9989628360175347, 0.9974695424921315, 0.9925035940212282, 0.9999171405416687, 0.9999171405416687, 0.9925035940212282, 0.9991927957847315, 0.9899797066162087, 0.9998062568693682, 0.9931383293991363, 0.9995562146793853, 0.9999171405416687, 0.9958661609098207, 0.993690706217635, 0.9958661609098207, 0.9999171405416687, 0.9996688012321661, 0.9736861083699514, 0.01678426285633708, 0.9991927957847315, 0.9999171405416687, 0.9995562146793853, 0.9982280560584657, 0.995690309923258, 0.9999171405416687, 0.9691943554663389, 0.9993658829547162, 0.9998062568693682, 0.9999171405416687, 0.9993658829547162, 0.9991927957847315, 0.9899797066162087, 0.9991927957847315, 0.9999171405416687, 0.9999171405416687, 0.9998062568693682, 0.991563097840705, 0.9995562146793853, 0.995690309923258, 0.9991927957847315, 0.9999171405416687, 0.995690309923258, 0.9691943554663389, 0.9989628360175347, 0.9995562146793853, 0.9995562146793853, 0.998114411853029, 0.9999171405416687, 0.9781154080933621, 0.9966118814267103, 0.9899797066162087, 0.9938521573534826, 0.9998062568693682, 0.9995562146793853, 0.9953054409195641, 0.9993658829547162, 0.9952828607785226, 0.9995562146793853, 0.9691943554663389, 0.9995562146793853, 0.9995562146793853, 0.011499705269357537, 0.9989628360175347, 0.9985183918345741, 0.9985183918345741, 0.9989628360175347, 0.9736861083699514, 0.9998062568693682]",11,train,9
1.0,100,0,0,0,100,41,1,1,1,0,0,0,41,1,1,1,0,0,0,"(array([0.86648166, 0.78539568, 0.69587725, 0.95471913, 0.47933784,
       0.3166711 , 0.91776067, 0.91474807, 0.61101902, 0.20415564,
       0.24124672]), array([0.67512035, 0.73498839, 0.77423733, 0.52445269, 0.81321633,
       0.83342677, 0.58861023, 0.60887009, 0.77603871, 0.84897435,
       0.84831977]), array([0.31990349, 0.26203117, 0.22256717, 0.46716723, 0.18315196,
       0.16271123, 0.40449718, 0.38455918, 0.22072333, 0.14702569,
       0.14769955]), array([0.14507529, 0.22597478, 0.31613952, 0.05592586, 0.53233099,
       0.69362694, 0.09335599, 0.09656507, 0.4009611 , 0.80469018,
       0.76809967]))","['DeepSeekQwen (32B)', 'GPM (8B)', 'EurusPRMStage2_avg_scores (7.62B)', 'QwenPRM_max_scores (7.63B)', 'QwenPRM_min_scores (7.63B)', 'Qwen72B_scores (72B)', 'SkyT1 (32B)', 'DeepSeekLlama (70B)', 'EurusPRMStage1_min_scores (7.62B)', 'ArmorRM (8B)', 'Skyworks (8B)']","[0.9899797066162087, 0.8375368036057739, 0.9611062305846195, 0.9921127436832089, 0.9899797066162087, 0.9993658829547162, 0.9989628360175347, 0.9946026508179744, 0.9946026508179744, 0.9998062568693682, 0.9989628360175347, 0.999291799228958, 0.9865901532633942, 0.9857407703395203, 0.9946026508179744, 0.9989628360175347, 0.9985183918345741, 0.9691943554663389, 0.9921127436832089, 0.9989628360175347, 0.9998062568693682, 0.9998062568693682, 0.9921127436832089, 0.8375368036057739, 0.9931383293991363, 0.9989628360175347, 0.9853649304305052, 0.9998062568693682, 0.9989628360175347, 0.9787644464737902, 0.9998062568693682, 0.9998062568693682, 0.9931383293991363, 0.9989628360175347, 0.9921127436832089, 0.9998062568693682, 0.9998062568693682, 0.9992258437612205, 0.9280712833869678, 0.9853649304305052, 0.980490839413101, 0.9998677428994843, 0.9989628360175347, 0.9921127436832089, 0.9989628360175347, 0.9691943554663389, 0.9280712833869678, 0.9998062568693682, 0.9946026508179744, 0.6874298976719295, 0.9946026508179744, 0.9989628360175347, 0.979214769533245, 0.9484948682126977, 0.9921127436832089, 0.9985183918345741, 0.9899797066162087, 0.979214769533245, 0.9998062568693682, 0.9691943554663389, 0.9989628360175347, 0.9921127436832089, 0.9989628360175347, 0.5999412226270968, 0.9985183918345741, 0.9985183918345741, 0.9280712833869678, 0.9989628360175347, 0.998988179159197, 0.9989628360175347, 0.9998062568693682, 0.9985183918345741, 0.9989628360175347, 0.7634362269432815, 0.9899797066162087, 0.9959668659329107, 0.9921127436832089, 0.9993658829547162, 0.9280712833869678, 0.9985183918345741, 0.991563097840705, 0.9998677428994843, 0.9989628360175347, 0.9998062568693682, 0.9280712833869678, 0.9497543746026756, 0.9989628360175347, 0.9736861083699514, 0.9723498931971001, 0.9921127436832089, 0.9946026508179744, 0.9998062568693682, 0.9998062568693682, 0.9946026508179744, 0.9989628360175347, 0.9985183918345741, 0.9899797066162087, 0.9691943554663389, 0.9736861083699514, 0.9989628360175347]",12,train,9
0.91,61,30,9,0,100,46,1,1,1,0,0,0,46,1,1,1,0,0,0,"(array([0.86648166, 0.78539568, 0.69587725, 0.95471913, 0.47933784,
       0.3166711 , 0.91776067, 0.91474807, 0.61101902, 0.20415564,
       0.24124672]), array([0.67512035, 0.73498839, 0.77423733, 0.52445269, 0.81321633,
       0.83342677, 0.58861023, 0.60887009, 0.77603871, 0.84897435,
       0.84831977]), array([0.31990349, 0.26203117, 0.22256717, 0.46716723, 0.18315196,
       0.16271123, 0.40449718, 0.38455918, 0.22072333, 0.14702569,
       0.14769955]), array([0.14507529, 0.22597478, 0.31613952, 0.05592586, 0.53233099,
       0.69362694, 0.09335599, 0.09656507, 0.4009611 , 0.80469018,
       0.76809967]))","['DeepSeekQwen (32B)', 'GPM (8B)', 'EurusPRMStage2_avg_scores (7.62B)', 'QwenPRM_max_scores (7.63B)', 'QwenPRM_min_scores (7.63B)', 'Qwen72B_scores (72B)', 'SkyT1 (32B)', 'DeepSeekLlama (70B)', 'EurusPRMStage1_min_scores (7.62B)', 'ArmorRM (8B)', 'Skyworks (8B)']","[0.19948914222197706, 0.9995707065582173, 0.9611062305846195, 0.9611062305846195, 0.9995707065582173, 0.9434889720826495, 0.9992258437612205, 0.9758651141805254, 0.006352923819118642, 0.0032418311745493547, 0.9689359078309165, 0.9974695424921315, 0.7368440611518743, 0.9681314510365194, 0.5274288955590501, 0.03838716917616747, 0.7634362269432815, 0.9958661609098207, 0.08379776405598133, 0.9780593432920829, 0.9925035940212282, 0.5783754795343704, 0.989038306180005, 0.9995707065582173, 0.9965826453472597, 0.08379776405598133, 0.9977042204909806, 0.01678426285633708, 0.9995707065582173, 0.9977042204909806, 0.9977042204909806, 0.9982713225070391, 0.006352923819118642, 0.9995707065582173, 0.9982713225070391, 0.9995707065582173, 0.9990169653109371, 0.9990169653109371, 0.5354974068958427, 0.9999171405416687, 0.08750169833113448, 0.8217208414405639, 0.9982280560584657, 0.9861188692896599, 0.9925035940212282, 0.9998163763593968, 0.9999540660385944, 0.745913006771011, 0.024924935112673186, 0.9718136079759887, 0.9853694384173151, 0.9995707065582173, 0.9925035940212282, 0.9967805020088198, 0.1485614545374129, 0.8182722784299624, 0.9938936702477779, 0.9938936702477779, 0.01678426285633708, 0.6874298976719295, 0.3815986855132226, 0.9946157623915121, 0.989038306180005, 0.9952828607785226, 0.26776150361194273, 0.006352923819118642, 0.4296969166714367, 0.9925035940212282, 0.989038306180005, 0.8675109020284031, 0.9995707065582173, 0.08750169833113448, 0.9995707065582173, 0.010110038033285829, 0.006352923819118642, 0.9992258437612205, 0.0008899586464655237, 0.024924935112673186, 0.9995707065582173, 0.9995707065582173, 0.9973795949881917, 0.004748334076543847, 0.013183653104840046, 0.9972530128129126, 0.9995707065582173, 0.9995707065582173, 0.0013320488458351677, 0.04667141162959713, 0.9439468859396031, 0.9608811184183099, 0.6333498274066242, 0.9910046062931167, 0.41188176213067423, 0.1636925085856652, 0.9995707065582173, 0.995830516928186, 0.36818942608889504, 0.9989628360175347, 0.006352923819118642, 0.08379776405598133]",13,train,6
0.97,51,46,3,0,100,58,1,1,1,0,0,0,91,0,1,0,1,0,0,"(array([0.86648166, 0.78539568, 0.69587725, 0.95471913, 0.47933784,
       0.3166711 , 0.91776067, 0.91474807, 0.61101902, 0.20415564,
       0.24124672]), array([0.67512035, 0.73498839, 0.77423733, 0.52445269, 0.81321633,
       0.83342677, 0.58861023, 0.60887009, 0.77603871, 0.84897435,
       0.84831977]), array([0.31990349, 0.26203117, 0.22256717, 0.46716723, 0.18315196,
       0.16271123, 0.40449718, 0.38455918, 0.22072333, 0.14702569,
       0.14769955]), array([0.14507529, 0.22597478, 0.31613952, 0.05592586, 0.53233099,
       0.69362694, 0.09335599, 0.09656507, 0.4009611 , 0.80469018,
       0.76809967]))","['DeepSeekQwen (32B)', 'GPM (8B)', 'EurusPRMStage2_avg_scores (7.62B)', 'QwenPRM_max_scores (7.63B)', 'QwenPRM_min_scores (7.63B)', 'Qwen72B_scores (72B)', 'SkyT1 (32B)', 'DeepSeekLlama (70B)', 'EurusPRMStage1_min_scores (7.62B)', 'ArmorRM (8B)', 'Skyworks (8B)']","[0.9996688012321661, 0.9967805020088198, 0.9752355145190814, 0.01678426285633708, 0.0011918892883407278, 0.11560263246215141, 0.9974695424921315, 0.9829891898255522, 0.011499705269357537, 0.011499705269357537, 0.8774248010847838, 0.011499705269357537, 0.9996688012321661, 0.9996688012321661, 0.011499705269357537, 0.9958413642603948, 0.972484070734365, 0.05867296946517162, 0.0011918892883407278, 0.993690706217635, 0.9167331644908685, 0.9996688012321661, 0.9558356888293235, 0.0006066656521848884, 0.011499705269357537, 0.011499705269357537, 0.05867296946517162, 0.9681314510365194, 0.011499705269357537, 0.9982280560584657, 0.993690706217635, 0.0011918892883407278, 0.05867296946517162, 0.14267700207427336, 0.0011918892883407278, 0.5719252545466177, 0.17706983382556674, 0.20384273682011783, 0.8372120974465215, 0.9958661609098207, 0.9992258437612205, 0.9996688012321661, 0.011499705269357537, 0.011499705269357537, 0.05867296946517162, 0.14267700207427336, 0.9982127409421523, 0.8829957347741683, 0.9967805020088198, 0.14267700207427336, 0.011499705269357537, 0.9996688012321661, 0.9740670462144049, 0.0006066656521848884, 0.9996688012321661, 0.1485614545374129, 0.9950554951704318, 0.0047498118166961105, 0.9998163763593968, 0.993690706217635, 0.9967805020088198, 0.011499705269357537, 0.05867296946517162, 0.0009330274894800894, 0.011499705269357537, 0.47136254160037094, 0.0011918892883407278, 0.8537356169274103, 0.9982280560584657, 0.9996688012321661, 0.7139625011334958, 0.01678426285633708, 0.0011918892883407278, 0.9974695424921315, 0.046511360439528804, 0.0011918892883407278, 0.9829891898255522, 0.05867296946517162, 0.0006066656521848884, 0.9996688012321661, 0.9996688012321661, 0.0003335029484537378, 0.0006066656521848884, 0.9996688012321661, 0.9967805020088198, 0.8683596692613181, 0.9982280560584657, 0.9982280560584657, 0.05867296946517162, 0.9996688012321661, 0.9967805020088198, 6.226297485841259e-05, 0.7933449406375538, 0.9982280560584657, 0.9982280560584657, 0.47136254160037094, 0.9996688012321661, 0.9967805020088198, 0.9952828607785226, 0.9952828607785226]",14,train,5
0.98,94,4,0,2,100,33,1,1,1,0,0,0,33,1,1,1,0,0,0,"(array([0.86648166, 0.78539568, 0.69587725, 0.95471913, 0.47933784,
       0.3166711 , 0.91776067, 0.91474807, 0.61101902, 0.20415564,
       0.24124672]), array([0.67512035, 0.73498839, 0.77423733, 0.52445269, 0.81321633,
       0.83342677, 0.58861023, 0.60887009, 0.77603871, 0.84897435,
       0.84831977]), array([0.31990349, 0.26203117, 0.22256717, 0.46716723, 0.18315196,
       0.16271123, 0.40449718, 0.38455918, 0.22072333, 0.14702569,
       0.14769955]), array([0.14507529, 0.22597478, 0.31613952, 0.05592586, 0.53233099,
       0.69362694, 0.09335599, 0.09656507, 0.4009611 , 0.80469018,
       0.76809967]))","['DeepSeekQwen (32B)', 'GPM (8B)', 'EurusPRMStage2_avg_scores (7.62B)', 'QwenPRM_max_scores (7.63B)', 'QwenPRM_min_scores (7.63B)', 'Qwen72B_scores (72B)', 'SkyT1 (32B)', 'DeepSeekLlama (70B)', 'EurusPRMStage1_min_scores (7.62B)', 'ArmorRM (8B)', 'Skyworks (8B)']","[0.9992856715885972, 0.9925035940212282, 0.5719252545466177, 0.9691943554663389, 0.9998677428994843, 0.999753943632323, 0.9967222056747573, 0.9999266803522306, 0.9998062568693682, 0.9903289731067623, 0.9997069245699443, 0.9987121276664741, 0.9998677428994843, 0.9998925912686524, 0.9977602489977407, 0.9971501413758879, 0.9958661609098207, 0.9992258437612205, 0.9998925912686524, 0.9998062568693682, 0.9996944071842491, 0.9999266803522306, 0.9992258437612205, 0.9997069245699443, 0.9691943554663389, 0.9941025673905487, 0.9997069245699443, 0.9958661609098207, 0.989038306180005, 0.8534086662354365, 0.9987793253690729, 0.9995707065582173, 0.9997069245699443, 0.9999540660385944, 0.0011918892883407278, 0.9994247932316419, 0.9999540660385944, 0.9925035940212282, 0.9998746512859313, 0.9941025673905487, 0.9999540660385944, 0.998114411853029, 0.989038306180005, 0.9998925912686524, 0.998114411853029, 0.9998062568693682, 0.9853694384173151, 0.9994247932316419, 0.9992258437612205, 0.9996944071842491, 0.9691943554663389, 0.9998925912686524, 0.9998062568693682, 0.9998677428994843, 0.9691943554663389, 0.921773216887954, 0.9998062568693682, 0.013183653104840046, 0.999753943632323, 0.0011918892883407278, 0.9999266803522306, 0.9998163763593968, 0.9992258437612205, 0.9611062305846195, 0.9998062568693682, 0.9994714314464109, 0.9992856715885972, 0.1485614545374129, 0.9944204398813489, 0.9999266803522306, 0.9971501413758879, 0.9899797066162087, 0.998114411853029, 0.9480566699360352, 0.9998062568693682, 0.9691943554663389, 0.7634362269432815, 0.8735533337142514, 0.9998062568693682, 0.9991781435016868, 0.017582987203791287, 6.226297485841259e-05, 0.9998062568693682, 0.9998677428994843, 0.9941025673905487, 0.999759960674054, 0.9963000355038028, 0.9453273571534971, 0.9941025673905487, 0.9691943554663389, 0.998114411853029, 0.989038306180005, 0.9941025673905487, 0.9997069245699443, 0.8635032085321029, 0.9998062568693682, 0.9994714314464109, 0.9989538650337689, 0.9958661609098207, 0.9998062568693682]",15,train,9
1.0,100,0,0,0,100,2,1,1,1,0,0,0,2,1,1,1,0,0,0,"(array([0.86648166, 0.78539568, 0.69587725, 0.95471913, 0.47933784,
       0.3166711 , 0.91776067, 0.91474807, 0.61101902, 0.20415564,
       0.24124672]), array([0.67512035, 0.73498839, 0.77423733, 0.52445269, 0.81321633,
       0.83342677, 0.58861023, 0.60887009, 0.77603871, 0.84897435,
       0.84831977]), array([0.31990349, 0.26203117, 0.22256717, 0.46716723, 0.18315196,
       0.16271123, 0.40449718, 0.38455918, 0.22072333, 0.14702569,
       0.14769955]), array([0.14507529, 0.22597478, 0.31613952, 0.05592586, 0.53233099,
       0.69362694, 0.09335599, 0.09656507, 0.4009611 , 0.80469018,
       0.76809967]))","['DeepSeekQwen (32B)', 'GPM (8B)', 'EurusPRMStage2_avg_scores (7.62B)', 'QwenPRM_max_scores (7.63B)', 'QwenPRM_min_scores (7.63B)', 'Qwen72B_scores (72B)', 'SkyT1 (32B)', 'DeepSeekLlama (70B)', 'EurusPRMStage1_min_scores (7.62B)', 'ArmorRM (8B)', 'Skyworks (8B)']","[0.9931383293991363, 0.9992258437612205, 0.9999540660385944, 0.9865901532633942, 0.9989171445942981, 0.9998925912686524, 0.9989628360175347, 0.9999540660385944, 0.9989628360175347, 0.9989628360175347, 0.9991927957847315, 0.9998062568693682, 0.998114411853029, 0.9998677428994843, 0.9987121276664741, 0.9995562146793853, 0.9967805020088198, 0.9899797066162087, 0.9999171405416687, 0.9989628360175347, 0.999291799228958, 0.9987121276664741, 0.995690309923258, 0.9691943554663389, 0.9649799088970922, 0.9998677428994843, 0.9995562146793853, 0.9996688012321661, 0.9996688012321661, 0.9999540660385944, 0.9987121276664741, 0.9998062568693682, 0.9998062568693682, 0.9999434386861862, 0.9996970296786076, 0.9972355559015212, 0.9998062568693682, 0.9999171405416687, 0.9999171405416687, 0.9998677428994843, 0.9998062568693682, 0.9995562146793853, 0.9984144283449751, 0.9989628360175347, 0.9998062568693682, 0.9998062568693682, 0.9989628360175347, 0.9865901532633942, 0.9989628360175347, 0.9987121276664741, 0.9982280560584657, 0.9999171405416687, 0.995690309923258, 0.9991927957847315, 0.9941025673905487, 0.9998062568693682, 0.9989628360175347, 0.9998677428994843, 0.9972355559015212, 0.9925035940212282, 0.9999540660385944, 0.9999540660385944, 0.9987121276664741, 0.9998925912686524, 0.9996688012321661, 0.9865901532633942, 0.995690309923258, 0.9998062568693682, 0.9991927957847315, 0.998114411853029, 0.9987121276664741, 0.9948707525554311, 0.9941025673905487, 0.9941025673905487, 0.999291799228958, 0.9998677428994843, 0.9853649304305052, 0.9989628360175347, 0.9987121276664741, 0.9787644464737902, 0.9998062568693682, 0.999291799228958, 0.9736861083699514, 0.9999171405416687, 0.9998062568693682, 0.9999171405416687, 0.9998677428994843, 0.9998677428994843, 0.999291799228958, 0.9998677428994843, 0.9987121276664741, 0.9899797066162087, 0.9998677428994843, 0.9691943554663389, 0.9998062568693682, 0.9999540660385944, 0.9959668659329107, 0.9941025673905487, 0.9976063715002719, 0.9998062568693682]",16,train,9
1.0,100,0,0,0,100,29,1,1,1,0,0,0,29,1,1,1,0,0,0,"(array([0.86648166, 0.78539568, 0.69587725, 0.95471913, 0.47933784,
       0.3166711 , 0.91776067, 0.91474807, 0.61101902, 0.20415564,
       0.24124672]), array([0.67512035, 0.73498839, 0.77423733, 0.52445269, 0.81321633,
       0.83342677, 0.58861023, 0.60887009, 0.77603871, 0.84897435,
       0.84831977]), array([0.31990349, 0.26203117, 0.22256717, 0.46716723, 0.18315196,
       0.16271123, 0.40449718, 0.38455918, 0.22072333, 0.14702569,
       0.14769955]), array([0.14507529, 0.22597478, 0.31613952, 0.05592586, 0.53233099,
       0.69362694, 0.09335599, 0.09656507, 0.4009611 , 0.80469018,
       0.76809967]))","['DeepSeekQwen (32B)', 'GPM (8B)', 'EurusPRMStage2_avg_scores (7.62B)', 'QwenPRM_max_scores (7.63B)', 'QwenPRM_min_scores (7.63B)', 'Qwen72B_scores (72B)', 'SkyT1 (32B)', 'DeepSeekLlama (70B)', 'EurusPRMStage1_min_scores (7.62B)', 'ArmorRM (8B)', 'Skyworks (8B)']","[0.9998062568693682, 0.9998062568693682, 0.99846566932334, 0.9989538650337689, 0.9998062568693682, 0.9998925912686524, 0.9989538650337689, 0.9998062568693682, 0.9989538650337689, 0.9998925912686524, 0.995830516928186, 0.9985183918345741, 0.9650603978476305, 0.9857407703395203, 0.9998062568693682, 0.998114411853029, 0.998114411853029, 0.9992258437612205, 0.9995707065582173, 0.9995707065582173, 0.9971501413758879, 0.9998062568693682, 0.9998062568693682, 0.9998062568693682, 0.9963000355038028, 0.998114411853029, 0.9998062568693682, 0.998114411853029, 0.9963000355038028, 0.9999266803522306, 0.998114411853029, 0.9999266803522306, 0.9981113346095973, 0.9998677428994843, 0.9987121276664741, 0.9998062568693682, 0.9987121276664741, 0.999291799228958, 0.9998925912686524, 0.998114411853029, 0.9998062568693682, 0.998114411853029, 0.9998062568693682, 0.9992856715885972, 0.9994714314464109, 0.9998925912686524, 0.9992258437612205, 0.9972355559015212, 0.9998677428994843, 0.9998925912686524, 0.998114411853029, 0.9989538650337689, 0.9902224044281513, 0.998114411853029, 0.9998925912686524, 0.9987121276664741, 0.9987121276664741, 0.9999266803522306, 0.9998062568693682, 0.9989628360175347, 0.9899665931176409, 0.9998062568693682, 0.9998062568693682, 0.9998062568693682, 0.9992258437612205, 0.9989538650337689, 0.9998062568693682, 0.9994247932316419, 0.9998925912686524, 0.9994714314464109, 0.9999266803522306, 0.9998062568693682, 0.9989538650337689, 0.998114411853029, 0.9999266803522306, 0.9998062568693682, 0.998114411853029, 0.9998062568693682, 0.9999266803522306, 0.9997069245699443, 0.998114411853029, 0.9941025673905487, 0.9998062568693682, 0.9998677428994843, 0.998114411853029, 0.99846566932334, 0.998988179159197, 0.9998062568693682, 0.9998062568693682, 0.9998062568693682, 0.9998925912686524, 0.9998677428994843, 0.9998062568693682, 0.9844812243792557, 0.9998677428994843, 0.9998925912686524, 0.9998062568693682, 0.998114411853029, 0.9998677428994843, 0.9995707065582173]",17,train,9
0.8,0,80,19,1,100,3,0,1,0,0,0,1,14,0,1,0,1,0,0,"(array([0.86648166, 0.78539568, 0.69587725, 0.95471913, 0.47933784,
       0.3166711 , 0.91776067, 0.91474807, 0.61101902, 0.20415564,
       0.24124672]), array([0.67512035, 0.73498839, 0.77423733, 0.52445269, 0.81321633,
       0.83342677, 0.58861023, 0.60887009, 0.77603871, 0.84897435,
       0.84831977]), array([0.31990349, 0.26203117, 0.22256717, 0.46716723, 0.18315196,
       0.16271123, 0.40449718, 0.38455918, 0.22072333, 0.14702569,
       0.14769955]), array([0.14507529, 0.22597478, 0.31613952, 0.05592586, 0.53233099,
       0.69362694, 0.09335599, 0.09656507, 0.4009611 , 0.80469018,
       0.76809967]))","['DeepSeekQwen (32B)', 'GPM (8B)', 'EurusPRMStage2_avg_scores (7.62B)', 'QwenPRM_max_scores (7.63B)', 'QwenPRM_min_scores (7.63B)', 'Qwen72B_scores (72B)', 'SkyT1 (32B)', 'DeepSeekLlama (70B)', 'EurusPRMStage1_min_scores (7.62B)', 'ArmorRM (8B)', 'Skyworks (8B)']","[0.14338539722080249, 0.044458004383194326, 0.9649799088970922, 0.9992258437612205, 0.47136254160037094, 0.1152347676734349, 0.41100924595462524, 0.5603069071105288, 0.0009330274894800894, 0.0003335029484537378, 0.006352923819118642, 0.0004885020133257561, 0.9502798686627156, 0.0011918892883407278, 6.226297485841259e-05, 0.5863086778072548, 0.0006066656521848884, 0.47136254160037094, 0.0243983249708892, 0.008609094675068221, 0.007593304053361115, 0.05867296946517162, 0.0008885071690375904, 0.004978744362631952, 0.19601578516913115, 0.28978460221583835, 0.0003335029484537378, 0.0006066656521848884, 0.9903289731067623, 0.1152347676734349, 6.226297485841259e-05, 0.4025590332288979, 0.1152347676734349, 0.0006066656521848884, 0.007593304053361115, 0.0032418311745493547, 0.0006066656521848884, 0.0032418311745493547, 0.004978744362631952, 0.05867296946517162, 0.14267700207427336, 0.930426774711355, 0.0006066656521848884, 0.008609094675068221, 0.0006066656521848884, 0.007593304053361115, 0.006352923819118642, 0.044458004383194326, 0.9182935650787167, 0.6771769584356397, 0.016757323358400363, 0.8722458679526455, 0.817867383721562, 0.0006066656521848884, 0.1485614545374129, 0.05867296946517162, 0.044458004383194326, 0.47136254160037094, 0.0032418311745493547, 0.044458004383194326, 0.5603069071105288, 6.226297485841259e-05, 0.1416256850188211, 0.008609094675068221, 0.8306620376192058, 0.0032418311745493547, 0.0032418311745493547, 0.09865759059918575, 0.6771769584356397, 0.006352923819118642, 0.41188176213067423, 0.6771769584356397, 0.08750169833113448, 0.0006066656521848884, 0.044458004383194326, 0.009022351580312496, 0.08379776405598133, 0.3745022967646224, 0.011499705269357537, 0.14267700207427336, 0.05867296946517162, 0.05867296946517162, 0.47136254160037094, 0.47136254160037094, 6.226297485841259e-05, 0.2727725513615753, 0.011499705269357537, 0.3230757910460572, 0.7139625011334958, 6.226297485841259e-05, 0.9182935650787167, 0.044458004383194326, 0.044458004383194326, 0.05867296946517162, 0.47136254160037094, 0.5603069071105288, 0.47136254160037094, 0.008609094675068221, 0.0745777968800217, 0.9182935650787167]",18,train,0
1.0,100,0,0,0,100,62,1,1,1,0,0,0,62,1,1,1,0,0,0,"(array([0.86648166, 0.78539568, 0.69587725, 0.95471913, 0.47933784,
       0.3166711 , 0.91776067, 0.91474807, 0.61101902, 0.20415564,
       0.24124672]), array([0.67512035, 0.73498839, 0.77423733, 0.52445269, 0.81321633,
       0.83342677, 0.58861023, 0.60887009, 0.77603871, 0.84897435,
       0.84831977]), array([0.31990349, 0.26203117, 0.22256717, 0.46716723, 0.18315196,
       0.16271123, 0.40449718, 0.38455918, 0.22072333, 0.14702569,
       0.14769955]), array([0.14507529, 0.22597478, 0.31613952, 0.05592586, 0.53233099,
       0.69362694, 0.09335599, 0.09656507, 0.4009611 , 0.80469018,
       0.76809967]))","['DeepSeekQwen (32B)', 'GPM (8B)', 'EurusPRMStage2_avg_scores (7.62B)', 'QwenPRM_max_scores (7.63B)', 'QwenPRM_min_scores (7.63B)', 'Qwen72B_scores (72B)', 'SkyT1 (32B)', 'DeepSeekLlama (70B)', 'EurusPRMStage1_min_scores (7.62B)', 'ArmorRM (8B)', 'Skyworks (8B)']","[0.9994388547718237, 0.9983648680679232, 0.9976847821336231, 0.9957952807889431, 0.6874298976719295, 0.9989521563234848, 0.9999266803522306, 0.9995562146793853, 0.9899634871842342, 0.9998677428994843, 0.9921127436832089, 0.9989628360175347, 0.9989628360175347, 0.9971501413758879, 0.998988179159197, 0.9946026508179744, 0.9961846381210184, 0.9996072924405174, 0.998988179159197, 0.999291799228958, 0.9999266803522306, 0.9866000811929503, 0.9992856715885972, 0.9931383293991363, 0.998988179159197, 0.9997069245699443, 0.9946026508179744, 0.9998320289238872, 0.9957952807889431, 0.9997739001126819, 0.999291799228958, 0.9731192920828367, 0.9902224044281513, 0.9996072924405174, 0.997000822332861, 0.9497543746026756, 0.9987121276664741, 0.9989628360175347, 0.9961846381210184, 0.9758651141805254, 0.9989628360175347, 0.8203086135253247, 0.5692136947329214, 0.999291799228958, 0.9787644464737902, 0.9996072924405174, 0.999291799228958, 0.9992856715885972, 0.9998062568693682, 0.9994388547718237, 0.9998677428994843, 0.9996072924405174, 0.983398363000986, 0.9983648680679232, 0.9971745361901997, 0.9991927957847315, 0.9996072924405174, 0.9587420133562324, 0.9971745361901997, 0.9974695424921315, 0.9998677428994843, 0.9992856715885972, 0.9999686450429721, 0.9998677428994843, 0.9987121276664741, 0.9931383293991363, 0.9994388547718237, 0.9998320289238872, 0.9992856715885972, 0.999291799228958, 0.9931383293991363, 0.9971745361901997, 0.9992856715885972, 0.9999686450429721, 0.9849182896647871, 0.9881158252546852, 0.9994714314464109, 0.9998062568693682, 0.9998677428994843, 0.9998320289238872, 0.9997739001126819, 0.9984317592669542, 0.9996072924405174, 0.9946026508179744, 0.9992856715885972, 0.9998925912686524, 0.9946026508179744, 0.9984317592669542, 0.9977602489977407, 0.8532041643628245, 0.9480566699360352, 0.9998677428994843, 0.9999686450429721, 0.9866000811929503, 0.9780242571776816, 0.9999266803522306, 0.9996970296786076, 0.9999266803522306, 0.9999266803522306, 0.9996970296786076]",19,train,9
1.0,100,0,0,0,100,44,1,1,1,0,0,0,44,1,1,1,0,0,0,"(array([0.86648166, 0.78539568, 0.69587725, 0.95471913, 0.47933784,
       0.3166711 , 0.91776067, 0.91474807, 0.61101902, 0.20415564,
       0.24124672]), array([0.67512035, 0.73498839, 0.77423733, 0.52445269, 0.81321633,
       0.83342677, 0.58861023, 0.60887009, 0.77603871, 0.84897435,
       0.84831977]), array([0.31990349, 0.26203117, 0.22256717, 0.46716723, 0.18315196,
       0.16271123, 0.40449718, 0.38455918, 0.22072333, 0.14702569,
       0.14769955]), array([0.14507529, 0.22597478, 0.31613952, 0.05592586, 0.53233099,
       0.69362694, 0.09335599, 0.09656507, 0.4009611 , 0.80469018,
       0.76809967]))","['DeepSeekQwen (32B)', 'GPM (8B)', 'EurusPRMStage2_avg_scores (7.62B)', 'QwenPRM_max_scores (7.63B)', 'QwenPRM_min_scores (7.63B)', 'Qwen72B_scores (72B)', 'SkyT1 (32B)', 'DeepSeekLlama (70B)', 'EurusPRMStage1_min_scores (7.62B)', 'ArmorRM (8B)', 'Skyworks (8B)']","[0.9995707065582173, 0.9780593432920829, 0.9920449944261205, 0.9995707065582173, 0.9958661609098207, 0.9994247932316419, 0.9995707065582173, 0.9998062568693682, 0.9998163763593968, 0.9996072924405174, 0.9577639029658815, 0.9956123600753355, 0.9977042204909806, 0.9989628360175347, 0.9989628360175347, 0.995830516928186, 0.9995707065582173, 0.9995707065582173, 0.9994247932316419, 0.9992258437612205, 0.9992258437612205, 0.9995707065582173, 0.991563097840705, 0.9995707065582173, 0.995830516928186, 0.9989538650337689, 0.9994247932316419, 0.9998062568693682, 0.9994247932316419, 0.9994247932316419, 0.995830516928186, 0.9989538650337689, 0.9611062305846195, 0.9977042204909806, 0.998114411853029, 0.998114411853029, 0.9995707065582173, 0.9681314510365194, 0.999753943632323, 0.9989628360175347, 0.9990169653109371, 0.9946157623915121, 0.9998163763593968, 0.9921127436832089, 0.9998925912686524, 0.9995707065582173, 0.9996072924405174, 0.9995707065582173, 0.9944204398813489, 0.9995707065582173, 0.9987793253690729, 0.9998925912686524, 0.9958661609098207, 0.9989538650337689, 0.9989628360175347, 0.995830516928186, 0.9994247932316419, 0.9998062568693682, 0.9989538650337689, 0.9998925912686524, 0.9977042204909806, 0.9689359078309165, 0.6194200946740203, 0.9989538650337689, 0.9989538650337689, 0.9995707065582173, 0.9995707065582173, 0.9994388547718237, 0.9989538650337689, 0.9977042204909806, 0.9998925912686524, 0.995830516928186, 0.9994714314464109, 0.9977042204909806, 0.9995707065582173, 0.9989538650337689, 0.9977042204909806, 0.9994247932316419, 0.995830516928186, 0.9998677428994843, 0.9925035940212282, 0.9989538650337689, 0.9995707065582173, 0.9995707065582173, 0.9611062305846195, 0.9998925912686524, 0.9984317592669542, 0.9994714314464109, 0.998114411853029, 0.9998062568693682, 0.9029106400840405, 0.9998062568693682, 0.895053876267425, 0.9989628360175347, 0.9989538650337689, 0.9994247932316419, 0.9992856715885972, 0.9989538650337689, 0.9998925912686524, 0.9989538650337689]",20,train,9
0.85,85,0,0,15,100,2,1,1,1,0,0,0,2,1,1,1,0,0,0,"(array([0.86648166, 0.78539568, 0.69587725, 0.95471913, 0.47933784,
       0.3166711 , 0.91776067, 0.91474807, 0.61101902, 0.20415564,
       0.24124672]), array([0.67512035, 0.73498839, 0.77423733, 0.52445269, 0.81321633,
       0.83342677, 0.58861023, 0.60887009, 0.77603871, 0.84897435,
       0.84831977]), array([0.31990349, 0.26203117, 0.22256717, 0.46716723, 0.18315196,
       0.16271123, 0.40449718, 0.38455918, 0.22072333, 0.14702569,
       0.14769955]), array([0.14507529, 0.22597478, 0.31613952, 0.05592586, 0.53233099,
       0.69362694, 0.09335599, 0.09656507, 0.4009611 , 0.80469018,
       0.76809967]))","['DeepSeekQwen (32B)', 'GPM (8B)', 'EurusPRMStage2_avg_scores (7.62B)', 'QwenPRM_max_scores (7.63B)', 'QwenPRM_min_scores (7.63B)', 'Qwen72B_scores (72B)', 'SkyT1 (32B)', 'DeepSeekLlama (70B)', 'EurusPRMStage1_min_scores (7.62B)', 'ArmorRM (8B)', 'Skyworks (8B)']","[0.9611062305846195, 0.7933449406375538, 0.9992258437612205, 0.18406820883923236, 0.9439468859396031, 0.18406820883923236, 0.9691943554663389, 0.9958661609098207, 0.4677229075628342, 0.7139625011334958, 0.011634442722129766, 0.9958661609098207, 0.6874298976719295, 0.9263104186604669, 0.9263104186604669, 0.5289254854289015, 0.09865759059918575, 0.9263104186604669, 0.9865901532633942, 0.9263104186604669, 0.9865901532633942, 0.8372120974465215, 0.9263104186604669, 0.6333498274066242, 0.9263104186604669, 0.9959668659329107, 0.7933449406375538, 0.9691943554663389, 0.9263104186604669, 0.9958661609098207, 0.4559666357824417, 0.9263104186604669, 0.9958661609098207, 0.9263104186604669, 0.9439468859396031, 0.9958661609098207, 0.9989628360175347, 0.6874298976719295, 0.9974695424921315, 0.9611062305846195, 0.7634362269432815, 0.9691943554663389, 0.09865759059918575, 0.9989628360175347, 0.9691943554663389, 0.21218145359792742, 0.4677229075628342, 0.9439468859396031, 0.9263104186604669, 0.6214503718236669, 0.4993220696822747, 0.9691943554663389, 0.9992258437612205, 0.4559666357824417, 0.9263104186604669, 0.8982443709279381, 0.9958661609098207, 0.998114411853029, 0.5632081528787988, 0.8372120974465215, 0.7634362269432815, 0.9691943554663389, 0.9439468859396031, 0.9439468859396031, 0.9958661609098207, 0.9691943554663389, 0.9691943554663389, 0.9691943554663389, 0.9611062305846195, 0.9992258437612205, 0.9989628360175347, 0.5632081528787988, 0.6214503718236669, 0.9263104186604669, 0.5632081528787988, 0.7063154715808656, 0.7634362269432815, 0.21157978462050148, 0.4677229075628342, 0.6771769584356397, 0.9691943554663389, 0.9691943554663389, 0.989038306180005, 0.842353467690959, 0.6214503718236669, 0.989038306180005, 0.5632081528787988, 0.9263104186604669, 0.6214503718236669, 0.9439468859396031, 0.9691943554663389, 0.9439468859396031, 0.9691943554663389, 0.4677229075628342, 0.9263104186604669, 0.5289254854289015, 0.9691943554663389, 0.8372120974465215, 0.6874298976719295, 0.08268265610968252]",21,train,9
0.95,94,1,0,5,100,56,1,1,1,0,0,0,56,1,1,1,0,0,0,"(array([0.86648166, 0.78539568, 0.69587725, 0.95471913, 0.47933784,
       0.3166711 , 0.91776067, 0.91474807, 0.61101902, 0.20415564,
       0.24124672]), array([0.67512035, 0.73498839, 0.77423733, 0.52445269, 0.81321633,
       0.83342677, 0.58861023, 0.60887009, 0.77603871, 0.84897435,
       0.84831977]), array([0.31990349, 0.26203117, 0.22256717, 0.46716723, 0.18315196,
       0.16271123, 0.40449718, 0.38455918, 0.22072333, 0.14702569,
       0.14769955]), array([0.14507529, 0.22597478, 0.31613952, 0.05592586, 0.53233099,
       0.69362694, 0.09335599, 0.09656507, 0.4009611 , 0.80469018,
       0.76809967]))","['DeepSeekQwen (32B)', 'GPM (8B)', 'EurusPRMStage2_avg_scores (7.62B)', 'QwenPRM_max_scores (7.63B)', 'QwenPRM_min_scores (7.63B)', 'Qwen72B_scores (72B)', 'SkyT1 (32B)', 'DeepSeekLlama (70B)', 'EurusPRMStage1_min_scores (7.62B)', 'ArmorRM (8B)', 'Skyworks (8B)']","[0.8359268724667608, 0.9998062568693682, 0.9996688012321661, 0.9958661609098207, 0.9998062568693682, 0.9899797066162087, 0.9941025673905487, 0.9691943554663389, 0.9958413642603948, 0.9975634286797294, 0.9958661609098207, 0.9646608427959733, 0.7634362269432815, 0.9975634286797294, 0.9991927957847315, 0.14267700207427336, 0.5783754795343704, 0.9989565951736636, 0.9975634286797294, 0.9989628360175347, 0.9870824640902436, 0.9989628360175347, 0.9975634286797294, 0.7623499217116713, 0.9971745361901997, 0.9767418872408675, 0.8359268724667608, 0.9958661609098207, 0.7139625011334958, 0.9691943554663389, 0.9870824640902436, 0.9691943554663389, 0.8829957347741683, 0.9971020359421707, 0.9971020359421707, 0.9899797066162087, 0.9994714314464109, 0.9992258437612205, 0.9502798686627156, 0.9975634286797294, 0.9998062568693682, 0.9899199577332535, 0.7889234833187718, 0.1205274347102524, 0.9870824640902436, 0.8774248010847838, 0.930426774711355, 0.8209341648689895, 0.9502798686627156, 0.9972355559015212, 0.9691943554663389, 0.9502798686627156, 0.9991927957847315, 0.9975634286797294, 0.9691943554663389, 0.9996688012321661, 0.9999434386861862, 0.7139625011334958, 0.9870824640902436, 0.9413908409723092, 0.9998062568693682, 0.9975634286797294, 0.9998062568693682, 0.7139625011334958, 0.9975634286797294, 0.9985183918345741, 0.9975634286797294, 0.9985183918345741, 0.9263104186604669, 6.226297485841259e-05, 0.9870824640902436, 0.9870824640902436, 0.9975634286797294, 0.9691943554663389, 0.19601578516913115, 0.984666886266454, 0.7139625011334958, 0.9941025673905487, 0.9992258437612205, 0.9975634286797294, 0.984666886266454, 0.8537356169274103, 0.9611062305846195, 0.9999171405416687, 0.9870824640902436, 0.18406820883923236, 0.9995562146793853, 0.9903289731067623, 0.9691943554663389, 0.9920656117098947, 0.9989628360175347, 0.9989628360175347, 0.9975634286797294, 0.8774248010847838, 0.9988159687939746, 0.9989628360175347, 0.9816406220596654, 0.9989628360175347, 0.9992258437612205, 0.1485614545374129]",22,train,9
0.64,11,53,36,0,100,84,1,1,1,0,0,0,84,1,1,1,0,0,0,"(array([0.86648166, 0.78539568, 0.69587725, 0.95471913, 0.47933784,
       0.3166711 , 0.91776067, 0.91474807, 0.61101902, 0.20415564,
       0.24124672]), array([0.67512035, 0.73498839, 0.77423733, 0.52445269, 0.81321633,
       0.83342677, 0.58861023, 0.60887009, 0.77603871, 0.84897435,
       0.84831977]), array([0.31990349, 0.26203117, 0.22256717, 0.46716723, 0.18315196,
       0.16271123, 0.40449718, 0.38455918, 0.22072333, 0.14702569,
       0.14769955]), array([0.14507529, 0.22597478, 0.31613952, 0.05592586, 0.53233099,
       0.69362694, 0.09335599, 0.09656507, 0.4009611 , 0.80469018,
       0.76809967]))","['DeepSeekQwen (32B)', 'GPM (8B)', 'EurusPRMStage2_avg_scores (7.62B)', 'QwenPRM_max_scores (7.63B)', 'QwenPRM_min_scores (7.63B)', 'Qwen72B_scores (72B)', 'SkyT1 (32B)', 'DeepSeekLlama (70B)', 'EurusPRMStage1_min_scores (7.62B)', 'ArmorRM (8B)', 'Skyworks (8B)']","[0.47136254160037094, 0.08379776405598133, 0.9767418872408675, 0.011499705269357537, 0.9182935650787167, 0.01678426285633708, 0.47136254160037094, 0.6771769584356397, 0.930426774711355, 0.01678426285633708, 0.08379776405598133, 0.9413908409723092, 0.14267700207427336, 0.008609094675068221, 0.0243983249708892, 0.17706983382556674, 0.008609094675068221, 0.9502798686627156, 0.5603069071105288, 0.9992258437612205, 0.7634362269432815, 0.930426774711355, 0.008609094675068221, 0.26776150361194273, 0.01678426285633708, 0.5603069071105288, 0.5783754795343704, 0.5783754795343704, 0.8722458679526455, 0.9989628360175347, 0.7139625011334958, 0.8359268724667608, 0.6771769584356397, 0.930426774711355, 0.09865759059918575, 0.9989628360175347, 0.9958661609098207, 0.20384273682011783, 0.9611062305846195, 0.7139625011334958, 0.30440493488334125, 0.17706983382556674, 0.008609094675068221, 0.9899797066162087, 0.9885134273987132, 0.9646608427959733, 0.942742325788625, 0.6771769584356397, 0.6771769584356397, 0.08379776405598133, 0.47136254160037094, 0.11560263246215141, 0.47136254160037094, 0.1032777525153357, 0.011499705269357537, 0.9182935650787167, 0.5603069071105288, 0.01678426285633708, 0.46211598563584194, 0.14267700207427336, 0.14267700207427336, 0.9992258437612205, 0.47136254160037094, 0.7634362269432815, 0.8735533337142514, 0.08179320749222538, 0.8722458679526455, 0.14267700207427336, 0.9992258437612205, 0.14267700207427336, 0.8217208414405639, 0.14267700207427336, 0.14267700207427336, 0.26267822671991886, 0.19601578516913115, 0.930426774711355, 0.9502798686627156, 0.011499705269357537, 0.1152347676734349, 0.06389026783723939, 0.8722458679526455, 0.14267700207427336, 0.08379776405598133, 0.0008899586464655237, 0.9998062568693682, 0.14267700207427336, 0.47136254160037094, 0.47136254160037094, 0.9958661609098207, 0.01678426285633708, 0.011499705269357537, 0.0011918892883407278, 0.9691943554663389, 0.9992258437612205, 0.15684238856270868, 0.011499705269357537, 0.14267700207427336, 0.9782298640899849, 0.998114411853029, 0.9971020359421707]",23,train,1
1.0,100,0,0,0,100,10,1,1,1,0,0,0,10,1,1,1,0,0,0,"(array([0.86648166, 0.78539568, 0.69587725, 0.95471913, 0.47933784,
       0.3166711 , 0.91776067, 0.91474807, 0.61101902, 0.20415564,
       0.24124672]), array([0.67512035, 0.73498839, 0.77423733, 0.52445269, 0.81321633,
       0.83342677, 0.58861023, 0.60887009, 0.77603871, 0.84897435,
       0.84831977]), array([0.31990349, 0.26203117, 0.22256717, 0.46716723, 0.18315196,
       0.16271123, 0.40449718, 0.38455918, 0.22072333, 0.14702569,
       0.14769955]), array([0.14507529, 0.22597478, 0.31613952, 0.05592586, 0.53233099,
       0.69362694, 0.09335599, 0.09656507, 0.4009611 , 0.80469018,
       0.76809967]))","['DeepSeekQwen (32B)', 'GPM (8B)', 'EurusPRMStage2_avg_scores (7.62B)', 'QwenPRM_max_scores (7.63B)', 'QwenPRM_min_scores (7.63B)', 'Qwen72B_scores (72B)', 'SkyT1 (32B)', 'DeepSeekLlama (70B)', 'EurusPRMStage1_min_scores (7.62B)', 'ArmorRM (8B)', 'Skyworks (8B)']","[0.9611062305846195, 0.9989628360175347, 0.9925035940212282, 0.9958661609098207, 0.998114411853029, 0.9925035940212282, 0.8126822625719837, 0.9439468859396031, 0.989038306180005, 0.9994714314464109, 0.9999171405416687, 0.9691943554663389, 0.9941025673905487, 0.9971745361901997, 0.9994714314464109, 0.9998062568693682, 0.9998062568693682, 0.9984317592669542, 0.9941025673905487, 0.9992258437612205, 0.9982280560584657, 0.96710053923399, 0.9921127436832089, 0.9992258437612205, 0.9611062305846195, 0.9958661609098207, 0.9998062568693682, 0.9826855082089545, 0.9992258437612205, 0.9992258437612205, 0.9958661609098207, 0.9731192920828367, 0.9959668659329107, 0.9992258437612205, 0.9982713225070391, 0.9453273571534971, 0.999291799228958, 0.9995562146793853, 0.9958661609098207, 0.9971745361901997, 0.9941025673905487, 0.9959668659329107, 0.9452428585562717, 0.9998062568693682, 0.9992258437612205, 0.9925035940212282, 0.9691943554663389, 0.9998062568693682, 0.9925035940212282, 0.9958661609098207, 0.9941025673905487, 0.9941025673905487, 0.9994714314464109, 0.9992258437612205, 0.9998062568693682, 0.9992258437612205, 0.999291799228958, 0.9611062305846195, 0.9958661609098207, 0.9971745361901997, 0.9453273571534971, 0.9853694384173151, 0.9611062305846195, 0.9989628360175347, 0.9948707525554311, 0.9941025673905487, 0.9971745361901997, 0.9899797066162087, 0.9958661609098207, 0.9691943554663389, 0.998988179159197, 0.9691943554663389, 0.9731192920828367, 0.9971745361901997, 0.9992258437612205, 0.9925035940212282, 0.9992258437612205, 0.9925035940212282, 0.9956846372803912, 0.9902224044281513, 0.9998062568693682, 0.9941025673905487, 0.9971745361901997, 0.9994714314464109, 0.9948707525554311, 0.9959668659329107, 0.9958661609098207, 0.9925035940212282, 0.9924914289154478, 0.9971745361901997, 0.9925035940212282, 0.9263104186604669, 0.9958661609098207, 0.9987121276664741, 0.9992258437612205, 0.9931383293991363, 0.9611062305846195, 0.9865901532633942, 0.9691943554663389, 0.9998677428994843]",24,train,9
0.44,22,22,3,53,100,0,1,1,1,0,0,0,46,0,1,0,1,0,0,"(array([0.86648166, 0.78539568, 0.69587725, 0.95471913, 0.47933784,
       0.3166711 , 0.91776067, 0.91474807, 0.61101902, 0.20415564,
       0.24124672]), array([0.67512035, 0.73498839, 0.77423733, 0.52445269, 0.81321633,
       0.83342677, 0.58861023, 0.60887009, 0.77603871, 0.84897435,
       0.84831977]), array([0.31990349, 0.26203117, 0.22256717, 0.46716723, 0.18315196,
       0.16271123, 0.40449718, 0.38455918, 0.22072333, 0.14702569,
       0.14769955]), array([0.14507529, 0.22597478, 0.31613952, 0.05592586, 0.53233099,
       0.69362694, 0.09335599, 0.09656507, 0.4009611 , 0.80469018,
       0.76809967]))","['DeepSeekQwen (32B)', 'GPM (8B)', 'EurusPRMStage2_avg_scores (7.62B)', 'QwenPRM_max_scores (7.63B)', 'QwenPRM_min_scores (7.63B)', 'Qwen72B_scores (72B)', 'SkyT1 (32B)', 'DeepSeekLlama (70B)', 'EurusPRMStage1_min_scores (7.62B)', 'ArmorRM (8B)', 'Skyworks (8B)']","[0.9941025673905487, 0.04667141162959713, 0.9611062305846195, 0.004978744362631952, 0.8774248010847838, 0.0047498118166961105, 0.08179320749222538, 0.10294454213734619, 0.11560263246215141, 0.5719252545466177, 0.004978744362631952, 0.0047498118166961105, 0.009022351580312496, 0.921773216887954, 0.009022351580312496, 0.008609094675068221, 0.4831632274474834, 0.38074878873543155, 0.0011918892883407278, 0.0009330274894800894, 0.5783754795343704, 0.004978744362631952, 0.26267822671991886, 0.03525521803624434, 0.0009330274894800894, 0.0047498118166961105, 0.044458004383194326, 0.05867296946517162, 0.5719252545466177, 0.4233859654089651, 0.9903289731067623, 0.10294454213734619, 0.27194201922291217, 0.046511360439528804, 0.046511360439528804, 0.0011918892883407278, 0.4233859654089651, 0.4831632274474834, 0.06517107160511529, 0.1485614545374129, 0.017582987203791287, 0.8774248010847838, 0.006352923819118642, 0.4831632274474834, 0.006352923819118642, 0.5719252545466177, 6.226297485841259e-05, 0.01678426285633708, 0.1152347676734349, 0.01678426285633708, 0.006352923819118642, 0.1205274347102524, 0.08379776405598133, 0.4233859654089651, 0.41100924595462524, 0.1205274347102524, 0.08379776405598133, 6.226297485841259e-05, 0.5719252545466177, 0.046511360439528804, 0.43997789323832565, 0.009022351580312496, 0.4831632274474834, 0.04667141162959713, 0.4233859654089651, 0.0011918892883407278, 0.842353467690959, 0.989038306180005, 0.8774248010847838, 0.06517107160511529, 0.006352923819118642, 0.011634442722129766, 0.9130730063425182, 0.4993220696822747, 0.1485614545374129, 0.0032418311745493547, 0.5603069071105288, 0.4831632274474834, 0.9453273571534971, 0.5719252545466177, 0.9903289731067623, 0.47136254160037094, 0.046511360439528804, 0.009022351580312496, 0.5603069071105288, 0.05867296946517162, 0.046511360439528804, 0.930426774711355, 0.4831632274474834, 0.011499705269357537, 0.4233859654089651, 0.9903289731067623, 0.0009330274894800894, 0.3230757910460572, 0.046511360439528804, 0.0008899586464655237, 0.8774248010847838, 0.0009330274894800894, 0.8774248010847838, 0.9903289731067623]",25,train,7
0.89,60,29,11,0,100,69,1,1,1,0,0,0,69,1,1,1,0,0,0,"(array([0.86648166, 0.78539568, 0.69587725, 0.95471913, 0.47933784,
       0.3166711 , 0.91776067, 0.91474807, 0.61101902, 0.20415564,
       0.24124672]), array([0.67512035, 0.73498839, 0.77423733, 0.52445269, 0.81321633,
       0.83342677, 0.58861023, 0.60887009, 0.77603871, 0.84897435,
       0.84831977]), array([0.31990349, 0.26203117, 0.22256717, 0.46716723, 0.18315196,
       0.16271123, 0.40449718, 0.38455918, 0.22072333, 0.14702569,
       0.14769955]), array([0.14507529, 0.22597478, 0.31613952, 0.05592586, 0.53233099,
       0.69362694, 0.09335599, 0.09656507, 0.4009611 , 0.80469018,
       0.76809967]))","['DeepSeekQwen (32B)', 'GPM (8B)', 'EurusPRMStage2_avg_scores (7.62B)', 'QwenPRM_max_scores (7.63B)', 'QwenPRM_min_scores (7.63B)', 'Qwen72B_scores (72B)', 'SkyT1 (32B)', 'DeepSeekLlama (70B)', 'EurusPRMStage1_min_scores (7.62B)', 'ArmorRM (8B)', 'Skyworks (8B)']","[0.09865759059918575, 0.9982280560584657, 0.14267700207427336, 0.7139625011334958, 0.9925035940212282, 0.9649799088970922, 0.7139625011334958, 0.6771769584356397, 0.47136254160037094, 0.9611062305846195, 0.9611062305846195, 0.9992258437612205, 0.8979145708826952, 0.9992258437612205, 0.14267700207427336, 0.01678426285633708, 0.14267700207427336, 0.5603069071105288, 0.9992258437612205, 0.008609094675068221, 0.9649799088970922, 0.09865759059918575, 0.9992258437612205, 0.9974695424921315, 0.9925035940212282, 0.9865901532633942, 0.039380404973844846, 0.9992258437612205, 0.9865901532633942, 0.14267700207427336, 0.14267700207427336, 0.8372120974465215, 0.47136254160037094, 0.9992258437612205, 0.14267700207427336, 0.9691943554663389, 0.01678426285633708, 0.9865901532633942, 0.9925035940212282, 0.9992258437612205, 0.9992258437612205, 0.14267700207427336, 0.6771769584356397, 0.9974695424921315, 0.8829957347741683, 0.9992258437612205, 0.9958661609098207, 0.011102882910723293, 0.9691943554663389, 0.9691943554663389, 0.9758651141805254, 0.008609094675068221, 0.9958661609098207, 0.6771769584356397, 0.9691943554663389, 0.9974695424921315, 0.14267700207427336, 0.9865901532633942, 0.14267700207427336, 0.008609094675068221, 0.9967805020088198, 0.9992258437612205, 0.01678426285633708, 0.6771769584356397, 0.0006066656521848884, 0.9952828607785226, 0.9992258437612205, 0.008609094675068221, 0.4993220696822747, 0.9996688012321661, 0.9691943554663389, 0.14267700207427336, 0.9941025673905487, 0.6771769584356397, 0.9853694384173151, 0.9994714314464109, 0.14267700207427336, 0.9992258437612205, 0.6771769584356397, 0.9974695424921315, 0.9994714314464109, 0.9974695424921315, 0.9992258437612205, 0.9992258437612205, 0.9925035940212282, 0.9996688012321661, 0.9958661609098207, 0.9941025673905487, 0.0008899586464655237, 0.9611062305846195, 0.8829957347741683, 0.9649799088970922, 0.6771769584356397, 0.9925035940212282, 0.989038306180005, 0.1278829971760672, 0.14267700207427336, 0.9958661609098207, 0.6874298976719295, 0.9992258437612205]",26,train,5
1.0,100,0,0,0,100,12,1,1,1,0,0,0,12,1,1,1,0,0,0,"(array([0.86648166, 0.78539568, 0.69587725, 0.95471913, 0.47933784,
       0.3166711 , 0.91776067, 0.91474807, 0.61101902, 0.20415564,
       0.24124672]), array([0.67512035, 0.73498839, 0.77423733, 0.52445269, 0.81321633,
       0.83342677, 0.58861023, 0.60887009, 0.77603871, 0.84897435,
       0.84831977]), array([0.31990349, 0.26203117, 0.22256717, 0.46716723, 0.18315196,
       0.16271123, 0.40449718, 0.38455918, 0.22072333, 0.14702569,
       0.14769955]), array([0.14507529, 0.22597478, 0.31613952, 0.05592586, 0.53233099,
       0.69362694, 0.09335599, 0.09656507, 0.4009611 , 0.80469018,
       0.76809967]))","['DeepSeekQwen (32B)', 'GPM (8B)', 'EurusPRMStage2_avg_scores (7.62B)', 'QwenPRM_max_scores (7.63B)', 'QwenPRM_min_scores (7.63B)', 'Qwen72B_scores (72B)', 'SkyT1 (32B)', 'DeepSeekLlama (70B)', 'EurusPRMStage1_min_scores (7.62B)', 'ArmorRM (8B)', 'Skyworks (8B)']","[0.99846566932334, 0.9989628360175347, 0.9956123600753355, 0.9691943554663389, 0.9989538650337689, 0.989090450289367, 0.9995707065582173, 0.9989538650337689, 0.9995707065582173, 0.9439468859396031, 0.9998062568693682, 0.9577639029658815, 0.9998925912686524, 0.9998925912686524, 0.9994247932316419, 0.9998925912686524, 0.9944204398813489, 0.9691943554663389, 0.9998925912686524, 0.9944204398813489, 0.9899797066162087, 0.9994247932316419, 0.9998062568693682, 0.9986478441505141, 0.9998925912686524, 0.9998062568693682, 0.9991781435016868, 0.9998925912686524, 0.9989628360175347, 0.9944204398813489, 0.998114411853029, 0.9998925912686524, 0.9995707065582173, 0.9944204398813489, 0.6993428659954034, 0.9989628360175347, 0.9998925912686524, 0.9989538650337689, 0.9998925912686524, 0.9998925912686524, 0.9899797066162087, 0.9998925912686524, 0.9921127436832089, 0.9998925912686524, 0.9780593432920829, 0.9959668659329107, 0.9998062568693682, 0.9977042204909806, 0.9989538650337689, 0.9992258437612205, 0.980490839413101, 0.9998925912686524, 0.9998925912686524, 0.9998925912686524, 0.9998925912686524, 0.9998925912686524, 0.9977042204909806, 0.9994247932316419, 0.9985183918345741, 0.9998925912686524, 0.9998925912686524, 0.9989538650337689, 0.9998062568693682, 0.9998062568693682, 0.9994247932316419, 0.9991781435016868, 0.9998062568693682, 0.989090450289367, 0.9994247932316419, 0.9998925912686524, 0.9985183918345741, 0.998114411853029, 0.9998925912686524, 0.9998925912686524, 0.9857407703395203, 0.9995707065582173, 0.9998925912686524, 0.9998925912686524, 0.9899797066162087, 0.9989538650337689, 0.9995523738439462, 0.9991781435016868, 0.9991781435016868, 0.9998062568693682, 0.9998062568693682, 0.998114411853029, 0.9803252410723396, 0.9998925912686524, 0.9998925912686524, 0.9989628360175347, 0.9998062568693682, 0.9918339425661492, 0.9995523738439462, 0.9991781435016868, 0.9998925912686524, 0.9998062568693682, 0.9938936702477779, 0.9991781435016868, 0.9998062568693682, 0.9992258437612205]",27,train,9
0.9,41,49,9,1,100,23,1,1,1,0,0,0,23,1,1,1,0,0,0,"(array([0.86648166, 0.78539568, 0.69587725, 0.95471913, 0.47933784,
       0.3166711 , 0.91776067, 0.91474807, 0.61101902, 0.20415564,
       0.24124672]), array([0.67512035, 0.73498839, 0.77423733, 0.52445269, 0.81321633,
       0.83342677, 0.58861023, 0.60887009, 0.77603871, 0.84897435,
       0.84831977]), array([0.31990349, 0.26203117, 0.22256717, 0.46716723, 0.18315196,
       0.16271123, 0.40449718, 0.38455918, 0.22072333, 0.14702569,
       0.14769955]), array([0.14507529, 0.22597478, 0.31613952, 0.05592586, 0.53233099,
       0.69362694, 0.09335599, 0.09656507, 0.4009611 , 0.80469018,
       0.76809967]))","['DeepSeekQwen (32B)', 'GPM (8B)', 'EurusPRMStage2_avg_scores (7.62B)', 'QwenPRM_max_scores (7.63B)', 'QwenPRM_min_scores (7.63B)', 'Qwen72B_scores (72B)', 'SkyT1 (32B)', 'DeepSeekLlama (70B)', 'EurusPRMStage1_min_scores (7.62B)', 'ArmorRM (8B)', 'Skyworks (8B)']","[0.9967805020088198, 0.9958661609098207, 0.9829891898255522, 0.6222976254096636, 0.9439468859396031, 0.47136254160037094, 0.01678426285633708, 0.009054623641956522, 0.41188176213067423, 0.01678426285633708, 0.01481829850612175, 0.5603069071105288, 0.6874298976719295, 0.08179320749222538, 0.0008899586464655237, 0.11560263246215141, 0.08379776405598133, 0.9941025673905487, 0.08379776405598133, 0.9829891898255522, 0.009054623641956522, 0.14412460195456017, 0.9958661609098207, 0.9996688012321661, 0.01678426285633708, 0.8722458679526455, 0.11560263246215141, 0.41188176213067423, 0.01678426285633708, 0.6771769584356397, 0.7631410454826824, 0.11560263246215141, 0.9974695424921315, 0.14267700207427336, 0.01678426285633708, 0.9992258437612205, 0.0008899586464655237, 0.1032777525153357, 0.9829891898255522, 0.11560263246215141, 0.9865901532633942, 0.6874298976719295, 0.009054623641956522, 0.6214503718236669, 0.41188176213067423, 0.47136254160037094, 0.01678426285633708, 0.9958661609098207, 0.01678426285633708, 0.9974695424921315, 0.01678426285633708, 0.14412460195456017, 0.5603069071105288, 0.9982280560584657, 0.9263104186604669, 0.9996688012321661, 0.8722458679526455, 0.9182935650787167, 0.9691943554663389, 0.11560263246215141, 0.96710053923399, 0.011499705269357537, 0.41188176213067423, 0.9992258437612205, 0.47136254160037094, 0.0008899586464655237, 0.9865901532633942, 0.9967805020088198, 0.41188176213067423, 0.9967805020088198, 0.9439468859396031, 0.0011918892883407278, 0.01678426285633708, 0.921773216887954, 0.9865901532633942, 0.9982280560584657, 0.41188176213067423, 0.0008899586464655237, 0.01678426285633708, 0.0008899586464655237, 0.9958661609098207, 0.9781154080933621, 0.9995562146793853, 0.01678426285633708, 0.11560263246215141, 0.5289254854289015, 0.9992258437612205, 0.7634362269432815, 0.01678426285633708, 0.9925035940212282, 0.9992258437612205, 0.044458004383194326, 0.9996688012321661, 0.9992258437612205, 0.9958661609098207, 0.01678426285633708, 0.008609094675068221, 0.7634362269432815, 0.08379776405598133, 0.11560263246215141]",28,train,4
0.98,98,0,2,0,100,2,1,1,1,0,0,0,2,1,1,1,0,0,0,"(array([0.86648166, 0.78539568, 0.69587725, 0.95471913, 0.47933784,
       0.3166711 , 0.91776067, 0.91474807, 0.61101902, 0.20415564,
       0.24124672]), array([0.67512035, 0.73498839, 0.77423733, 0.52445269, 0.81321633,
       0.83342677, 0.58861023, 0.60887009, 0.77603871, 0.84897435,
       0.84831977]), array([0.31990349, 0.26203117, 0.22256717, 0.46716723, 0.18315196,
       0.16271123, 0.40449718, 0.38455918, 0.22072333, 0.14702569,
       0.14769955]), array([0.14507529, 0.22597478, 0.31613952, 0.05592586, 0.53233099,
       0.69362694, 0.09335599, 0.09656507, 0.4009611 , 0.80469018,
       0.76809967]))","['DeepSeekQwen (32B)', 'GPM (8B)', 'EurusPRMStage2_avg_scores (7.62B)', 'QwenPRM_max_scores (7.63B)', 'QwenPRM_min_scores (7.63B)', 'Qwen72B_scores (72B)', 'SkyT1 (32B)', 'DeepSeekLlama (70B)', 'EurusPRMStage1_min_scores (7.62B)', 'ArmorRM (8B)', 'Skyworks (8B)']","[0.9998925912686524, 0.9996944071842491, 0.9999540660385944, 0.9982127409421523, 0.9999540660385944, 0.9982127409421523, 0.9985956839360259, 0.9995707065582173, 0.9999540660385944, 0.9903289731067623, 0.9998163763593968, 0.9993432982862341, 0.9996049278991163, 0.9982713225070391, 0.9998163763593968, 0.9958661609098207, 0.9976063715002719, 0.999753943632323, 0.9995523738439462, 0.9995523738439462, 0.9998163763593968, 0.9995523738439462, 0.9999540660385944, 0.9999540660385944, 0.9750264439427967, 0.5354974068958427, 0.9996688012321661, 0.9996688012321661, 0.9908073183529411, 0.9167331644908685, 0.9977042204909806, 0.9995523738439462, 0.9996483845494664, 0.9995523738439462, 0.9998163763593968, 0.9936344470563077, 0.9974695424921315, 0.96710053923399, 0.9996688012321661, 0.9998925912686524, 0.9998163763593968, 0.9995523738439462, 0.9976032148084617, 0.9998163763593968, 0.9996688012321661, 0.9999540660385944, 0.9990169653109371, 0.9993432982862341, 0.6874298976719295, 0.9998925912686524, 0.9941758035570823, 0.9995523738439462, 0.9998163763593968, 0.9925035940212282, 0.9999540660385944, 0.9409133531122302, 0.9990169653109371, 0.6771769584356397, 0.9861188692896599, 0.9998925912686524, 0.9914906677788408, 0.9996688012321661, 0.9999540660385944, 0.9995707065582173, 0.8829957347741683, 0.9982713225070391, 0.9999540660385944, 0.9995523738439462, 0.9976904237900032, 0.999753943632323, 0.9941025673905487, 0.9999540660385944, 0.9996688012321661, 0.9996944071842491, 0.9691943554663389, 0.9996688012321661, 0.9967805020088198, 0.9995707065582173, 0.9991204335817748, 0.9691943554663389, 0.9914906677788408, 0.9995523738439462, 0.9995523738439462, 0.99330423937629, 0.9999540660385944, 0.6874298976719295, 0.9998163763593968, 0.999753943632323, 0.5783754795343704, 0.9996688012321661, 0.9995523738439462, 0.990498203555881, 0.9985956839360259, 0.9998163763593968, 0.9999171405416687, 0.9998163763593968, 0.9999540660385944, 0.9998163763593968, 0.9691943554663389, 0.9999540660385944]",29,train,9
0.85,80,5,0,15,100,11,1,1,1,0,0,0,52,0,1,0,1,0,0,"(array([0.86648166, 0.78539568, 0.69587725, 0.95471913, 0.47933784,
       0.3166711 , 0.91776067, 0.91474807, 0.61101902, 0.20415564,
       0.24124672]), array([0.67512035, 0.73498839, 0.77423733, 0.52445269, 0.81321633,
       0.83342677, 0.58861023, 0.60887009, 0.77603871, 0.84897435,
       0.84831977]), array([0.31990349, 0.26203117, 0.22256717, 0.46716723, 0.18315196,
       0.16271123, 0.40449718, 0.38455918, 0.22072333, 0.14702569,
       0.14769955]), array([0.14507529, 0.22597478, 0.31613952, 0.05592586, 0.53233099,
       0.69362694, 0.09335599, 0.09656507, 0.4009611 , 0.80469018,
       0.76809967]))","['DeepSeekQwen (32B)', 'GPM (8B)', 'EurusPRMStage2_avg_scores (7.62B)', 'QwenPRM_max_scores (7.63B)', 'QwenPRM_min_scores (7.63B)', 'Qwen72B_scores (72B)', 'SkyT1 (32B)', 'DeepSeekLlama (70B)', 'EurusPRMStage1_min_scores (7.62B)', 'ArmorRM (8B)', 'Skyworks (8B)']","[0.9992258437612205, 0.6874298976719295, 0.9691943554663389, 0.017582987203791287, 0.9989628360175347, 0.9691943554663389, 0.6874298976719295, 0.9992258437612205, 0.9941025673905487, 0.9691943554663389, 0.6874298976719295, 0.9998062568693682, 0.011634442722129766, 0.9958661609098207, 0.6874298976719295, 0.20384273682011783, 0.921773216887954, 0.1485614545374129, 0.1485614545374129, 0.930426774711355, 0.1485614545374129, 0.7139625011334958, 0.9992258437612205, 0.7139625011334958, 0.921773216887954, 0.9691943554663389, 0.38074878873543155, 0.9691943554663389, 0.989038306180005, 0.1485614545374129, 0.017582987203791287, 0.9958661609098207, 0.9439468859396031, 0.1485614545374129, 0.1485614545374129, 0.4831632274474834, 0.9691943554663389, 0.9691943554663389, 0.989038306180005, 0.9941025673905487, 0.5719252545466177, 0.921773216887954, 0.6874298976719295, 0.9958661609098207, 0.9453273571534971, 0.9992258437612205, 0.921773216887954, 0.9941025673905487, 0.9982280560584657, 0.9691943554663389, 0.9691943554663389, 0.7634362269432815, 6.226297485841259e-05, 0.9691943554663389, 0.9691943554663389, 0.921773216887954, 0.9989628360175347, 0.8979145708826952, 0.9691943554663389, 0.9994714314464109, 0.9691943554663389, 0.6874298976719295, 0.9941025673905487, 0.989038306180005, 0.6622173474690791, 0.9925035940212282, 0.921773216887954, 0.6874298976719295, 0.921773216887954, 0.930426774711355, 0.9691943554663389, 0.5783754795343704, 0.930426774711355, 0.9691943554663389, 0.6333498274066242, 0.9992258437612205, 0.9992258437612205, 0.17706983382556674, 0.9691943554663389, 0.9958661609098207, 0.6874298976719295, 0.7139625011334958, 0.7139625011334958, 0.4831632274474834, 0.20384273682011783, 0.20357772506112098, 0.9610451138930525, 0.43997789323832565, 0.9691943554663389, 0.9903289731067623, 0.9691943554663389, 0.47136254160037094, 0.9691943554663389, 0.7139625011334958, 0.989038306180005, 0.6874298976719295, 0.9691943554663389, 0.9941025673905487, 0.0011918892883407278, 0.9998062568693682]",30,train,9
1.0,99,1,0,0,100,74,1,1,1,0,0,0,74,1,1,1,0,0,0,"(array([0.86648166, 0.78539568, 0.69587725, 0.95471913, 0.47933784,
       0.3166711 , 0.91776067, 0.91474807, 0.61101902, 0.20415564,
       0.24124672]), array([0.67512035, 0.73498839, 0.77423733, 0.52445269, 0.81321633,
       0.83342677, 0.58861023, 0.60887009, 0.77603871, 0.84897435,
       0.84831977]), array([0.31990349, 0.26203117, 0.22256717, 0.46716723, 0.18315196,
       0.16271123, 0.40449718, 0.38455918, 0.22072333, 0.14702569,
       0.14769955]), array([0.14507529, 0.22597478, 0.31613952, 0.05592586, 0.53233099,
       0.69362694, 0.09335599, 0.09656507, 0.4009611 , 0.80469018,
       0.76809967]))","['DeepSeekQwen (32B)', 'GPM (8B)', 'EurusPRMStage2_avg_scores (7.62B)', 'QwenPRM_max_scores (7.63B)', 'QwenPRM_min_scores (7.63B)', 'Qwen72B_scores (72B)', 'SkyT1 (32B)', 'DeepSeekLlama (70B)', 'EurusPRMStage1_min_scores (7.62B)', 'ArmorRM (8B)', 'Skyworks (8B)']","[0.9611062305846195, 0.9989628360175347, 0.9992258437612205, 0.9941025673905487, 0.9998062568693682, 0.9691943554663389, 0.9985183918345741, 0.9453273571534971, 0.921773216887954, 0.9989628360175347, 0.9650603978476305, 0.9985183918345741, 0.995690309923258, 0.9958661609098207, 0.9992258437612205, 0.9998062568693682, 0.9611062305846195, 0.0011918892883407278, 0.9992258437612205, 0.9987897912800026, 0.9691943554663389, 0.6874298976719295, 0.9899797066162087, 0.9971745361901997, 0.9502798686627156, 0.9691943554663389, 0.921773216887954, 0.9966118814267103, 0.9993658829547162, 0.9941025673905487, 0.9941025673905487, 0.9989628360175347, 0.921773216887954, 0.9958661609098207, 0.9691943554663389, 0.9967805020088198, 0.9899797066162087, 0.9992258437612205, 0.9989628360175347, 0.9992258437612205, 0.9691943554663389, 0.9453273571534971, 0.9453273571534971, 0.7634362269432815, 0.9985183918345741, 0.9998062568693682, 0.9985183918345741, 0.9941025673905487, 0.9941025673905487, 0.9989628360175347, 0.9952828607785226, 0.9925035940212282, 0.9992258437612205, 0.9865901532633942, 0.9691943554663389, 0.9453273571534971, 0.9985183918345741, 0.9941025673905487, 0.9958661609098207, 0.9993658829547162, 0.9679204508052817, 0.9966118814267103, 0.9992258437612205, 0.9958661609098207, 0.9921127436832089, 0.9958661609098207, 0.9941025673905487, 0.9857407703395203, 0.9992258437612205, 0.9941025673905487, 0.9691943554663389, 0.9865901532633942, 0.9787644464737902, 0.9974695424921315, 0.9999171405416687, 0.9992258437612205, 0.7634362269432815, 0.9992258437612205, 0.9989628360175347, 0.9691943554663389, 0.9959668659329107, 0.9941025673905487, 0.9992258437612205, 0.9991927957847315, 0.9995562146793853, 0.9899797066162087, 0.9691943554663389, 0.9899797066162087, 0.9966118814267103, 0.9787644464737902, 0.9989628360175347, 0.995690309923258, 0.6214503718236669, 0.9941025673905487, 0.9958661609098207, 0.9941025673905487, 0.9691943554663389, 0.9991927957847315, 0.9691943554663389, 0.9992258437612205]",31,train,9
1.0,100,0,0,0,100,77,1,1,1,0,0,0,77,1,1,1,0,0,0,"(array([0.86648166, 0.78539568, 0.69587725, 0.95471913, 0.47933784,
       0.3166711 , 0.91776067, 0.91474807, 0.61101902, 0.20415564,
       0.24124672]), array([0.67512035, 0.73498839, 0.77423733, 0.52445269, 0.81321633,
       0.83342677, 0.58861023, 0.60887009, 0.77603871, 0.84897435,
       0.84831977]), array([0.31990349, 0.26203117, 0.22256717, 0.46716723, 0.18315196,
       0.16271123, 0.40449718, 0.38455918, 0.22072333, 0.14702569,
       0.14769955]), array([0.14507529, 0.22597478, 0.31613952, 0.05592586, 0.53233099,
       0.69362694, 0.09335599, 0.09656507, 0.4009611 , 0.80469018,
       0.76809967]))","['DeepSeekQwen (32B)', 'GPM (8B)', 'EurusPRMStage2_avg_scores (7.62B)', 'QwenPRM_max_scores (7.63B)', 'QwenPRM_min_scores (7.63B)', 'Qwen72B_scores (72B)', 'SkyT1 (32B)', 'DeepSeekLlama (70B)', 'EurusPRMStage1_min_scores (7.62B)', 'ArmorRM (8B)', 'Skyworks (8B)']","[0.9982713225070391, 0.9993658829547162, 0.8372120974465215, 0.9691943554663389, 0.9279830445146979, 0.6874298976719295, 0.9941025673905487, 0.9691943554663389, 0.9967805020088198, 0.8372120974465215, 0.9999171405416687, 0.9941025673905487, 0.993690706217635, 0.8829957347741683, 0.96710053923399, 0.9992258437612205, 0.9999171405416687, 0.9998062568693682, 0.9536361940613144, 0.9668251265605347, 0.9814911550126999, 0.8979145708826952, 0.9941025673905487, 0.5303652478958649, 0.9864756132102463, 0.9982127409421523, 0.9865901532633942, 0.989038306180005, 0.96710053923399, 0.9758651141805254, 0.8828268411524094, 0.8534086662354365, 0.9691943554663389, 0.991563097840705, 0.9865901532633942, 0.7933449406375538, 0.9941025673905487, 0.993690706217635, 0.9649799088970922, 0.9996483845494664, 0.9758266059174695, 0.9650603978476305, 0.9668251265605347, 0.9995562146793853, 0.9989628360175347, 0.9996688012321661, 0.9992258437612205, 0.9941025673905487, 0.990498203555881, 0.9925035940212282, 0.9974695424921315, 0.7139625011334958, 0.8735533337142514, 0.9996688012321661, 0.9650603978476305, 0.9263104186604669, 0.9964926476734184, 0.9999171405416687, 0.9417089004520428, 0.991563097840705, 0.9964926476734184, 0.9691943554663389, 0.8372120974465215, 0.9941025673905487, 0.9967805020088198, 0.9974695424921315, 0.9974695424921315, 0.9974695424921315, 0.9974695424921315, 0.9263104186604669, 0.9953054409195641, 0.6874298976719295, 0.9992258437612205, 0.9668251265605347, 0.9780593432920829, 0.9752355145190814, 0.9691943554663389, 0.9999540660385944, 0.9998062568693682, 0.8829957347741683, 0.9941025673905487, 0.9984144283449751, 0.9974695424921315, 0.9941025673905487, 0.9453273571534971, 0.9803252410723396, 0.930426774711355, 0.9814911550126999, 0.998114411853029, 0.96710053923399, 0.9994714314464109, 0.9865901532633942, 0.9941025673905487, 0.9992258437612205, 0.9941025673905487, 0.9865901532633942, 0.9984144283449751, 0.990498203555881, 0.9982280560584657, 0.8979145708826952]",32,train,9
1.0,100,0,0,0,100,5,1,1,1,0,0,0,5,1,1,1,0,0,0,"(array([0.86648166, 0.78539568, 0.69587725, 0.95471913, 0.47933784,
       0.3166711 , 0.91776067, 0.91474807, 0.61101902, 0.20415564,
       0.24124672]), array([0.67512035, 0.73498839, 0.77423733, 0.52445269, 0.81321633,
       0.83342677, 0.58861023, 0.60887009, 0.77603871, 0.84897435,
       0.84831977]), array([0.31990349, 0.26203117, 0.22256717, 0.46716723, 0.18315196,
       0.16271123, 0.40449718, 0.38455918, 0.22072333, 0.14702569,
       0.14769955]), array([0.14507529, 0.22597478, 0.31613952, 0.05592586, 0.53233099,
       0.69362694, 0.09335599, 0.09656507, 0.4009611 , 0.80469018,
       0.76809967]))","['DeepSeekQwen (32B)', 'GPM (8B)', 'EurusPRMStage2_avg_scores (7.62B)', 'QwenPRM_max_scores (7.63B)', 'QwenPRM_min_scores (7.63B)', 'Qwen72B_scores (72B)', 'SkyT1 (32B)', 'DeepSeekLlama (70B)', 'EurusPRMStage1_min_scores (7.62B)', 'ArmorRM (8B)', 'Skyworks (8B)']","[0.9691943554663389, 0.9758651141805254, 0.9992258437612205, 0.9992258437612205, 0.9691943554663389, 0.9999540660385944, 0.979214769533245, 0.9691943554663389, 0.9998925912686524, 0.9691943554663389, 0.9992258437612205, 0.9899797066162087, 0.9941025673905487, 0.9999171405416687, 0.9994247932316419, 0.9620214336340065, 0.9941025673905487, 0.9959668659329107, 0.989038306180005, 0.9998925912686524, 0.9611062305846195, 0.9992258437612205, 0.9991781435016868, 0.9994247932316419, 0.9958661609098207, 0.9967805020088198, 0.9998062568693682, 0.998114411853029, 0.9999171405416687, 0.9958661609098207, 0.9959668659329107, 0.9998925912686524, 0.9865901532633942, 0.9998925912686524, 0.9941025673905487, 0.9941025673905487, 0.9865901532633942, 0.9994247932316419, 0.9902224044281513, 0.9995523738439462, 0.9992258437612205, 0.9998062568693682, 0.8979145708826952, 0.9941025673905487, 0.9989538650337689, 0.9989538650337689, 0.9925035940212282, 0.9998062568693682, 0.9992258437612205, 0.998114411853029, 0.9992258437612205, 0.9899797066162087, 0.9992258437612205, 0.9998925912686524, 0.9998062568693682, 0.9982713225070391, 0.9992258437612205, 0.9829891898255522, 0.9865901532633942, 0.9865901532633942, 0.9998925912686524, 0.9941025673905487, 0.9998925912686524, 0.9977042204909806, 0.9691943554663389, 0.9989538650337689, 0.998114411853029, 0.9956123600753355, 0.9992258437612205, 0.9130730063425182, 0.9965826453472597, 0.9989538650337689, 0.9787644464737902, 0.921773216887954, 0.9992258437612205, 0.9941025673905487, 0.9998925912686524, 0.9941025673905487, 0.9994247932316419, 0.9992258437612205, 0.9941025673905487, 0.9691943554663389, 0.9998062568693682, 0.9995523738439462, 0.9989628360175347, 0.9787644464737902, 0.9958661609098207, 0.9941025673905487, 0.9941025673905487, 0.9998062568693682, 0.9992258437612205, 0.9999540660385944, 0.9999171405416687, 0.9992258437612205, 0.9857407703395203, 0.9989628360175347, 0.9999171405416687, 0.9991781435016868, 0.9998925912686524, 0.9992258437612205]",33,train,9
0.98,0,98,2,0,100,3,0,0,0,0,1,0,14,0,1,0,1,0,0,"(array([0.86648166, 0.78539568, 0.69587725, 0.95471913, 0.47933784,
       0.3166711 , 0.91776067, 0.91474807, 0.61101902, 0.20415564,
       0.24124672]), array([0.67512035, 0.73498839, 0.77423733, 0.52445269, 0.81321633,
       0.83342677, 0.58861023, 0.60887009, 0.77603871, 0.84897435,
       0.84831977]), array([0.31990349, 0.26203117, 0.22256717, 0.46716723, 0.18315196,
       0.16271123, 0.40449718, 0.38455918, 0.22072333, 0.14702569,
       0.14769955]), array([0.14507529, 0.22597478, 0.31613952, 0.05592586, 0.53233099,
       0.69362694, 0.09335599, 0.09656507, 0.4009611 , 0.80469018,
       0.76809967]))","['DeepSeekQwen (32B)', 'GPM (8B)', 'EurusPRMStage2_avg_scores (7.62B)', 'QwenPRM_max_scores (7.63B)', 'QwenPRM_min_scores (7.63B)', 'Qwen72B_scores (72B)', 'SkyT1 (32B)', 'DeepSeekLlama (70B)', 'EurusPRMStage1_min_scores (7.62B)', 'ArmorRM (8B)', 'Skyworks (8B)']","[0.08379776405598133, 0.01678426285633708, 0.01678426285633708, 0.8722458679526455, 0.20384273682011783, 0.0047498118166961105, 0.013183653104840046, 0.20384273682011783, 0.08379776405598133, 0.006352923819118642, 0.08379776405598133, 0.0003335029484537378, 0.0011918892883407278, 0.01678426285633708, 6.226297485841259e-05, 0.011499705269357537, 0.7139625011334958, 0.011499705269357537, 0.01678426285633708, 0.0011918892883407278, 0.01678426285633708, 0.006352923819118642, 0.0011918892883407278, 0.01678426285633708, 0.14267700207427336, 0.14267700207427336, 0.08379776405598133, 0.0011918892883407278, 0.006352923819118642, 0.006352923819118642, 6.226297485841259e-05, 0.01678426285633708, 6.226297485841259e-05, 0.011102882910723293, 0.004978744362631952, 0.01678426285633708, 0.0008899586464655237, 0.0032418311745493547, 0.08379776405598133, 6.226297485841259e-05, 6.226297485841259e-05, 0.05867296946517162, 0.004978744362631952, 0.004626641005970946, 6.226297485841259e-05, 0.0008899586464655237, 0.0009330274894800894, 0.006352923819118642, 6.226297485841259e-05, 6.226297485841259e-05, 0.006352923819118642, 0.05867296946517162, 0.0032418311745493547, 0.0047498118166961105, 0.006352923819118642, 0.03525521803624434, 0.006774406242539149, 0.01678426285633708, 0.0047498118166961105, 0.013183653104840046, 0.0006066656521848884, 0.08379776405598133, 0.08750169833113448, 0.11560263246215141, 0.006352923819118642, 0.0003335029484537378, 0.14267700207427336, 0.41100924595462524, 0.0003335029484537378, 6.226297485841259e-05, 0.0008899586464655237, 0.011499705269357537, 0.01678426285633708, 0.011499705269357537, 0.006352923819118642, 0.0003335029484537378, 0.0017451361479527841, 6.226297485841259e-05, 0.47136254160037094, 0.006352923819118642, 0.06679789459466298, 0.006352923819118642, 0.01678426285633708, 0.01678426285633708, 0.47136254160037094, 0.08750169833113448, 0.0011918892883407278, 0.14267700207427336, 0.14267700207427336, 0.013183653104840046, 0.47136254160037094, 0.14267700207427336, 0.08379776405598133, 0.05867296946517162, 0.0032418311745493547, 0.011499705269357537, 0.011499705269357537, 0.0047498118166961105, 6.226297485841259e-05, 0.05867296946517162]",34,train,0
0.99,93,6,1,0,100,23,1,1,1,0,0,0,23,1,1,1,0,0,0,"(array([0.86648166, 0.78539568, 0.69587725, 0.95471913, 0.47933784,
       0.3166711 , 0.91776067, 0.91474807, 0.61101902, 0.20415564,
       0.24124672]), array([0.67512035, 0.73498839, 0.77423733, 0.52445269, 0.81321633,
       0.83342677, 0.58861023, 0.60887009, 0.77603871, 0.84897435,
       0.84831977]), array([0.31990349, 0.26203117, 0.22256717, 0.46716723, 0.18315196,
       0.16271123, 0.40449718, 0.38455918, 0.22072333, 0.14702569,
       0.14769955]), array([0.14507529, 0.22597478, 0.31613952, 0.05592586, 0.53233099,
       0.69362694, 0.09335599, 0.09656507, 0.4009611 , 0.80469018,
       0.76809967]))","['DeepSeekQwen (32B)', 'GPM (8B)', 'EurusPRMStage2_avg_scores (7.62B)', 'QwenPRM_max_scores (7.63B)', 'QwenPRM_min_scores (7.63B)', 'Qwen72B_scores (72B)', 'SkyT1 (32B)', 'DeepSeekLlama (70B)', 'EurusPRMStage1_min_scores (7.62B)', 'ArmorRM (8B)', 'Skyworks (8B)']","[0.011499705269357537, 0.9989628360175347, 0.9989628360175347, 0.9985183918345741, 0.9989628360175347, 0.9989628360175347, 0.9998062568693682, 0.9989628360175347, 0.9989628360175347, 0.9989628360175347, 0.9995562146793853, 0.9989628360175347, 0.9691943554663389, 0.9899797066162087, 0.9989628360175347, 0.998114411853029, 0.9958661609098207, 0.998114411853029, 0.9899797066162087, 0.5719252545466177, 0.9899797066162087, 0.998114411853029, 0.9899797066162087, 0.9998677428994843, 0.9989628360175347, 0.999291799228958, 0.9899797066162087, 0.9899797066162087, 0.9989628360175347, 0.9899797066162087, 0.9998062568693682, 0.9989628360175347, 0.9994714314464109, 0.9998062568693682, 0.9998062568693682, 0.9899797066162087, 0.9989628360175347, 0.9998062568693682, 0.8735187951582524, 0.9989628360175347, 0.9865901532633942, 0.9989628360175347, 0.9989628360175347, 0.9989628360175347, 0.9989628360175347, 0.998114411853029, 0.9899797066162087, 0.9998062568693682, 0.9998062568693682, 0.999291799228958, 0.9989628360175347, 0.0006066656521848884, 0.9992258437612205, 0.999291799228958, 0.9989628360175347, 0.9921127436832089, 0.9972355559015212, 0.9958661609098207, 0.980490839413101, 0.011499705269357537, 0.9958661609098207, 0.9921127436832089, 0.9989628360175347, 0.998114411853029, 0.9899797066162087, 0.9985183918345741, 0.998114411853029, 0.9989628360175347, 0.9958661609098207, 0.998114411853029, 0.9989628360175347, 0.9611062305846195, 0.9921127436832089, 0.9989628360175347, 0.9992258437612205, 0.0006066656521848884, 0.011499705269357537, 0.9925035940212282, 0.9958661609098207, 0.999291799228958, 0.9989628360175347, 0.9989628360175347, 0.998114411853029, 0.9989628360175347, 0.9992258437612205, 0.9958661609098207, 0.9731192920828367, 0.9921127436832089, 0.9989628360175347, 0.9941025673905487, 0.999291799228958, 0.9899797066162087, 0.9502798686627156, 0.9989628360175347, 0.9998062568693682, 0.011499705269357537, 0.9899797066162087, 0.9989628360175347, 0.9899797066162087, 0.9989628360175347]",35,train,9
0.99,86,13,1,0,100,7,1,1,1,0,0,0,10,0,1,0,1,0,0,"(array([0.86648166, 0.78539568, 0.69587725, 0.95471913, 0.47933784,
       0.3166711 , 0.91776067, 0.91474807, 0.61101902, 0.20415564,
       0.24124672]), array([0.67512035, 0.73498839, 0.77423733, 0.52445269, 0.81321633,
       0.83342677, 0.58861023, 0.60887009, 0.77603871, 0.84897435,
       0.84831977]), array([0.31990349, 0.26203117, 0.22256717, 0.46716723, 0.18315196,
       0.16271123, 0.40449718, 0.38455918, 0.22072333, 0.14702569,
       0.14769955]), array([0.14507529, 0.22597478, 0.31613952, 0.05592586, 0.53233099,
       0.69362694, 0.09335599, 0.09656507, 0.4009611 , 0.80469018,
       0.76809967]))","['DeepSeekQwen (32B)', 'GPM (8B)', 'EurusPRMStage2_avg_scores (7.62B)', 'QwenPRM_max_scores (7.63B)', 'QwenPRM_min_scores (7.63B)', 'Qwen72B_scores (72B)', 'SkyT1 (32B)', 'DeepSeekLlama (70B)', 'EurusPRMStage1_min_scores (7.62B)', 'ArmorRM (8B)', 'Skyworks (8B)']","[0.9967805020088198, 0.9982280560584657, 0.9998163763593968, 0.9649799088970922, 0.9996688012321661, 0.9998062568693682, 0.9691943554663389, 0.9999171405416687, 0.9996688012321661, 0.9977042204909806, 6.226297485841259e-05, 0.9982127409421523, 0.9982280560584657, 0.9999171405416687, 0.9966118814267103, 0.0011918892883407278, 0.9998163763593968, 0.9952828607785226, 0.6622173474690791, 0.9996688012321661, 0.9996688012321661, 0.9167331644908685, 0.9691943554663389, 0.7631410454826824, 0.9691943554663389, 0.9952828607785226, 0.9690145471107123, 0.9691943554663389, 0.9996688012321661, 0.9958661609098207, 0.9558356888293235, 0.0011918892883407278, 0.993690706217635, 0.9999171405416687, 0.9992258437612205, 0.9974695424921315, 0.9996688012321661, 0.9952828607785226, 0.670752116138521, 0.9992258437612205, 0.9998163763593968, 0.9941025673905487, 0.01481829850612175, 0.9952828607785226, 0.7634362269432815, 0.9439468859396031, 0.9865901532633942, 0.9998163763593968, 0.9982127409421523, 0.9952828607785226, 0.0011918892883407278, 0.9992258437612205, 0.9182935650787167, 0.9752355145190814, 0.9967805020088198, 0.9752355145190814, 0.9130730063425182, 0.7139625011334958, 0.9998163763593968, 0.9992258437612205, 0.9974695424921315, 0.9925035940212282, 0.9611062305846195, 0.9691943554663389, 0.9999171405416687, 0.9998163763593968, 0.009022351580312496, 0.9952828607785226, 0.9998163763593968, 0.990498203555881, 0.01481829850612175, 0.9925217010478828, 0.0011918892883407278, 0.9985956839360259, 0.01481829850612175, 0.9996688012321661, 0.9998163763593968, 0.9758651141805254, 0.9982280560584657, 0.009022351580312496, 0.9996688012321661, 0.9982127409421523, 0.989038306180005, 0.1278829971760672, 0.9985956839360259, 0.0009330274894800894, 0.990498203555881, 0.993690706217635, 0.9996688012321661, 0.9992258437612205, 0.0011918892883407278, 0.9998163763593968, 0.9829891898255522, 0.9999171405416687, 0.9982280560584657, 0.9996688012321661, 0.9998163763593968, 0.9985183918345741, 0.9974695424921315, 0.8735533337142514]",36,train,8
0.75,13,62,14,11,100,19,1,1,1,0,0,0,8,0,1,0,1,0,0,"(array([0.86648166, 0.78539568, 0.69587725, 0.95471913, 0.47933784,
       0.3166711 , 0.91776067, 0.91474807, 0.61101902, 0.20415564,
       0.24124672]), array([0.67512035, 0.73498839, 0.77423733, 0.52445269, 0.81321633,
       0.83342677, 0.58861023, 0.60887009, 0.77603871, 0.84897435,
       0.84831977]), array([0.31990349, 0.26203117, 0.22256717, 0.46716723, 0.18315196,
       0.16271123, 0.40449718, 0.38455918, 0.22072333, 0.14702569,
       0.14769955]), array([0.14507529, 0.22597478, 0.31613952, 0.05592586, 0.53233099,
       0.69362694, 0.09335599, 0.09656507, 0.4009611 , 0.80469018,
       0.76809967]))","['DeepSeekQwen (32B)', 'GPM (8B)', 'EurusPRMStage2_avg_scores (7.62B)', 'QwenPRM_max_scores (7.63B)', 'QwenPRM_min_scores (7.63B)', 'Qwen72B_scores (72B)', 'SkyT1 (32B)', 'DeepSeekLlama (70B)', 'EurusPRMStage1_min_scores (7.62B)', 'ArmorRM (8B)', 'Skyworks (8B)']","[0.02084677749619846, 0.5783754795343704, 0.05932724495990785, 0.8015663472809943, 0.3540437858902317, 0.20384273682011783, 0.0017451361479527841, 0.9865901532633942, 6.226297485841259e-05, 0.1152347676734349, 0.9731192920828367, 0.4831632274474834, 0.01678426285633708, 0.01678426285633708, 0.17706983382556674, 0.0011918892883407278, 0.2727725513615753, 0.017582987203791287, 0.1152347676734349, 0.9985183918345741, 0.01678426285633708, 6.226297485841259e-05, 0.7139625011334958, 0.017582987203791287, 0.0011918892883407278, 0.6333498274066242, 0.006352923819118642, 0.20384273682011783, 0.20384273682011783, 0.9903289731067623, 0.06517107160511529, 0.030295033560092194, 0.2334642069628862, 0.7634362269432815, 0.7139625011334958, 0.7139625011334958, 0.7139625011334958, 0.01678426285633708, 0.0008899586464655237, 0.20384273682011783, 0.0011918892883407278, 0.930426774711355, 0.0009330274894800894, 0.9439468859396031, 0.0047498118166961105, 0.0011918892883407278, 0.1485614545374129, 0.5783754795343704, 0.47430003591371567, 0.5472415863282014, 0.01678426285633708, 0.013183653104840046, 0.9974695424921315, 0.006774406242539149, 0.5289254854289015, 0.5354974068958427, 0.0008899586464655237, 0.009022351580312496, 0.08750169833113448, 0.9952828607785226, 0.18406820883923236, 0.1152347676734349, 0.039380404973844846, 0.0011918892883407278, 0.8372120974465215, 0.6622173474690791, 0.14267700207427336, 0.18406820883923236, 0.9690145471107123, 0.0011918892883407278, 0.01678426285633708, 0.06679789459466298, 0.01678426285633708, 0.9453273571534971, 0.20384273682011783, 0.17706983382556674, 0.5783754795343704, 0.20384273682011783, 0.14267700207427336, 0.0008899586464655237, 0.930426774711355, 0.025549969268153998, 0.008609094675068221, 0.0011918892883407278, 0.0011918892883407278, 0.011565587864021086, 0.0011918892883407278, 0.14412460195456017, 0.01678426285633708, 9.121186099893612e-05, 0.1152347676734349, 0.4831632274474834, 0.9453273571534971, 0.0009330274894800894, 0.011499705269357537, 0.0011918892883407278, 0.0009330274894800894, 0.14267700207427336, 0.0011918892883407278, 0.14267700207427336]",37,train,2
0.99,96,3,1,0,100,4,1,1,1,0,0,0,4,1,1,1,0,0,0,"(array([0.86648166, 0.78539568, 0.69587725, 0.95471913, 0.47933784,
       0.3166711 , 0.91776067, 0.91474807, 0.61101902, 0.20415564,
       0.24124672]), array([0.67512035, 0.73498839, 0.77423733, 0.52445269, 0.81321633,
       0.83342677, 0.58861023, 0.60887009, 0.77603871, 0.84897435,
       0.84831977]), array([0.31990349, 0.26203117, 0.22256717, 0.46716723, 0.18315196,
       0.16271123, 0.40449718, 0.38455918, 0.22072333, 0.14702569,
       0.14769955]), array([0.14507529, 0.22597478, 0.31613952, 0.05592586, 0.53233099,
       0.69362694, 0.09335599, 0.09656507, 0.4009611 , 0.80469018,
       0.76809967]))","['DeepSeekQwen (32B)', 'GPM (8B)', 'EurusPRMStage2_avg_scores (7.62B)', 'QwenPRM_max_scores (7.63B)', 'QwenPRM_min_scores (7.63B)', 'Qwen72B_scores (72B)', 'SkyT1 (32B)', 'DeepSeekLlama (70B)', 'EurusPRMStage1_min_scores (7.62B)', 'ArmorRM (8B)', 'Skyworks (8B)']","[0.9998062568693682, 0.9999171405416687, 0.9958661609098207, 0.999753943632323, 0.9999540660385944, 0.9998062568693682, 0.9998062568693682, 0.9780593432920829, 0.9989628360175347, 0.01678426285633708, 0.9998163763593968, 0.9999171405416687, 0.9999540660385944, 0.9995707065582173, 0.9994247932316419, 0.9996688012321661, 0.757053527213005, 0.9992258437612205, 0.9999171405416687, 0.9996688012321661, 0.9944204398813489, 0.9982280560584657, 0.9994247932316419, 0.9991927957847315, 0.9995523738439462, 0.9999540660385944, 0.9995562146793853, 0.9999540660385944, 0.9982280560584657, 0.9829891898255522, 0.9925035940212282, 0.9989538650337689, 0.9995562146793853, 0.9996688012321661, 0.9990169653109371, 0.6874298976719295, 0.9990169653109371, 0.9994247932316419, 0.9958661609098207, 0.9992258437612205, 0.9992258437612205, 0.20384273682011783, 0.9995562146793853, 0.9925217010478828, 0.6622173474690791, 0.9996688012321661, 0.999753943632323, 0.9994247932316419, 0.9999540660385944, 0.9865901532633942, 0.9992258437612205, 0.9982280560584657, 0.9993658829547162, 0.9439468859396031, 0.9999171405416687, 0.9967222056747573, 0.9958413642603948, 0.013183653104840046, 0.998114411853029, 0.9780593432920829, 0.9982127409421523, 0.9989628360175347, 0.999753943632323, 0.9921127436832089, 0.998114411853029, 0.9998163763593968, 0.9994247932316419, 0.9974695424921315, 0.995690309923258, 0.9996688012321661, 0.9999540660385944, 0.9994247932316419, 0.9999171405416687, 0.9999171405416687, 0.9999540660385944, 0.5603069071105288, 0.9998925912686524, 0.9994247932316419, 0.9958661609098207, 0.9977042204909806, 0.9974695424921315, 0.9995707065582173, 0.9996688012321661, 0.9995523738439462, 0.9439468859396031, 0.9998062568693682, 0.9925035940212282, 0.9611062305846195, 0.9994247932316419, 0.9982280560584657, 0.9998925912686524, 0.9973795949881917, 0.9998062568693682, 0.9989628360175347, 0.9966118814267103, 0.9998062568693682, 0.9998062568693682, 0.9925035940212282, 0.9925035940212282, 0.9989628360175347]",38,train,9
1.0,100,0,0,0,100,11,1,1,1,0,0,0,11,1,1,1,0,0,0,"(array([0.86648166, 0.78539568, 0.69587725, 0.95471913, 0.47933784,
       0.3166711 , 0.91776067, 0.91474807, 0.61101902, 0.20415564,
       0.24124672]), array([0.67512035, 0.73498839, 0.77423733, 0.52445269, 0.81321633,
       0.83342677, 0.58861023, 0.60887009, 0.77603871, 0.84897435,
       0.84831977]), array([0.31990349, 0.26203117, 0.22256717, 0.46716723, 0.18315196,
       0.16271123, 0.40449718, 0.38455918, 0.22072333, 0.14702569,
       0.14769955]), array([0.14507529, 0.22597478, 0.31613952, 0.05592586, 0.53233099,
       0.69362694, 0.09335599, 0.09656507, 0.4009611 , 0.80469018,
       0.76809967]))","['DeepSeekQwen (32B)', 'GPM (8B)', 'EurusPRMStage2_avg_scores (7.62B)', 'QwenPRM_max_scores (7.63B)', 'QwenPRM_min_scores (7.63B)', 'Qwen72B_scores (72B)', 'SkyT1 (32B)', 'DeepSeekLlama (70B)', 'EurusPRMStage1_min_scores (7.62B)', 'ArmorRM (8B)', 'Skyworks (8B)']","[0.9977042204909806, 0.9994247932316419, 0.9995707065582173, 0.9611062305846195, 0.9958661609098207, 0.9995707065582173, 0.9588065885243515, 0.9989628360175347, 0.9977042204909806, 0.9921127436832089, 0.9989628360175347, 0.9999540660385944, 0.9809987388737457, 0.9998925912686524, 0.9998062568693682, 0.9999540660385944, 0.9994247932316419, 0.9944204398813489, 0.9920449944261205, 0.9998925912686524, 0.9944204398813489, 0.9944204398813489, 0.9989628360175347, 0.9999171405416687, 0.9992258437612205, 0.989090450289367, 0.9995707065582173, 0.9977042204909806, 0.9994247932316419, 0.9989628360175347, 0.9973795949881917, 0.9944204398813489, 0.9995707065582173, 0.9989628360175347, 0.9989538650337689, 0.9994247932316419, 0.9944204398813489, 0.999753943632323, 0.9998062568693682, 0.9998925912686524, 0.9989628360175347, 0.9681314510365194, 0.9989538650337689, 0.9992258437612205, 0.9944204398813489, 0.9989628360175347, 0.9998163763593968, 0.9998925912686524, 0.995830516928186, 0.9998925912686524, 0.9999540660385944, 0.9977042204909806, 0.9999540660385944, 0.9998062568693682, 0.9991781435016868, 0.9689359078309165, 0.999753943632323, 0.9944204398813489, 0.9995523738439462, 0.9982280560584657, 0.9956123600753355, 0.999753943632323, 0.9998925912686524, 0.9979455761796034, 0.9736861083699514, 0.9992258437612205, 0.9780593432920829, 0.9994247932316419, 0.9944204398813489, 0.9925035940212282, 0.9981189920398226, 0.9944204398813489, 0.989038306180005, 0.9826855082089545, 0.9992258437612205, 0.9944204398813489, 0.9998925912686524, 0.9989628360175347, 0.7368440611518743, 0.9994247932316419, 0.9611062305846195, 0.9691943554663389, 0.9994247932316419, 0.9976063715002719, 0.9977042204909806, 0.9944204398813489, 0.9920449944261205, 0.9995707065582173, 0.9998925912686524, 0.9944204398813489, 0.9918339425661492, 0.9941025673905487, 0.9998925912686524, 0.9918364744353305, 0.9998062568693682, 0.995830516928186, 0.9958661609098207, 0.9691943554663389, 0.995830516928186, 0.9977042204909806]",39,train,9
0.98,94,4,0,2,100,66,1,1,1,0,0,0,66,1,1,1,0,0,0,"(array([0.86648166, 0.78539568, 0.69587725, 0.95471913, 0.47933784,
       0.3166711 , 0.91776067, 0.91474807, 0.61101902, 0.20415564,
       0.24124672]), array([0.67512035, 0.73498839, 0.77423733, 0.52445269, 0.81321633,
       0.83342677, 0.58861023, 0.60887009, 0.77603871, 0.84897435,
       0.84831977]), array([0.31990349, 0.26203117, 0.22256717, 0.46716723, 0.18315196,
       0.16271123, 0.40449718, 0.38455918, 0.22072333, 0.14702569,
       0.14769955]), array([0.14507529, 0.22597478, 0.31613952, 0.05592586, 0.53233099,
       0.69362694, 0.09335599, 0.09656507, 0.4009611 , 0.80469018,
       0.76809967]))","['DeepSeekQwen (32B)', 'GPM (8B)', 'EurusPRMStage2_avg_scores (7.62B)', 'QwenPRM_max_scores (7.63B)', 'QwenPRM_min_scores (7.63B)', 'Qwen72B_scores (72B)', 'SkyT1 (32B)', 'DeepSeekLlama (70B)', 'EurusPRMStage1_min_scores (7.62B)', 'ArmorRM (8B)', 'Skyworks (8B)']","[0.9971745361901997, 0.999291799228958, 0.977877260037196, 0.9994714314464109, 0.9998677428994843, 0.9996072924405174, 0.9999266803522306, 0.0011918892883407278, 0.0011918892883407278, 0.9961846381210184, 0.9998677428994843, 0.9999266803522306, 0.9866000811929503, 0.9990766227792972, 0.9931383293991363, 0.9992856715885972, 0.9925035940212282, 0.9998062568693682, 0.9921127436832089, 0.9961846381210184, 0.9961846381210184, 0.9998677428994843, 0.9998062568693682, 0.9999266803522306, 0.9994714314464109, 0.9998677428994843, 0.025549969268153998, 0.9996970296786076, 0.021560071301167626, 0.9995562146793853, 0.905798179679896, 0.9995707065582173, 0.9994247932316419, 0.9987121276664741, 0.9999266803522306, 0.9992856715885972, 0.9997069245699443, 0.8408782985865344, 0.9971745361901997, 0.9944113679016818, 0.9987121276664741, 0.9999266803522306, 0.9999266803522306, 0.9992856715885972, 0.9995707065582173, 0.9999266803522306, 0.9994388547718237, 0.18406820883923236, 0.0011918892883407278, 0.9961846381210184, 0.9996072924405174, 0.9961846381210184, 0.9998677428994843, 0.998988179159197, 0.9961846381210184, 0.9999266803522306, 0.9931383293991363, 0.9999266803522306, 0.9996072924405174, 0.9999266803522306, 0.999291799228958, 0.9996970296786076, 0.9971745361901997, 0.9996072924405174, 0.9996072924405174, 0.9998677428994843, 0.9999434386861862, 0.9921127436832089, 0.9931383293991363, 0.9971745361901997, 0.9992856715885972, 0.9998677428994843, 0.9998677428994843, 0.9994714314464109, 0.9931383293991363, 0.9994388547718237, 0.9925035940212282, 0.9996072924405174, 0.6874298976719295, 0.9999266803522306, 0.9999434386861862, 0.9996072924405174, 0.9999266803522306, 0.9999266803522306, 0.9758827882530489, 0.9999266803522306, 0.9971745361901997, 0.999291799228958, 0.9986478441505141, 0.9987121276664741, 0.9994388547718237, 0.9997069245699443, 0.9996072924405174, 0.9997069245699443, 0.9857407703395203, 0.9999266803522306, 0.9996072924405174, 0.9942255112879511, 0.9849182896647871, 0.9998677428994843]",40,train,9
0.8,14,66,0,20,100,76,1,1,1,0,0,0,96,0,1,0,1,0,0,"(array([0.86648166, 0.78539568, 0.69587725, 0.95471913, 0.47933784,
       0.3166711 , 0.91776067, 0.91474807, 0.61101902, 0.20415564,
       0.24124672]), array([0.67512035, 0.73498839, 0.77423733, 0.52445269, 0.81321633,
       0.83342677, 0.58861023, 0.60887009, 0.77603871, 0.84897435,
       0.84831977]), array([0.31990349, 0.26203117, 0.22256717, 0.46716723, 0.18315196,
       0.16271123, 0.40449718, 0.38455918, 0.22072333, 0.14702569,
       0.14769955]), array([0.14507529, 0.22597478, 0.31613952, 0.05592586, 0.53233099,
       0.69362694, 0.09335599, 0.09656507, 0.4009611 , 0.80469018,
       0.76809967]))","['DeepSeekQwen (32B)', 'GPM (8B)', 'EurusPRMStage2_avg_scores (7.62B)', 'QwenPRM_max_scores (7.63B)', 'QwenPRM_min_scores (7.63B)', 'Qwen72B_scores (72B)', 'SkyT1 (32B)', 'DeepSeekLlama (70B)', 'EurusPRMStage1_min_scores (7.62B)', 'ArmorRM (8B)', 'Skyworks (8B)']","[0.9941025673905487, 0.0011918892883407278, 0.006352923819118642, 0.0011918892883407278, 0.4831632274474834, 0.0011918892883407278, 0.99846566932334, 0.08379776405598133, 0.006352923819118642, 0.0011918892883407278, 0.0011918892883407278, 0.011499705269357537, 0.01678426285633708, 0.046511360439528804, 0.9941025673905487, 0.006352923819118642, 0.0011918892883407278, 0.0032418311745493547, 0.0011918892883407278, 0.7139625011334958, 0.1485614545374129, 0.4831632274474834, 0.11815866087288308, 0.0745777968800217, 0.9691943554663389, 0.930426774711355, 0.05867296946517162, 0.006352923819118642, 0.19601578516913115, 0.47136254160037094, 0.006352923819118642, 0.01678426285633708, 0.0011918892883407278, 0.01678426285633708, 0.016757323358400363, 0.006352923819118642, 0.05867296946517162, 0.0011918892883407278, 0.006352923819118642, 0.0008899586464655237, 0.9691943554663389, 0.1485614545374129, 0.006352923819118642, 0.05867296946517162, 0.05867296946517162, 0.7634362269432815, 0.006352923819118642, 0.006352923819118642, 0.01678426285633708, 0.0836724182824671, 0.4677229075628342, 0.0011918892883407278, 0.0003335029484537378, 0.0011918892883407278, 0.006352923819118642, 0.0011918892883407278, 0.0009330274894800894, 0.05867296946517162, 0.0243983249708892, 0.9991204335817748, 0.006352923819118642, 0.0047498118166961105, 0.006352923819118642, 0.006352923819118642, 0.05867296946517162, 0.006352923819118642, 0.0011918892883407278, 0.4831632274474834, 0.3453536592589595, 0.0011918892883407278, 0.05867296946517162, 0.0011918892883407278, 0.4831632274474834, 0.05867296946517162, 0.006352923819118642, 0.14412460195456017, 0.9992258437612205, 0.7634362269432815, 0.0745777968800217, 0.006352923819118642, 0.0003335029484537378, 0.0006066656521848884, 0.0011918892883407278, 0.9691943554663389, 0.011499705269357537, 0.006352923819118642, 0.0011918892883407278, 0.006352923819118642, 0.006352923819118642, 0.0003335029484537378, 0.05867296946517162, 0.08750169833113448, 0.017582987203791287, 0.930426774711355, 0.0003335029484537378, 0.9989538650337689, 6.226297485841259e-05, 0.011499705269357537, 0.0011918892883407278, 0.011499705269357537]",41,train,3
0.81,9,72,2,17,100,50,1,1,1,0,0,0,7,0,1,0,1,0,0,"(array([0.86648166, 0.78539568, 0.69587725, 0.95471913, 0.47933784,
       0.3166711 , 0.91776067, 0.91474807, 0.61101902, 0.20415564,
       0.24124672]), array([0.67512035, 0.73498839, 0.77423733, 0.52445269, 0.81321633,
       0.83342677, 0.58861023, 0.60887009, 0.77603871, 0.84897435,
       0.84831977]), array([0.31990349, 0.26203117, 0.22256717, 0.46716723, 0.18315196,
       0.16271123, 0.40449718, 0.38455918, 0.22072333, 0.14702569,
       0.14769955]), array([0.14507529, 0.22597478, 0.31613952, 0.05592586, 0.53233099,
       0.69362694, 0.09335599, 0.09656507, 0.4009611 , 0.80469018,
       0.76809967]))","['DeepSeekQwen (32B)', 'GPM (8B)', 'EurusPRMStage2_avg_scores (7.62B)', 'QwenPRM_max_scores (7.63B)', 'QwenPRM_min_scores (7.63B)', 'Qwen72B_scores (72B)', 'SkyT1 (32B)', 'DeepSeekLlama (70B)', 'EurusPRMStage1_min_scores (7.62B)', 'ArmorRM (8B)', 'Skyworks (8B)']","[0.05867296946517162, 0.9958413642603948, 0.006352923819118642, 0.4831632274474834, 0.011499705269357537, 0.011499705269357537, 0.4831632274474834, 6.226297485841259e-05, 0.006352923819118642, 0.3696603968498565, 0.08379776405598133, 0.01678426285633708, 0.0003335029484537378, 0.08379776405598133, 0.8979145708826952, 0.006352923819118642, 0.01678426285633708, 0.017582987203791287, 0.4831632274474834, 0.0011918892883407278, 0.0011918892883407278, 0.006352923819118642, 0.0008899586464655237, 0.017582987203791287, 0.14267700207427336, 0.6333498274066242, 0.4831632274474834, 0.0011918892883407278, 0.006352923819118642, 0.08750169833113448, 0.0003335029484537378, 0.01678426285633708, 0.1485614545374129, 0.10272290390140033, 0.2334642069628862, 0.006352923819118642, 0.5783754795343704, 0.0011918892883407278, 0.20384273682011783, 0.006352923819118642, 0.0011918892883407278, 0.01678426285633708, 0.01678426285633708, 0.9903289731067623, 0.01678426285633708, 0.01678426285633708, 0.01678426285633708, 0.0011918892883407278, 0.17706983382556674, 0.0003335029484537378, 0.9982280560584657, 6.226297485841259e-05, 0.4831632274474834, 0.006352923819118642, 0.05867296946517162, 0.0011918892883407278, 0.1278829971760672, 0.006352923819118642, 0.01678426285633708, 6.226297485841259e-05, 0.01678426285633708, 0.008609094675068221, 0.006352923819118642, 0.08379776405598133, 0.011499705269357537, 0.0264841072819385, 0.1278829971760672, 0.43997789323832565, 0.011499705269357537, 0.01678426285633708, 0.1278829971760672, 6.226297485841259e-05, 0.1485614545374129, 0.0011918892883407278, 0.0047498118166961105, 0.01678426285633708, 0.08379776405598133, 0.004978744362631952, 0.08379776405598133, 0.011102882910723293, 0.011499705269357537, 0.7634362269432815, 0.0011918892883407278, 0.6622173474690791, 0.08750169833113448, 0.006352923819118642, 0.9691943554663389, 0.7139625011334958, 0.017582987203791287, 0.08379776405598133, 0.08379776405598133, 0.0745777968800217, 0.021560071301167626, 0.0011918892883407278, 0.0009330274894800894, 6.226297485841259e-05, 0.0008899586464655237, 0.930426774711355, 0.0011918892883407278, 0.01678426285633708]",42,train,2
0.99,98,1,1,0,100,16,1,1,1,0,0,0,16,1,1,1,0,0,0,"(array([0.86648166, 0.78539568, 0.69587725, 0.95471913, 0.47933784,
       0.3166711 , 0.91776067, 0.91474807, 0.61101902, 0.20415564,
       0.24124672]), array([0.67512035, 0.73498839, 0.77423733, 0.52445269, 0.81321633,
       0.83342677, 0.58861023, 0.60887009, 0.77603871, 0.84897435,
       0.84831977]), array([0.31990349, 0.26203117, 0.22256717, 0.46716723, 0.18315196,
       0.16271123, 0.40449718, 0.38455918, 0.22072333, 0.14702569,
       0.14769955]), array([0.14507529, 0.22597478, 0.31613952, 0.05592586, 0.53233099,
       0.69362694, 0.09335599, 0.09656507, 0.4009611 , 0.80469018,
       0.76809967]))","['DeepSeekQwen (32B)', 'GPM (8B)', 'EurusPRMStage2_avg_scores (7.62B)', 'QwenPRM_max_scores (7.63B)', 'QwenPRM_min_scores (7.63B)', 'Qwen72B_scores (72B)', 'SkyT1 (32B)', 'DeepSeekLlama (70B)', 'EurusPRMStage1_min_scores (7.62B)', 'ArmorRM (8B)', 'Skyworks (8B)']","[0.9992258437612205, 0.998988179159197, 0.9990169653109371, 0.9736861083699514, 0.9987121276664741, 0.9982127409421523, 0.9999266803522306, 0.9999434386861862, 0.9974695424921315, 0.9976063715002719, 0.9999171405416687, 0.999328771561821, 0.9999540660385944, 0.9998163763593968, 0.9995562146793853, 0.9996944071842491, 0.9999686450429721, 0.9981189920398226, 0.9995707065582173, 0.9999540660385944, 0.9999540660385944, 0.9999171405416687, 0.9998163763593968, 0.9691943554663389, 0.9998320289238872, 0.9972355559015212, 0.9995523738439462, 0.9691943554663389, 0.9996970296786076, 0.9989538650337689, 0.9999171405416687, 0.9994213304757676, 0.9570678739648583, 0.9999434386861862, 0.9977042204909806, 0.7933449406375538, 0.9921127436832089, 0.9992258437612205, 0.9998062568693682, 0.9999171405416687, 0.9998925912686524, 0.9944204398813489, 0.9991204335817748, 0.9989628360175347, 0.9944113679016818, 0.9936887457681335, 0.998715257840835, 0.9995523738439462, 0.9991927957847315, 0.9995707065582173, 0.9998925912686524, 0.9987793253690729, 0.999291799228958, 0.9994247932316419, 0.6771769584356397, 0.9999434386861862, 0.999291799228958, 0.998114411853029, 0.9998677428994843, 0.9723498931971001, 0.999291799228958, 0.999291799228958, 0.9998062568693682, 0.9921127436832089, 0.9941025673905487, 0.9948831713592585, 0.9998163763593968, 0.9982280560584657, 0.9996944071842491, 0.9866000811929503, 0.999753943632323, 0.9993658829547162, 0.9999540660385944, 0.9982280560584657, 0.9944204398813489, 0.01678426285633708, 0.9989628360175347, 0.9998062568693682, 0.9998925912686524, 0.9691943554663389, 0.8979145708826952, 0.9965826453472597, 0.995690309923258, 0.9941025673905487, 0.9999540660385944, 0.9996944071842491, 0.9995670648744467, 0.9996483845494664, 0.9982280560584657, 0.9976847821336231, 0.9991927957847315, 0.9993658829547162, 0.9999540660385944, 0.9691943554663389, 0.9853649304305052, 0.9999540660385944, 0.9995562146793853, 0.9999540660385944, 0.9996970296786076, 0.9938521573534826]",43,train,9
1.0,100,0,0,0,100,1,1,1,1,0,0,0,1,1,1,1,0,0,0,"(array([0.86648166, 0.78539568, 0.69587725, 0.95471913, 0.47933784,
       0.3166711 , 0.91776067, 0.91474807, 0.61101902, 0.20415564,
       0.24124672]), array([0.67512035, 0.73498839, 0.77423733, 0.52445269, 0.81321633,
       0.83342677, 0.58861023, 0.60887009, 0.77603871, 0.84897435,
       0.84831977]), array([0.31990349, 0.26203117, 0.22256717, 0.46716723, 0.18315196,
       0.16271123, 0.40449718, 0.38455918, 0.22072333, 0.14702569,
       0.14769955]), array([0.14507529, 0.22597478, 0.31613952, 0.05592586, 0.53233099,
       0.69362694, 0.09335599, 0.09656507, 0.4009611 , 0.80469018,
       0.76809967]))","['DeepSeekQwen (32B)', 'GPM (8B)', 'EurusPRMStage2_avg_scores (7.62B)', 'QwenPRM_max_scores (7.63B)', 'QwenPRM_min_scores (7.63B)', 'Qwen72B_scores (72B)', 'SkyT1 (32B)', 'DeepSeekLlama (70B)', 'EurusPRMStage1_min_scores (7.62B)', 'ArmorRM (8B)', 'Skyworks (8B)']","[0.9990169653109371, 0.9999686450429721, 0.9881158252546852, 0.9996072924405174, 0.9958661609098207, 0.999291799228958, 0.9998746512859313, 0.9996072924405174, 0.9998320289238872, 0.9998746512859313, 0.9996944071842491, 0.9999686450429721, 0.9787644464737902, 0.9996944071842491, 0.9999686450429721, 0.9941025673905487, 0.9961846381210184, 0.9985967362582244, 0.9999266803522306, 0.9993994407263471, 0.9983648680679232, 0.9996072924405174, 0.9998320289238872, 0.9983648680679232, 0.9691943554663389, 0.9967907142237783, 0.9994388547718237, 0.9999266803522306, 0.9982127409421523, 0.9996072924405174, 0.9998320289238872, 0.9999266803522306, 0.9977602489977407, 0.9961846381210184, 0.999328771561821, 0.9998320289238872, 0.9983648680679232, 0.7731207932516475, 0.9956123600753355, 0.9961846381210184, 0.9999266803522306, 0.9849182896647871, 0.9999686450429721, 0.9985183918345741, 0.9997069245699443, 0.9996072924405174, 0.9849182896647871, 0.9998925912686524, 0.9961846381210184, 0.9941422436560594, 0.9998062568693682, 0.9961846381210184, 0.9999266803522306, 0.9997069245699443, 0.9998746512859313, 0.9998320289238872, 0.9934944584337415, 0.9983648680679232, 0.9999266803522306, 0.9849182896647871, 0.9999686450429721, 0.9996072924405174, 0.9999266803522306, 0.9999686450429721, 0.9948831713592585, 0.9994388547718237, 0.999328771561821, 0.9996944071842491, 0.9983648680679232, 0.9691943554663389, 0.9948831713592585, 0.9996944071842491, 0.9977042204909806, 0.9996944071842491, 0.9996072924405174, 0.9976024671363771, 0.9997069245699443, 0.9999686450429721, 0.9999266803522306, 0.9985967362582244, 0.9998320289238872, 0.9983648680679232, 0.9998320289238872, 0.9998320289238872, 0.9994388547718237, 0.9998320289238872, 0.9998320289238872, 0.9999266803522306, 0.9993994407263471, 0.9999686450429721, 0.9987793253690729, 0.9999266803522306, 0.9999686450429721, 0.9999686450429721, 0.9872912108119658, 0.9998163763593968, 0.9996072924405174, 0.9998746512859313, 0.9787644464737902, 0.978584514171363]",44,train,9
1.0,100,0,0,0,100,44,1,1,1,0,0,0,44,1,1,1,0,0,0,"(array([0.86648166, 0.78539568, 0.69587725, 0.95471913, 0.47933784,
       0.3166711 , 0.91776067, 0.91474807, 0.61101902, 0.20415564,
       0.24124672]), array([0.67512035, 0.73498839, 0.77423733, 0.52445269, 0.81321633,
       0.83342677, 0.58861023, 0.60887009, 0.77603871, 0.84897435,
       0.84831977]), array([0.31990349, 0.26203117, 0.22256717, 0.46716723, 0.18315196,
       0.16271123, 0.40449718, 0.38455918, 0.22072333, 0.14702569,
       0.14769955]), array([0.14507529, 0.22597478, 0.31613952, 0.05592586, 0.53233099,
       0.69362694, 0.09335599, 0.09656507, 0.4009611 , 0.80469018,
       0.76809967]))","['DeepSeekQwen (32B)', 'GPM (8B)', 'EurusPRMStage2_avg_scores (7.62B)', 'QwenPRM_max_scores (7.63B)', 'QwenPRM_min_scores (7.63B)', 'Qwen72B_scores (72B)', 'SkyT1 (32B)', 'DeepSeekLlama (70B)', 'EurusPRMStage1_min_scores (7.62B)', 'ArmorRM (8B)', 'Skyworks (8B)']","[0.9982280560584657, 0.9999171405416687, 0.9925035940212282, 0.9996688012321661, 0.9998062568693682, 0.7634362269432815, 0.9991927957847315, 0.9925035940212282, 0.9989628360175347, 0.9992258437612205, 0.9989628360175347, 0.9925035940212282, 0.998114411853029, 0.9992258437612205, 0.998114411853029, 0.9992258437612205, 0.9991927957847315, 0.9996688012321661, 0.9982280560584657, 0.9989628360175347, 0.9991927957847315, 0.9925035940212282, 0.9899797066162087, 0.9998062568693682, 0.9995562146793853, 0.9787644464737902, 0.9995562146793853, 0.9996688012321661, 0.9996688012321661, 0.9999171405416687, 0.9998062568693682, 0.9899797066162087, 0.9996688012321661, 0.9991927957847315, 0.9995562146793853, 0.9999171405416687, 0.9985183918345741, 0.9998062568693682, 0.9967805020088198, 0.998114411853029, 0.9941025673905487, 0.9958661609098207, 0.9998062568693682, 0.9996688012321661, 0.9999540660385944, 0.9931383293991363, 0.9985183918345741, 0.9998062568693682, 0.9998062568693682, 0.9982280560584657, 0.9921127436832089, 0.9925035940212282, 0.9853694384173151, 0.9992258437612205, 0.9992258437612205, 0.9999171405416687, 0.9999171405416687, 0.9999171405416687, 0.9999171405416687, 0.9991927957847315, 0.9958661609098207, 0.9982280560584657, 0.9992258437612205, 0.9996688012321661, 0.9453273571534971, 0.995690309923258, 0.9999171405416687, 0.9996688012321661, 0.9998062568693682, 0.9999171405416687, 0.9998062568693682, 0.9992258437612205, 0.9967805020088198, 0.9941025673905487, 0.9996688012321661, 0.9989628360175347, 0.9998062568693682, 0.9998062568693682, 0.9963000355038028, 0.9998062568693682, 0.9992258437612205, 0.9998062568693682, 0.9999171405416687, 0.9998062568693682, 0.998114411853029, 0.9925035940212282, 0.9991927957847315, 0.9999171405416687, 0.9996688012321661, 0.9992258437612205, 0.9963000355038028, 0.9899797066162087, 0.9999171405416687, 0.9972355559015212, 0.9758651141805254, 0.9992258437612205, 0.9972355559015212, 0.9989628360175347, 0.9967805020088198, 0.9925035940212282]",45,train,9
1.0,100,0,0,0,100,0,1,1,1,0,0,0,0,1,1,1,0,0,0,"(array([0.86648166, 0.78539568, 0.69587725, 0.95471913, 0.47933784,
       0.3166711 , 0.91776067, 0.91474807, 0.61101902, 0.20415564,
       0.24124672]), array([0.67512035, 0.73498839, 0.77423733, 0.52445269, 0.81321633,
       0.83342677, 0.58861023, 0.60887009, 0.77603871, 0.84897435,
       0.84831977]), array([0.31990349, 0.26203117, 0.22256717, 0.46716723, 0.18315196,
       0.16271123, 0.40449718, 0.38455918, 0.22072333, 0.14702569,
       0.14769955]), array([0.14507529, 0.22597478, 0.31613952, 0.05592586, 0.53233099,
       0.69362694, 0.09335599, 0.09656507, 0.4009611 , 0.80469018,
       0.76809967]))","['DeepSeekQwen (32B)', 'GPM (8B)', 'EurusPRMStage2_avg_scores (7.62B)', 'QwenPRM_max_scores (7.63B)', 'QwenPRM_min_scores (7.63B)', 'Qwen72B_scores (72B)', 'SkyT1 (32B)', 'DeepSeekLlama (70B)', 'EurusPRMStage1_min_scores (7.62B)', 'ArmorRM (8B)', 'Skyworks (8B)']","[0.9999434386861862, 0.9996688012321661, 0.9992258437612205, 0.9691943554663389, 0.9987121276664741, 0.998114411853029, 0.9998062568693682, 0.9998062568693682, 0.9998062568693682, 0.9998062568693682, 0.9963000355038028, 0.999753943632323, 0.9992258437612205, 0.9958661609098207, 0.9925035940212282, 0.9611062305846195, 0.9999171405416687, 0.998114411853029, 0.9998062568693682, 0.9998677428994843, 0.9999171405416687, 0.9996688012321661, 0.9921127436832089, 0.9996688012321661, 0.9691943554663389, 0.9998677428994843, 0.9996688012321661, 0.9958661609098207, 0.9620214336340065, 0.9853649304305052, 0.9925035940212282, 0.9853694384173151, 0.9987121276664741, 0.9987121276664741, 0.9999434386861862, 0.7108364601467957, 0.9263104186604669, 0.9998062568693682, 0.9998062568693682, 0.9998062568693682, 0.9998062568693682, 0.9899797066162087, 0.9989628360175347, 0.9958661609098207, 0.9963000355038028, 0.9263104186604669, 0.9998677428994843, 0.9187027991117045, 0.9998677428994843, 0.9998677428994843, 0.9992258437612205, 0.998114411853029, 0.998114411853029, 0.9989628360175347, 0.9996688012321661, 0.9967805020088198, 0.998988179159197, 0.999291799228958, 0.9972355559015212, 0.9998062568693682, 0.9999434386861862, 0.9936887457681335, 0.9989628360175347, 0.9998062568693682, 0.9998062568693682, 0.9996688012321661, 0.9992258437612205, 0.9998062568693682, 0.9998062568693682, 0.8735533337142514, 0.9921127436832089, 0.9985183918345741, 0.9998677428994843, 0.9998677428994843, 0.9967805020088198, 0.7139625011334958, 0.9691943554663389, 0.9967805020088198, 0.9998062568693682, 0.9999171405416687, 0.9966118814267103, 0.9987121276664741, 0.9996688012321661, 0.980490839413101, 0.998114411853029, 0.9971745361901997, 0.998114411853029, 0.9998062568693682, 0.9989628360175347, 0.9999171405416687, 0.9967805020088198, 0.9998062568693682, 0.9985183918345741, 0.9998677428994843, 0.9853694384173151, 0.9925035940212282, 0.9931383293991363, 0.9998062568693682, 0.9992258437612205, 0.9998062568693682]",46,train,9
0.99,99,0,0,1,100,59,1,1,1,0,0,0,59,1,1,1,0,0,0,"(array([0.86648166, 0.78539568, 0.69587725, 0.95471913, 0.47933784,
       0.3166711 , 0.91776067, 0.91474807, 0.61101902, 0.20415564,
       0.24124672]), array([0.67512035, 0.73498839, 0.77423733, 0.52445269, 0.81321633,
       0.83342677, 0.58861023, 0.60887009, 0.77603871, 0.84897435,
       0.84831977]), array([0.31990349, 0.26203117, 0.22256717, 0.46716723, 0.18315196,
       0.16271123, 0.40449718, 0.38455918, 0.22072333, 0.14702569,
       0.14769955]), array([0.14507529, 0.22597478, 0.31613952, 0.05592586, 0.53233099,
       0.69362694, 0.09335599, 0.09656507, 0.4009611 , 0.80469018,
       0.76809967]))","['DeepSeekQwen (32B)', 'GPM (8B)', 'EurusPRMStage2_avg_scores (7.62B)', 'QwenPRM_max_scores (7.63B)', 'QwenPRM_min_scores (7.63B)', 'Qwen72B_scores (72B)', 'SkyT1 (32B)', 'DeepSeekLlama (70B)', 'EurusPRMStage1_min_scores (7.62B)', 'ArmorRM (8B)', 'Skyworks (8B)']","[0.9865901532633942, 0.9691943554663389, 0.9976063715002719, 0.9989628360175347, 0.7634362269432815, 0.9691943554663389, 0.9758651141805254, 0.9921127436832089, 0.9989628360175347, 0.9865901532633942, 0.9992258437612205, 0.9995562146793853, 0.9989628360175347, 0.9958661609098207, 0.9963000355038028, 0.9691943554663389, 0.980490839413101, 0.9691943554663389, 0.6333498274066242, 0.9958661609098207, 0.9908073183529411, 0.9611062305846195, 0.9691943554663389, 0.9691943554663389, 0.9971745361901997, 0.9958661609098207, 0.9925035940212282, 0.9958661609098207, 0.9611062305846195, 0.9958661609098207, 0.9958661609098207, 0.9865901532633942, 0.9958661609098207, 0.9982280560584657, 0.9958661609098207, 0.8829957347741683, 0.18406820883923236, 0.9439468859396031, 0.9982280560584657, 0.9948707525554311, 0.9999171405416687, 0.9977042204909806, 0.9865901532633942, 0.9829891898255522, 0.9977042204909806, 0.7634362269432815, 0.9958661609098207, 0.9967805020088198, 0.9941025673905487, 0.9691943554663389, 0.9908073183529411, 0.989038306180005, 0.9958661609098207, 0.9691943554663389, 0.8829957347741683, 0.9966118814267103, 0.9611062305846195, 0.9999171405416687, 0.9787644464737902, 0.9999540660385944, 0.9982280560584657, 0.9691943554663389, 0.9899665931176409, 0.9941025673905487, 0.9989628360175347, 0.9941025673905487, 0.9992258437612205, 0.9958661609098207, 0.9998062568693682, 0.6874298976719295, 0.9982280560584657, 0.9691943554663389, 0.9691943554663389, 0.9691943554663389, 0.9899797066162087, 0.9999171405416687, 0.9787644464737902, 0.9865901532633942, 0.9989628360175347, 0.9925035940212282, 0.9899797066162087, 0.7634362269432815, 0.9971745361901997, 0.6622173474690791, 0.9973795949881917, 0.7139625011334958, 0.6214503718236669, 0.9958661609098207, 0.6874298976719295, 0.9921127436832089, 0.9691943554663389, 0.8978859086872435, 0.9787644464737902, 0.9996688012321661, 0.6214503718236669, 0.9908073183529411, 0.9992258437612205, 0.9989628360175347, 0.9995562146793853, 0.7634362269432815]",47,train,9
0.99,99,0,0,1,100,14,1,1,1,0,0,0,14,1,1,1,0,0,0,"(array([0.86648166, 0.78539568, 0.69587725, 0.95471913, 0.47933784,
       0.3166711 , 0.91776067, 0.91474807, 0.61101902, 0.20415564,
       0.24124672]), array([0.67512035, 0.73498839, 0.77423733, 0.52445269, 0.81321633,
       0.83342677, 0.58861023, 0.60887009, 0.77603871, 0.84897435,
       0.84831977]), array([0.31990349, 0.26203117, 0.22256717, 0.46716723, 0.18315196,
       0.16271123, 0.40449718, 0.38455918, 0.22072333, 0.14702569,
       0.14769955]), array([0.14507529, 0.22597478, 0.31613952, 0.05592586, 0.53233099,
       0.69362694, 0.09335599, 0.09656507, 0.4009611 , 0.80469018,
       0.76809967]))","['DeepSeekQwen (32B)', 'GPM (8B)', 'EurusPRMStage2_avg_scores (7.62B)', 'QwenPRM_max_scores (7.63B)', 'QwenPRM_min_scores (7.63B)', 'Qwen72B_scores (72B)', 'SkyT1 (32B)', 'DeepSeekLlama (70B)', 'EurusPRMStage1_min_scores (7.62B)', 'ArmorRM (8B)', 'Skyworks (8B)']","[0.9999171405416687, 0.9998062568693682, 0.9967752548835481, 0.9995562146793853, 0.9995562146793853, 0.9999171405416687, 0.9691943554663389, 0.9992258437612205, 0.9994714314464109, 0.9996688012321661, 0.9998062568693682, 0.8372120974465215, 0.9999171405416687, 0.9787644464737902, 0.9999434386861862, 0.9994488615866609, 0.9723498931971001, 0.9999171405416687, 0.9691943554663389, 0.9998062568693682, 0.9998677428994843, 0.9998677428994843, 0.9758651141805254, 0.9974695424921315, 0.8830732687684758, 0.995690309923258, 0.9992258437612205, 0.9994714314464109, 0.9982280560584657, 0.9787644464737902, 0.9089208177036834, 0.9999171405416687, 0.9999434386861862, 0.9758827882530489, 0.9998677428994843, 0.9991927957847315, 0.9996688012321661, 0.9991927957847315, 0.9998062568693682, 0.9999171405416687, 0.9971745361901997, 0.9987121276664741, 0.9996688012321661, 0.9998677428994843, 0.9998677428994843, 0.9691943554663389, 0.9992258437612205, 0.9925035940212282, 0.9987121276664741, 0.7634362269432815, 0.9999171405416687, 0.9987121276664741, 0.9958661609098207, 0.9991927957847315, 0.9885134273987132, 0.9994714314464109, 0.9995562146793853, 0.9999171405416687, 0.9998677428994843, 0.9946026508179744, 0.9995562146793853, 0.9611062305846195, 0.9998677428994843, 0.9996688012321661, 0.9998677428994843, 0.9992258437612205, 0.9941025673905487, 0.9967805020088198, 0.9999171405416687, 0.9987121276664741, 0.9921127436832089, 0.9994714314464109, 0.9649799088970922, 0.9998062568693682, 0.9999434386861862, 0.9967805020088198, 0.9999171405416687, 0.9992258437612205, 0.9998062568693682, 0.9999434386861862, 0.9974695424921315, 0.9999171405416687, 0.9921127436832089, 0.9925035940212282, 0.9982280560584657, 0.9992258437612205, 0.9691943554663389, 0.9941025673905487, 0.1152347676734349, 0.9959668659329107, 0.9959668659329107, 0.9999171405416687, 0.9966118814267103, 0.9691943554663389, 0.99780012423731, 0.9857407703395203, 0.9993658829547162, 0.9611062305846195, 0.9941025673905487, 0.9925035940212282]",48,train,9
0.52,1,51,48,0,100,51,0,1,0,0,0,1,51,1,0,0,0,1,0,"(array([0.86648166, 0.78539568, 0.69587725, 0.95471913, 0.47933784,
       0.3166711 , 0.91776067, 0.91474807, 0.61101902, 0.20415564,
       0.24124672]), array([0.67512035, 0.73498839, 0.77423733, 0.52445269, 0.81321633,
       0.83342677, 0.58861023, 0.60887009, 0.77603871, 0.84897435,
       0.84831977]), array([0.31990349, 0.26203117, 0.22256717, 0.46716723, 0.18315196,
       0.16271123, 0.40449718, 0.38455918, 0.22072333, 0.14702569,
       0.14769955]), array([0.14507529, 0.22597478, 0.31613952, 0.05592586, 0.53233099,
       0.69362694, 0.09335599, 0.09656507, 0.4009611 , 0.80469018,
       0.76809967]))","['DeepSeekQwen (32B)', 'GPM (8B)', 'EurusPRMStage2_avg_scores (7.62B)', 'QwenPRM_max_scores (7.63B)', 'QwenPRM_min_scores (7.63B)', 'Qwen72B_scores (72B)', 'SkyT1 (32B)', 'DeepSeekLlama (70B)', 'EurusPRMStage1_min_scores (7.62B)', 'ArmorRM (8B)', 'Skyworks (8B)']","[0.0745777968800217, 0.998114411853029, 0.22250475764939032, 0.17706983382556674, 0.06389026783723939, 0.8457865464338107, 0.01678426285633708, 0.06389026783723939, 0.06389026783723939, 0.41188176213067423, 0.06389026783723939, 0.9130730063425182, 0.8982443709279381, 0.6622173474690791, 0.08750169833113448, 0.5058430487246638, 0.08379776405598133, 0.01678426285633708, 0.20384273682011783, 0.01481829850612175, 0.011102882910723293, 0.7634362269432815, 0.7634362269432815, 0.08379776405598133, 0.20384273682011783, 0.9130730063425182, 0.4624443772037883, 0.5354974068958427, 0.06389026783723939, 0.20384273682011783, 0.4624443772037883, 0.9767418872408675, 0.4624443772037883, 0.9816406220596654, 0.20384273682011783, 0.08750169833113448, 0.7139625011334958, 0.8537356169274103, 0.40236383867654535, 0.22250475764939032, 0.5783754795343704, 0.5354974068958427, 0.8979145708826952, 0.6222976254096636, 0.9959668659329107, 0.9089208177036834, 0.20384273682011783, 0.26776150361194273, 0.06389026783723939, 0.9182935650787167, 0.17706983382556674, 0.9985183918345741, 0.7829482270697934, 0.01678426285633708, 0.26776150361194273, 0.8934665145640168, 0.9453273571534971, 0.5354974068958427, 0.5354974068958427, 0.9782298640899849, 0.8457865464338107, 0.06389026783723939, 0.7139625011334958, 0.20384273682011783, 0.7139625011334958, 0.4624443772037883, 0.8217208414405639, 0.9724465995540392, 0.26776150361194273, 0.8457865464338107, 0.5058430487246638, 0.8457865464338107, 0.7139625011334958, 0.01872362673569756, 0.029683096159488827, 0.26776150361194273, 0.06389026783723939, 0.8868551055168059, 0.08379776405598133, 0.7139625011334958, 0.9857407703395203, 0.7809388364113778, 0.7139625011334958, 0.11560263246215141, 0.01678426285633708, 0.9280712833869678, 0.06389026783723939, 0.5783754795343704, 0.5354974068958427, 0.2902755836721684, 0.26776150361194273, 0.47136254160037094, 0.989038306180005, 0.8457865464338107, 0.06389026783723939, 0.8217208414405639, 0.01678426285633708, 0.4624443772037883, 0.930426774711355, 0.20384273682011783]",49,train,0
