sample_accuracy,sample_tp,sample_tn,sample_fp,sample_fn,num_samples,top1_idx,top1_positive,has_positive,top1_tp,top1_fp,top1_tn,top1_fn,prediction_idx,prediction_class,prediction_accuracy,prediction_tp,prediction_tn,prediction_fp,prediction_fn,model_params,verifier_subset,weaver_sample_scores,problem,set,difficulty
0.85,85,0,0,15,100,4,1,1,1,0,0,0,4,1,1,1,0,0,0,"(array([0.54136401, 0.67304593, 0.77339303, 0.72718537]), array([0.78836161, 0.7714265 , 0.68837017, 0.75274199]), array([0.20413667, 0.22238591, 0.30403474, 0.24163999]), array([0.45959005, 0.32778555, 0.22508867, 0.27223307]))","['QwenPRM_avg_scores (7.63B)', 'EurusPRMStage2_avg_scores (7.62B)', 'DeepSeekQwen (32B)', 'GPM (8B)']","[0.8710425723016486, 0.96848082794537, 0.9796375407811816, 0.8710425723016486, 0.9954515676881197, 0.9796375407811816, 0.8710425723016486, 0.9796375407811816, 0.8710425723016486, 0.4480412880561045, 0.8710425723016486, 0.8710425723016486, 0.9954515676881197, 0.9796375407811816, 0.9633716757574559, 0.8710425723016486, 0.8710425723016486, 0.9796375407811816, 0.852543786643786, 0.852543786643786, 0.4480412880561045, 0.9796375407811816, 0.8710425723016486, 0.852543786643786, 0.8710425723016486, 0.9633716757574559, 0.8710425723016486, 0.8710425723016486, 0.96848082794537, 0.9633716757574559, 0.9954515676881197, 0.46474132372484644, 0.8710425723016486, 0.8710425723016486, 0.8710425723016486, 0.4480412880561045, 0.8710425723016486, 0.094484759851875, 0.852543786643786, 0.9796375407811816, 0.8710425723016486, 0.9633716757574559, 0.9796375407811816, 0.8710425723016486, 0.46474132372484644, 0.852543786643786, 0.8710425723016486, 0.8710425723016486, 0.852543786643786, 0.9633716757574559, 0.46474132372484644, 0.9796375407811816, 0.8710425723016486, 0.9796375407811816, 0.4480412880561045, 0.4480412880561045, 0.8710425723016486, 0.9796375407811816, 0.4480412880561045, 0.4480412880561045, 0.9796375407811816, 0.9954515676881197, 0.8710425723016486, 0.4480412880561045, 0.8710425723016486, 0.852543786643786, 0.8710425723016486, 0.46474132372484644, 0.9954515676881197, 0.9633716757574559, 0.7868994424157443, 0.4480412880561045, 0.9796375407811816, 0.8710425723016486, 0.9796375407811816, 0.8710425723016486, 0.9633716757574559, 0.8710425723016486, 0.9796375407811816, 0.8710425723016486, 0.8710425723016486, 0.9796375407811816, 0.8710425723016486, 0.8710425723016486, 0.8710425723016486, 0.9633716757574559, 0.9796375407811816, 0.9796375407811816, 0.9796375407811816, 0.8710425723016486, 0.8710425723016486, 0.9796375407811816, 0.8710425723016486, 0.8710425723016486, 0.8710425723016486, 0.8710425723016486, 0.9633716757574559, 0.8710425723016486, 0.4480412880561045, 0.9796375407811816]",0,train,9
0.93,93,0,0,7,100,3,1,1,1,0,0,0,3,1,1,1,0,0,0,"(array([0.54136401, 0.67304593, 0.77339303, 0.72718537]), array([0.78836161, 0.7714265 , 0.68837017, 0.75274199]), array([0.20413667, 0.22238591, 0.30403474, 0.24163999]), array([0.45959005, 0.32778555, 0.22508867, 0.27223307]))","['QwenPRM_avg_scores (7.63B)', 'EurusPRMStage2_avg_scores (7.62B)', 'DeepSeekQwen (32B)', 'GPM (8B)']","[0.9633716757574559, 0.9796375407811816, 0.4480412880561045, 0.9954515676881197, 0.9954515676881197, 0.8710425723016486, 0.8710425723016486, 0.9796375407811816, 0.9954515676881197, 0.9954515676881197, 0.4480412880561045, 0.9633716757574559, 0.9633716757574559, 0.8710425723016486, 0.9954515676881197, 0.9954515676881197, 0.4480412880561045, 0.9954515676881197, 0.9633716757574559, 0.96848082794537, 0.9954515676881197, 0.8710425723016486, 0.8710425723016486, 0.9954515676881197, 0.96848082794537, 0.4480412880561045, 0.8710425723016486, 0.9954515676881197, 0.9954515676881197, 0.9954515676881197, 0.9633716757574559, 0.96848082794537, 0.9954515676881197, 0.9954515676881197, 0.8710425723016486, 0.9633716757574559, 0.9633716757574559, 0.8710425723016486, 0.9954515676881197, 0.9954515676881197, 0.9796375407811816, 0.9954515676881197, 0.9796375407811816, 0.9954515676881197, 0.9954515676881197, 0.9954515676881197, 0.852543786643786, 0.9954515676881197, 0.9954515676881197, 0.9954515676881197, 0.4480412880561045, 0.852543786643786, 0.8710425723016486, 0.9633716757574559, 0.8710425723016486, 0.9954515676881197, 0.9954515676881197, 0.9954515676881197, 0.9796375407811816, 0.9954515676881197, 0.9954515676881197, 0.852543786643786, 0.9954515676881197, 0.9633716757574559, 0.8710425723016486, 0.9954515676881197, 0.9633716757574559, 0.96848082794537, 0.852543786643786, 0.9954515676881197, 0.9954515676881197, 0.9954515676881197, 0.8710425723016486, 0.96848082794537, 0.9633716757574559, 0.9954515676881197, 0.9954515676881197, 0.9954515676881197, 0.9954515676881197, 0.9796375407811816, 0.9954515676881197, 0.9796375407811816, 0.9954515676881197, 0.9954515676881197, 0.9954515676881197, 0.96848082794537, 0.9633716757574559, 0.9633716757574559, 0.9954515676881197, 0.46474132372484644, 0.4480412880561045, 0.9954515676881197, 0.9796375407811816, 0.9633716757574559, 0.8710425723016486, 0.9954515676881197, 0.9954515676881197, 0.96848082794537, 0.96848082794537, 0.9796375407811816]",1,train,9
0.93,93,0,0,7,100,13,1,1,1,0,0,0,13,1,1,1,0,0,0,"(array([0.54136401, 0.67304593, 0.77339303, 0.72718537]), array([0.78836161, 0.7714265 , 0.68837017, 0.75274199]), array([0.20413667, 0.22238591, 0.30403474, 0.24163999]), array([0.45959005, 0.32778555, 0.22508867, 0.27223307]))","['QwenPRM_avg_scores (7.63B)', 'EurusPRMStage2_avg_scores (7.62B)', 'DeepSeekQwen (32B)', 'GPM (8B)']","[0.852543786643786, 0.4480412880561045, 0.9796375407811816, 0.852543786643786, 0.9796375407811816, 0.9796375407811816, 0.9796375407811816, 0.852543786643786, 0.9796375407811816, 0.9796375407811816, 0.46474132372484644, 0.9796375407811816, 0.4480412880561045, 0.9954515676881197, 0.9796375407811816, 0.9796375407811816, 0.9796375407811816, 0.46474132372484644, 0.852543786643786, 0.9796375407811816, 0.9796375407811816, 0.852543786643786, 0.9796375407811816, 0.8710425723016486, 0.9796375407811816, 0.9796375407811816, 0.9796375407811816, 0.8608073730180618, 0.9796375407811816, 0.9796375407811816, 0.9796375407811816, 0.8710425723016486, 0.8710425723016486, 0.9796375407811816, 0.9796375407811816, 0.9796375407811816, 0.9796375407811816, 0.852543786643786, 0.8710425723016486, 0.9633716757574559, 0.9796375407811816, 0.8710425723016486, 0.8710425723016486, 0.852543786643786, 0.9796375407811816, 0.9796375407811816, 0.9796375407811816, 0.8710425723016486, 0.852543786643786, 0.9796375407811816, 0.9796375407811816, 0.96848082794537, 0.9796375407811816, 0.8710425723016486, 0.9796375407811816, 0.9796375407811816, 0.9796375407811816, 0.4263437501124711, 0.9796375407811816, 0.9796375407811816, 0.8710425723016486, 0.9796375407811816, 0.9796375407811816, 0.9796375407811816, 0.8710425723016486, 0.9796375407811816, 0.852543786643786, 0.9796375407811816, 0.8710425723016486, 0.9796375407811816, 0.9796375407811816, 0.8710425723016486, 0.46474132372484644, 0.9796375407811816, 0.852543786643786, 0.852543786643786, 0.8710425723016486, 0.8710425723016486, 0.9796375407811816, 0.9796375407811816, 0.852543786643786, 0.9796375407811816, 0.9796375407811816, 0.9796375407811816, 0.96848082794537, 0.9796375407811816, 0.8710425723016486, 0.8710425723016486, 0.4263437501124711, 0.852543786643786, 0.8710425723016486, 0.9796375407811816, 0.9796375407811816, 0.852543786643786, 0.9796375407811816, 0.9796375407811816, 0.852543786643786, 0.8710425723016486, 0.852543786643786, 0.9796375407811816]",2,train,9
1.0,100,0,0,0,100,0,1,1,1,0,0,0,0,1,1,1,0,0,0,"(array([0.54136401, 0.67304593, 0.77339303, 0.72718537]), array([0.78836161, 0.7714265 , 0.68837017, 0.75274199]), array([0.20413667, 0.22238591, 0.30403474, 0.24163999]), array([0.45959005, 0.32778555, 0.22508867, 0.27223307]))","['QwenPRM_avg_scores (7.63B)', 'EurusPRMStage2_avg_scores (7.62B)', 'DeepSeekQwen (32B)', 'GPM (8B)']","[0.9954515676881197, 0.9954515676881197, 0.9954515676881197, 0.9954515676881197, 0.9633716757574559, 0.9633716757574559, 0.9633716757574559, 0.9954515676881197, 0.9796375407811816, 0.9954515676881197, 0.9954515676881197, 0.9633716757574559, 0.9954515676881197, 0.9954515676881197, 0.9954515676881197, 0.9633716757574559, 0.96848082794537, 0.9954515676881197, 0.9633716757574559, 0.9954515676881197, 0.9954515676881197, 0.9954515676881197, 0.9954515676881197, 0.9954515676881197, 0.9954515676881197, 0.9633716757574559, 0.96848082794537, 0.9954515676881197, 0.9954515676881197, 0.852543786643786, 0.9633716757574559, 0.9954515676881197, 0.9633716757574559, 0.9954515676881197, 0.9633716757574559, 0.9633716757574559, 0.9954515676881197, 0.9954515676881197, 0.9633716757574559, 0.9633716757574559, 0.9954515676881197, 0.9633716757574559, 0.8710425723016486, 0.9633716757574559, 0.9633716757574559, 0.9633716757574559, 0.9954515676881197, 0.9954515676881197, 0.9954515676881197, 0.9954515676881197, 0.9954515676881197, 0.9954515676881197, 0.9633716757574559, 0.9954515676881197, 0.9954515676881197, 0.9954515676881197, 0.9954515676881197, 0.9954515676881197, 0.9954515676881197, 0.9954515676881197, 0.9633716757574559, 0.9954515676881197, 0.9954515676881197, 0.9796375407811816, 0.9954515676881197, 0.9954515676881197, 0.9954515676881197, 0.9954515676881197, 0.9954515676881197, 0.9633716757574559, 0.9954515676881197, 0.9954515676881197, 0.9954515676881197, 0.9633716757574559, 0.9796375407811816, 0.9954515676881197, 0.9954515676881197, 0.9954515676881197, 0.9954515676881197, 0.9633716757574559, 0.9796375407811816, 0.9954515676881197, 0.9954515676881197, 0.9633716757574559, 0.9796375407811816, 0.9633716757574559, 0.9633716757574559, 0.9954515676881197, 0.9954515676881197, 0.9633716757574559, 0.9954515676881197, 0.9796375407811816, 0.96848082794537, 0.96848082794537, 0.96848082794537, 0.9954515676881197, 0.96848082794537, 0.96848082794537, 0.9633716757574559, 0.9954515676881197]",3,train,9
0.9,41,49,4,6,100,1,1,1,1,0,0,0,1,1,1,1,0,0,0,"(array([0.54136401, 0.67304593, 0.77339303, 0.72718537]), array([0.78836161, 0.7714265 , 0.68837017, 0.75274199]), array([0.20413667, 0.22238591, 0.30403474, 0.24163999]), array([0.45959005, 0.32778555, 0.22508867, 0.27223307]))","['QwenPRM_avg_scores (7.63B)', 'EurusPRMStage2_avg_scores (7.62B)', 'DeepSeekQwen (32B)', 'GPM (8B)']","[0.094484759851875, 0.9954515676881197, 0.8608073730180618, 0.094484759851875, 0.9954515676881197, 0.8710425723016486, 0.8710425723016486, 0.46474132372484644, 0.8710425723016486, 0.46474132372484644, 0.46474132372484644, 0.8710425723016486, 0.46474132372484644, 0.46474132372484644, 0.852543786643786, 0.8710425723016486, 0.094484759851875, 0.9954515676881197, 0.9796375407811816, 0.46474132372484644, 0.852543786643786, 0.46474132372484644, 0.094484759851875, 0.46474132372484644, 0.46474132372484644, 0.46474132372484644, 0.9796375407811816, 0.46474132372484644, 0.094484759851875, 0.094484759851875, 0.852543786643786, 0.9656744284394709, 0.8608073730180618, 0.8608073730180618, 0.9954515676881197, 0.9796375407811816, 0.852543786643786, 0.46474132372484644, 0.46474132372484644, 0.46474132372484644, 0.8710425723016486, 0.9796375407811816, 0.9633716757574559, 0.46474132372484644, 0.9954515676881197, 0.46474132372484644, 0.46474132372484644, 0.9796375407811816, 0.8710425723016486, 0.8710425723016486, 0.094484759851875, 0.46474132372484644, 0.8608073730180618, 0.46474132372484644, 0.9796375407811816, 0.46474132372484644, 0.46474132372484644, 0.852543786643786, 0.8710425723016486, 0.46474132372484644, 0.46474132372484644, 0.46474132372484644, 0.46474132372484644, 0.9796375407811816, 0.9796375407811816, 0.9796375407811816, 0.46474132372484644, 0.9633716757574559, 0.46474132372484644, 0.46474132372484644, 0.46474132372484644, 0.094484759851875, 0.46474132372484644, 0.46474132372484644, 0.9796375407811816, 0.8710425723016486, 0.9796375407811816, 0.46474132372484644, 0.8608073730180618, 0.46474132372484644, 0.9796375407811816, 0.46474132372484644, 0.46474132372484644, 0.9954515676881197, 0.094484759851875, 0.46474132372484644, 0.46474132372484644, 0.9796375407811816, 0.46474132372484644, 0.46474132372484644, 0.46474132372484644, 0.46474132372484644, 0.9796375407811816, 0.4480412880561045, 0.4480412880561045, 0.9796375407811816, 0.852543786643786, 0.094484759851875, 0.094484759851875, 0.46474132372484644]",4,train,4
0.95,80,15,1,4,100,0,1,1,1,0,0,0,0,1,1,1,0,0,0,"(array([0.54136401, 0.67304593, 0.77339303, 0.72718537]), array([0.78836161, 0.7714265 , 0.68837017, 0.75274199]), array([0.20413667, 0.22238591, 0.30403474, 0.24163999]), array([0.45959005, 0.32778555, 0.22508867, 0.27223307]))","['QwenPRM_avg_scores (7.63B)', 'EurusPRMStage2_avg_scores (7.62B)', 'DeepSeekQwen (32B)', 'GPM (8B)']","[0.9954515676881197, 0.96848082794537, 0.9796375407811816, 0.9796375407811816, 0.8710425723016486, 0.8710425723016486, 0.852543786643786, 0.9796375407811816, 0.8710425723016486, 0.8710425723016486, 0.8710425723016486, 0.8710425723016486, 0.9796375407811816, 0.8710425723016486, 0.9796375407811816, 0.46474132372484644, 0.8710425723016486, 0.8710425723016486, 0.8710425723016486, 0.8710425723016486, 0.9633716757574559, 0.8710425723016486, 0.46474132372484644, 0.8710425723016486, 0.8710425723016486, 0.8710425723016486, 0.8710425723016486, 0.8710425723016486, 0.46474132372484644, 0.8710425723016486, 0.8710425723016486, 0.3218808881541403, 0.9954515676881197, 0.094484759851875, 0.4480412880561045, 0.8710425723016486, 0.8710425723016486, 0.8710425723016486, 0.8710425723016486, 0.852543786643786, 0.852543786643786, 0.8710425723016486, 0.8710425723016486, 0.8710425723016486, 0.4480412880561045, 0.9954515676881197, 0.9796375407811816, 0.46474132372484644, 0.9954515676881197, 0.9633716757574559, 0.8710425723016486, 0.3218808881541403, 0.9633716757574559, 0.9954515676881197, 0.9954515676881197, 0.8710425723016486, 0.3218808881541403, 0.8710425723016486, 0.9954515676881197, 0.9954515676881197, 0.9796375407811816, 0.8710425723016486, 0.8710425723016486, 0.9633716757574559, 0.3218808881541403, 0.8710425723016486, 0.46474132372484644, 0.8710425723016486, 0.094484759851875, 0.9954515676881197, 0.8710425723016486, 0.8710425723016486, 0.9954515676881197, 0.8710425723016486, 0.8710425723016486, 0.9954515676881197, 0.4480412880561045, 0.96848082794537, 0.9954515676881197, 0.9796375407811816, 0.094484759851875, 0.8710425723016486, 0.8710425723016486, 0.9954515676881197, 0.4480412880561045, 0.8710425723016486, 0.8710425723016486, 0.094484759851875, 0.8710425723016486, 0.8710425723016486, 0.9954515676881197, 0.8710425723016486, 0.96848082794537, 0.8710425723016486, 0.8710425723016486, 0.7868994424157443, 0.4263437501124711, 0.8710425723016486, 0.4480412880561045, 0.8710425723016486]",5,train,8
0.81,27,54,18,1,100,7,1,1,1,0,0,0,7,1,1,1,0,0,0,"(array([0.54136401, 0.67304593, 0.77339303, 0.72718537]), array([0.78836161, 0.7714265 , 0.68837017, 0.75274199]), array([0.20413667, 0.22238591, 0.30403474, 0.24163999]), array([0.45959005, 0.32778555, 0.22508867, 0.27223307]))","['QwenPRM_avg_scores (7.63B)', 'EurusPRMStage2_avg_scores (7.62B)', 'DeepSeekQwen (32B)', 'GPM (8B)']","[0.094484759851875, 0.8608073730180618, 0.46474132372484644, 0.46474132372484644, 0.46474132372484644, 0.46474132372484644, 0.46474132372484644, 0.9954515676881197, 0.46474132372484644, 0.9954515676881197, 0.9954515676881197, 0.46474132372484644, 0.8608073730180618, 0.46474132372484644, 0.8710425723016486, 0.8710425723016486, 0.46474132372484644, 0.46474132372484644, 0.8710425723016486, 0.094484759851875, 0.9633716757574559, 0.46474132372484644, 0.8608073730180618, 0.8710425723016486, 0.8710425723016486, 0.7868994424157443, 0.9954515676881197, 0.46474132372484644, 0.9954515676881197, 0.9954515676881197, 0.46474132372484644, 0.9796375407811816, 0.96848082794537, 0.46474132372484644, 0.9954515676881197, 0.46474132372484644, 0.46474132372484644, 0.094484759851875, 0.9796375407811816, 0.8710425723016486, 0.46474132372484644, 0.46474132372484644, 0.8710425723016486, 0.46474132372484644, 0.8710425723016486, 0.094484759851875, 0.46474132372484644, 0.8710425723016486, 0.8710425723016486, 0.96848082794537, 0.46474132372484644, 0.8710425723016486, 0.46474132372484644, 0.46474132372484644, 0.9796375407811816, 0.8710425723016486, 0.46474132372484644, 0.9796375407811816, 0.8710425723016486, 0.9796375407811816, 0.46474132372484644, 0.094484759851875, 0.4480412880561045, 0.46474132372484644, 0.46474132372484644, 0.8710425723016486, 0.094484759851875, 0.8710425723016486, 0.9954515676881197, 0.9796375407811816, 0.46474132372484644, 0.46474132372484644, 0.46474132372484644, 0.46474132372484644, 0.46474132372484644, 0.46474132372484644, 0.46474132372484644, 0.9954515676881197, 0.46474132372484644, 0.46474132372484644, 0.9796375407811816, 0.9796375407811816, 0.46474132372484644, 0.46474132372484644, 0.4263437501124711, 0.9954515676881197, 0.9954515676881197, 0.7979700302578486, 0.46474132372484644, 0.46474132372484644, 0.46474132372484644, 0.46474132372484644, 0.46474132372484644, 0.094484759851875, 0.9633716757574559, 0.46474132372484644, 0.9656744284394709, 0.8710425723016486, 0.46474132372484644, 0.46474132372484644]",6,train,2
0.95,95,0,0,5,100,0,1,1,1,0,0,0,0,1,1,1,0,0,0,"(array([0.54136401, 0.67304593, 0.77339303, 0.72718537]), array([0.78836161, 0.7714265 , 0.68837017, 0.75274199]), array([0.20413667, 0.22238591, 0.30403474, 0.24163999]), array([0.45959005, 0.32778555, 0.22508867, 0.27223307]))","['QwenPRM_avg_scores (7.63B)', 'EurusPRMStage2_avg_scores (7.62B)', 'DeepSeekQwen (32B)', 'GPM (8B)']","[0.9954515676881197, 0.9796375407811816, 0.9796375407811816, 0.9796375407811816, 0.9796375407811816, 0.9796375407811816, 0.9796375407811816, 0.852543786643786, 0.9796375407811816, 0.9796375407811816, 0.8710425723016486, 0.9796375407811816, 0.9796375407811816, 0.9954515676881197, 0.852543786643786, 0.9954515676881197, 0.96848082794537, 0.4480412880561045, 0.9954515676881197, 0.9796375407811816, 0.9796375407811816, 0.9796375407811816, 0.9954515676881197, 0.9796375407811816, 0.96848082794537, 0.4480412880561045, 0.9796375407811816, 0.4480412880561045, 0.9954515676881197, 0.9954515676881197, 0.9954515676881197, 0.8608073730180618, 0.9633716757574559, 0.9796375407811816, 0.9796375407811816, 0.9796375407811816, 0.9954515676881197, 0.9954515676881197, 0.9796375407811816, 0.9796375407811816, 0.9796375407811816, 0.9796375407811816, 0.96848082794537, 0.852543786643786, 0.9954515676881197, 0.9633716757574559, 0.9954515676881197, 0.8710425723016486, 0.9796375407811816, 0.8710425723016486, 0.9796375407811816, 0.9796375407811816, 0.9954515676881197, 0.9796375407811816, 0.852543786643786, 0.852543786643786, 0.9796375407811816, 0.852543786643786, 0.9796375407811816, 0.9796375407811816, 0.9954515676881197, 0.9796375407811816, 0.852543786643786, 0.9796375407811816, 0.9954515676881197, 0.9796375407811816, 0.9954515676881197, 0.9796375407811816, 0.9633716757574559, 0.852543786643786, 0.852543786643786, 0.9796375407811816, 0.9633716757574559, 0.9796375407811816, 0.9796375407811816, 0.9633716757574559, 0.9633716757574559, 0.9796375407811816, 0.9796375407811816, 0.9954515676881197, 0.9633716757574559, 0.9954515676881197, 0.9633716757574559, 0.852543786643786, 0.9954515676881197, 0.852543786643786, 0.9796375407811816, 0.9796375407811816, 0.4480412880561045, 0.9796375407811816, 0.9796375407811816, 0.96848082794537, 0.9633716757574559, 0.9796375407811816, 0.8710425723016486, 0.9633716757574559, 0.9796375407811816, 0.8710425723016486, 0.4480412880561045, 0.9796375407811816]",7,train,9
0.96,96,0,0,4,100,2,1,1,1,0,0,0,2,1,1,1,0,0,0,"(array([0.54136401, 0.67304593, 0.77339303, 0.72718537]), array([0.78836161, 0.7714265 , 0.68837017, 0.75274199]), array([0.20413667, 0.22238591, 0.30403474, 0.24163999]), array([0.45959005, 0.32778555, 0.22508867, 0.27223307]))","['QwenPRM_avg_scores (7.63B)', 'EurusPRMStage2_avg_scores (7.62B)', 'DeepSeekQwen (32B)', 'GPM (8B)']","[0.9796375407811816, 0.8710425723016486, 0.9954515676881197, 0.8710425723016486, 0.9954515676881197, 0.9954515676881197, 0.8710425723016486, 0.9796375407811816, 0.9954515676881197, 0.9633716757574559, 0.9954515676881197, 0.9954515676881197, 0.8710425723016486, 0.8710425723016486, 0.9633716757574559, 0.9954515676881197, 0.9796375407811816, 0.9954515676881197, 0.8710425723016486, 0.9796375407811816, 0.8710425723016486, 0.9633716757574559, 0.9954515676881197, 0.4480412880561045, 0.8710425723016486, 0.9796375407811816, 0.4480412880561045, 0.8710425723016486, 0.9633716757574559, 0.9954515676881197, 0.9954515676881197, 0.9954515676881197, 0.8710425723016486, 0.9796375407811816, 0.9633716757574559, 0.9954515676881197, 0.9954515676881197, 0.8710425723016486, 0.96848082794537, 0.96848082794537, 0.8710425723016486, 0.9633716757574559, 0.9954515676881197, 0.8710425723016486, 0.9633716757574559, 0.9954515676881197, 0.9796375407811816, 0.9954515676881197, 0.8710425723016486, 0.7868994424157443, 0.9954515676881197, 0.9796375407811816, 0.852543786643786, 0.8710425723016486, 0.9633716757574559, 0.9796375407811816, 0.9954515676881197, 0.4480412880561045, 0.96848082794537, 0.8710425723016486, 0.9954515676881197, 0.7868994424157443, 0.8710425723016486, 0.8710425723016486, 0.9954515676881197, 0.8710425723016486, 0.9954515676881197, 0.8710425723016486, 0.8710425723016486, 0.96848082794537, 0.9796375407811816, 0.8710425723016486, 0.8710425723016486, 0.8710425723016486, 0.9796375407811816, 0.8710425723016486, 0.8710425723016486, 0.9796375407811816, 0.9796375407811816, 0.8710425723016486, 0.9796375407811816, 0.9954515676881197, 0.9954515676881197, 0.9633716757574559, 0.9954515676881197, 0.9954515676881197, 0.9954515676881197, 0.96848082794537, 0.9954515676881197, 0.852543786643786, 0.96848082794537, 0.9954515676881197, 0.9633716757574559, 0.9954515676881197, 0.852543786643786, 0.8710425723016486, 0.8710425723016486, 0.8710425723016486, 0.4480412880561045, 0.9633716757574559]",8,train,9
0.71,15,56,28,1,100,24,1,1,1,0,0,0,24,1,1,1,0,0,0,"(array([0.54136401, 0.67304593, 0.77339303, 0.72718537]), array([0.78836161, 0.7714265 , 0.68837017, 0.75274199]), array([0.20413667, 0.22238591, 0.30403474, 0.24163999]), array([0.45959005, 0.32778555, 0.22508867, 0.27223307]))","['QwenPRM_avg_scores (7.63B)', 'EurusPRMStage2_avg_scores (7.62B)', 'DeepSeekQwen (32B)', 'GPM (8B)']","[0.4263437501124711, 0.094484759851875, 0.852543786643786, 0.8608073730180618, 0.4263437501124711, 0.094484759851875, 0.46474132372484644, 0.094484759851875, 0.7717360170344261, 0.094484759851875, 0.4263437501124711, 0.094484759851875, 0.8608073730180618, 0.4263437501124711, 0.4263437501124711, 0.852543786643786, 0.852543786643786, 0.4263437501124711, 0.7717360170344261, 0.4263437501124711, 0.852543786643786, 0.094484759851875, 0.852543786643786, 0.4263437501124711, 0.9796375407811816, 0.094484759851875, 0.094484759851875, 0.4263437501124711, 0.4480412880561045, 0.852543786643786, 0.094484759851875, 0.852543786643786, 0.8608073730180618, 0.4263437501124711, 0.46474132372484644, 0.4263437501124711, 0.9796375407811816, 0.8608073730180618, 0.9796375407811816, 0.4263437501124711, 0.852543786643786, 0.4263437501124711, 0.4263437501124711, 0.4263437501124711, 0.7717360170344261, 0.852543786643786, 0.9796375407811816, 0.852543786643786, 0.4480412880561045, 0.852543786643786, 0.852543786643786, 0.8710425723016486, 0.852543786643786, 0.852543786643786, 0.852543786643786, 0.4263437501124711, 0.4263437501124711, 0.9796375407811816, 0.4263437501124711, 0.8608073730180618, 0.4263437501124711, 0.7717360170344261, 0.4263437501124711, 0.4480412880561045, 0.852543786643786, 0.4263437501124711, 0.4263437501124711, 0.094484759851875, 0.9796375407811816, 0.4480412880561045, 0.4263437501124711, 0.4263437501124711, 0.852543786643786, 0.4263437501124711, 0.9796375407811816, 0.4480412880561045, 0.4263437501124711, 0.852543786643786, 0.9796375407811816, 0.852543786643786, 0.094484759851875, 0.4263437501124711, 0.9796375407811816, 0.4263437501124711, 0.4263437501124711, 0.4263437501124711, 0.9796375407811816, 0.4263437501124711, 0.4480412880561045, 0.4480412880561045, 0.4263437501124711, 0.852543786643786, 0.46474132372484644, 0.8608073730180618, 0.094484759851875, 0.094484759851875, 0.9796375407811816, 0.852543786643786, 0.4263437501124711, 0.4263437501124711]",9,train,1
0.89,79,10,1,10,100,1,1,1,1,0,0,0,1,1,1,1,0,0,0,"(array([0.54136401, 0.67304593, 0.77339303, 0.72718537]), array([0.78836161, 0.7714265 , 0.68837017, 0.75274199]), array([0.20413667, 0.22238591, 0.30403474, 0.24163999]), array([0.45959005, 0.32778555, 0.22508867, 0.27223307]))","['QwenPRM_avg_scores (7.63B)', 'EurusPRMStage2_avg_scores (7.62B)', 'DeepSeekQwen (32B)', 'GPM (8B)']","[0.46474132372484644, 0.9954515676881197, 0.4480412880561045, 0.9796375407811816, 0.9954515676881197, 0.8710425723016486, 0.8710425723016486, 0.4480412880561045, 0.8710425723016486, 0.9796375407811816, 0.96848082794537, 0.9656744284394709, 0.094484759851875, 0.8710425723016486, 0.9633716757574559, 0.96848082794537, 0.9796375407811816, 0.8710425723016486, 0.9954515676881197, 0.8710425723016486, 0.9656744284394709, 0.9954515676881197, 0.96848082794537, 0.8710425723016486, 0.9954515676881197, 0.96848082794537, 0.9954515676881197, 0.094484759851875, 0.7868994424157443, 0.7868994424157443, 0.8710425723016486, 0.9633716757574559, 0.8710425723016486, 0.9633716757574559, 0.094484759851875, 0.852543786643786, 0.4480412880561045, 0.9633716757574559, 0.9954515676881197, 0.9954515676881197, 0.8710425723016486, 0.7868994424157443, 0.8710425723016486, 0.9796375407811816, 0.9633716757574559, 0.8710425723016486, 0.9796375407811816, 0.4480412880561045, 0.9633716757574559, 0.9633716757574559, 0.9954515676881197, 0.8710425723016486, 0.7868994424157443, 0.9796375407811816, 0.96848082794537, 0.96848082794537, 0.9954515676881197, 0.9796375407811816, 0.094484759851875, 0.9954515676881197, 0.094484759851875, 0.9954515676881197, 0.9954515676881197, 0.9796375407811816, 0.9954515676881197, 0.4480412880561045, 0.9796375407811816, 0.8710425723016486, 0.8710425723016486, 0.4263437501124711, 0.9796375407811816, 0.96848082794537, 0.8710425723016486, 0.8710425723016486, 0.9796375407811816, 0.9954515676881197, 0.8710425723016486, 0.9954515676881197, 0.96848082794537, 0.96848082794537, 0.8710425723016486, 0.9796375407811816, 0.852543786643786, 0.8710425723016486, 0.9954515676881197, 0.9954515676881197, 0.4480412880561045, 0.4480412880561045, 0.8608073730180618, 0.8710425723016486, 0.4480412880561045, 0.8710425723016486, 0.094484759851875, 0.8710425723016486, 0.8710425723016486, 0.96848082794537, 0.4263437501124711, 0.4480412880561045, 0.094484759851875, 0.46474132372484644]",10,train,8
0.99,97,2,0,1,100,0,1,1,1,0,0,0,0,1,1,1,0,0,0,"(array([0.54136401, 0.67304593, 0.77339303, 0.72718537]), array([0.78836161, 0.7714265 , 0.68837017, 0.75274199]), array([0.20413667, 0.22238591, 0.30403474, 0.24163999]), array([0.45959005, 0.32778555, 0.22508867, 0.27223307]))","['QwenPRM_avg_scores (7.63B)', 'EurusPRMStage2_avg_scores (7.62B)', 'DeepSeekQwen (32B)', 'GPM (8B)']","[0.9954515676881197, 0.9954515676881197, 0.9633716757574559, 0.9954515676881197, 0.9954515676881197, 0.9954515676881197, 0.9954515676881197, 0.9633716757574559, 0.9633716757574559, 0.9954515676881197, 0.8608073730180618, 0.9633716757574559, 0.9954515676881197, 0.46474132372484644, 0.9796375407811816, 0.9954515676881197, 0.9633716757574559, 0.9633716757574559, 0.9954515676881197, 0.8710425723016486, 0.9954515676881197, 0.9954515676881197, 0.9954515676881197, 0.9954515676881197, 0.9954515676881197, 0.8710425723016486, 0.9954515676881197, 0.9796375407811816, 0.9954515676881197, 0.9954515676881197, 0.8710425723016486, 0.8710425723016486, 0.9954515676881197, 0.96848082794537, 0.9633716757574559, 0.9954515676881197, 0.9796375407811816, 0.9633716757574559, 0.9633716757574559, 0.9633716757574559, 0.9954515676881197, 0.9633716757574559, 0.9954515676881197, 0.9954515676881197, 0.9796375407811816, 0.9954515676881197, 0.9954515676881197, 0.9954515676881197, 0.9796375407811816, 0.852543786643786, 0.094484759851875, 0.9633716757574559, 0.9954515676881197, 0.9796375407811816, 0.9954515676881197, 0.9633716757574559, 0.9954515676881197, 0.8710425723016486, 0.96848082794537, 0.9954515676881197, 0.9954515676881197, 0.8710425723016486, 0.9633716757574559, 0.9633716757574559, 0.852543786643786, 0.9796375407811816, 0.9954515676881197, 0.9954515676881197, 0.9796375407811816, 0.9954515676881197, 0.9633716757574559, 0.9633716757574559, 0.9954515676881197, 0.9633716757574559, 0.8710425723016486, 0.9954515676881197, 0.9954515676881197, 0.9954515676881197, 0.9633716757574559, 0.9954515676881197, 0.9656744284394709, 0.8710425723016486, 0.9633716757574559, 0.7868994424157443, 0.9954515676881197, 0.9954515676881197, 0.9954515676881197, 0.96848082794537, 0.9796375407811816, 0.9954515676881197, 0.96848082794537, 0.9954515676881197, 0.9954515676881197, 0.46474132372484644, 0.9954515676881197, 0.96848082794537, 0.96848082794537, 0.9954515676881197, 0.9633716757574559, 0.9796375407811816]",11,train,9
0.98,98,0,0,2,100,6,1,1,1,0,0,0,6,1,1,1,0,0,0,"(array([0.54136401, 0.67304593, 0.77339303, 0.72718537]), array([0.78836161, 0.7714265 , 0.68837017, 0.75274199]), array([0.20413667, 0.22238591, 0.30403474, 0.24163999]), array([0.45959005, 0.32778555, 0.22508867, 0.27223307]))","['QwenPRM_avg_scores (7.63B)', 'EurusPRMStage2_avg_scores (7.62B)', 'DeepSeekQwen (32B)', 'GPM (8B)']","[0.9633716757574559, 0.9633716757574559, 0.852543786643786, 0.96848082794537, 0.9633716757574559, 0.96848082794537, 0.9954515676881197, 0.96848082794537, 0.96848082794537, 0.9954515676881197, 0.9954515676881197, 0.9954515676881197, 0.8710425723016486, 0.7868994424157443, 0.96848082794537, 0.9954515676881197, 0.96848082794537, 0.8710425723016486, 0.96848082794537, 0.9954515676881197, 0.9954515676881197, 0.9954515676881197, 0.96848082794537, 0.9633716757574559, 0.9633716757574559, 0.9954515676881197, 0.9954515676881197, 0.9796375407811816, 0.9954515676881197, 0.8710425723016486, 0.9954515676881197, 0.9954515676881197, 0.9633716757574559, 0.9954515676881197, 0.96848082794537, 0.9954515676881197, 0.9954515676881197, 0.9954515676881197, 0.7868994424157443, 0.9954515676881197, 0.9954515676881197, 0.9954515676881197, 0.9954515676881197, 0.96848082794537, 0.9954515676881197, 0.8710425723016486, 0.7868994424157443, 0.9954515676881197, 0.96848082794537, 0.8710425723016486, 0.96848082794537, 0.9954515676881197, 0.96848082794537, 0.9796375407811816, 0.8710425723016486, 0.96848082794537, 0.9633716757574559, 0.96848082794537, 0.9954515676881197, 0.8710425723016486, 0.9954515676881197, 0.96848082794537, 0.9954515676881197, 0.3218808881541403, 0.96848082794537, 0.96848082794537, 0.7868994424157443, 0.9954515676881197, 0.96848082794537, 0.9954515676881197, 0.9954515676881197, 0.96848082794537, 0.9954515676881197, 0.4480412880561045, 0.9633716757574559, 0.8710425723016486, 0.96848082794537, 0.96848082794537, 0.7868994424157443, 0.96848082794537, 0.9954515676881197, 0.9954515676881197, 0.9954515676881197, 0.9954515676881197, 0.7868994424157443, 0.7868994424157443, 0.9954515676881197, 0.9633716757574559, 0.96848082794537, 0.96848082794537, 0.96848082794537, 0.9796375407811816, 0.9954515676881197, 0.96848082794537, 0.9954515676881197, 0.8710425723016486, 0.9633716757574559, 0.8710425723016486, 0.9633716757574559, 0.9954515676881197]",12,train,9
0.87,57,30,9,4,100,17,1,1,1,0,0,0,17,1,1,1,0,0,0,"(array([0.54136401, 0.67304593, 0.77339303, 0.72718537]), array([0.78836161, 0.7714265 , 0.68837017, 0.75274199]), array([0.20413667, 0.22238591, 0.30403474, 0.24163999]), array([0.45959005, 0.32778555, 0.22508867, 0.27223307]))","['QwenPRM_avg_scores (7.63B)', 'EurusPRMStage2_avg_scores (7.62B)', 'DeepSeekQwen (32B)', 'GPM (8B)']","[0.7979700302578486, 0.9796375407811816, 0.852543786643786, 0.852543786643786, 0.9796375407811816, 0.852543786643786, 0.9796375407811816, 0.4480412880561045, 0.094484759851875, 0.46474132372484644, 0.4480412880561045, 0.96848082794537, 0.7717360170344261, 0.9796375407811816, 0.8608073730180618, 0.094484759851875, 0.4480412880561045, 0.9954515676881197, 0.094484759851875, 0.852543786643786, 0.9633716757574559, 0.094484759851875, 0.9954515676881197, 0.9796375407811816, 0.7868994424157443, 0.3218808881541403, 0.9796375407811816, 0.094484759851875, 0.9796375407811816, 0.9796375407811816, 0.9796375407811816, 0.8710425723016486, 0.3218808881541403, 0.9796375407811816, 0.96848082794537, 0.9796375407811816, 0.9796375407811816, 0.9954515676881197, 0.4480412880561045, 0.9954515676881197, 0.094484759851875, 0.7868994424157443, 0.9796375407811816, 0.9954515676881197, 0.852543786643786, 0.9954515676881197, 0.9954515676881197, 0.4263437501124711, 0.094484759851875, 0.9656744284394709, 0.9796375407811816, 0.9796375407811816, 0.852543786643786, 0.9633716757574559, 0.46474132372484644, 0.46474132372484644, 0.9796375407811816, 0.9796375407811816, 0.3218808881541403, 0.8710425723016486, 0.852543786643786, 0.8608073730180618, 0.9796375407811816, 0.9796375407811816, 0.094484759851875, 0.094484759851875, 0.7868994424157443, 0.9633716757574559, 0.9796375407811816, 0.4263437501124711, 0.9796375407811816, 0.3218808881541403, 0.9796375407811816, 0.4263437501124711, 0.3218808881541403, 0.9796375407811816, 0.094484759851875, 0.3218808881541403, 0.9796375407811816, 0.9796375407811816, 0.9796375407811816, 0.3218808881541403, 0.094484759851875, 0.9796375407811816, 0.9796375407811816, 0.9954515676881197, 0.3218808881541403, 0.4263437501124711, 0.9796375407811816, 0.4263437501124711, 0.852543786643786, 0.96848082794537, 0.4263437501124711, 0.7717360170344261, 0.9796375407811816, 0.852543786643786, 0.7979700302578486, 0.9954515676881197, 0.094484759851875, 0.094484759851875]",13,train,6
0.98,49,49,0,2,100,0,1,1,1,0,0,0,0,1,1,1,0,0,0,"(array([0.54136401, 0.67304593, 0.77339303, 0.72718537]), array([0.78836161, 0.7714265 , 0.68837017, 0.75274199]), array([0.20413667, 0.22238591, 0.30403474, 0.24163999]), array([0.45959005, 0.32778555, 0.22508867, 0.27223307]))","['QwenPRM_avg_scores (7.63B)', 'EurusPRMStage2_avg_scores (7.62B)', 'DeepSeekQwen (32B)', 'GPM (8B)']","[0.9796375407811816, 0.852543786643786, 0.9796375407811816, 0.094484759851875, 0.094484759851875, 0.4263437501124711, 0.8710425723016486, 0.852543786643786, 0.46474132372484644, 0.46474132372484644, 0.8608073730180618, 0.46474132372484644, 0.9796375407811816, 0.9796375407811816, 0.46474132372484644, 0.8608073730180618, 0.46474132372484644, 0.46474132372484644, 0.094484759851875, 0.9796375407811816, 0.9796375407811816, 0.9796375407811816, 0.852543786643786, 0.46474132372484644, 0.46474132372484644, 0.46474132372484644, 0.46474132372484644, 0.9796375407811816, 0.46474132372484644, 0.9796375407811816, 0.9796375407811816, 0.094484759851875, 0.46474132372484644, 0.46474132372484644, 0.094484759851875, 0.8608073730180618, 0.4480412880561045, 0.094484759851875, 0.8710425723016486, 0.9796375407811816, 0.9796375407811816, 0.9796375407811816, 0.46474132372484644, 0.46474132372484644, 0.46474132372484644, 0.46474132372484644, 0.852543786643786, 0.4480412880561045, 0.852543786643786, 0.46474132372484644, 0.46474132372484644, 0.9796375407811816, 0.9796375407811816, 0.46474132372484644, 0.9796375407811816, 0.46474132372484644, 0.9796375407811816, 0.094484759851875, 0.9796375407811816, 0.9796375407811816, 0.852543786643786, 0.46474132372484644, 0.46474132372484644, 0.094484759851875, 0.46474132372484644, 0.46474132372484644, 0.094484759851875, 0.46474132372484644, 0.9796375407811816, 0.9796375407811816, 0.46474132372484644, 0.094484759851875, 0.094484759851875, 0.8710425723016486, 0.46474132372484644, 0.094484759851875, 0.852543786643786, 0.46474132372484644, 0.46474132372484644, 0.9796375407811816, 0.9796375407811816, 0.094484759851875, 0.46474132372484644, 0.9796375407811816, 0.852543786643786, 0.46474132372484644, 0.9796375407811816, 0.9796375407811816, 0.46474132372484644, 0.9796375407811816, 0.852543786643786, 0.094484759851875, 0.8710425723016486, 0.9796375407811816, 0.9796375407811816, 0.46474132372484644, 0.9796375407811816, 0.852543786643786, 0.9796375407811816, 0.9796375407811816]",14,train,5
0.96,92,4,0,4,100,5,1,1,1,0,0,0,5,1,1,1,0,0,0,"(array([0.54136401, 0.67304593, 0.77339303, 0.72718537]), array([0.78836161, 0.7714265 , 0.68837017, 0.75274199]), array([0.20413667, 0.22238591, 0.30403474, 0.24163999]), array([0.45959005, 0.32778555, 0.22508867, 0.27223307]))","['QwenPRM_avg_scores (7.63B)', 'EurusPRMStage2_avg_scores (7.62B)', 'DeepSeekQwen (32B)', 'GPM (8B)']","[0.9633716757574559, 0.852543786643786, 0.8608073730180618, 0.8710425723016486, 0.9796375407811816, 0.9954515676881197, 0.96848082794537, 0.9796375407811816, 0.9954515676881197, 0.8608073730180618, 0.9954515676881197, 0.9633716757574559, 0.9954515676881197, 0.9954515676881197, 0.8710425723016486, 0.852543786643786, 0.9796375407811816, 0.9954515676881197, 0.9954515676881197, 0.9796375407811816, 0.9633716757574559, 0.9954515676881197, 0.9796375407811816, 0.9954515676881197, 0.8710425723016486, 0.8710425723016486, 0.9796375407811816, 0.9796375407811816, 0.9954515676881197, 0.7868994424157443, 0.9633716757574559, 0.9796375407811816, 0.9954515676881197, 0.9954515676881197, 0.094484759851875, 0.9954515676881197, 0.9954515676881197, 0.852543786643786, 0.9954515676881197, 0.8710425723016486, 0.9954515676881197, 0.9633716757574559, 0.9796375407811816, 0.9954515676881197, 0.9633716757574559, 0.9796375407811816, 0.9796375407811816, 0.9796375407811816, 0.9796375407811816, 0.9633716757574559, 0.8710425723016486, 0.9796375407811816, 0.9954515676881197, 0.9954515676881197, 0.8710425723016486, 0.8710425723016486, 0.9954515676881197, 0.094484759851875, 0.9954515676881197, 0.094484759851875, 0.9954515676881197, 0.9954515676881197, 0.9796375407811816, 0.852543786643786, 0.9954515676881197, 0.9954515676881197, 0.852543786643786, 0.46474132372484644, 0.9633716757574559, 0.9954515676881197, 0.852543786643786, 0.9633716757574559, 0.852543786643786, 0.9633716757574559, 0.9954515676881197, 0.8710425723016486, 0.7868994424157443, 0.852543786643786, 0.9954515676881197, 0.96848082794537, 0.094484759851875, 0.094484759851875, 0.9796375407811816, 0.9954515676881197, 0.8710425723016486, 0.96848082794537, 0.9954515676881197, 0.4480412880561045, 0.8710425723016486, 0.96848082794537, 0.9633716757574559, 0.9796375407811816, 0.8710425723016486, 0.9796375407811816, 0.3218808881541403, 0.9796375407811816, 0.9954515676881197, 0.9633716757574559, 0.9954515676881197, 0.9796375407811816]",15,train,9
1.0,100,0,0,0,100,1,1,1,1,0,0,0,1,1,1,1,0,0,0,"(array([0.54136401, 0.67304593, 0.77339303, 0.72718537]), array([0.78836161, 0.7714265 , 0.68837017, 0.75274199]), array([0.20413667, 0.22238591, 0.30403474, 0.24163999]), array([0.45959005, 0.32778555, 0.22508867, 0.27223307]))","['QwenPRM_avg_scores (7.63B)', 'EurusPRMStage2_avg_scores (7.62B)', 'DeepSeekQwen (32B)', 'GPM (8B)']","[0.9633716757574559, 0.9954515676881197, 0.9954515676881197, 0.8710425723016486, 0.9954515676881197, 0.9954515676881197, 0.9954515676881197, 0.9954515676881197, 0.9954515676881197, 0.9954515676881197, 0.9633716757574559, 0.9954515676881197, 0.9633716757574559, 0.9954515676881197, 0.9633716757574559, 0.9796375407811816, 0.9633716757574559, 0.9633716757574559, 0.9954515676881197, 0.9954515676881197, 0.9954515676881197, 0.9633716757574559, 0.9633716757574559, 0.8710425723016486, 0.8710425723016486, 0.9954515676881197, 0.9954515676881197, 0.9796375407811816, 0.9796375407811816, 0.9796375407811816, 0.9633716757574559, 0.9954515676881197, 0.9954515676881197, 0.9954515676881197, 0.9954515676881197, 0.9954515676881197, 0.9954515676881197, 0.9954515676881197, 0.9954515676881197, 0.9954515676881197, 0.9954515676881197, 0.9954515676881197, 0.9954515676881197, 0.9954515676881197, 0.9954515676881197, 0.9954515676881197, 0.9954515676881197, 0.8710425723016486, 0.9954515676881197, 0.852543786643786, 0.9796375407811816, 0.9954515676881197, 0.9633716757574559, 0.9633716757574559, 0.8710425723016486, 0.9954515676881197, 0.9954515676881197, 0.9954515676881197, 0.9954515676881197, 0.9633716757574559, 0.9954515676881197, 0.9954515676881197, 0.9633716757574559, 0.9954515676881197, 0.9796375407811816, 0.8710425723016486, 0.852543786643786, 0.9954515676881197, 0.9633716757574559, 0.9633716757574559, 0.9633716757574559, 0.9633716757574559, 0.96848082794537, 0.8710425723016486, 0.9954515676881197, 0.9954515676881197, 0.9954515676881197, 0.9954515676881197, 0.9633716757574559, 0.8710425723016486, 0.9954515676881197, 0.9954515676881197, 0.9633716757574559, 0.9954515676881197, 0.9954515676881197, 0.9954515676881197, 0.9954515676881197, 0.9954515676881197, 0.9954515676881197, 0.9954515676881197, 0.9633716757574559, 0.9633716757574559, 0.9954515676881197, 0.8710425723016486, 0.9954515676881197, 0.9954515676881197, 0.8710425723016486, 0.8710425723016486, 0.9633716757574559, 0.9954515676881197]",16,train,9
0.99,99,0,0,1,100,0,1,1,1,0,0,0,0,1,1,1,0,0,0,"(array([0.54136401, 0.67304593, 0.77339303, 0.72718537]), array([0.78836161, 0.7714265 , 0.68837017, 0.75274199]), array([0.20413667, 0.22238591, 0.30403474, 0.24163999]), array([0.45959005, 0.32778555, 0.22508867, 0.27223307]))","['QwenPRM_avg_scores (7.63B)', 'EurusPRMStage2_avg_scores (7.62B)', 'DeepSeekQwen (32B)', 'GPM (8B)']","[0.9954515676881197, 0.9954515676881197, 0.9954515676881197, 0.9633716757574559, 0.9954515676881197, 0.9954515676881197, 0.9633716757574559, 0.9954515676881197, 0.9633716757574559, 0.9954515676881197, 0.9633716757574559, 0.96848082794537, 0.9633716757574559, 0.4480412880561045, 0.9954515676881197, 0.9633716757574559, 0.9633716757574559, 0.9954515676881197, 0.9954515676881197, 0.9954515676881197, 0.9633716757574559, 0.9954515676881197, 0.9954515676881197, 0.9954515676881197, 0.9954515676881197, 0.9633716757574559, 0.9954515676881197, 0.852543786643786, 0.9954515676881197, 0.9954515676881197, 0.9633716757574559, 0.9954515676881197, 0.9954515676881197, 0.9796375407811816, 0.9633716757574559, 0.9954515676881197, 0.9633716757574559, 0.9954515676881197, 0.9954515676881197, 0.9633716757574559, 0.9954515676881197, 0.852543786643786, 0.9954515676881197, 0.9633716757574559, 0.9796375407811816, 0.9954515676881197, 0.9954515676881197, 0.9954515676881197, 0.9954515676881197, 0.9954515676881197, 0.9633716757574559, 0.852543786643786, 0.7868994424157443, 0.9633716757574559, 0.9954515676881197, 0.9633716757574559, 0.9633716757574559, 0.9954515676881197, 0.9954515676881197, 0.9954515676881197, 0.9954515676881197, 0.9954515676881197, 0.9954515676881197, 0.9954515676881197, 0.9954515676881197, 0.9633716757574559, 0.9954515676881197, 0.9796375407811816, 0.9954515676881197, 0.9954515676881197, 0.9954515676881197, 0.9954515676881197, 0.9633716757574559, 0.9633716757574559, 0.9954515676881197, 0.9954515676881197, 0.9633716757574559, 0.9954515676881197, 0.9954515676881197, 0.9954515676881197, 0.852543786643786, 0.96848082794537, 0.9954515676881197, 0.9954515676881197, 0.9633716757574559, 0.9954515676881197, 0.96848082794537, 0.9954515676881197, 0.9954515676881197, 0.9954515676881197, 0.9954515676881197, 0.9954515676881197, 0.9954515676881197, 0.96848082794537, 0.9954515676881197, 0.9954515676881197, 0.9954515676881197, 0.9633716757574559, 0.9954515676881197, 0.9954515676881197]",17,train,9
0.76,0,76,23,1,100,3,0,1,0,0,0,1,3,1,0,0,0,1,0,"(array([0.54136401, 0.67304593, 0.77339303, 0.72718537]), array([0.78836161, 0.7714265 , 0.68837017, 0.75274199]), array([0.20413667, 0.22238591, 0.30403474, 0.24163999]), array([0.45959005, 0.32778555, 0.22508867, 0.27223307]))","['QwenPRM_avg_scores (7.63B)', 'EurusPRMStage2_avg_scores (7.62B)', 'DeepSeekQwen (32B)', 'GPM (8B)']","[0.094484759851875, 0.46474132372484644, 0.8710425723016486, 0.9796375407811816, 0.46474132372484644, 0.46474132372484644, 0.46474132372484644, 0.8608073730180618, 0.094484759851875, 0.094484759851875, 0.094484759851875, 0.094484759851875, 0.8608073730180618, 0.094484759851875, 0.094484759851875, 0.8710425723016486, 0.46474132372484644, 0.46474132372484644, 0.094484759851875, 0.46474132372484644, 0.8710425723016486, 0.46474132372484644, 0.46474132372484644, 0.094484759851875, 0.46474132372484644, 0.46474132372484644, 0.094484759851875, 0.46474132372484644, 0.8608073730180618, 0.46474132372484644, 0.094484759851875, 0.8608073730180618, 0.46474132372484644, 0.46474132372484644, 0.8710425723016486, 0.46474132372484644, 0.46474132372484644, 0.46474132372484644, 0.094484759851875, 0.46474132372484644, 0.46474132372484644, 0.46474132372484644, 0.46474132372484644, 0.46474132372484644, 0.46474132372484644, 0.8710425723016486, 0.094484759851875, 0.46474132372484644, 0.8710425723016486, 0.8710425723016486, 0.46474132372484644, 0.8608073730180618, 0.9796375407811816, 0.46474132372484644, 0.46474132372484644, 0.46474132372484644, 0.46474132372484644, 0.46474132372484644, 0.46474132372484644, 0.46474132372484644, 0.8608073730180618, 0.094484759851875, 0.094484759851875, 0.46474132372484644, 0.8710425723016486, 0.46474132372484644, 0.46474132372484644, 0.8710425723016486, 0.8710425723016486, 0.094484759851875, 0.4263437501124711, 0.8710425723016486, 0.094484759851875, 0.46474132372484644, 0.46474132372484644, 0.46474132372484644, 0.094484759851875, 0.094484759851875, 0.46474132372484644, 0.46474132372484644, 0.46474132372484644, 0.46474132372484644, 0.46474132372484644, 0.46474132372484644, 0.094484759851875, 0.094484759851875, 0.46474132372484644, 0.8608073730180618, 0.46474132372484644, 0.094484759851875, 0.96848082794537, 0.46474132372484644, 0.46474132372484644, 0.46474132372484644, 0.46474132372484644, 0.8608073730180618, 0.46474132372484644, 0.46474132372484644, 0.4480412880561045, 0.8710425723016486]",18,train,0
0.99,99,0,0,1,100,5,1,1,1,0,0,0,5,1,1,1,0,0,0,"(array([0.54136401, 0.67304593, 0.77339303, 0.72718537]), array([0.78836161, 0.7714265 , 0.68837017, 0.75274199]), array([0.20413667, 0.22238591, 0.30403474, 0.24163999]), array([0.45959005, 0.32778555, 0.22508867, 0.27223307]))","['QwenPRM_avg_scores (7.63B)', 'EurusPRMStage2_avg_scores (7.62B)', 'DeepSeekQwen (32B)', 'GPM (8B)']","[0.96848082794537, 0.9633716757574559, 0.96848082794537, 0.7868994424157443, 0.8710425723016486, 0.9954515676881197, 0.9954515676881197, 0.9954515676881197, 0.9954515676881197, 0.9954515676881197, 0.8710425723016486, 0.9954515676881197, 0.9954515676881197, 0.9633716757574559, 0.96848082794537, 0.96848082794537, 0.9633716757574559, 0.9796375407811816, 0.96848082794537, 0.9954515676881197, 0.9954515676881197, 0.9954515676881197, 0.852543786643786, 0.9633716757574559, 0.96848082794537, 0.9796375407811816, 0.96848082794537, 0.9954515676881197, 0.7868994424157443, 0.9954515676881197, 0.9954515676881197, 0.9633716757574559, 0.7868994424157443, 0.9954515676881197, 0.96848082794537, 0.7868994424157443, 0.9633716757574559, 0.9954515676881197, 0.9633716757574559, 0.4480412880561045, 0.9954515676881197, 0.852543786643786, 0.7868994424157443, 0.9954515676881197, 0.8710425723016486, 0.9954515676881197, 0.9954515676881197, 0.9633716757574559, 0.9954515676881197, 0.8710425723016486, 0.9954515676881197, 0.9954515676881197, 0.7868994424157443, 0.9633716757574559, 0.9796375407811816, 0.9633716757574559, 0.9954515676881197, 0.96848082794537, 0.9954515676881197, 0.8710425723016486, 0.9954515676881197, 0.9633716757574559, 0.9954515676881197, 0.9954515676881197, 0.9633716757574559, 0.9633716757574559, 0.96848082794537, 0.9954515676881197, 0.852543786643786, 0.9796375407811816, 0.9633716757574559, 0.9796375407811816, 0.9633716757574559, 0.9954515676881197, 0.852543786643786, 0.96848082794537, 0.9796375407811816, 0.9954515676881197, 0.9954515676881197, 0.9954515676881197, 0.9796375407811816, 0.9796375407811816, 0.9796375407811816, 0.96848082794537, 0.9633716757574559, 0.9954515676881197, 0.8710425723016486, 0.9796375407811816, 0.8710425723016486, 0.96848082794537, 0.9633716757574559, 0.9954515676881197, 0.9954515676881197, 0.9954515676881197, 0.9954515676881197, 0.9954515676881197, 0.9954515676881197, 0.9954515676881197, 0.9954515676881197, 0.9954515676881197]",19,train,9
0.98,98,0,0,2,100,7,1,1,1,0,0,0,7,1,1,1,0,0,0,"(array([0.54136401, 0.67304593, 0.77339303, 0.72718537]), array([0.78836161, 0.7714265 , 0.68837017, 0.75274199]), array([0.20413667, 0.22238591, 0.30403474, 0.24163999]), array([0.45959005, 0.32778555, 0.22508867, 0.27223307]))","['QwenPRM_avg_scores (7.63B)', 'EurusPRMStage2_avg_scores (7.62B)', 'DeepSeekQwen (32B)', 'GPM (8B)']","[0.9796375407811816, 0.9633716757574559, 0.7868994424157443, 0.9796375407811816, 0.9796375407811816, 0.9796375407811816, 0.9796375407811816, 0.9954515676881197, 0.9796375407811816, 0.9954515676881197, 0.9954515676881197, 0.8710425723016486, 0.9796375407811816, 0.9796375407811816, 0.9954515676881197, 0.852543786643786, 0.9796375407811816, 0.9796375407811816, 0.9954515676881197, 0.9796375407811816, 0.9796375407811816, 0.9796375407811816, 0.9954515676881197, 0.9796375407811816, 0.852543786643786, 0.852543786643786, 0.9796375407811816, 0.9954515676881197, 0.9954515676881197, 0.9796375407811816, 0.852543786643786, 0.9633716757574559, 0.852543786643786, 0.9796375407811816, 0.852543786643786, 0.9633716757574559, 0.9796375407811816, 0.9796375407811816, 0.9954515676881197, 0.9954515676881197, 0.9796375407811816, 0.8608073730180618, 0.9796375407811816, 0.96848082794537, 0.9796375407811816, 0.9796375407811816, 0.9796375407811816, 0.9796375407811816, 0.9633716757574559, 0.9954515676881197, 0.852543786643786, 0.9954515676881197, 0.9796375407811816, 0.9633716757574559, 0.9796375407811816, 0.852543786643786, 0.9954515676881197, 0.9796375407811816, 0.9633716757574559, 0.9954515676881197, 0.9954515676881197, 0.7868994424157443, 0.4480412880561045, 0.852543786643786, 0.852543786643786, 0.9796375407811816, 0.9796375407811816, 0.96848082794537, 0.9633716757574559, 0.9796375407811816, 0.9796375407811816, 0.9633716757574559, 0.9954515676881197, 0.9796375407811816, 0.9796375407811816, 0.852543786643786, 0.9954515676881197, 0.9954515676881197, 0.9633716757574559, 0.9954515676881197, 0.9633716757574559, 0.9633716757574559, 0.9954515676881197, 0.9954515676881197, 0.852543786643786, 0.9954515676881197, 0.9796375407811816, 0.9954515676881197, 0.852543786643786, 0.9954515676881197, 0.9633716757574559, 0.9954515676881197, 0.4480412880561045, 0.9954515676881197, 0.9633716757574559, 0.9954515676881197, 0.9633716757574559, 0.852543786643786, 0.9954515676881197, 0.9633716757574559]",20,train,9
0.93,93,0,0,7,100,36,1,1,1,0,0,0,36,1,1,1,0,0,0,"(array([0.54136401, 0.67304593, 0.77339303, 0.72718537]), array([0.78836161, 0.7714265 , 0.68837017, 0.75274199]), array([0.20413667, 0.22238591, 0.30403474, 0.24163999]), array([0.45959005, 0.32778555, 0.22508867, 0.27223307]))","['QwenPRM_avg_scores (7.63B)', 'EurusPRMStage2_avg_scores (7.62B)', 'DeepSeekQwen (32B)', 'GPM (8B)']","[0.852543786643786, 0.8710425723016486, 0.9796375407811816, 0.4480412880561045, 0.9796375407811816, 0.4480412880561045, 0.8710425723016486, 0.9796375407811816, 0.9796375407811816, 0.46474132372484644, 0.4480412880561045, 0.9796375407811816, 0.8710425723016486, 0.9796375407811816, 0.9796375407811816, 0.9796375407811816, 0.8710425723016486, 0.9796375407811816, 0.8710425723016486, 0.9796375407811816, 0.8710425723016486, 0.8710425723016486, 0.9796375407811816, 0.852543786643786, 0.9796375407811816, 0.8710425723016486, 0.8710425723016486, 0.8710425723016486, 0.9796375407811816, 0.9796375407811816, 0.9796375407811816, 0.9796375407811816, 0.9796375407811816, 0.9796375407811816, 0.9796375407811816, 0.9796375407811816, 0.9954515676881197, 0.8710425723016486, 0.8710425723016486, 0.852543786643786, 0.4480412880561045, 0.8710425723016486, 0.8710425723016486, 0.9954515676881197, 0.8710425723016486, 0.852543786643786, 0.9796375407811816, 0.9796375407811816, 0.9796375407811816, 0.8710425723016486, 0.8608073730180618, 0.8710425723016486, 0.9796375407811816, 0.9796375407811816, 0.9796375407811816, 0.852543786643786, 0.9796375407811816, 0.9633716757574559, 0.852543786643786, 0.8710425723016486, 0.4480412880561045, 0.8710425723016486, 0.9954515676881197, 0.9796375407811816, 0.9796375407811816, 0.8710425723016486, 0.8710425723016486, 0.8710425723016486, 0.852543786643786, 0.9796375407811816, 0.9954515676881197, 0.852543786643786, 0.8710425723016486, 0.9796375407811816, 0.852543786643786, 0.8710425723016486, 0.4480412880561045, 0.8710425723016486, 0.9796375407811816, 0.8710425723016486, 0.8710425723016486, 0.8710425723016486, 0.9796375407811816, 0.8608073730180618, 0.8710425723016486, 0.9796375407811816, 0.852543786643786, 0.9796375407811816, 0.8710425723016486, 0.9796375407811816, 0.8710425723016486, 0.9796375407811816, 0.8710425723016486, 0.9796375407811816, 0.9796375407811816, 0.9796375407811816, 0.8710425723016486, 0.8710425723016486, 0.8710425723016486, 0.852543786643786]",21,train,9
0.9,89,1,0,10,100,1,1,1,1,0,0,0,1,1,1,1,0,0,0,"(array([0.54136401, 0.67304593, 0.77339303, 0.72718537]), array([0.78836161, 0.7714265 , 0.68837017, 0.75274199]), array([0.20413667, 0.22238591, 0.30403474, 0.24163999]), array([0.45959005, 0.32778555, 0.22508867, 0.27223307]))","['QwenPRM_avg_scores (7.63B)', 'EurusPRMStage2_avg_scores (7.62B)', 'DeepSeekQwen (32B)', 'GPM (8B)']","[0.9656744284394709, 0.9954515676881197, 0.9954515676881197, 0.9954515676881197, 0.9954515676881197, 0.9633716757574559, 0.96848082794537, 0.8710425723016486, 0.9656744284394709, 0.8608073730180618, 0.9796375407811816, 0.9656744284394709, 0.7868994424157443, 0.9656744284394709, 0.9633716757574559, 0.46474132372484644, 0.094484759851875, 0.9656744284394709, 0.9656744284394709, 0.9954515676881197, 0.9656744284394709, 0.9954515676881197, 0.9656744284394709, 0.094484759851875, 0.9954515676881197, 0.7717360170344261, 0.9656744284394709, 0.9954515676881197, 0.46474132372484644, 0.8710425723016486, 0.9656744284394709, 0.8710425723016486, 0.4480412880561045, 0.9954515676881197, 0.9954515676881197, 0.852543786643786, 0.9954515676881197, 0.9954515676881197, 0.9656744284394709, 0.9656744284394709, 0.9954515676881197, 0.7717360170344261, 0.7979700302578486, 0.7717360170344261, 0.9656744284394709, 0.8608073730180618, 0.46474132372484644, 0.7717360170344261, 0.8608073730180618, 0.9954515676881197, 0.8710425723016486, 0.9656744284394709, 0.9633716757574559, 0.9656744284394709, 0.96848082794537, 0.9954515676881197, 0.9954515676881197, 0.7979700302578486, 0.9656744284394709, 0.9954515676881197, 0.9796375407811816, 0.9656744284394709, 0.9954515676881197, 0.46474132372484644, 0.9656744284394709, 0.96848082794537, 0.9656744284394709, 0.8710425723016486, 0.9954515676881197, 0.094484759851875, 0.9656744284394709, 0.9656744284394709, 0.9656744284394709, 0.8710425723016486, 0.7979700302578486, 0.9796375407811816, 0.7979700302578486, 0.8710425723016486, 0.9796375407811816, 0.9656744284394709, 0.9796375407811816, 0.46474132372484644, 0.852543786643786, 0.9954515676881197, 0.9656744284394709, 0.4480412880561045, 0.9796375407811816, 0.8608073730180618, 0.96848082794537, 0.7979700302578486, 0.9954515676881197, 0.9954515676881197, 0.9656744284394709, 0.8608073730180618, 0.9954515676881197, 0.9954515676881197, 0.7979700302578486, 0.9954515676881197, 0.9796375407811816, 0.46474132372484644]",22,train,9
0.66,11,55,34,0,100,29,1,1,1,0,0,0,29,1,1,1,0,0,0,"(array([0.54136401, 0.67304593, 0.77339303, 0.72718537]), array([0.78836161, 0.7714265 , 0.68837017, 0.75274199]), array([0.20413667, 0.22238591, 0.30403474, 0.24163999]), array([0.45959005, 0.32778555, 0.22508867, 0.27223307]))","['QwenPRM_avg_scores (7.63B)', 'EurusPRMStage2_avg_scores (7.62B)', 'DeepSeekQwen (32B)', 'GPM (8B)']","[0.7979700302578486, 0.3218808881541403, 0.7717360170344261, 0.46474132372484644, 0.8710425723016486, 0.094484759851875, 0.46474132372484644, 0.8710425723016486, 0.46474132372484644, 0.094484759851875, 0.094484759851875, 0.9796375407811816, 0.46474132372484644, 0.46474132372484644, 0.094484759851875, 0.4480412880561045, 0.46474132372484644, 0.8608073730180618, 0.8608073730180618, 0.9796375407811816, 0.4480412880561045, 0.46474132372484644, 0.7979700302578486, 0.3218808881541403, 0.094484759851875, 0.8608073730180618, 0.094484759851875, 0.094484759851875, 0.8608073730180618, 0.9954515676881197, 0.46474132372484644, 0.8608073730180618, 0.8710425723016486, 0.46474132372484644, 0.8710425723016486, 0.9954515676881197, 0.9954515676881197, 0.094484759851875, 0.852543786643786, 0.46474132372484644, 0.96848082794537, 0.4480412880561045, 0.46474132372484644, 0.9633716757574559, 0.9954515676881197, 0.8608073730180618, 0.8710425723016486, 0.8710425723016486, 0.8710425723016486, 0.094484759851875, 0.46474132372484644, 0.4263437501124711, 0.46474132372484644, 0.852543786643786, 0.46474132372484644, 0.8710425723016486, 0.8608073730180618, 0.094484759851875, 0.8710425723016486, 0.46474132372484644, 0.46474132372484644, 0.9796375407811816, 0.46474132372484644, 0.7868994424157443, 0.852543786643786, 0.8608073730180618, 0.8608073730180618, 0.46474132372484644, 0.9796375407811816, 0.46474132372484644, 0.4480412880561045, 0.46474132372484644, 0.46474132372484644, 0.8608073730180618, 0.46474132372484644, 0.46474132372484644, 0.8608073730180618, 0.46474132372484644, 0.46474132372484644, 0.3218808881541403, 0.8608073730180618, 0.46474132372484644, 0.3218808881541403, 0.094484759851875, 0.9954515676881197, 0.46474132372484644, 0.46474132372484644, 0.46474132372484644, 0.9954515676881197, 0.094484759851875, 0.46474132372484644, 0.094484759851875, 0.8710425723016486, 0.9796375407811816, 0.46474132372484644, 0.46474132372484644, 0.46474132372484644, 0.96848082794537, 0.9633716757574559, 0.9796375407811816]",23,train,1
0.99,99,0,0,1,100,1,1,1,1,0,0,0,1,1,1,1,0,0,0,"(array([0.54136401, 0.67304593, 0.77339303, 0.72718537]), array([0.78836161, 0.7714265 , 0.68837017, 0.75274199]), array([0.20413667, 0.22238591, 0.30403474, 0.24163999]), array([0.45959005, 0.32778555, 0.22508867, 0.27223307]))","['QwenPRM_avg_scores (7.63B)', 'EurusPRMStage2_avg_scores (7.62B)', 'DeepSeekQwen (32B)', 'GPM (8B)']","[0.852543786643786, 0.9954515676881197, 0.852543786643786, 0.9796375407811816, 0.9633716757574559, 0.852543786643786, 0.8710425723016486, 0.9796375407811816, 0.9796375407811816, 0.9796375407811816, 0.9954515676881197, 0.8710425723016486, 0.8710425723016486, 0.9796375407811816, 0.9796375407811816, 0.9954515676881197, 0.9954515676881197, 0.9796375407811816, 0.8710425723016486, 0.9796375407811816, 0.9796375407811816, 0.9796375407811816, 0.96848082794537, 0.9796375407811816, 0.852543786643786, 0.9954515676881197, 0.9954515676881197, 0.8710425723016486, 0.9954515676881197, 0.9796375407811816, 0.9796375407811816, 0.852543786643786, 0.96848082794537, 0.9796375407811816, 0.96848082794537, 0.7868994424157443, 0.9954515676881197, 0.9954515676881197, 0.9796375407811816, 0.9796375407811816, 0.8710425723016486, 0.8710425723016486, 0.8710425723016486, 0.9954515676881197, 0.9796375407811816, 0.852543786643786, 0.8710425723016486, 0.9796375407811816, 0.852543786643786, 0.9796375407811816, 0.8710425723016486, 0.96848082794537, 0.9954515676881197, 0.9796375407811816, 0.9954515676881197, 0.9796375407811816, 0.9954515676881197, 0.852543786643786, 0.9796375407811816, 0.9796375407811816, 0.4480412880561045, 0.9796375407811816, 0.852543786643786, 0.9954515676881197, 0.852543786643786, 0.96848082794537, 0.9796375407811816, 0.9633716757574559, 0.9796375407811816, 0.8710425723016486, 0.96848082794537, 0.8710425723016486, 0.852543786643786, 0.9796375407811816, 0.9796375407811816, 0.852543786643786, 0.9796375407811816, 0.852543786643786, 0.9796375407811816, 0.7868994424157443, 0.9954515676881197, 0.8710425723016486, 0.9954515676881197, 0.9796375407811816, 0.852543786643786, 0.96848082794537, 0.9954515676881197, 0.852543786643786, 0.9796375407811816, 0.9796375407811816, 0.852543786643786, 0.9796375407811816, 0.9796375407811816, 0.9633716757574559, 0.9796375407811816, 0.9633716757574559, 0.852543786643786, 0.8710425723016486, 0.8710425723016486, 0.9954515676881197]",24,train,9
0.57,32,25,0,43,100,67,1,1,1,0,0,0,67,1,1,1,0,0,0,"(array([0.54136401, 0.67304593, 0.77339303, 0.72718537]), array([0.78836161, 0.7714265 , 0.68837017, 0.75274199]), array([0.20413667, 0.22238591, 0.30403474, 0.24163999]), array([0.45959005, 0.32778555, 0.22508867, 0.27223307]))","['QwenPRM_avg_scores (7.63B)', 'EurusPRMStage2_avg_scores (7.62B)', 'DeepSeekQwen (32B)', 'GPM (8B)']","[0.8710425723016486, 0.4263437501124711, 0.852543786643786, 0.094484759851875, 0.8608073730180618, 0.094484759851875, 0.8608073730180618, 0.8710425723016486, 0.4263437501124711, 0.8608073730180618, 0.094484759851875, 0.094484759851875, 0.46474132372484644, 0.8710425723016486, 0.46474132372484644, 0.46474132372484644, 0.46474132372484644, 0.8710425723016486, 0.094484759851875, 0.094484759851875, 0.094484759851875, 0.094484759851875, 0.8608073730180618, 0.4263437501124711, 0.094484759851875, 0.094484759851875, 0.46474132372484644, 0.46474132372484644, 0.8608073730180618, 0.4263437501124711, 0.8608073730180618, 0.8710425723016486, 0.8608073730180618, 0.46474132372484644, 0.46474132372484644, 0.094484759851875, 0.4263437501124711, 0.46474132372484644, 0.8608073730180618, 0.46474132372484644, 0.094484759851875, 0.8608073730180618, 0.094484759851875, 0.46474132372484644, 0.094484759851875, 0.8608073730180618, 0.094484759851875, 0.094484759851875, 0.46474132372484644, 0.094484759851875, 0.094484759851875, 0.4263437501124711, 0.094484759851875, 0.4263437501124711, 0.46474132372484644, 0.4263437501124711, 0.094484759851875, 0.094484759851875, 0.8608073730180618, 0.46474132372484644, 0.8710425723016486, 0.46474132372484644, 0.46474132372484644, 0.4263437501124711, 0.4263437501124711, 0.094484759851875, 0.8608073730180618, 0.9796375407811816, 0.8608073730180618, 0.8608073730180618, 0.094484759851875, 0.4480412880561045, 0.4263437501124711, 0.8608073730180618, 0.46474132372484644, 0.46474132372484644, 0.8608073730180618, 0.46474132372484644, 0.4480412880561045, 0.8608073730180618, 0.8608073730180618, 0.46474132372484644, 0.46474132372484644, 0.46474132372484644, 0.8608073730180618, 0.46474132372484644, 0.46474132372484644, 0.46474132372484644, 0.46474132372484644, 0.46474132372484644, 0.4263437501124711, 0.8608073730180618, 0.094484759851875, 0.8608073730180618, 0.46474132372484644, 0.094484759851875, 0.8608073730180618, 0.094484759851875, 0.8608073730180618, 0.8608073730180618]",25,train,7
0.83,57,26,14,3,100,1,1,1,1,0,0,0,1,1,1,1,0,0,0,"(array([0.54136401, 0.67304593, 0.77339303, 0.72718537]), array([0.78836161, 0.7714265 , 0.68837017, 0.75274199]), array([0.20413667, 0.22238591, 0.30403474, 0.24163999]), array([0.45959005, 0.32778555, 0.22508867, 0.27223307]))","['QwenPRM_avg_scores (7.63B)', 'EurusPRMStage2_avg_scores (7.62B)', 'DeepSeekQwen (32B)', 'GPM (8B)']","[0.8710425723016486, 0.9796375407811816, 0.46474132372484644, 0.46474132372484644, 0.852543786643786, 0.8710425723016486, 0.46474132372484644, 0.8710425723016486, 0.46474132372484644, 0.852543786643786, 0.852543786643786, 0.9796375407811816, 0.8710425723016486, 0.9796375407811816, 0.46474132372484644, 0.094484759851875, 0.46474132372484644, 0.8608073730180618, 0.9796375407811816, 0.46474132372484644, 0.8710425723016486, 0.8710425723016486, 0.9796375407811816, 0.8710425723016486, 0.852543786643786, 0.8710425723016486, 0.8710425723016486, 0.9796375407811816, 0.8710425723016486, 0.46474132372484644, 0.46474132372484644, 0.8710425723016486, 0.46474132372484644, 0.9796375407811816, 0.46474132372484644, 0.8710425723016486, 0.094484759851875, 0.8710425723016486, 0.852543786643786, 0.9796375407811816, 0.9796375407811816, 0.46474132372484644, 0.8710425723016486, 0.8710425723016486, 0.4480412880561045, 0.9796375407811816, 0.9796375407811816, 0.4480412880561045, 0.8710425723016486, 0.8710425723016486, 0.4480412880561045, 0.46474132372484644, 0.9796375407811816, 0.8710425723016486, 0.8710425723016486, 0.8710425723016486, 0.46474132372484644, 0.8710425723016486, 0.46474132372484644, 0.46474132372484644, 0.852543786643786, 0.9796375407811816, 0.094484759851875, 0.8710425723016486, 0.46474132372484644, 0.9796375407811816, 0.9796375407811816, 0.46474132372484644, 0.8608073730180618, 0.9796375407811816, 0.8710425723016486, 0.46474132372484644, 0.8710425723016486, 0.8710425723016486, 0.9796375407811816, 0.9796375407811816, 0.46474132372484644, 0.9796375407811816, 0.8710425723016486, 0.8710425723016486, 0.9796375407811816, 0.8710425723016486, 0.9796375407811816, 0.9796375407811816, 0.852543786643786, 0.9796375407811816, 0.9796375407811816, 0.8710425723016486, 0.094484759851875, 0.852543786643786, 0.4480412880561045, 0.8710425723016486, 0.8710425723016486, 0.852543786643786, 0.9796375407811816, 0.8710425723016486, 0.46474132372484644, 0.9796375407811816, 0.8710425723016486, 0.9796375407811816]",26,train,5
0.99,99,0,0,1,100,0,1,1,1,0,0,0,0,1,1,1,0,0,0,"(array([0.54136401, 0.67304593, 0.77339303, 0.72718537]), array([0.78836161, 0.7714265 , 0.68837017, 0.75274199]), array([0.20413667, 0.22238591, 0.30403474, 0.24163999]), array([0.45959005, 0.32778555, 0.22508867, 0.27223307]))","['QwenPRM_avg_scores (7.63B)', 'EurusPRMStage2_avg_scores (7.62B)', 'DeepSeekQwen (32B)', 'GPM (8B)']","[0.9954515676881197, 0.9954515676881197, 0.96848082794537, 0.96848082794537, 0.9633716757574559, 0.9954515676881197, 0.9954515676881197, 0.852543786643786, 0.9796375407811816, 0.9796375407811816, 0.9954515676881197, 0.9954515676881197, 0.9796375407811816, 0.9796375407811816, 0.9954515676881197, 0.9954515676881197, 0.852543786643786, 0.8710425723016486, 0.9954515676881197, 0.852543786643786, 0.852543786643786, 0.9954515676881197, 0.9954515676881197, 0.9656744284394709, 0.9954515676881197, 0.9954515676881197, 0.8710425723016486, 0.9954515676881197, 0.9796375407811816, 0.9633716757574559, 0.852543786643786, 0.9954515676881197, 0.9796375407811816, 0.852543786643786, 0.9633716757574559, 0.9796375407811816, 0.9954515676881197, 0.852543786643786, 0.9796375407811816, 0.9954515676881197, 0.9633716757574559, 0.9954515676881197, 0.96848082794537, 0.9954515676881197, 0.852543786643786, 0.96848082794537, 0.9954515676881197, 0.9796375407811816, 0.9633716757574559, 0.9796375407811816, 0.9796375407811816, 0.9954515676881197, 0.9796375407811816, 0.9954515676881197, 0.9954515676881197, 0.9954515676881197, 0.9954515676881197, 0.9954515676881197, 0.8710425723016486, 0.9796375407811816, 0.9954515676881197, 0.9633716757574559, 0.9954515676881197, 0.9954515676881197, 0.9954515676881197, 0.96848082794537, 0.9796375407811816, 0.9796375407811816, 0.9796375407811816, 0.9954515676881197, 0.96848082794537, 0.9633716757574559, 0.9954515676881197, 0.9796375407811816, 0.4480412880561045, 0.9796375407811816, 0.9954515676881197, 0.9954515676881197, 0.9633716757574559, 0.9633716757574559, 0.852543786643786, 0.96848082794537, 0.96848082794537, 0.9796375407811816, 0.9954515676881197, 0.9633716757574559, 0.9633716757574559, 0.9796375407811816, 0.9954515676881197, 0.9954515676881197, 0.9954515676881197, 0.9954515676881197, 0.9633716757574559, 0.8710425723016486, 0.9954515676881197, 0.9796375407811816, 0.9954515676881197, 0.96848082794537, 0.9954515676881197, 0.9796375407811816]",27,train,9
0.86,39,47,11,3,100,23,1,1,1,0,0,0,23,1,1,1,0,0,0,"(array([0.54136401, 0.67304593, 0.77339303, 0.72718537]), array([0.78836161, 0.7714265 , 0.68837017, 0.75274199]), array([0.20413667, 0.22238591, 0.30403474, 0.24163999]), array([0.45959005, 0.32778555, 0.22508867, 0.27223307]))","['QwenPRM_avg_scores (7.63B)', 'EurusPRMStage2_avg_scores (7.62B)', 'DeepSeekQwen (32B)', 'GPM (8B)']","[0.852543786643786, 0.9796375407811816, 0.852543786643786, 0.852543786643786, 0.9796375407811816, 0.46474132372484644, 0.094484759851875, 0.4263437501124711, 0.4263437501124711, 0.094484759851875, 0.4480412880561045, 0.8608073730180618, 0.8710425723016486, 0.8608073730180618, 0.094484759851875, 0.4263437501124711, 0.094484759851875, 0.8710425723016486, 0.094484759851875, 0.852543786643786, 0.4263437501124711, 0.4480412880561045, 0.9796375407811816, 0.9954515676881197, 0.094484759851875, 0.8608073730180618, 0.4263437501124711, 0.4263437501124711, 0.094484759851875, 0.8710425723016486, 0.8710425723016486, 0.4263437501124711, 0.8710425723016486, 0.46474132372484644, 0.094484759851875, 0.9796375407811816, 0.094484759851875, 0.852543786643786, 0.852543786643786, 0.4263437501124711, 0.8710425723016486, 0.8710425723016486, 0.4263437501124711, 0.8710425723016486, 0.4263437501124711, 0.46474132372484644, 0.094484759851875, 0.9796375407811816, 0.094484759851875, 0.8710425723016486, 0.094484759851875, 0.4480412880561045, 0.8608073730180618, 0.9796375407811816, 0.9954515676881197, 0.9954515676881197, 0.8608073730180618, 0.8710425723016486, 0.8710425723016486, 0.4263437501124711, 0.9796375407811816, 0.46474132372484644, 0.4263437501124711, 0.9796375407811816, 0.46474132372484644, 0.094484759851875, 0.96848082794537, 0.852543786643786, 0.4263437501124711, 0.9633716757574559, 0.9796375407811816, 0.094484759851875, 0.094484759851875, 0.8710425723016486, 0.8710425723016486, 0.9796375407811816, 0.4263437501124711, 0.094484759851875, 0.094484759851875, 0.094484759851875, 0.9796375407811816, 0.9656744284394709, 0.9796375407811816, 0.094484759851875, 0.4263437501124711, 0.9796375407811816, 0.9796375407811816, 0.4480412880561045, 0.094484759851875, 0.852543786643786, 0.9796375407811816, 0.46474132372484644, 0.9796375407811816, 0.9796375407811816, 0.9954515676881197, 0.094484759851875, 0.46474132372484644, 0.4480412880561045, 0.3218808881541403, 0.4263437501124711]",28,train,4
0.99,97,2,0,1,100,0,1,1,1,0,0,0,0,1,1,1,0,0,0,"(array([0.54136401, 0.67304593, 0.77339303, 0.72718537]), array([0.78836161, 0.7714265 , 0.68837017, 0.75274199]), array([0.20413667, 0.22238591, 0.30403474, 0.24163999]), array([0.45959005, 0.32778555, 0.22508867, 0.27223307]))","['QwenPRM_avg_scores (7.63B)', 'EurusPRMStage2_avg_scores (7.62B)', 'DeepSeekQwen (32B)', 'GPM (8B)']","[0.9954515676881197, 0.9633716757574559, 0.9796375407811816, 0.9633716757574559, 0.9954515676881197, 0.852543786643786, 0.8710425723016486, 0.9796375407811816, 0.9796375407811816, 0.8608073730180618, 0.9954515676881197, 0.9796375407811816, 0.9656744284394709, 0.8710425723016486, 0.9796375407811816, 0.9796375407811816, 0.852543786643786, 0.9954515676881197, 0.9633716757574559, 0.9633716757574559, 0.9796375407811816, 0.9633716757574559, 0.9954515676881197, 0.9954515676881197, 0.9633716757574559, 0.4480412880561045, 0.9796375407811816, 0.9796375407811816, 0.8710425723016486, 0.9796375407811816, 0.9796375407811816, 0.9633716757574559, 0.96848082794537, 0.9633716757574559, 0.9796375407811816, 0.9633716757574559, 0.96848082794537, 0.9796375407811816, 0.9796375407811816, 0.9796375407811816, 0.9796375407811816, 0.9633716757574559, 0.9954515676881197, 0.9954515676881197, 0.9796375407811816, 0.9954515676881197, 0.9954515676881197, 0.9954515676881197, 0.8710425723016486, 0.9954515676881197, 0.9633716757574559, 0.9633716757574559, 0.9796375407811816, 0.9633716757574559, 0.9954515676881197, 0.852543786643786, 0.9796375407811816, 0.8710425723016486, 0.9796375407811816, 0.9954515676881197, 0.9633716757574559, 0.9796375407811816, 0.9954515676881197, 0.9796375407811816, 0.4480412880561045, 0.8710425723016486, 0.9954515676881197, 0.9633716757574559, 0.9656744284394709, 0.9954515676881197, 0.96848082794537, 0.9954515676881197, 0.9954515676881197, 0.9633716757574559, 0.8710425723016486, 0.9796375407811816, 0.852543786643786, 0.9954515676881197, 0.9954515676881197, 0.8710425723016486, 0.9633716757574559, 0.9633716757574559, 0.9633716757574559, 0.96848082794537, 0.9954515676881197, 0.96848082794537, 0.9796375407811816, 0.9954515676881197, 0.094484759851875, 0.9796375407811816, 0.852543786643786, 0.852543786643786, 0.96848082794537, 0.9796375407811816, 0.9954515676881197, 0.9954515676881197, 0.9954515676881197, 0.9954515676881197, 0.96848082794537, 0.9796375407811816]",29,train,9
0.75,70,5,0,25,100,4,1,1,1,0,0,0,4,1,1,1,0,0,0,"(array([0.54136401, 0.67304593, 0.77339303, 0.72718537]), array([0.78836161, 0.7714265 , 0.68837017, 0.75274199]), array([0.20413667, 0.22238591, 0.30403474, 0.24163999]), array([0.45959005, 0.32778555, 0.22508867, 0.27223307]))","['QwenPRM_avg_scores (7.63B)', 'EurusPRMStage2_avg_scores (7.62B)', 'DeepSeekQwen (32B)', 'GPM (8B)']","[0.9796375407811816, 0.8710425723016486, 0.8710425723016486, 0.094484759851875, 0.9954515676881197, 0.8710425723016486, 0.8710425723016486, 0.9796375407811816, 0.8710425723016486, 0.8710425723016486, 0.8710425723016486, 0.9796375407811816, 0.4480412880561045, 0.9796375407811816, 0.8710425723016486, 0.094484759851875, 0.8710425723016486, 0.46474132372484644, 0.46474132372484644, 0.46474132372484644, 0.46474132372484644, 0.46474132372484644, 0.9796375407811816, 0.46474132372484644, 0.8710425723016486, 0.8710425723016486, 0.8710425723016486, 0.8710425723016486, 0.9796375407811816, 0.46474132372484644, 0.094484759851875, 0.9796375407811816, 0.9796375407811816, 0.46474132372484644, 0.46474132372484644, 0.46474132372484644, 0.8710425723016486, 0.8710425723016486, 0.9954515676881197, 0.8710425723016486, 0.8608073730180618, 0.8710425723016486, 0.8710425723016486, 0.9796375407811816, 0.4480412880561045, 0.9796375407811816, 0.8710425723016486, 0.8710425723016486, 0.9796375407811816, 0.8710425723016486, 0.8710425723016486, 0.4480412880561045, 0.094484759851875, 0.8710425723016486, 0.8710425723016486, 0.8710425723016486, 0.9954515676881197, 0.8710425723016486, 0.8710425723016486, 0.9796375407811816, 0.8710425723016486, 0.8710425723016486, 0.8710425723016486, 0.9796375407811816, 0.4263437501124711, 0.852543786643786, 0.8710425723016486, 0.8710425723016486, 0.8710425723016486, 0.46474132372484644, 0.8710425723016486, 0.094484759851875, 0.46474132372484644, 0.8710425723016486, 0.852543786643786, 0.9796375407811816, 0.9796375407811816, 0.4480412880561045, 0.8710425723016486, 0.9796375407811816, 0.8710425723016486, 0.46474132372484644, 0.46474132372484644, 0.46474132372484644, 0.094484759851875, 0.46474132372484644, 0.9796375407811816, 0.8710425723016486, 0.8710425723016486, 0.8608073730180618, 0.8710425723016486, 0.46474132372484644, 0.8710425723016486, 0.46474132372484644, 0.9796375407811816, 0.8710425723016486, 0.8710425723016486, 0.8710425723016486, 0.094484759851875, 0.9796375407811816]",30,train,9
0.93,92,1,0,7,100,1,1,1,1,0,0,0,1,1,1,1,0,0,0,"(array([0.54136401, 0.67304593, 0.77339303, 0.72718537]), array([0.78836161, 0.7714265 , 0.68837017, 0.75274199]), array([0.20413667, 0.22238591, 0.30403474, 0.24163999]), array([0.45959005, 0.32778555, 0.22508867, 0.27223307]))","['QwenPRM_avg_scores (7.63B)', 'EurusPRMStage2_avg_scores (7.62B)', 'DeepSeekQwen (32B)', 'GPM (8B)']","[0.852543786643786, 0.9954515676881197, 0.9796375407811816, 0.8710425723016486, 0.9954515676881197, 0.8710425723016486, 0.96848082794537, 0.7868994424157443, 0.96848082794537, 0.9954515676881197, 0.9633716757574559, 0.8710425723016486, 0.9633716757574559, 0.9954515676881197, 0.9796375407811816, 0.9954515676881197, 0.852543786643786, 0.094484759851875, 0.9954515676881197, 0.9796375407811816, 0.8710425723016486, 0.8710425723016486, 0.9633716757574559, 0.9954515676881197, 0.9656744284394709, 0.8710425723016486, 0.8710425723016486, 0.8710425723016486, 0.96848082794537, 0.8710425723016486, 0.8710425723016486, 0.9954515676881197, 0.8710425723016486, 0.9796375407811816, 0.8710425723016486, 0.852543786643786, 0.9633716757574559, 0.9954515676881197, 0.9954515676881197, 0.9796375407811816, 0.8710425723016486, 0.4480412880561045, 0.4480412880561045, 0.4480412880561045, 0.8710425723016486, 0.9954515676881197, 0.8710425723016486, 0.8710425723016486, 0.96848082794537, 0.9954515676881197, 0.9796375407811816, 0.852543786643786, 0.9796375407811816, 0.8710425723016486, 0.8710425723016486, 0.4480412880561045, 0.96848082794537, 0.8710425723016486, 0.9954515676881197, 0.96848082794537, 0.4480412880561045, 0.8710425723016486, 0.9796375407811816, 0.9954515676881197, 0.8710425723016486, 0.9796375407811816, 0.96848082794537, 0.4480412880561045, 0.9796375407811816, 0.8710425723016486, 0.8710425723016486, 0.8710425723016486, 0.8710425723016486, 0.8710425723016486, 0.9796375407811816, 0.9954515676881197, 0.4480412880561045, 0.9796375407811816, 0.9796375407811816, 0.8710425723016486, 0.8710425723016486, 0.96848082794537, 0.9796375407811816, 0.9633716757574559, 0.9954515676881197, 0.9633716757574559, 0.8710425723016486, 0.9633716757574559, 0.8710425723016486, 0.8710425723016486, 0.9796375407811816, 0.9633716757574559, 0.8710425723016486, 0.8710425723016486, 0.9796375407811816, 0.8710425723016486, 0.8710425723016486, 0.9633716757574559, 0.96848082794537, 0.9796375407811816]",31,train,9
0.93,93,0,0,7,100,15,1,1,1,0,0,0,15,1,1,1,0,0,0,"(array([0.54136401, 0.67304593, 0.77339303, 0.72718537]), array([0.78836161, 0.7714265 , 0.68837017, 0.75274199]), array([0.20413667, 0.22238591, 0.30403474, 0.24163999]), array([0.45959005, 0.32778555, 0.22508867, 0.27223307]))","['QwenPRM_avg_scores (7.63B)', 'EurusPRMStage2_avg_scores (7.62B)', 'DeepSeekQwen (32B)', 'GPM (8B)']","[0.8710425723016486, 0.8710425723016486, 0.96848082794537, 0.8710425723016486, 0.8710425723016486, 0.8710425723016486, 0.8710425723016486, 0.8710425723016486, 0.852543786643786, 0.8710425723016486, 0.9796375407811816, 0.8710425723016486, 0.9796375407811816, 0.4480412880561045, 0.9796375407811816, 0.9954515676881197, 0.9796375407811816, 0.9796375407811816, 0.8710425723016486, 0.852543786643786, 0.9796375407811816, 0.8710425723016486, 0.8710425723016486, 0.852543786643786, 0.4480412880561045, 0.852543786643786, 0.8710425723016486, 0.9796375407811816, 0.9954515676881197, 0.4480412880561045, 0.8710425723016486, 0.4480412880561045, 0.8710425723016486, 0.9796375407811816, 0.8710425723016486, 0.8710425723016486, 0.8710425723016486, 0.9796375407811816, 0.8710425723016486, 0.8710425723016486, 0.96848082794537, 0.852543786643786, 0.852543786643786, 0.9796375407811816, 0.9796375407811816, 0.9796375407811816, 0.9796375407811816, 0.8710425723016486, 0.852543786643786, 0.852543786643786, 0.8710425723016486, 0.46474132372484644, 0.9633716757574559, 0.9954515676881197, 0.9633716757574559, 0.9796375407811816, 0.9796375407811816, 0.9796375407811816, 0.852543786643786, 0.9796375407811816, 0.9796375407811816, 0.8710425723016486, 0.8710425723016486, 0.8710425723016486, 0.9633716757574559, 0.8710425723016486, 0.8710425723016486, 0.8710425723016486, 0.8710425723016486, 0.9796375407811816, 0.9796375407811816, 0.8710425723016486, 0.9796375407811816, 0.852543786643786, 0.9633716757574559, 0.9796375407811816, 0.8710425723016486, 0.9796375407811816, 0.9796375407811816, 0.4480412880561045, 0.8710425723016486, 0.9796375407811816, 0.8710425723016486, 0.8710425723016486, 0.4480412880561045, 0.852543786643786, 0.7979700302578486, 0.9796375407811816, 0.9633716757574559, 0.9796375407811816, 0.9796375407811816, 0.8710425723016486, 0.8710425723016486, 0.9796375407811816, 0.8710425723016486, 0.8710425723016486, 0.9796375407811816, 0.852543786643786, 0.9796375407811816, 0.8710425723016486]",32,train,9
0.97,97,0,0,3,100,3,1,1,1,0,0,0,3,1,1,1,0,0,0,"(array([0.54136401, 0.67304593, 0.77339303, 0.72718537]), array([0.78836161, 0.7714265 , 0.68837017, 0.75274199]), array([0.20413667, 0.22238591, 0.30403474, 0.24163999]), array([0.45959005, 0.32778555, 0.22508867, 0.27223307]))","['QwenPRM_avg_scores (7.63B)', 'EurusPRMStage2_avg_scores (7.62B)', 'DeepSeekQwen (32B)', 'GPM (8B)']","[0.8710425723016486, 0.4480412880561045, 0.9796375407811816, 0.9954515676881197, 0.8710425723016486, 0.9954515676881197, 0.96848082794537, 0.8710425723016486, 0.9954515676881197, 0.96848082794537, 0.9954515676881197, 0.852543786643786, 0.8710425723016486, 0.9954515676881197, 0.9954515676881197, 0.4480412880561045, 0.8710425723016486, 0.8710425723016486, 0.9796375407811816, 0.9954515676881197, 0.9633716757574559, 0.9796375407811816, 0.96848082794537, 0.9954515676881197, 0.9796375407811816, 0.852543786643786, 0.9954515676881197, 0.9633716757574559, 0.9954515676881197, 0.9796375407811816, 0.8710425723016486, 0.9954515676881197, 0.8710425723016486, 0.9954515676881197, 0.8710425723016486, 0.8710425723016486, 0.96848082794537, 0.9954515676881197, 0.7868994424157443, 0.9633716757574559, 0.9796375407811816, 0.9954515676881197, 0.8710425723016486, 0.96848082794537, 0.9633716757574559, 0.9633716757574559, 0.852543786643786, 0.9954515676881197, 0.9796375407811816, 0.9633716757574559, 0.9796375407811816, 0.9633716757574559, 0.9796375407811816, 0.9954515676881197, 0.9954515676881197, 0.8710425723016486, 0.9796375407811816, 0.852543786643786, 0.8710425723016486, 0.8710425723016486, 0.9954515676881197, 0.8710425723016486, 0.9954515676881197, 0.9954515676881197, 0.8710425723016486, 0.9633716757574559, 0.9633716757574559, 0.96848082794537, 0.9796375407811816, 0.4263437501124711, 0.7868994424157443, 0.9633716757574559, 0.8710425723016486, 0.8710425723016486, 0.9954515676881197, 0.96848082794537, 0.9954515676881197, 0.8710425723016486, 0.9954515676881197, 0.9954515676881197, 0.8710425723016486, 0.8710425723016486, 0.9796375407811816, 0.9633716757574559, 0.9954515676881197, 0.8710425723016486, 0.9954515676881197, 0.8710425723016486, 0.8710425723016486, 0.9954515676881197, 0.9796375407811816, 0.9954515676881197, 0.9954515676881197, 0.9796375407811816, 0.7868994424157443, 0.9954515676881197, 0.9954515676881197, 0.96848082794537, 0.9954515676881197, 0.9796375407811816]",33,train,9
0.98,0,98,2,0,100,3,0,0,0,0,1,0,0,0,1,0,1,0,0,"(array([0.54136401, 0.67304593, 0.77339303, 0.72718537]), array([0.78836161, 0.7714265 , 0.68837017, 0.75274199]), array([0.20413667, 0.22238591, 0.30403474, 0.24163999]), array([0.45959005, 0.32778555, 0.22508867, 0.27223307]))","['QwenPRM_avg_scores (7.63B)', 'EurusPRMStage2_avg_scores (7.62B)', 'DeepSeekQwen (32B)', 'GPM (8B)']","[0.094484759851875, 0.094484759851875, 0.094484759851875, 0.8608073730180618, 0.094484759851875, 0.094484759851875, 0.094484759851875, 0.094484759851875, 0.094484759851875, 0.094484759851875, 0.094484759851875, 0.094484759851875, 0.094484759851875, 0.094484759851875, 0.094484759851875, 0.46474132372484644, 0.46474132372484644, 0.46474132372484644, 0.094484759851875, 0.094484759851875, 0.094484759851875, 0.094484759851875, 0.094484759851875, 0.094484759851875, 0.46474132372484644, 0.46474132372484644, 0.094484759851875, 0.094484759851875, 0.094484759851875, 0.094484759851875, 0.094484759851875, 0.094484759851875, 0.094484759851875, 0.4480412880561045, 0.094484759851875, 0.094484759851875, 0.094484759851875, 0.46474132372484644, 0.094484759851875, 0.094484759851875, 0.094484759851875, 0.46474132372484644, 0.094484759851875, 0.8608073730180618, 0.094484759851875, 0.094484759851875, 0.094484759851875, 0.094484759851875, 0.094484759851875, 0.094484759851875, 0.094484759851875, 0.46474132372484644, 0.46474132372484644, 0.094484759851875, 0.094484759851875, 0.4263437501124711, 0.4263437501124711, 0.094484759851875, 0.094484759851875, 0.094484759851875, 0.46474132372484644, 0.094484759851875, 0.094484759851875, 0.4263437501124711, 0.094484759851875, 0.094484759851875, 0.46474132372484644, 0.46474132372484644, 0.094484759851875, 0.094484759851875, 0.094484759851875, 0.46474132372484644, 0.094484759851875, 0.46474132372484644, 0.094484759851875, 0.094484759851875, 0.094484759851875, 0.094484759851875, 0.46474132372484644, 0.094484759851875, 0.094484759851875, 0.094484759851875, 0.094484759851875, 0.094484759851875, 0.46474132372484644, 0.094484759851875, 0.094484759851875, 0.46474132372484644, 0.46474132372484644, 0.094484759851875, 0.46474132372484644, 0.46474132372484644, 0.094484759851875, 0.46474132372484644, 0.46474132372484644, 0.46474132372484644, 0.46474132372484644, 0.094484759851875, 0.094484759851875, 0.46474132372484644]",34,train,0
0.99,93,6,1,0,100,4,1,1,1,0,0,0,4,1,1,1,0,0,0,"(array([0.54136401, 0.67304593, 0.77339303, 0.72718537]), array([0.78836161, 0.7714265 , 0.68837017, 0.75274199]), array([0.20413667, 0.22238591, 0.30403474, 0.24163999]), array([0.45959005, 0.32778555, 0.22508867, 0.27223307]))","['QwenPRM_avg_scores (7.63B)', 'EurusPRMStage2_avg_scores (7.62B)', 'DeepSeekQwen (32B)', 'GPM (8B)']","[0.46474132372484644, 0.9796375407811816, 0.9796375407811816, 0.96848082794537, 0.9954515676881197, 0.9954515676881197, 0.9954515676881197, 0.9954515676881197, 0.9954515676881197, 0.9954515676881197, 0.9796375407811816, 0.9954515676881197, 0.8710425723016486, 0.9633716757574559, 0.9954515676881197, 0.9633716757574559, 0.9954515676881197, 0.9633716757574559, 0.852543786643786, 0.8608073730180618, 0.9633716757574559, 0.852543786643786, 0.852543786643786, 0.9796375407811816, 0.9954515676881197, 0.9954515676881197, 0.9633716757574559, 0.852543786643786, 0.9954515676881197, 0.9633716757574559, 0.9954515676881197, 0.9954515676881197, 0.9796375407811816, 0.9954515676881197, 0.9954515676881197, 0.9633716757574559, 0.9954515676881197, 0.9954515676881197, 0.9633716757574559, 0.9954515676881197, 0.8710425723016486, 0.9954515676881197, 0.9954515676881197, 0.9954515676881197, 0.9954515676881197, 0.9633716757574559, 0.9633716757574559, 0.9954515676881197, 0.9954515676881197, 0.9796375407811816, 0.9954515676881197, 0.46474132372484644, 0.9796375407811816, 0.9954515676881197, 0.9954515676881197, 0.96848082794537, 0.9954515676881197, 0.9796375407811816, 0.9954515676881197, 0.46474132372484644, 0.9796375407811816, 0.96848082794537, 0.9954515676881197, 0.9633716757574559, 0.9633716757574559, 0.96848082794537, 0.9633716757574559, 0.9796375407811816, 0.9796375407811816, 0.9633716757574559, 0.9796375407811816, 0.852543786643786, 0.96848082794537, 0.9954515676881197, 0.9796375407811816, 0.46474132372484644, 0.46474132372484644, 0.852543786643786, 0.9796375407811816, 0.9954515676881197, 0.9954515676881197, 0.9796375407811816, 0.9633716757574559, 0.9954515676881197, 0.9796375407811816, 0.9954515676881197, 0.852543786643786, 0.96848082794537, 0.9954515676881197, 0.8710425723016486, 0.9954515676881197, 0.9633716757574559, 0.8608073730180618, 0.9954515676881197, 0.9954515676881197, 0.46474132372484644, 0.9633716757574559, 0.9796375407811816, 0.852543786643786, 0.9954515676881197]",35,train,9
0.92,80,12,2,6,100,5,1,1,1,0,0,0,5,1,1,1,0,0,0,"(array([0.54136401, 0.67304593, 0.77339303, 0.72718537]), array([0.78836161, 0.7714265 , 0.68837017, 0.75274199]), array([0.20413667, 0.22238591, 0.30403474, 0.24163999]), array([0.45959005, 0.32778555, 0.22508867, 0.27223307]))","['QwenPRM_avg_scores (7.63B)', 'EurusPRMStage2_avg_scores (7.62B)', 'DeepSeekQwen (32B)', 'GPM (8B)']","[0.852543786643786, 0.9796375407811816, 0.9796375407811816, 0.8710425723016486, 0.9796375407811816, 0.9954515676881197, 0.8710425723016486, 0.9954515676881197, 0.9796375407811816, 0.9796375407811816, 0.094484759851875, 0.852543786643786, 0.9796375407811816, 0.9796375407811816, 0.96848082794537, 0.094484759851875, 0.9796375407811816, 0.9796375407811816, 0.4263437501124711, 0.9796375407811816, 0.9796375407811816, 0.9796375407811816, 0.8710425723016486, 0.8710425723016486, 0.8710425723016486, 0.9796375407811816, 0.46474132372484644, 0.8710425723016486, 0.9796375407811816, 0.9796375407811816, 0.852543786643786, 0.094484759851875, 0.9796375407811816, 0.9954515676881197, 0.9796375407811816, 0.8710425723016486, 0.9796375407811816, 0.9796375407811816, 0.852543786643786, 0.9796375407811816, 0.9796375407811816, 0.8710425723016486, 0.4480412880561045, 0.9796375407811816, 0.4480412880561045, 0.9796375407811816, 0.8710425723016486, 0.9796375407811816, 0.852543786643786, 0.9796375407811816, 0.094484759851875, 0.9796375407811816, 0.8710425723016486, 0.9796375407811816, 0.852543786643786, 0.9796375407811816, 0.4263437501124711, 0.46474132372484644, 0.9796375407811816, 0.9796375407811816, 0.8710425723016486, 0.852543786643786, 0.852543786643786, 0.8710425723016486, 0.9954515676881197, 0.9796375407811816, 0.46474132372484644, 0.9796375407811816, 0.9796375407811816, 0.852543786643786, 0.4480412880561045, 0.8710425723016486, 0.094484759851875, 0.8710425723016486, 0.4480412880561045, 0.9796375407811816, 0.9796375407811816, 0.4480412880561045, 0.9796375407811816, 0.46474132372484644, 0.9796375407811816, 0.852543786643786, 0.9796375407811816, 0.8710425723016486, 0.8710425723016486, 0.094484759851875, 0.852543786643786, 0.9796375407811816, 0.9796375407811816, 0.9796375407811816, 0.094484759851875, 0.9796375407811816, 0.852543786643786, 0.9954515676881197, 0.9796375407811816, 0.9796375407811816, 0.9796375407811816, 0.8710425723016486, 0.8710425723016486, 0.852543786643786]",36,train,8
0.84,11,73,3,13,100,43,1,1,1,0,0,0,43,1,1,1,0,0,0,"(array([0.54136401, 0.67304593, 0.77339303, 0.72718537]), array([0.78836161, 0.7714265 , 0.68837017, 0.75274199]), array([0.20413667, 0.22238591, 0.30403474, 0.24163999]), array([0.45959005, 0.32778555, 0.22508867, 0.27223307]))","['QwenPRM_avg_scores (7.63B)', 'EurusPRMStage2_avg_scores (7.62B)', 'DeepSeekQwen (32B)', 'GPM (8B)']","[0.46474132372484644, 0.094484759851875, 0.4480412880561045, 0.9633716757574559, 0.4263437501124711, 0.094484759851875, 0.094484759851875, 0.8710425723016486, 0.094484759851875, 0.46474132372484644, 0.852543786643786, 0.46474132372484644, 0.094484759851875, 0.094484759851875, 0.4480412880561045, 0.094484759851875, 0.094484759851875, 0.094484759851875, 0.46474132372484644, 0.96848082794537, 0.094484759851875, 0.094484759851875, 0.46474132372484644, 0.094484759851875, 0.094484759851875, 0.852543786643786, 0.094484759851875, 0.094484759851875, 0.094484759851875, 0.8608073730180618, 0.8608073730180618, 0.094484759851875, 0.46474132372484644, 0.7868994424157443, 0.46474132372484644, 0.46474132372484644, 0.46474132372484644, 0.094484759851875, 0.094484759851875, 0.094484759851875, 0.094484759851875, 0.46474132372484644, 0.094484759851875, 0.9796375407811816, 0.094484759851875, 0.094484759851875, 0.46474132372484644, 0.094484759851875, 0.4480412880561045, 0.4480412880561045, 0.094484759851875, 0.094484759851875, 0.8710425723016486, 0.4263437501124711, 0.9796375407811816, 0.4480412880561045, 0.094484759851875, 0.46474132372484644, 0.094484759851875, 0.9796375407811816, 0.4480412880561045, 0.46474132372484644, 0.8710425723016486, 0.094484759851875, 0.8710425723016486, 0.4263437501124711, 0.46474132372484644, 0.4480412880561045, 0.46474132372484644, 0.094484759851875, 0.094484759851875, 0.094484759851875, 0.094484759851875, 0.4480412880561045, 0.094484759851875, 0.4480412880561045, 0.094484759851875, 0.094484759851875, 0.46474132372484644, 0.094484759851875, 0.46474132372484644, 0.094484759851875, 0.46474132372484644, 0.094484759851875, 0.094484759851875, 0.094484759851875, 0.094484759851875, 0.4480412880561045, 0.094484759851875, 0.094484759851875, 0.46474132372484644, 0.46474132372484644, 0.4480412880561045, 0.094484759851875, 0.46474132372484644, 0.094484759851875, 0.094484759851875, 0.46474132372484644, 0.094484759851875, 0.46474132372484644]",37,train,2
0.98,95,3,1,1,100,0,1,1,1,0,0,0,0,1,1,1,0,0,0,"(array([0.54136401, 0.67304593, 0.77339303, 0.72718537]), array([0.78836161, 0.7714265 , 0.68837017, 0.75274199]), array([0.20413667, 0.22238591, 0.30403474, 0.24163999]), array([0.45959005, 0.32778555, 0.22508867, 0.27223307]))","['QwenPRM_avg_scores (7.63B)', 'EurusPRMStage2_avg_scores (7.62B)', 'DeepSeekQwen (32B)', 'GPM (8B)']","[0.9954515676881197, 0.9796375407811816, 0.9796375407811816, 0.9954515676881197, 0.9954515676881197, 0.9954515676881197, 0.9954515676881197, 0.9633716757574559, 0.9954515676881197, 0.094484759851875, 0.9954515676881197, 0.9954515676881197, 0.9796375407811816, 0.9954515676881197, 0.9954515676881197, 0.9954515676881197, 0.852543786643786, 0.9954515676881197, 0.9954515676881197, 0.9954515676881197, 0.9633716757574559, 0.9796375407811816, 0.9954515676881197, 0.9633716757574559, 0.9633716757574559, 0.9954515676881197, 0.9954515676881197, 0.9954515676881197, 0.9796375407811816, 0.852543786643786, 0.9633716757574559, 0.9633716757574559, 0.9954515676881197, 0.9796375407811816, 0.9954515676881197, 0.8710425723016486, 0.9954515676881197, 0.9954515676881197, 0.9796375407811816, 0.9796375407811816, 0.9796375407811816, 0.094484759851875, 0.9796375407811816, 0.8710425723016486, 0.4263437501124711, 0.9796375407811816, 0.9954515676881197, 0.9954515676881197, 0.9954515676881197, 0.8710425723016486, 0.9796375407811816, 0.9796375407811816, 0.96848082794537, 0.9796375407811816, 0.9954515676881197, 0.96848082794537, 0.8608073730180618, 0.094484759851875, 0.852543786643786, 0.9633716757574559, 0.852543786643786, 0.9954515676881197, 0.9954515676881197, 0.96848082794537, 0.9633716757574559, 0.9954515676881197, 0.9954515676881197, 0.96848082794537, 0.9633716757574559, 0.9796375407811816, 0.9796375407811816, 0.9954515676881197, 0.9954515676881197, 0.9954515676881197, 0.9796375407811816, 0.9656744284394709, 0.9954515676881197, 0.9954515676881197, 0.9796375407811816, 0.9796375407811816, 0.8710425723016486, 0.9954515676881197, 0.9796375407811816, 0.9633716757574559, 0.9954515676881197, 0.9796375407811816, 0.9633716757574559, 0.852543786643786, 0.9954515676881197, 0.9796375407811816, 0.9954515676881197, 0.9954515676881197, 0.9954515676881197, 0.9954515676881197, 0.96848082794537, 0.9954515676881197, 0.9954515676881197, 0.9633716757574559, 0.9633716757574559, 0.9954515676881197]",38,train,9
0.98,98,0,0,2,100,7,1,1,1,0,0,0,7,1,1,1,0,0,0,"(array([0.54136401, 0.67304593, 0.77339303, 0.72718537]), array([0.78836161, 0.7714265 , 0.68837017, 0.75274199]), array([0.20413667, 0.22238591, 0.30403474, 0.24163999]), array([0.45959005, 0.32778555, 0.22508867, 0.27223307]))","['QwenPRM_avg_scores (7.63B)', 'EurusPRMStage2_avg_scores (7.62B)', 'DeepSeekQwen (32B)', 'GPM (8B)']","[0.9796375407811816, 0.9796375407811816, 0.9796375407811816, 0.852543786643786, 0.9796375407811816, 0.9796375407811816, 0.4480412880561045, 0.9954515676881197, 0.9796375407811816, 0.96848082794537, 0.9796375407811816, 0.9954515676881197, 0.9656744284394709, 0.9954515676881197, 0.9954515676881197, 0.9954515676881197, 0.9954515676881197, 0.9633716757574559, 0.7868994424157443, 0.9954515676881197, 0.9633716757574559, 0.9633716757574559, 0.9954515676881197, 0.9954515676881197, 0.9796375407811816, 0.9954515676881197, 0.9954515676881197, 0.9796375407811816, 0.9954515676881197, 0.9954515676881197, 0.9954515676881197, 0.9633716757574559, 0.9796375407811816, 0.9954515676881197, 0.9633716757574559, 0.9954515676881197, 0.9633716757574559, 0.9954515676881197, 0.9954515676881197, 0.9954515676881197, 0.9796375407811816, 0.9954515676881197, 0.9633716757574559, 0.9796375407811816, 0.9633716757574559, 0.9954515676881197, 0.9954515676881197, 0.9954515676881197, 0.852543786643786, 0.9954515676881197, 0.9954515676881197, 0.9796375407811816, 0.9954515676881197, 0.9954515676881197, 0.96848082794537, 0.4480412880561045, 0.9954515676881197, 0.9633716757574559, 0.9633716757574559, 0.9954515676881197, 0.8710425723016486, 0.9796375407811816, 0.9796375407811816, 0.9954515676881197, 0.9633716757574559, 0.9954515676881197, 0.9633716757574559, 0.9954515676881197, 0.9633716757574559, 0.852543786643786, 0.96848082794537, 0.9633716757574559, 0.9954515676881197, 0.96848082794537, 0.9796375407811816, 0.852543786643786, 0.9954515676881197, 0.9954515676881197, 0.7717360170344261, 0.9954515676881197, 0.9633716757574559, 0.8710425723016486, 0.9796375407811816, 0.9633716757574559, 0.9796375407811816, 0.9633716757574559, 0.7868994424157443, 0.9796375407811816, 0.9954515676881197, 0.9633716757574559, 0.9954515676881197, 0.8710425723016486, 0.9796375407811816, 0.9954515676881197, 0.9954515676881197, 0.9633716757574559, 0.9954515676881197, 0.8710425723016486, 0.9633716757574559, 0.9796375407811816]",39,train,9
0.97,93,4,0,3,100,0,1,1,1,0,0,0,0,1,1,1,0,0,0,"(array([0.54136401, 0.67304593, 0.77339303, 0.72718537]), array([0.78836161, 0.7714265 , 0.68837017, 0.75274199]), array([0.20413667, 0.22238591, 0.30403474, 0.24163999]), array([0.45959005, 0.32778555, 0.22508867, 0.27223307]))","['QwenPRM_avg_scores (7.63B)', 'EurusPRMStage2_avg_scores (7.62B)', 'DeepSeekQwen (32B)', 'GPM (8B)']","[0.9954515676881197, 0.9796375407811816, 0.7868994424157443, 0.9954515676881197, 0.9954515676881197, 0.9954515676881197, 0.9954515676881197, 0.094484759851875, 0.094484759851875, 0.9633716757574559, 0.9954515676881197, 0.9954515676881197, 0.9954515676881197, 0.9656744284394709, 0.9633716757574559, 0.9633716757574559, 0.852543786643786, 0.9954515676881197, 0.96848082794537, 0.9633716757574559, 0.9633716757574559, 0.9954515676881197, 0.9796375407811816, 0.9954515676881197, 0.9796375407811816, 0.9954515676881197, 0.094484759851875, 0.9954515676881197, 0.4480412880561045, 0.9796375407811816, 0.96848082794537, 0.9796375407811816, 0.9954515676881197, 0.9633716757574559, 0.9954515676881197, 0.9633716757574559, 0.9796375407811816, 0.7868994424157443, 0.9796375407811816, 0.9954515676881197, 0.9633716757574559, 0.9954515676881197, 0.9954515676881197, 0.9633716757574559, 0.9954515676881197, 0.9954515676881197, 0.96848082794537, 0.4480412880561045, 0.094484759851875, 0.9633716757574559, 0.9954515676881197, 0.9633716757574559, 0.9954515676881197, 0.96848082794537, 0.9633716757574559, 0.9796375407811816, 0.9633716757574559, 0.9954515676881197, 0.9954515676881197, 0.9954515676881197, 0.9954515676881197, 0.9954515676881197, 0.9954515676881197, 0.9954515676881197, 0.9796375407811816, 0.9796375407811816, 0.9796375407811816, 0.96848082794537, 0.852543786643786, 0.9796375407811816, 0.9633716757574559, 0.9954515676881197, 0.9954515676881197, 0.9954515676881197, 0.9633716757574559, 0.96848082794537, 0.9633716757574559, 0.9796375407811816, 0.8710425723016486, 0.9954515676881197, 0.9954515676881197, 0.9954515676881197, 0.9954515676881197, 0.9954515676881197, 0.9633716757574559, 0.9954515676881197, 0.9796375407811816, 0.9954515676881197, 0.9656744284394709, 0.9633716757574559, 0.96848082794537, 0.9954515676881197, 0.9954515676881197, 0.9954515676881197, 0.4480412880561045, 0.9954515676881197, 0.9954515676881197, 0.9954515676881197, 0.852543786643786, 0.9954515676881197]",40,train,9
0.76,10,66,0,24,100,59,1,1,1,0,0,0,59,1,1,1,0,0,0,"(array([0.54136401, 0.67304593, 0.77339303, 0.72718537]), array([0.78836161, 0.7714265 , 0.68837017, 0.75274199]), array([0.20413667, 0.22238591, 0.30403474, 0.24163999]), array([0.45959005, 0.32778555, 0.22508867, 0.27223307]))","['QwenPRM_avg_scores (7.63B)', 'EurusPRMStage2_avg_scores (7.62B)', 'DeepSeekQwen (32B)', 'GPM (8B)']","[0.8710425723016486, 0.094484759851875, 0.094484759851875, 0.094484759851875, 0.46474132372484644, 0.094484759851875, 0.9796375407811816, 0.094484759851875, 0.094484759851875, 0.094484759851875, 0.094484759851875, 0.46474132372484644, 0.094484759851875, 0.46474132372484644, 0.8710425723016486, 0.094484759851875, 0.094484759851875, 0.46474132372484644, 0.094484759851875, 0.46474132372484644, 0.46474132372484644, 0.46474132372484644, 0.094484759851875, 0.4480412880561045, 0.8710425723016486, 0.46474132372484644, 0.46474132372484644, 0.094484759851875, 0.46474132372484644, 0.46474132372484644, 0.094484759851875, 0.094484759851875, 0.094484759851875, 0.094484759851875, 0.46474132372484644, 0.094484759851875, 0.46474132372484644, 0.094484759851875, 0.094484759851875, 0.094484759851875, 0.8710425723016486, 0.46474132372484644, 0.094484759851875, 0.46474132372484644, 0.46474132372484644, 0.4480412880561045, 0.094484759851875, 0.094484759851875, 0.094484759851875, 0.46474132372484644, 0.9796375407811816, 0.094484759851875, 0.094484759851875, 0.094484759851875, 0.094484759851875, 0.094484759851875, 0.094484759851875, 0.46474132372484644, 0.094484759851875, 0.9954515676881197, 0.094484759851875, 0.094484759851875, 0.094484759851875, 0.094484759851875, 0.46474132372484644, 0.094484759851875, 0.094484759851875, 0.46474132372484644, 0.4480412880561045, 0.094484759851875, 0.46474132372484644, 0.094484759851875, 0.46474132372484644, 0.46474132372484644, 0.094484759851875, 0.4480412880561045, 0.9796375407811816, 0.4480412880561045, 0.4480412880561045, 0.094484759851875, 0.094484759851875, 0.46474132372484644, 0.094484759851875, 0.8710425723016486, 0.46474132372484644, 0.094484759851875, 0.094484759851875, 0.094484759851875, 0.094484759851875, 0.094484759851875, 0.46474132372484644, 0.094484759851875, 0.094484759851875, 0.46474132372484644, 0.094484759851875, 0.9633716757574559, 0.094484759851875, 0.46474132372484644, 0.094484759851875, 0.46474132372484644]",41,train,3
0.77,7,70,4,19,100,50,1,1,1,0,0,0,50,1,1,1,0,0,0,"(array([0.54136401, 0.67304593, 0.77339303, 0.72718537]), array([0.78836161, 0.7714265 , 0.68837017, 0.75274199]), array([0.20413667, 0.22238591, 0.30403474, 0.24163999]), array([0.45959005, 0.32778555, 0.22508867, 0.27223307]))","['QwenPRM_avg_scores (7.63B)', 'EurusPRMStage2_avg_scores (7.62B)', 'DeepSeekQwen (32B)', 'GPM (8B)']","[0.46474132372484644, 0.8608073730180618, 0.094484759851875, 0.46474132372484644, 0.46474132372484644, 0.46474132372484644, 0.46474132372484644, 0.094484759851875, 0.094484759851875, 0.8710425723016486, 0.094484759851875, 0.094484759851875, 0.094484759851875, 0.094484759851875, 0.8710425723016486, 0.094484759851875, 0.094484759851875, 0.094484759851875, 0.46474132372484644, 0.094484759851875, 0.094484759851875, 0.094484759851875, 0.094484759851875, 0.094484759851875, 0.46474132372484644, 0.852543786643786, 0.46474132372484644, 0.094484759851875, 0.094484759851875, 0.094484759851875, 0.094484759851875, 0.094484759851875, 0.46474132372484644, 0.4263437501124711, 0.46474132372484644, 0.094484759851875, 0.094484759851875, 0.094484759851875, 0.094484759851875, 0.094484759851875, 0.094484759851875, 0.094484759851875, 0.094484759851875, 0.8608073730180618, 0.094484759851875, 0.094484759851875, 0.094484759851875, 0.094484759851875, 0.4480412880561045, 0.094484759851875, 0.9796375407811816, 0.094484759851875, 0.46474132372484644, 0.094484759851875, 0.46474132372484644, 0.094484759851875, 0.8710425723016486, 0.094484759851875, 0.094484759851875, 0.094484759851875, 0.094484759851875, 0.46474132372484644, 0.094484759851875, 0.094484759851875, 0.46474132372484644, 0.46474132372484644, 0.8710425723016486, 0.8710425723016486, 0.46474132372484644, 0.094484759851875, 0.8710425723016486, 0.094484759851875, 0.46474132372484644, 0.094484759851875, 0.094484759851875, 0.094484759851875, 0.094484759851875, 0.094484759851875, 0.094484759851875, 0.4480412880561045, 0.46474132372484644, 0.4480412880561045, 0.094484759851875, 0.4263437501124711, 0.094484759851875, 0.094484759851875, 0.8710425723016486, 0.46474132372484644, 0.094484759851875, 0.094484759851875, 0.094484759851875, 0.4480412880561045, 0.4480412880561045, 0.094484759851875, 0.094484759851875, 0.094484759851875, 0.094484759851875, 0.46474132372484644, 0.094484759851875, 0.094484759851875]",42,train,2
0.99,98,1,1,0,100,6,1,1,1,0,0,0,6,1,1,1,0,0,0,"(array([0.54136401, 0.67304593, 0.77339303, 0.72718537]), array([0.78836161, 0.7714265 , 0.68837017, 0.75274199]), array([0.20413667, 0.22238591, 0.30403474, 0.24163999]), array([0.45959005, 0.32778555, 0.22508867, 0.27223307]))","['QwenPRM_avg_scores (7.63B)', 'EurusPRMStage2_avg_scores (7.62B)', 'DeepSeekQwen (32B)', 'GPM (8B)']","[0.9796375407811816, 0.96848082794537, 0.9796375407811816, 0.9633716757574559, 0.9633716757574559, 0.9633716757574559, 0.9954515676881197, 0.9954515676881197, 0.8710425723016486, 0.9633716757574559, 0.9954515676881197, 0.9796375407811816, 0.9954515676881197, 0.9954515676881197, 0.9954515676881197, 0.9633716757574559, 0.9954515676881197, 0.96848082794537, 0.9796375407811816, 0.9954515676881197, 0.9954515676881197, 0.9796375407811816, 0.9796375407811816, 0.8710425723016486, 0.9796375407811816, 0.9954515676881197, 0.9633716757574559, 0.8710425723016486, 0.9954515676881197, 0.9633716757574559, 0.9954515676881197, 0.9656744284394709, 0.7868994424157443, 0.9954515676881197, 0.9796375407811816, 0.8710425723016486, 0.96848082794537, 0.9954515676881197, 0.9954515676881197, 0.9954515676881197, 0.9954515676881197, 0.9633716757574559, 0.9954515676881197, 0.9954515676881197, 0.9954515676881197, 0.9954515676881197, 0.8710425723016486, 0.9633716757574559, 0.9633716757574559, 0.9796375407811816, 0.9954515676881197, 0.9633716757574559, 0.9796375407811816, 0.9954515676881197, 0.8710425723016486, 0.9954515676881197, 0.9954515676881197, 0.9633716757574559, 0.9954515676881197, 0.96848082794537, 0.9954515676881197, 0.9954515676881197, 0.9954515676881197, 0.96848082794537, 0.8710425723016486, 0.8710425723016486, 0.9954515676881197, 0.9796375407811816, 0.9633716757574559, 0.9954515676881197, 0.9954515676881197, 0.96848082794537, 0.9954515676881197, 0.9954515676881197, 0.9633716757574559, 0.094484759851875, 0.9954515676881197, 0.9796375407811816, 0.9954515676881197, 0.96848082794537, 0.8710425723016486, 0.7868994424157443, 0.852543786643786, 0.8710425723016486, 0.9954515676881197, 0.9633716757574559, 0.96848082794537, 0.96848082794537, 0.9796375407811816, 0.96848082794537, 0.9633716757574559, 0.96848082794537, 0.9954515676881197, 0.8710425723016486, 0.9954515676881197, 0.9954515676881197, 0.9954515676881197, 0.9954515676881197, 0.9954515676881197, 0.7868994424157443]",43,train,9
0.99,99,0,0,1,100,1,1,1,1,0,0,0,1,1,1,1,0,0,0,"(array([0.54136401, 0.67304593, 0.77339303, 0.72718537]), array([0.78836161, 0.7714265 , 0.68837017, 0.75274199]), array([0.20413667, 0.22238591, 0.30403474, 0.24163999]), array([0.45959005, 0.32778555, 0.22508867, 0.27223307]))","['QwenPRM_avg_scores (7.63B)', 'EurusPRMStage2_avg_scores (7.62B)', 'DeepSeekQwen (32B)', 'GPM (8B)']","[0.9796375407811816, 0.9954515676881197, 0.8710425723016486, 0.9954515676881197, 0.9796375407811816, 0.9954515676881197, 0.9796375407811816, 0.9954515676881197, 0.9954515676881197, 0.9954515676881197, 0.852543786643786, 0.9954515676881197, 0.8710425723016486, 0.9633716757574559, 0.9954515676881197, 0.8710425723016486, 0.852543786643786, 0.9954515676881197, 0.9954515676881197, 0.9954515676881197, 0.9633716757574559, 0.9954515676881197, 0.9796375407811816, 0.9633716757574559, 0.8710425723016486, 0.9796375407811816, 0.96848082794537, 0.9954515676881197, 0.9633716757574559, 0.9796375407811816, 0.9954515676881197, 0.9954515676881197, 0.8710425723016486, 0.9633716757574559, 0.9954515676881197, 0.9954515676881197, 0.9633716757574559, 0.9633716757574559, 0.8710425723016486, 0.9633716757574559, 0.9954515676881197, 0.9633716757574559, 0.9954515676881197, 0.96848082794537, 0.9954515676881197, 0.9796375407811816, 0.9633716757574559, 0.9796375407811816, 0.9633716757574559, 0.9954515676881197, 0.9954515676881197, 0.852543786643786, 0.9954515676881197, 0.9954515676881197, 0.9954515676881197, 0.9954515676881197, 0.852543786643786, 0.9633716757574559, 0.9954515676881197, 0.9633716757574559, 0.9796375407811816, 0.9796375407811816, 0.9954515676881197, 0.9954515676881197, 0.96848082794537, 0.96848082794537, 0.9796375407811816, 0.9633716757574559, 0.9633716757574559, 0.8710425723016486, 0.8710425723016486, 0.9633716757574559, 0.9796375407811816, 0.9633716757574559, 0.9954515676881197, 0.9954515676881197, 0.9796375407811816, 0.9954515676881197, 0.9954515676881197, 0.9954515676881197, 0.9954515676881197, 0.852543786643786, 0.9954515676881197, 0.9954515676881197, 0.96848082794537, 0.9954515676881197, 0.9954515676881197, 0.9796375407811816, 0.9954515676881197, 0.9954515676881197, 0.852543786643786, 0.9954515676881197, 0.9796375407811816, 0.9954515676881197, 0.9796375407811816, 0.9954515676881197, 0.9954515676881197, 0.9954515676881197, 0.96848082794537, 0.4480412880561045]",44,train,9
0.98,98,0,0,2,100,0,1,1,1,0,0,0,0,1,1,1,0,0,0,"(array([0.54136401, 0.67304593, 0.77339303, 0.72718537]), array([0.78836161, 0.7714265 , 0.68837017, 0.75274199]), array([0.20413667, 0.22238591, 0.30403474, 0.24163999]), array([0.45959005, 0.32778555, 0.22508867, 0.27223307]))","['QwenPRM_avg_scores (7.63B)', 'EurusPRMStage2_avg_scores (7.62B)', 'DeepSeekQwen (32B)', 'GPM (8B)']","[0.9954515676881197, 0.9954515676881197, 0.852543786643786, 0.9954515676881197, 0.9954515676881197, 0.4480412880561045, 0.852543786643786, 0.9633716757574559, 0.9954515676881197, 0.9954515676881197, 0.9954515676881197, 0.852543786643786, 0.9633716757574559, 0.9954515676881197, 0.9633716757574559, 0.9954515676881197, 0.852543786643786, 0.9796375407811816, 0.9954515676881197, 0.9796375407811816, 0.9633716757574559, 0.9633716757574559, 0.9633716757574559, 0.9954515676881197, 0.9954515676881197, 0.8710425723016486, 0.9954515676881197, 0.9954515676881197, 0.9954515676881197, 0.9954515676881197, 0.9954515676881197, 0.9633716757574559, 0.9796375407811816, 0.852543786643786, 0.9796375407811816, 0.9796375407811816, 0.96848082794537, 0.9796375407811816, 0.852543786643786, 0.852543786643786, 0.96848082794537, 0.9796375407811816, 0.9954515676881197, 0.9796375407811816, 0.9796375407811816, 0.9633716757574559, 0.96848082794537, 0.9954515676881197, 0.9954515676881197, 0.9796375407811816, 0.96848082794537, 0.9633716757574559, 0.9954515676881197, 0.9954515676881197, 0.9796375407811816, 0.9954515676881197, 0.9796375407811816, 0.9954515676881197, 0.9796375407811816, 0.852543786643786, 0.9796375407811816, 0.9796375407811816, 0.9954515676881197, 0.9954515676881197, 0.7868994424157443, 0.9633716757574559, 0.9954515676881197, 0.9954515676881197, 0.9796375407811816, 0.9796375407811816, 0.9954515676881197, 0.9954515676881197, 0.852543786643786, 0.96848082794537, 0.9954515676881197, 0.9954515676881197, 0.9954515676881197, 0.9796375407811816, 0.9796375407811816, 0.9954515676881197, 0.9796375407811816, 0.9954515676881197, 0.9796375407811816, 0.9954515676881197, 0.9633716757574559, 0.9633716757574559, 0.9633716757574559, 0.9954515676881197, 0.9796375407811816, 0.9796375407811816, 0.9796375407811816, 0.9633716757574559, 0.9954515676881197, 0.9954515676881197, 0.4480412880561045, 0.9954515676881197, 0.9954515676881197, 0.9954515676881197, 0.9633716757574559, 0.852543786643786]",45,train,9
0.98,98,0,0,2,100,0,1,1,1,0,0,0,0,1,1,1,0,0,0,"(array([0.54136401, 0.67304593, 0.77339303, 0.72718537]), array([0.78836161, 0.7714265 , 0.68837017, 0.75274199]), array([0.20413667, 0.22238591, 0.30403474, 0.24163999]), array([0.45959005, 0.32778555, 0.22508867, 0.27223307]))","['QwenPRM_avg_scores (7.63B)', 'EurusPRMStage2_avg_scores (7.62B)', 'DeepSeekQwen (32B)', 'GPM (8B)']","[0.9954515676881197, 0.9796375407811816, 0.9796375407811816, 0.8710425723016486, 0.9633716757574559, 0.9633716757574559, 0.9954515676881197, 0.9954515676881197, 0.9796375407811816, 0.9954515676881197, 0.9796375407811816, 0.9954515676881197, 0.9796375407811816, 0.9796375407811816, 0.852543786643786, 0.852543786643786, 0.9796375407811816, 0.852543786643786, 0.9796375407811816, 0.9954515676881197, 0.9796375407811816, 0.9796375407811816, 0.8710425723016486, 0.9796375407811816, 0.8710425723016486, 0.9954515676881197, 0.9796375407811816, 0.9796375407811816, 0.4480412880561045, 0.9796375407811816, 0.852543786643786, 0.9796375407811816, 0.852543786643786, 0.852543786643786, 0.9954515676881197, 0.8710425723016486, 0.9796375407811816, 0.9954515676881197, 0.9954515676881197, 0.9954515676881197, 0.9796375407811816, 0.9633716757574559, 0.9796375407811816, 0.9796375407811816, 0.9954515676881197, 0.9796375407811816, 0.9796375407811816, 0.7868994424157443, 0.9954515676881197, 0.9954515676881197, 0.9796375407811816, 0.9633716757574559, 0.9633716757574559, 0.9954515676881197, 0.9954515676881197, 0.852543786643786, 0.96848082794537, 0.9954515676881197, 0.9796375407811816, 0.9796375407811816, 0.9796375407811816, 0.9954515676881197, 0.9954515676881197, 0.9796375407811816, 0.9796375407811816, 0.9796375407811816, 0.9954515676881197, 0.9954515676881197, 0.9796375407811816, 0.852543786643786, 0.96848082794537, 0.96848082794537, 0.9796375407811816, 0.9954515676881197, 0.852543786643786, 0.46474132372484644, 0.8710425723016486, 0.852543786643786, 0.9796375407811816, 0.9796375407811816, 0.8710425723016486, 0.9633716757574559, 0.9796375407811816, 0.9954515676881197, 0.852543786643786, 0.9796375407811816, 0.852543786643786, 0.9796375407811816, 0.9796375407811816, 0.9796375407811816, 0.852543786643786, 0.9796375407811816, 0.8710425723016486, 0.9954515676881197, 0.9796375407811816, 0.852543786643786, 0.9633716757574559, 0.9954515676881197, 0.9796375407811816, 0.9954515676881197]",46,train,9
0.91,91,0,0,9,100,3,1,1,1,0,0,0,3,1,1,1,0,0,0,"(array([0.54136401, 0.67304593, 0.77339303, 0.72718537]), array([0.78836161, 0.7714265 , 0.68837017, 0.75274199]), array([0.20413667, 0.22238591, 0.30403474, 0.24163999]), array([0.45959005, 0.32778555, 0.22508867, 0.27223307]))","['QwenPRM_avg_scores (7.63B)', 'EurusPRMStage2_avg_scores (7.62B)', 'DeepSeekQwen (32B)', 'GPM (8B)']","[0.96848082794537, 0.8710425723016486, 0.9633716757574559, 0.9954515676881197, 0.4480412880561045, 0.96848082794537, 0.4480412880561045, 0.8710425723016486, 0.9796375407811816, 0.8710425723016486, 0.9954515676881197, 0.9954515676881197, 0.9796375407811816, 0.9796375407811816, 0.9954515676881197, 0.96848082794537, 0.9796375407811816, 0.8710425723016486, 0.9633716757574559, 0.9796375407811816, 0.8710425723016486, 0.852543786643786, 0.8710425723016486, 0.8710425723016486, 0.9796375407811816, 0.9954515676881197, 0.852543786643786, 0.9796375407811816, 0.852543786643786, 0.9796375407811816, 0.9796375407811816, 0.8710425723016486, 0.9796375407811816, 0.9796375407811816, 0.9954515676881197, 0.4480412880561045, 0.4480412880561045, 0.9796375407811816, 0.9796375407811816, 0.852543786643786, 0.9954515676881197, 0.9796375407811816, 0.8710425723016486, 0.9633716757574559, 0.9796375407811816, 0.4480412880561045, 0.9796375407811816, 0.852543786643786, 0.96848082794537, 0.8710425723016486, 0.8710425723016486, 0.9796375407811816, 0.9796375407811816, 0.8710425723016486, 0.7868994424157443, 0.96848082794537, 0.852543786643786, 0.9954515676881197, 0.8710425723016486, 0.9954515676881197, 0.9954515676881197, 0.8710425723016486, 0.9796375407811816, 0.8710425723016486, 0.9954515676881197, 0.96848082794537, 0.9796375407811816, 0.9954515676881197, 0.9954515676881197, 0.8710425723016486, 0.9796375407811816, 0.8710425723016486, 0.8710425723016486, 0.8710425723016486, 0.9633716757574559, 0.9954515676881197, 0.96848082794537, 0.8710425723016486, 0.9954515676881197, 0.852543786643786, 0.9633716757574559, 0.4480412880561045, 0.9954515676881197, 0.4263437501124711, 0.9796375407811816, 0.46474132372484644, 0.96848082794537, 0.9954515676881197, 0.96848082794537, 0.8710425723016486, 0.8710425723016486, 0.96848082794537, 0.8710425723016486, 0.9796375407811816, 0.8710425723016486, 0.8710425723016486, 0.9954515676881197, 0.9954515676881197, 0.9954515676881197, 0.4480412880561045]",47,train,9
0.96,96,0,0,4,100,0,1,1,1,0,0,0,0,1,1,1,0,0,0,"(array([0.54136401, 0.67304593, 0.77339303, 0.72718537]), array([0.78836161, 0.7714265 , 0.68837017, 0.75274199]), array([0.20413667, 0.22238591, 0.30403474, 0.24163999]), array([0.45959005, 0.32778555, 0.22508867, 0.27223307]))","['QwenPRM_avg_scores (7.63B)', 'EurusPRMStage2_avg_scores (7.62B)', 'DeepSeekQwen (32B)', 'GPM (8B)']","[0.9954515676881197, 0.9954515676881197, 0.9954515676881197, 0.9796375407811816, 0.9954515676881197, 0.9954515676881197, 0.8710425723016486, 0.9954515676881197, 0.9796375407811816, 0.9954515676881197, 0.9954515676881197, 0.8710425723016486, 0.9954515676881197, 0.8710425723016486, 0.9954515676881197, 0.9633716757574559, 0.96848082794537, 0.9954515676881197, 0.8710425723016486, 0.9954515676881197, 0.9796375407811816, 0.9954515676881197, 0.4480412880561045, 0.8710425723016486, 0.9633716757574559, 0.9633716757574559, 0.9796375407811816, 0.9796375407811816, 0.9954515676881197, 0.8710425723016486, 0.7979700302578486, 0.9954515676881197, 0.9954515676881197, 0.9633716757574559, 0.9954515676881197, 0.9633716757574559, 0.9954515676881197, 0.9633716757574559, 0.9954515676881197, 0.9954515676881197, 0.9954515676881197, 0.9633716757574559, 0.9796375407811816, 0.9954515676881197, 0.9954515676881197, 0.8710425723016486, 0.9954515676881197, 0.9633716757574559, 0.9633716757574559, 0.4480412880561045, 0.9954515676881197, 0.9633716757574559, 0.9954515676881197, 0.9633716757574559, 0.9954515676881197, 0.9954515676881197, 0.9954515676881197, 0.9796375407811816, 0.9796375407811816, 0.8710425723016486, 0.9954515676881197, 0.9633716757574559, 0.9954515676881197, 0.9796375407811816, 0.9954515676881197, 0.9796375407811816, 0.8710425723016486, 0.9633716757574559, 0.9796375407811816, 0.9633716757574559, 0.8710425723016486, 0.9954515676881197, 0.8710425723016486, 0.9954515676881197, 0.9954515676881197, 0.9633716757574559, 0.9954515676881197, 0.9954515676881197, 0.9796375407811816, 0.9954515676881197, 0.8710425723016486, 0.9954515676881197, 0.8710425723016486, 0.9633716757574559, 0.9954515676881197, 0.9954515676881197, 0.96848082794537, 0.8710425723016486, 0.46474132372484644, 0.8710425723016486, 0.96848082794537, 0.9796375407811816, 0.8710425723016486, 0.8710425723016486, 0.9633716757574559, 0.4480412880561045, 0.96848082794537, 0.9633716757574559, 0.8710425723016486, 0.9633716757574559]",48,train,9
0.64,0,64,35,1,100,92,0,1,0,0,0,1,92,1,0,0,0,1,0,"(array([0.54136401, 0.67304593, 0.77339303, 0.72718537]), array([0.78836161, 0.7714265 , 0.68837017, 0.75274199]), array([0.20413667, 0.22238591, 0.30403474, 0.24163999]), array([0.45959005, 0.32778555, 0.22508867, 0.27223307]))","['QwenPRM_avg_scores (7.63B)', 'EurusPRMStage2_avg_scores (7.62B)', 'DeepSeekQwen (32B)', 'GPM (8B)']","[0.4480412880561045, 0.9633716757574559, 0.3218808881541403, 0.4480412880561045, 0.3218808881541403, 0.3218808881541403, 0.3218808881541403, 0.094484759851875, 0.3218808881541403, 0.7717360170344261, 0.3218808881541403, 0.4263437501124711, 0.9633716757574559, 0.4263437501124711, 0.094484759851875, 0.094484759851875, 0.3218808881541403, 0.094484759851875, 0.3218808881541403, 0.4480412880561045, 0.4480412880561045, 0.4480412880561045, 0.4480412880561045, 0.3218808881541403, 0.094484759851875, 0.7717360170344261, 0.7868994424157443, 0.4480412880561045, 0.3218808881541403, 0.094484759851875, 0.7868994424157443, 0.7717360170344261, 0.7868994424157443, 0.7979700302578486, 0.094484759851875, 0.094484759851875, 0.46474132372484644, 0.46474132372484644, 0.7868994424157443, 0.3218808881541403, 0.094484759851875, 0.7868994424157443, 0.8710425723016486, 0.9633716757574559, 0.8710425723016486, 0.7979700302578486, 0.094484759851875, 0.094484759851875, 0.094484759851875, 0.96848082794537, 0.7868994424157443, 0.96848082794537, 0.4480412880561045, 0.094484759851875, 0.094484759851875, 0.96848082794537, 0.7868994424157443, 0.7868994424157443, 0.4480412880561045, 0.96848082794537, 0.3218808881541403, 0.3218808881541403, 0.7979700302578486, 0.094484759851875, 0.46474132372484644, 0.7868994424157443, 0.7868994424157443, 0.9633716757574559, 0.094484759851875, 0.3218808881541403, 0.094484759851875, 0.094484759851875, 0.46474132372484644, 0.094484759851875, 0.8710425723016486, 0.094484759851875, 0.3218808881541403, 0.4263437501124711, 0.094484759851875, 0.46474132372484644, 0.7868994424157443, 0.7979700302578486, 0.46474132372484644, 0.7717360170344261, 0.094484759851875, 0.4480412880561045, 0.094484759851875, 0.3218808881541403, 0.4480412880561045, 0.7717360170344261, 0.094484759851875, 0.7979700302578486, 0.9796375407811816, 0.3218808881541403, 0.094484759851875, 0.7868994424157443, 0.094484759851875, 0.7868994424157443, 0.46474132372484644, 0.094484759851875]",49,train,0
