sample_accuracy,sample_tp,sample_tn,sample_fp,sample_fn,num_samples,top1_idx,top1_positive,has_positive,top1_tp,top1_fp,top1_tn,top1_fn,prediction_idx,prediction_class,prediction_accuracy,prediction_tp,prediction_tn,prediction_fp,prediction_fn,model_params,verifier_subset,weaver_sample_scores,problem,set,difficulty
0.96,96,0,0,4,100,4,1,1,1,0,0,0,4,1,1,1,0,0,0,"(array([0.81012475, 0.7525351 , 0.68246686, 0.88080257, 0.51574945,
       0.3871114 ]), array([0.6822992 , 0.74684471, 0.77111858, 0.5461272 , 0.796269  ,
       0.80983418]), array([0.31164515, 0.24907577, 0.22437422, 0.44412735, 0.19819504,
       0.18393336]), array([0.19658837, 0.25480497, 0.32603791, 0.12388014, 0.49256572,
       0.61894602]))","['DeepSeekQwen (32B)', 'GPM (8B)', 'EurusPRMStage2_avg_scores (7.62B)', 'QwenPRM_max_scores (7.63B)', 'QwenPRM_min_scores (7.63B)', 'Qwen72B_scores (72B)']","[0.9172928765898241, 0.9922766226362969, 0.9970294314052949, 0.9172928765898241, 0.9989192053199994, 0.9876216196340022, 0.9172928765898241, 0.9954691231546783, 0.9172928765898241, 0.5560316043013471, 0.9172928765898241, 0.9172928765898241, 0.9989192053199994, 0.9954691231546783, 0.9742937223322352, 0.9172928765898241, 0.9172928765898241, 0.9954691231546783, 0.900096647421909, 0.900096647421909, 0.12529804086123175, 0.9954691231546783, 0.9172928765898241, 0.900096647421909, 0.9172928765898241, 0.9612554207591427, 0.9172928765898241, 0.9172928765898241, 0.9172928765898241, 0.8125580030349415, 0.9970294314052949, 0.12327043163876843, 0.9172928765898241, 0.9172928765898241, 0.9172928765898241, 0.5560316043013471, 0.9172928765898241, 0.12189484683226222, 0.900096647421909, 0.9876216196340022, 0.9172928765898241, 0.9742937223322352, 0.9876216196340022, 0.9172928765898241, 0.5514279145859875, 0.900096647421909, 0.5591865413169167, 0.5591865413169167, 0.900096647421909, 0.900096647421909, 0.5514279145859875, 0.9876216196340022, 0.9172928765898241, 0.9876216196340022, 0.9355171906001328, 0.5560316043013471, 0.9172928765898241, 0.9876216196340022, 0.5560316043013471, 0.12529804086123175, 0.9876216196340022, 0.9876216196340022, 0.9172928765898241, 0.5560316043013471, 0.9172928765898241, 0.9742937223322352, 0.9682952788358433, 0.5514279145859875, 0.9746121075710005, 0.9905094984808263, 0.8404728400261116, 0.5560316043013471, 0.9876216196340022, 0.5591865413169167, 0.9876216196340022, 0.9172928765898241, 0.9742937223322352, 0.9682952788358433, 0.9876216196340022, 0.9172928765898241, 0.9172928765898241, 0.9876216196340022, 0.9790162469878317, 0.9172928765898241, 0.9172928765898241, 0.9742937223322352, 0.9954691231546783, 0.9954691231546783, 0.9954691231546783, 0.9172928765898241, 0.9172928765898241, 0.9954691231546783, 0.9172928765898241, 0.9172928765898241, 0.5591865413169167, 0.9172928765898241, 0.9742937223322352, 0.9172928765898241, 0.5560316043013471, 0.9970294314052949]",0,train,9
1.0,100,0,0,0,100,9,1,1,1,0,0,0,9,1,1,1,0,0,0,"(array([0.81012475, 0.7525351 , 0.68246686, 0.88080257, 0.51574945,
       0.3871114 ]), array([0.6822992 , 0.74684471, 0.77111858, 0.5461272 , 0.796269  ,
       0.80983418]), array([0.31164515, 0.24907577, 0.22437422, 0.44412735, 0.19819504,
       0.18393336]), array([0.19658837, 0.25480497, 0.32603791, 0.12388014, 0.49256572,
       0.61894602]))","['DeepSeekQwen (32B)', 'GPM (8B)', 'EurusPRMStage2_avg_scores (7.62B)', 'QwenPRM_max_scores (7.63B)', 'QwenPRM_min_scores (7.63B)', 'Qwen72B_scores (72B)']","[0.9742937223322352, 0.9876216196340022, 0.5560316043013471, 0.9876216196340022, 0.9970294314052949, 0.9682952788358433, 0.9922766226362969, 0.9876216196340022, 0.9970294314052949, 0.9989192053199994, 0.775219555198201, 0.9905094984808263, 0.9742937223322352, 0.9682952788358433, 0.9970294314052949, 0.9970294314052949, 0.775219555198201, 0.9970294314052949, 0.9742937223322352, 0.9790162469878317, 0.9970294314052949, 0.9790162469878317, 0.9172928765898241, 0.9954691231546783, 0.9790162469878317, 0.5560316043013471, 0.9682952788358433, 0.9970294314052949, 0.9970294314052949, 0.9970294314052949, 0.9742937223322352, 0.9790162469878317, 0.9970294314052949, 0.9876216196340022, 0.9172928765898241, 0.9742937223322352, 0.9742937223322352, 0.9172928765898241, 0.9970294314052949, 0.9970294314052949, 0.9876216196340022, 0.9970294314052949, 0.9876216196340022, 0.9989192053199994, 0.9970294314052949, 0.9970294314052949, 0.9742937223322352, 0.9970294314052949, 0.9746121075710005, 0.9876216196340022, 0.775219555198201, 0.9742937223322352, 0.7774403453800657, 0.9742937223322352, 0.9682952788358433, 0.9876216196340022, 0.9970294314052949, 0.9970294314052949, 0.9989192053199994, 0.9970294314052949, 0.9876216196340022, 0.9742937223322352, 0.9970294314052949, 0.9742937223322352, 0.9172928765898241, 0.9970294314052949, 0.9742937223322352, 0.9790162469878317, 0.9742937223322352, 0.9970294314052949, 0.9970294314052949, 0.9970294314052949, 0.9172928765898241, 0.9172928765898241, 0.9742937223322352, 0.9970294314052949, 0.9876216196340022, 0.9876216196340022, 0.9970294314052949, 0.9876216196340022, 0.9970294314052949, 0.9876216196340022, 0.9970294314052949, 0.9970294314052949, 0.9970294314052949, 0.9790162469878317, 0.9742937223322352, 0.9742937223322352, 0.9989192053199994, 0.5514279145859875, 0.5560316043013471, 0.9970294314052949, 0.901240849833744, 0.9742937223322352, 0.9172928765898241, 0.9970294314052949, 0.9876216196340022, 0.9790162469878317, 0.9790162469878317, 0.9970294314052949]",1,train,9
0.99,99,0,0,1,100,2,1,1,1,0,0,0,2,1,1,1,0,0,0,"(array([0.81012475, 0.7525351 , 0.68246686, 0.88080257, 0.51574945,
       0.3871114 ]), array([0.6822992 , 0.74684471, 0.77111858, 0.5461272 , 0.796269  ,
       0.80983418]), array([0.31164515, 0.24907577, 0.22437422, 0.44412735, 0.19819504,
       0.18393336]), array([0.19658837, 0.25480497, 0.32603791, 0.12388014, 0.49256572,
       0.61894602]))","['DeepSeekQwen (32B)', 'GPM (8B)', 'EurusPRMStage2_avg_scores (7.62B)', 'QwenPRM_max_scores (7.63B)', 'QwenPRM_min_scores (7.63B)', 'Qwen72B_scores (72B)']","[0.900096647421909, 0.5560316043013471, 0.9954691231546783, 0.9612554207591427, 0.9876216196340022, 0.9876216196340022, 0.9954691231546783, 0.900096647421909, 0.9876216196340022, 0.9876216196340022, 0.5514279145859875, 0.9954691231546783, 0.5560316043013471, 0.901240849833744, 0.9876216196340022, 0.9954691231546783, 0.9876216196340022, 0.5514279145859875, 0.900096647421909, 0.9876216196340022, 0.9876216196340022, 0.9612554207591427, 0.9954691231546783, 0.9790162469878317, 0.9876216196340022, 0.9954691231546783, 0.9954691231546783, 0.8984088538525293, 0.9876216196340022, 0.901240849833744, 0.9876216196340022, 0.9682952788358433, 0.9172928765898241, 0.9876216196340022, 0.9876216196340022, 0.9954691231546783, 0.9954691231546783, 0.9612554207591427, 0.9172928765898241, 0.9612554207591427, 0.9954691231546783, 0.9682952788358433, 0.9172928765898241, 0.900096647421909, 0.9954691231546783, 0.9876216196340022, 0.9876216196340022, 0.9172928765898241, 0.900096647421909, 0.9954691231546783, 0.9954691231546783, 0.9682952788358433, 0.9954691231546783, 0.9172928765898241, 0.9954691231546783, 0.9876216196340022, 0.9876216196340022, 0.7333272804656071, 0.9954691231546783, 0.9876216196340022, 0.9172928765898241, 0.9876216196340022, 0.9876216196340022, 0.9876216196340022, 0.9682952788358433, 0.9954691231546783, 0.900096647421909, 0.9876216196340022, 0.9172928765898241, 0.9954691231546783, 0.9954691231546783, 0.9172928765898241, 0.5514279145859875, 0.9954691231546783, 0.900096647421909, 0.9612554207591427, 0.9682952788358433, 0.9172928765898241, 0.9876216196340022, 0.9954691231546783, 0.900096647421909, 0.9876216196340022, 0.9876216196340022, 0.9876216196340022, 0.9172928765898241, 0.9954691231546783, 0.9172928765898241, 0.9682952788358433, 0.4996548886195624, 0.5075092251643009, 0.9172928765898241, 0.9954691231546783, 0.9954691231546783, 0.9612554207591427, 0.9954691231546783, 0.9954691231546783, 0.900096647421909, 0.9682952788358433, 0.900096647421909, 0.9954691231546783]",2,train,9
1.0,100,0,0,0,100,48,1,1,1,0,0,0,48,1,1,1,0,0,0,"(array([0.81012475, 0.7525351 , 0.68246686, 0.88080257, 0.51574945,
       0.3871114 ]), array([0.6822992 , 0.74684471, 0.77111858, 0.5461272 , 0.796269  ,
       0.80983418]), array([0.31164515, 0.24907577, 0.22437422, 0.44412735, 0.19819504,
       0.18393336]), array([0.19658837, 0.25480497, 0.32603791, 0.12388014, 0.49256572,
       0.61894602]))","['DeepSeekQwen (32B)', 'GPM (8B)', 'EurusPRMStage2_avg_scores (7.62B)', 'QwenPRM_max_scores (7.63B)', 'QwenPRM_min_scores (7.63B)', 'Qwen72B_scores (72B)']","[0.9970294314052949, 0.9970294314052949, 0.9970294314052949, 0.9876216196340022, 0.9742937223322352, 0.9742937223322352, 0.9742937223322352, 0.9970294314052949, 0.9970294314052949, 0.9970294314052949, 0.9970294314052949, 0.9742937223322352, 0.9970294314052949, 0.9970294314052949, 0.9970294314052949, 0.9742937223322352, 0.9790162469878317, 0.9970294314052949, 0.9742937223322352, 0.9746121075710005, 0.9970294314052949, 0.9746121075710005, 0.9970294314052949, 0.9970294314052949, 0.9970294314052949, 0.9742937223322352, 0.9172928765898241, 0.9970294314052949, 0.9970294314052949, 0.9742937223322352, 0.9742937223322352, 0.9970294314052949, 0.9742937223322352, 0.9970294314052949, 0.9742937223322352, 0.9742937223322352, 0.9970294314052949, 0.9970294314052949, 0.9742937223322352, 0.9742937223322352, 0.9970294314052949, 0.9742937223322352, 0.9172928765898241, 0.9742937223322352, 0.9742937223322352, 0.9742937223322352, 0.9970294314052949, 0.9970294314052949, 0.9989192053199994, 0.9970294314052949, 0.9970294314052949, 0.9970294314052949, 0.9742937223322352, 0.9970294314052949, 0.9970294314052949, 0.9970294314052949, 0.9970294314052949, 0.9970294314052949, 0.9970294314052949, 0.9970294314052949, 0.9742937223322352, 0.9970294314052949, 0.9970294314052949, 0.9970294314052949, 0.9970294314052949, 0.9970294314052949, 0.9970294314052949, 0.9970294314052949, 0.9970294314052949, 0.9742937223322352, 0.9970294314052949, 0.9970294314052949, 0.9970294314052949, 0.9742937223322352, 0.9970294314052949, 0.9970294314052949, 0.9970294314052949, 0.9970294314052949, 0.9970294314052949, 0.9742937223322352, 0.9970294314052949, 0.9970294314052949, 0.9970294314052949, 0.9742937223322352, 0.9970294314052949, 0.9742937223322352, 0.5075092251643009, 0.9970294314052949, 0.9970294314052949, 0.9742937223322352, 0.9876216196340022, 0.9970294314052949, 0.9172928765898241, 0.9790162469878317, 0.9790162469878317, 0.9970294314052949, 0.8421801861820378, 0.9790162469878317, 0.8125580030349415, 0.9970294314052949]",3,train,9
0.63,44,19,34,3,100,4,1,1,1,0,0,0,4,1,1,1,0,0,0,"(array([0.81012475, 0.7525351 , 0.68246686, 0.88080257, 0.51574945,
       0.3871114 ]), array([0.6822992 , 0.74684471, 0.77111858, 0.5461272 , 0.796269  ,
       0.80983418]), array([0.31164515, 0.24907577, 0.22437422, 0.44412735, 0.19819504,
       0.18393336]), array([0.19658837, 0.25480497, 0.32603791, 0.12388014, 0.49256572,
       0.61894602]))","['DeepSeekQwen (32B)', 'GPM (8B)', 'EurusPRMStage2_avg_scores (7.62B)', 'QwenPRM_max_scores (7.63B)', 'QwenPRM_min_scores (7.63B)', 'Qwen72B_scores (72B)']","[0.12189484683226222, 0.9876216196340022, 0.8984088538525293, 0.12189484683226222, 0.9970294314052949, 0.9172928765898241, 0.5591865413169167, 0.12327043163876843, 0.5591865413169167, 0.5514279145859875, 0.12327043163876843, 0.9172928765898241, 0.12327043163876843, 0.5514279145859875, 0.900096647421909, 0.5591865413169167, 0.015629113335883956, 0.9970294314052949, 0.9876216196340022, 0.5514279145859875, 0.900096647421909, 0.5514279145859875, 0.015629113335883956, 0.5514279145859875, 0.5514279145859875, 0.5514279145859875, 0.9876216196340022, 0.5514279145859875, 0.015629113335883956, 0.12189484683226222, 0.900096647421909, 0.9738229786996095, 0.8984088538525293, 0.5028522519368586, 0.9876216196340022, 0.9876216196340022, 0.900096647421909, 0.5514279145859875, 0.5514279145859875, 0.12327043163876843, 0.9172928765898241, 0.9876216196340022, 0.9742937223322352, 0.12327043163876843, 0.9970294314052949, 0.5514279145859875, 0.12327043163876843, 0.9876216196340022, 0.9790162469878317, 0.9172928765898241, 0.12189484683226222, 0.5514279145859875, 0.8984088538525293, 0.5514279145859875, 0.9876216196340022, 0.5514279145859875, 0.5514279145859875, 0.900096647421909, 0.5591865413169167, 0.5514279145859875, 0.12327043163876843, 0.5514279145859875, 0.5514279145859875, 0.9876216196340022, 0.9876216196340022, 0.901240849833744, 0.12327043163876843, 0.900096647421909, 0.5514279145859875, 0.5514279145859875, 0.12327043163876843, 0.12189484683226222, 0.12327043163876843, 0.5514279145859875, 0.9876216196340022, 0.9172928765898241, 0.9876216196340022, 0.5514279145859875, 0.8984088538525293, 0.5514279145859875, 0.9876216196340022, 0.5514279145859875, 0.5514279145859875, 0.9970294314052949, 0.015629113335883956, 0.5514279145859875, 0.5514279145859875, 0.9876216196340022, 0.5514279145859875, 0.5514279145859875, 0.12327043163876843, 0.5514279145859875, 0.9876216196340022, 0.5560316043013471, 0.5560316043013471, 0.9876216196340022, 0.5075092251643009, 0.12189484683226222, 0.015629113335883956, 0.5514279145859875]",4,train,4
0.92,83,9,7,1,100,59,1,1,1,0,0,0,59,1,1,1,0,0,0,"(array([0.81012475, 0.7525351 , 0.68246686, 0.88080257, 0.51574945,
       0.3871114 ]), array([0.6822992 , 0.74684471, 0.77111858, 0.5461272 , 0.796269  ,
       0.80983418]), array([0.31164515, 0.24907577, 0.22437422, 0.44412735, 0.19819504,
       0.18393336]), array([0.19658837, 0.25480497, 0.32603791, 0.12388014, 0.49256572,
       0.61894602]))","['DeepSeekQwen (32B)', 'GPM (8B)', 'EurusPRMStage2_avg_scores (7.62B)', 'QwenPRM_max_scores (7.63B)', 'QwenPRM_min_scores (7.63B)', 'Qwen72B_scores (72B)']","[0.9970294314052949, 0.9922766226362969, 0.9746121075710005, 0.9876216196340022, 0.9682952788358433, 0.9922766226362969, 0.9742937223322352, 0.9876216196340022, 0.9682952788358433, 0.9172928765898241, 0.9682952788358433, 0.7774403453800657, 0.9970294314052949, 0.9682952788358433, 0.9970294314052949, 0.5514279145859875, 0.9172928765898241, 0.9682952788358433, 0.9682952788358433, 0.9682952788358433, 0.9905094984808263, 0.7774403453800657, 0.8379590865148034, 0.7774403453800657, 0.7774403453800657, 0.9682952788358433, 0.9682952788358433, 0.9682952788358433, 0.5514279145859875, 0.9682952788358433, 0.9682952788358433, 0.3686695051540776, 0.9876216196340022, 0.12189484683226222, 0.28287651745905856, 0.9682952788358433, 0.9172928765898241, 0.9172928765898241, 0.9682952788358433, 0.900096647421909, 0.9742937223322352, 0.9172928765898241, 0.9682952788358433, 0.9172928765898241, 0.5560316043013471, 0.9970294314052949, 0.9876216196340022, 0.5514279145859875, 0.9970294314052949, 0.9742937223322352, 0.9172928765898241, 0.3686695051540776, 0.9742937223322352, 0.9970294314052949, 0.9970294314052949, 0.9172928765898241, 0.3686695051540776, 0.9172928765898241, 0.9970294314052949, 0.9989192053199994, 0.9970294314052949, 0.9172928765898241, 0.9682952788358433, 0.900096647421909, 0.3686695051540776, 0.9682952788358433, 0.7719565585357397, 0.9682952788358433, 0.12189484683226222, 0.9970294314052949, 0.9682952788358433, 0.9682952788358433, 0.9970294314052949, 0.9682952788358433, 0.9682952788358433, 0.9970294314052949, 0.5560316043013471, 0.9172928765898241, 0.9970294314052949, 0.9970294314052949, 0.12189484683226222, 0.9172928765898241, 0.9682952788358433, 0.9970294314052949, 0.5560316043013471, 0.8421801861820378, 0.9682952788358433, 0.015629113335883956, 0.9172928765898241, 0.9682952788358433, 0.9970294314052949, 0.9682952788358433, 0.9790162469878317, 0.9172928765898241, 0.9172928765898241, 0.8404728400261116, 0.4996548886195624, 0.9172928765898241, 0.775219555198201, 0.9682952788358433]",5,train,8
0.43,28,15,57,0,100,7,1,1,1,0,0,0,7,1,1,1,0,0,0,"(array([0.81012475, 0.7525351 , 0.68246686, 0.88080257, 0.51574945,
       0.3871114 ]), array([0.6822992 , 0.74684471, 0.77111858, 0.5461272 , 0.796269  ,
       0.80983418]), array([0.31164515, 0.24907577, 0.22437422, 0.44412735, 0.19819504,
       0.18393336]), array([0.19658837, 0.25480497, 0.32603791, 0.12388014, 0.49256572,
       0.61894602]))","['DeepSeekQwen (32B)', 'GPM (8B)', 'EurusPRMStage2_avg_scores (7.62B)', 'QwenPRM_max_scores (7.63B)', 'QwenPRM_min_scores (7.63B)', 'Qwen72B_scores (72B)']","[0.12189484683226222, 0.8984088538525293, 0.5514279145859875, 0.5514279145859875, 0.5514279145859875, 0.5514279145859875, 0.5514279145859875, 0.9989192053199994, 0.12327043163876843, 0.9989192053199994, 0.9970294314052949, 0.5514279145859875, 0.5028522519368586, 0.5514279145859875, 0.5591865413169167, 0.9682952788358433, 0.5514279145859875, 0.5514279145859875, 0.9172928765898241, 0.12189484683226222, 0.9905094984808263, 0.12327043163876843, 0.8984088538525293, 0.9172928765898241, 0.9172928765898241, 0.9355171906001328, 0.9876216196340022, 0.5514279145859875, 0.9989192053199994, 0.9989192053199994, 0.5514279145859875, 0.9954691231546783, 0.9682952788358433, 0.5514279145859875, 0.9989192053199994, 0.5514279145859875, 0.12327043163876843, 0.12189484683226222, 0.9876216196340022, 0.9682952788358433, 0.5514279145859875, 0.5514279145859875, 0.9172928765898241, 0.5514279145859875, 0.9172928765898241, 0.12189484683226222, 0.5514279145859875, 0.5591865413169167, 0.9682952788358433, 0.9922766226362969, 0.5514279145859875, 0.5591865413169167, 0.5514279145859875, 0.5514279145859875, 0.9954691231546783, 0.9172928765898241, 0.5514279145859875, 0.9954691231546783, 0.9172928765898241, 0.9954691231546783, 0.12327043163876843, 0.12189484683226222, 0.12529804086123175, 0.5514279145859875, 0.5514279145859875, 0.9172928765898241, 0.12189484683226222, 0.9172928765898241, 0.9989192053199994, 0.9989192053199994, 0.5514279145859875, 0.5514279145859875, 0.5514279145859875, 0.12327043163876843, 0.5514279145859875, 0.5514279145859875, 0.5514279145859875, 0.9970294314052949, 0.5514279145859875, 0.5514279145859875, 0.901240849833744, 0.9954691231546783, 0.5514279145859875, 0.5514279145859875, 0.7333272804656071, 0.9970294314052949, 0.9989192053199994, 0.5514279145859875, 0.12327043163876843, 0.5514279145859875, 0.5514279145859875, 0.12327043163876843, 0.5514279145859875, 0.12189484683226222, 0.9905094984808263, 0.5514279145859875, 0.9738229786996095, 0.9172928765898241, 0.5514279145859875, 0.5514279145859875]",6,train,2
0.98,98,0,0,2,100,1,1,1,1,0,0,0,1,1,1,1,0,0,0,"(array([0.81012475, 0.7525351 , 0.68246686, 0.88080257, 0.51574945,
       0.3871114 ]), array([0.6822992 , 0.74684471, 0.77111858, 0.5461272 , 0.796269  ,
       0.80983418]), array([0.31164515, 0.24907577, 0.22437422, 0.44412735, 0.19819504,
       0.18393336]), array([0.19658837, 0.25480497, 0.32603791, 0.12388014, 0.49256572,
       0.61894602]))","['DeepSeekQwen (32B)', 'GPM (8B)', 'EurusPRMStage2_avg_scores (7.62B)', 'QwenPRM_max_scores (7.63B)', 'QwenPRM_min_scores (7.63B)', 'Qwen72B_scores (72B)']","[0.9876216196340022, 0.9989192053199994, 0.9954691231546783, 0.9970294314052949, 0.9989192053199994, 0.9989192053199994, 0.9989192053199994, 0.9612554207591427, 0.9617289486515372, 0.9617289486515372, 0.9790162469878317, 0.9876216196340022, 0.9954691231546783, 0.9989192053199994, 0.900096647421909, 0.9954691231546783, 0.9922766226362969, 0.9355171906001328, 0.9989192053199994, 0.9954691231546783, 0.9954691231546783, 0.9954691231546783, 0.9989192053199994, 0.9989192053199994, 0.9790162469878317, 0.28287651745905856, 0.9954691231546783, 0.9355171906001328, 0.9989192053199994, 0.9989192053199994, 0.9989192053199994, 0.9903327581962722, 0.9905094984808263, 0.9989192053199994, 0.901240849833744, 0.9876216196340022, 0.9989192053199994, 0.9954691231546783, 0.9954691231546783, 0.9954691231546783, 0.9617289486515372, 0.9989192053199994, 0.9362844349202826, 0.9612554207591427, 0.9989192053199994, 0.9905094984808263, 0.9970294314052949, 0.9922766226362969, 0.9954691231546783, 0.9682952788358433, 0.9989192053199994, 0.9989192053199994, 0.9989192053199994, 0.9970294314052949, 0.9905094984808263, 0.9742937223322352, 0.9989192053199994, 0.7394264325892952, 0.9617289486515372, 0.9954691231546783, 0.9989192053199994, 0.9989192053199994, 0.9905094984808263, 0.9954691231546783, 0.9989192053199994, 0.9989192053199994, 0.9746121075710005, 0.9954691231546783, 0.9905094984808263, 0.9612554207591427, 0.9742937223322352, 0.9989192053199994, 0.9227041409013096, 0.9954691231546783, 0.9989192053199994, 0.9905094984808263, 0.9905094984808263, 0.9954691231546783, 0.9989192053199994, 0.9876216196340022, 0.9905094984808263, 0.9989192053199994, 0.9905094984808263, 0.9905094984808263, 0.9989192053199994, 0.9905094984808263, 0.9989192053199994, 0.9989192053199994, 0.28287651745905856, 0.9970294314052949, 0.9989192053199994, 0.9922766226362969, 0.9905094984808263, 0.9989192053199994, 0.9922766226362969, 0.9905094984808263, 0.9989192053199994, 0.9172928765898241, 0.8404728400261116, 0.9989192053199994]",7,train,9
1.0,100,0,0,0,100,11,1,1,1,0,0,0,11,1,1,1,0,0,0,"(array([0.81012475, 0.7525351 , 0.68246686, 0.88080257, 0.51574945,
       0.3871114 ]), array([0.6822992 , 0.74684471, 0.77111858, 0.5461272 , 0.796269  ,
       0.80983418]), array([0.31164515, 0.24907577, 0.22437422, 0.44412735, 0.19819504,
       0.18393336]), array([0.19658837, 0.25480497, 0.32603791, 0.12388014, 0.49256572,
       0.61894602]))","['DeepSeekQwen (32B)', 'GPM (8B)', 'EurusPRMStage2_avg_scores (7.62B)', 'QwenPRM_max_scores (7.63B)', 'QwenPRM_min_scores (7.63B)', 'Qwen72B_scores (72B)']","[0.9970294314052949, 0.9172928765898241, 0.9970294314052949, 0.9790162469878317, 0.9970294314052949, 0.9876216196340022, 0.9682952788358433, 0.9970294314052949, 0.9954691231546783, 0.9905094984808263, 0.9954691231546783, 0.9989192053199994, 0.9172928765898241, 0.9682952788358433, 0.9227041409013096, 0.9954691231546783, 0.9876216196340022, 0.9989192053199994, 0.9682952788358433, 0.9876216196340022, 0.9172928765898241, 0.9905094984808263, 0.9954691231546783, 0.8404728400261116, 0.9682952788358433, 0.9970294314052949, 0.5560316043013471, 0.9682952788358433, 0.9742937223322352, 0.9954691231546783, 0.9989192053199994, 0.9876216196340022, 0.9682952788358433, 0.9876216196340022, 0.9612554207591427, 0.9989192053199994, 0.9970294314052949, 0.9682952788358433, 0.9682952788358433, 0.9172928765898241, 0.9172928765898241, 0.9742937223322352, 0.9989192053199994, 0.9682952788358433, 0.9742937223322352, 0.9989192053199994, 0.9954691231546783, 0.9989192053199994, 0.9172928765898241, 0.5560316043013471, 0.9876216196340022, 0.9954691231546783, 0.9612554207591427, 0.9682952788358433, 0.900096647421909, 0.9989192053199994, 0.9970294314052949, 0.775219555198201, 0.9172928765898241, 0.9172928765898241, 0.9989192053199994, 0.5560316043013471, 0.9682952788358433, 0.9682952788358433, 0.9989192053199994, 0.9682952788358433, 0.9876216196340022, 0.9682952788358433, 0.9790162469878317, 0.9682952788358433, 0.9876216196340022, 0.9172928765898241, 0.9790162469878317, 0.9682952788358433, 0.9989192053199994, 0.9682952788358433, 0.9682952788358433, 0.9876216196340022, 0.9876216196340022, 0.9172928765898241, 0.9989192053199994, 0.9970294314052949, 0.9954691231546783, 0.900096647421909, 0.9970294314052949, 0.9989192053199994, 0.9970294314052949, 0.9172928765898241, 0.9970294314052949, 0.9742937223322352, 0.9790162469878317, 0.9970294314052949, 0.9612554207591427, 0.9970294314052949, 0.900096647421909, 0.9172928765898241, 0.9172928765898241, 0.9172928765898241, 0.5560316043013471, 0.9742937223322352]",8,train,9
0.65,16,49,35,0,100,24,1,1,1,0,0,0,24,1,1,1,0,0,0,"(array([0.81012475, 0.7525351 , 0.68246686, 0.88080257, 0.51574945,
       0.3871114 ]), array([0.6822992 , 0.74684471, 0.77111858, 0.5461272 , 0.796269  ,
       0.80983418]), array([0.31164515, 0.24907577, 0.22437422, 0.44412735, 0.19819504,
       0.18393336]), array([0.19658837, 0.25480497, 0.32603791, 0.12388014, 0.49256572,
       0.61894602]))","['DeepSeekQwen (32B)', 'GPM (8B)', 'EurusPRMStage2_avg_scores (7.62B)', 'QwenPRM_max_scores (7.63B)', 'QwenPRM_min_scores (7.63B)', 'Qwen72B_scores (72B)']","[0.10251013228260442, 0.12189484683226222, 0.900096647421909, 0.8984088538525293, 0.8077255019222699, 0.12189484683226222, 0.12327043163876843, 0.12189484683226222, 0.8077255019222699, 0.12189484683226222, 0.4996548886195624, 0.12189484683226222, 0.5028522519368586, 0.10251013228260442, 0.4996548886195624, 0.5075092251643009, 0.5075092251643009, 0.4996548886195624, 0.8077255019222699, 0.4996548886195624, 0.900096647421909, 0.3686695051540776, 0.9742937223322352, 0.4996548886195624, 0.9876216196340022, 0.015629113335883956, 0.12189484683226222, 0.8077255019222699, 0.5560316043013471, 0.900096647421909, 0.12189484683226222, 0.900096647421909, 0.5028522519368586, 0.4996548886195624, 0.12327043163876843, 0.4996548886195624, 0.901240849833744, 0.8984088538525293, 0.9876216196340022, 0.4996548886195624, 0.5075092251643009, 0.4996548886195624, 0.4996548886195624, 0.10251013228260442, 0.10251013228260442, 0.900096647421909, 0.901240849833744, 0.900096647421909, 0.5560316043013471, 0.5075092251643009, 0.900096647421909, 0.5591865413169167, 0.5075092251643009, 0.900096647421909, 0.900096647421909, 0.4996548886195624, 0.4996548886195624, 0.9876216196340022, 0.8077255019222699, 0.8984088538525293, 0.4996548886195624, 0.8077255019222699, 0.4996548886195624, 0.5560316043013471, 0.900096647421909, 0.4996548886195624, 0.4996548886195624, 0.12189484683226222, 0.901240849833744, 0.8404728400261116, 0.10251013228260442, 0.4996548886195624, 0.5075092251643009, 0.4996548886195624, 0.9876216196340022, 0.12529804086123175, 0.8077255019222699, 0.5075092251643009, 0.9876216196340022, 0.900096647421909, 0.3686695051540776, 0.10251013228260442, 0.9876216196340022, 0.4996548886195624, 0.10251013228260442, 0.10251013228260442, 0.9876216196340022, 0.10251013228260442, 0.12529804086123175, 0.12529804086123175, 0.10251013228260442, 0.5075092251643009, 0.5514279145859875, 0.5028522519368586, 0.12189484683226222, 0.015629113335883956, 0.901240849833744, 0.5075092251643009, 0.4996548886195624, 0.4996548886195624]",9,train,1
0.97,89,8,3,0,100,4,1,1,1,0,0,0,4,1,1,1,0,0,0,"(array([0.81012475, 0.7525351 , 0.68246686, 0.88080257, 0.51574945,
       0.3871114 ]), array([0.6822992 , 0.74684471, 0.77111858, 0.5461272 , 0.796269  ,
       0.80983418]), array([0.31164515, 0.24907577, 0.22437422, 0.44412735, 0.19819504,
       0.18393336]), array([0.19658837, 0.25480497, 0.32603791, 0.12388014, 0.49256572,
       0.61894602]))","['DeepSeekQwen (32B)', 'GPM (8B)', 'EurusPRMStage2_avg_scores (7.62B)', 'QwenPRM_max_scores (7.63B)', 'QwenPRM_min_scores (7.63B)', 'Qwen72B_scores (72B)']","[0.5514279145859875, 0.9970294314052949, 0.5560316043013471, 0.9876216196340022, 0.9989192053199994, 0.9790162469878317, 0.9682952788358433, 0.9355171906001328, 0.9172928765898241, 0.9954691231546783, 0.9172928765898241, 0.9903327581962722, 0.015629113335883956, 0.5591865413169167, 0.900096647421909, 0.9790162469878317, 0.9876216196340022, 0.9172928765898241, 0.9970294314052949, 0.9682952788358433, 0.9903327581962722, 0.9989192053199994, 0.9172928765898241, 0.9682952788358433, 0.9876216196340022, 0.9682952788358433, 0.9617289486515372, 0.12189484683226222, 0.9355171906001328, 0.6239718187005685, 0.9682952788358433, 0.9612554207591427, 0.9172928765898241, 0.900096647421909, 0.12189484683226222, 0.9612554207591427, 0.9355171906001328, 0.9612554207591427, 0.9989192053199994, 0.9970294314052949, 0.9172928765898241, 0.9355171906001328, 0.9682952788358433, 0.9876216196340022, 0.9905094984808263, 0.9790162469878317, 0.9954691231546783, 0.5560316043013471, 0.9905094984808263, 0.9742937223322352, 0.9989192053199994, 0.9682952788358433, 0.8404728400261116, 0.9954691231546783, 0.9922766226362969, 0.9790162469878317, 0.9970294314052949, 0.9954691231546783, 0.12189484683226222, 0.9989192053199994, 0.12189484683226222, 0.9989192053199994, 0.9989192053199994, 0.9954691231546783, 0.9746121075710005, 0.5560316043013471, 0.9954691231546783, 0.9682952788358433, 0.9172928765898241, 0.10251013228260442, 0.9954691231546783, 0.9172928765898241, 0.9682952788358433, 0.9172928765898241, 0.9876216196340022, 0.9989192053199994, 0.9172928765898241, 0.9970294314052949, 0.9682952788358433, 0.9172928765898241, 0.9682952788358433, 0.9954691231546783, 0.9612554207591427, 0.9682952788358433, 0.9970294314052949, 0.9989192053199994, 0.5560316043013471, 0.775219555198201, 0.9605555808733427, 0.9172928765898241, 0.5560316043013471, 0.9172928765898241, 0.015629113335883956, 0.9682952788358433, 0.9172928765898241, 0.9172928765898241, 0.7333272804656071, 0.5560316043013471, 0.015629113335883956, 0.5514279145859875]",10,train,8
0.99,98,1,1,0,100,0,1,1,1,0,0,0,0,1,1,1,0,0,0,"(array([0.81012475, 0.7525351 , 0.68246686, 0.88080257, 0.51574945,
       0.3871114 ]), array([0.6822992 , 0.74684471, 0.77111858, 0.5461272 , 0.796269  ,
       0.80983418]), array([0.31164515, 0.24907577, 0.22437422, 0.44412735, 0.19819504,
       0.18393336]), array([0.19658837, 0.25480497, 0.32603791, 0.12388014, 0.49256572,
       0.61894602]))","['DeepSeekQwen (32B)', 'GPM (8B)', 'EurusPRMStage2_avg_scores (7.62B)', 'QwenPRM_max_scores (7.63B)', 'QwenPRM_min_scores (7.63B)', 'Qwen72B_scores (72B)']","[0.9989192053199994, 0.9970294314052949, 0.9742937223322352, 0.9989192053199994, 0.9970294314052949, 0.9989192053199994, 0.9989192053199994, 0.9742937223322352, 0.9742937223322352, 0.9989192053199994, 0.9605555808733427, 0.9905094984808263, 0.9970294314052949, 0.5514279145859875, 0.9989192053199994, 0.9989192053199994, 0.9742937223322352, 0.9227041409013096, 0.9989192053199994, 0.9172928765898241, 0.9989192053199994, 0.9970294314052949, 0.9989192053199994, 0.9989192053199994, 0.9989192053199994, 0.9172928765898241, 0.9989192053199994, 0.9876216196340022, 0.9970294314052949, 0.9989192053199994, 0.5591865413169167, 0.9172928765898241, 0.9970294314052949, 0.9682952788358433, 0.900096647421909, 0.9989192053199994, 0.9989192053199994, 0.900096647421909, 0.9905094984808263, 0.9742937223322352, 0.9970294314052949, 0.9742937223322352, 0.9989192053199994, 0.9989192053199994, 0.9876216196340022, 0.9617289486515372, 0.9876216196340022, 0.9989192053199994, 0.9954691231546783, 0.9742937223322352, 0.12189484683226222, 0.9905094984808263, 0.9989192053199994, 0.9989192053199994, 0.9954691231546783, 0.9905094984808263, 0.9989192053199994, 0.9172928765898241, 0.9922766226362969, 0.9970294314052949, 0.9989192053199994, 0.9922766226362969, 0.9905094984808263, 0.9742937223322352, 0.9905094984808263, 0.9989192053199994, 0.9989192053199994, 0.9970294314052949, 0.9906289748778456, 0.9989192053199994, 0.9905094984808263, 0.9905094984808263, 0.9989192053199994, 0.9905094984808263, 0.9172928765898241, 0.9970294314052949, 0.9989192053199994, 0.9989192053199994, 0.9742937223322352, 0.9989192053199994, 0.9605555808733427, 0.9922766226362969, 0.9742937223322352, 0.9355171906001328, 0.9970294314052949, 0.9989192053199994, 0.9906289748778456, 0.9922766226362969, 0.9954691231546783, 0.9989192053199994, 0.9172928765898241, 0.9989192053199994, 0.9989192053199994, 0.5514279145859875, 0.9970294314052949, 0.9790162469878317, 0.9790162469878317, 0.9970294314052949, 0.9742937223322352, 0.9970294314052949]",11,train,9
0.99,99,0,0,1,100,6,1,1,1,0,0,0,6,1,1,1,0,0,0,"(array([0.81012475, 0.7525351 , 0.68246686, 0.88080257, 0.51574945,
       0.3871114 ]), array([0.6822992 , 0.74684471, 0.77111858, 0.5461272 , 0.796269  ,
       0.80983418]), array([0.31164515, 0.24907577, 0.22437422, 0.44412735, 0.19819504,
       0.18393336]), array([0.19658837, 0.25480497, 0.32603791, 0.12388014, 0.49256572,
       0.61894602]))","['DeepSeekQwen (32B)', 'GPM (8B)', 'EurusPRMStage2_avg_scores (7.62B)', 'QwenPRM_max_scores (7.63B)', 'QwenPRM_min_scores (7.63B)', 'Qwen72B_scores (72B)']","[0.9742937223322352, 0.8125580030349415, 0.900096647421909, 0.9790162469878317, 0.9742937223322352, 0.9922766226362969, 0.9970294314052949, 0.9790162469878317, 0.9790162469878317, 0.9970294314052949, 0.9970294314052949, 0.9970294314052949, 0.9682952788358433, 0.8404728400261116, 0.9790162469878317, 0.9970294314052949, 0.9790162469878317, 0.9172928765898241, 0.9790162469878317, 0.9970294314052949, 0.9970294314052949, 0.9970294314052949, 0.9790162469878317, 0.8125580030349415, 0.9742937223322352, 0.9970294314052949, 0.9970294314052949, 0.9970294314052949, 0.9970294314052949, 0.9172928765898241, 0.9970294314052949, 0.9970294314052949, 0.9742937223322352, 0.9970294314052949, 0.9790162469878317, 0.9970294314052949, 0.9970294314052949, 0.9876216196340022, 0.8404728400261116, 0.9970294314052949, 0.9746121075710005, 0.9970294314052949, 0.9970294314052949, 0.9790162469878317, 0.9970294314052949, 0.9172928765898241, 0.8404728400261116, 0.9970294314052949, 0.9790162469878317, 0.9172928765898241, 0.9790162469878317, 0.9970294314052949, 0.9790162469878317, 0.901240849833744, 0.9790162469878317, 0.9790162469878317, 0.9742937223322352, 0.9790162469878317, 0.9970294314052949, 0.9172928765898241, 0.9970294314052949, 0.9790162469878317, 0.9970294314052949, 0.3686695051540776, 0.9790162469878317, 0.9790162469878317, 0.8404728400261116, 0.9970294314052949, 0.9790162469878317, 0.9970294314052949, 0.9970294314052949, 0.9790162469878317, 0.9970294314052949, 0.5560316043013471, 0.9742937223322352, 0.9172928765898241, 0.9790162469878317, 0.9922766226362969, 0.8404728400261116, 0.9790162469878317, 0.9906289748778456, 0.9970294314052949, 0.9970294314052949, 0.9970294314052949, 0.8404728400261116, 0.8404728400261116, 0.9970294314052949, 0.9742937223322352, 0.8421801861820378, 0.9790162469878317, 0.9790162469878317, 0.9970294314052949, 0.9970294314052949, 0.9790162469878317, 0.9970294314052949, 0.9790162469878317, 0.9742937223322352, 0.9172928765898241, 0.9742937223322352, 0.9970294314052949]",12,train,9
0.86,61,25,14,0,100,39,1,1,1,0,0,0,39,1,1,1,0,0,0,"(array([0.81012475, 0.7525351 , 0.68246686, 0.88080257, 0.51574945,
       0.3871114 ]), array([0.6822992 , 0.74684471, 0.77111858, 0.5461272 , 0.796269  ,
       0.80983418]), array([0.31164515, 0.24907577, 0.22437422, 0.44412735, 0.19819504,
       0.18393336]), array([0.19658837, 0.25480497, 0.32603791, 0.12388014, 0.49256572,
       0.61894602]))","['DeepSeekQwen (32B)', 'GPM (8B)', 'EurusPRMStage2_avg_scores (7.62B)', 'QwenPRM_max_scores (7.63B)', 'QwenPRM_min_scores (7.63B)', 'Qwen72B_scores (72B)']","[0.8379590865148034, 0.9876216196340022, 0.900096647421909, 0.900096647421909, 0.9876216196340022, 0.900096647421909, 0.9876216196340022, 0.775219555198201, 0.12189484683226222, 0.12327043163876843, 0.5560316043013471, 0.9682952788358433, 0.8077255019222699, 0.9876216196340022, 0.9605555808733427, 0.27654652183333067, 0.5560316043013471, 0.9876216196340022, 0.12189484683226222, 0.900096647421909, 0.900096647421909, 0.12189484683226222, 0.9876216196340022, 0.9876216196340022, 0.9355171906001328, 0.12189484683226222, 0.9876216196340022, 0.12189484683226222, 0.9876216196340022, 0.9876216196340022, 0.9876216196340022, 0.9682952788358433, 0.12189484683226222, 0.9876216196340022, 0.9682952788358433, 0.9876216196340022, 0.9954691231546783, 0.9954691231546783, 0.5560316043013471, 0.9989192053199994, 0.12189484683226222, 0.8404728400261116, 0.9954691231546783, 0.9954691231546783, 0.900096647421909, 0.9954691231546783, 0.9989192053199994, 0.8077255019222699, 0.3686695051540776, 0.8984088538525293, 0.901240849833744, 0.9876216196340022, 0.900096647421909, 0.9612554207591427, 0.5514279145859875, 0.5514279145859875, 0.9876216196340022, 0.9876216196340022, 0.12189484683226222, 0.9172928765898241, 0.900096647421909, 0.8984088538525293, 0.9876216196340022, 0.9954691231546783, 0.3686695051540776, 0.12189484683226222, 0.9355171906001328, 0.900096647421909, 0.9876216196340022, 0.920433283787046, 0.9876216196340022, 0.12189484683226222, 0.9876216196340022, 0.32454518491454715, 0.12189484683226222, 0.9876216196340022, 0.015629113335883956, 0.3686695051540776, 0.9876216196340022, 0.9876216196340022, 0.9954691231546783, 0.3686695051540776, 0.015629113335883956, 0.9954691231546783, 0.9876216196340022, 0.9876216196340022, 0.06260916494432782, 0.4996548886195624, 0.9876216196340022, 0.7333272804656071, 0.900096647421909, 0.9922766226362969, 0.4996548886195624, 0.8077255019222699, 0.9876216196340022, 0.900096647421909, 0.9343841781853638, 0.9970294314052949, 0.12189484683226222, 0.12189484683226222]",13,train,6
0.71,51,20,29,0,100,0,1,1,1,0,0,0,0,1,1,1,0,0,0,"(array([0.81012475, 0.7525351 , 0.68246686, 0.88080257, 0.51574945,
       0.3871114 ]), array([0.6822992 , 0.74684471, 0.77111858, 0.5461272 , 0.796269  ,
       0.80983418]), array([0.31164515, 0.24907577, 0.22437422, 0.44412735, 0.19819504,
       0.18393336]), array([0.19658837, 0.25480497, 0.32603791, 0.12388014, 0.49256572,
       0.61894602]))","['DeepSeekQwen (32B)', 'GPM (8B)', 'EurusPRMStage2_avg_scores (7.62B)', 'QwenPRM_max_scores (7.63B)', 'QwenPRM_min_scores (7.63B)', 'Qwen72B_scores (72B)']","[0.9954691231546783, 0.9612554207591427, 0.9954691231546783, 0.12189484683226222, 0.12189484683226222, 0.4996548886195624, 0.9682952788358433, 0.9612554207591427, 0.5514279145859875, 0.5514279145859875, 0.8984088538525293, 0.5514279145859875, 0.9954691231546783, 0.9954691231546783, 0.5514279145859875, 0.9605555808733427, 0.5514279145859875, 0.5514279145859875, 0.12189484683226222, 0.9617289486515372, 0.9617289486515372, 0.9954691231546783, 0.9612554207591427, 0.12327043163876843, 0.5514279145859875, 0.5514279145859875, 0.5514279145859875, 0.9876216196340022, 0.5514279145859875, 0.9954691231546783, 0.9617289486515372, 0.12189484683226222, 0.5514279145859875, 0.5514279145859875, 0.12189484683226222, 0.8984088538525293, 0.5560316043013471, 0.12189484683226222, 0.9682952788358433, 0.9876216196340022, 0.9876216196340022, 0.9954691231546783, 0.5514279145859875, 0.5514279145859875, 0.5514279145859875, 0.5514279145859875, 0.9612554207591427, 0.775219555198201, 0.9612554207591427, 0.5514279145859875, 0.5514279145859875, 0.9954691231546783, 0.9954691231546783, 0.12327043163876843, 0.9954691231546783, 0.5514279145859875, 0.9954691231546783, 0.015629113335883956, 0.9954691231546783, 0.9617289486515372, 0.9612554207591427, 0.5514279145859875, 0.5514279145859875, 0.015629113335883956, 0.5514279145859875, 0.5514279145859875, 0.12189484683226222, 0.7719565585357397, 0.9954691231546783, 0.9954691231546783, 0.5514279145859875, 0.12189484683226222, 0.12189484683226222, 0.9682952788358433, 0.12327043163876843, 0.12189484683226222, 0.9612554207591427, 0.5514279145859875, 0.12327043163876843, 0.9954691231546783, 0.9954691231546783, 0.015629113335883956, 0.12327043163876843, 0.9954691231546783, 0.9612554207591427, 0.5514279145859875, 0.9954691231546783, 0.9954691231546783, 0.5514279145859875, 0.9954691231546783, 0.9612554207591427, 0.015629113335883956, 0.7774403453800657, 0.9954691231546783, 0.9954691231546783, 0.5514279145859875, 0.9954691231546783, 0.9612554207591427, 0.9954691231546783, 0.9954691231546783]",14,train,5
0.99,95,4,0,1,100,5,1,1,1,0,0,0,5,1,1,1,0,0,0,"(array([0.81012475, 0.7525351 , 0.68246686, 0.88080257, 0.51574945,
       0.3871114 ]), array([0.6822992 , 0.74684471, 0.77111858, 0.5461272 , 0.796269  ,
       0.80983418]), array([0.31164515, 0.24907577, 0.22437422, 0.44412735, 0.19819504,
       0.18393336]), array([0.19658837, 0.25480497, 0.32603791, 0.12388014, 0.49256572,
       0.61894602]))","['DeepSeekQwen (32B)', 'GPM (8B)', 'EurusPRMStage2_avg_scores (7.62B)', 'QwenPRM_max_scores (7.63B)', 'QwenPRM_min_scores (7.63B)', 'Qwen72B_scores (72B)']","[0.9742937223322352, 0.900096647421909, 0.8984088538525293, 0.9172928765898241, 0.9970294314052949, 0.9989192053199994, 0.9172928765898241, 0.9970294314052949, 0.9970294314052949, 0.8984088538525293, 0.9876216196340022, 0.9742937223322352, 0.9970294314052949, 0.9970294314052949, 0.9172928765898241, 0.900096647421909, 0.9876216196340022, 0.9876216196340022, 0.9970294314052949, 0.9970294314052949, 0.9905094984808263, 0.9970294314052949, 0.9876216196340022, 0.9876216196340022, 0.9172928765898241, 0.9172928765898241, 0.9876216196340022, 0.9876216196340022, 0.9876216196340022, 0.5560316043013471, 0.9612554207591427, 0.9876216196340022, 0.9876216196340022, 0.9989192053199994, 0.12189484683226222, 0.9970294314052949, 0.9989192053199994, 0.900096647421909, 0.9954691231546783, 0.9172928765898241, 0.9989192053199994, 0.9742937223322352, 0.9876216196340022, 0.9970294314052949, 0.9742937223322352, 0.9970294314052949, 0.901240849833744, 0.9970294314052949, 0.9876216196340022, 0.9905094984808263, 0.9172928765898241, 0.9970294314052949, 0.9970294314052949, 0.9970294314052949, 0.9172928765898241, 0.9172928765898241, 0.9970294314052949, 0.015629113335883956, 0.9989192053199994, 0.12189484683226222, 0.9970294314052949, 0.9954691231546783, 0.9876216196340022, 0.900096647421909, 0.9970294314052949, 0.9876216196340022, 0.9742937223322352, 0.5514279145859875, 0.9742937223322352, 0.9970294314052949, 0.900096647421909, 0.9742937223322352, 0.9742937223322352, 0.9742937223322352, 0.9970294314052949, 0.9172928765898241, 0.5560316043013471, 0.5075092251643009, 0.9970294314052949, 0.9790162469878317, 0.12189484683226222, 0.015629113335883956, 0.9970294314052949, 0.9970294314052949, 0.9172928765898241, 0.9922766226362969, 0.9746121075710005, 0.5560316043013471, 0.9172928765898241, 0.9172928765898241, 0.9742937223322352, 0.9876216196340022, 0.9172928765898241, 0.9876216196340022, 0.6165715895347222, 0.9970294314052949, 0.9876216196340022, 0.9742937223322352, 0.9876216196340022, 0.9970294314052949]",15,train,9
1.0,100,0,0,0,100,2,1,1,1,0,0,0,2,1,1,1,0,0,0,"(array([0.81012475, 0.7525351 , 0.68246686, 0.88080257, 0.51574945,
       0.3871114 ]), array([0.6822992 , 0.74684471, 0.77111858, 0.5461272 , 0.796269  ,
       0.80983418]), array([0.31164515, 0.24907577, 0.22437422, 0.44412735, 0.19819504,
       0.18393336]), array([0.19658837, 0.25480497, 0.32603791, 0.12388014, 0.49256572,
       0.61894602]))","['DeepSeekQwen (32B)', 'GPM (8B)', 'EurusPRMStage2_avg_scores (7.62B)', 'QwenPRM_max_scores (7.63B)', 'QwenPRM_min_scores (7.63B)', 'Qwen72B_scores (72B)']","[0.9742937223322352, 0.9876216196340022, 0.9989192053199994, 0.9682952788358433, 0.9906289748778456, 0.9970294314052949, 0.9970294314052949, 0.9989192053199994, 0.9970294314052949, 0.9970294314052949, 0.9905094984808263, 0.9970294314052949, 0.9742937223322352, 0.9970294314052949, 0.9742937223322352, 0.9989192053199994, 0.9612554207591427, 0.9742937223322352, 0.9989192053199994, 0.9970294314052949, 0.9970294314052949, 0.9742937223322352, 0.9905094984808263, 0.9172928765898241, 0.9682952788358433, 0.9970294314052949, 0.9989192053199994, 0.9954691231546783, 0.9954691231546783, 0.9989192053199994, 0.9742937223322352, 0.9970294314052949, 0.9970294314052949, 0.9989192053199994, 0.9989192053199994, 0.9970294314052949, 0.9970294314052949, 0.9989192053199994, 0.9989192053199994, 0.9970294314052949, 0.9970294314052949, 0.9989192053199994, 0.9906289748778456, 0.9970294314052949, 0.9970294314052949, 0.9970294314052949, 0.9970294314052949, 0.9682952788358433, 0.9970294314052949, 0.9742937223322352, 0.9954691231546783, 0.9989192053199994, 0.9905094984808263, 0.9905094984808263, 0.9172928765898241, 0.9970294314052949, 0.9970294314052949, 0.9970294314052949, 0.9970294314052949, 0.900096647421909, 0.9989192053199994, 0.9989192053199994, 0.9742937223322352, 0.9970294314052949, 0.9954691231546783, 0.9682952788358433, 0.9905094984808263, 0.9970294314052949, 0.9905094984808263, 0.9742937223322352, 0.9742937223322352, 0.900096647421909, 0.9172928765898241, 0.9172928765898241, 0.9970294314052949, 0.9970294314052949, 0.9970294314052949, 0.9970294314052949, 0.9742937223322352, 0.9172928765898241, 0.9970294314052949, 0.9970294314052949, 0.9742937223322352, 0.9989192053199994, 0.9970294314052949, 0.9989192053199994, 0.9970294314052949, 0.9970294314052949, 0.9970294314052949, 0.9970294314052949, 0.9742937223322352, 0.9742937223322352, 0.9970294314052949, 0.9172928765898241, 0.9970294314052949, 0.9989192053199994, 0.9172928765898241, 0.9172928765898241, 0.9905094984808263, 0.9970294314052949]",16,train,9
1.0,100,0,0,0,100,0,1,1,1,0,0,0,0,1,1,1,0,0,0,"(array([0.81012475, 0.7525351 , 0.68246686, 0.88080257, 0.51574945,
       0.3871114 ]), array([0.6822992 , 0.74684471, 0.77111858, 0.5461272 , 0.796269  ,
       0.80983418]), array([0.31164515, 0.24907577, 0.22437422, 0.44412735, 0.19819504,
       0.18393336]), array([0.19658837, 0.25480497, 0.32603791, 0.12388014, 0.49256572,
       0.61894602]))","['DeepSeekQwen (32B)', 'GPM (8B)', 'EurusPRMStage2_avg_scores (7.62B)', 'QwenPRM_max_scores (7.63B)', 'QwenPRM_min_scores (7.63B)', 'Qwen72B_scores (72B)']","[0.9970294314052949, 0.9970294314052949, 0.9970294314052949, 0.9742937223322352, 0.9970294314052949, 0.9970294314052949, 0.9742937223322352, 0.9970294314052949, 0.9742937223322352, 0.9970294314052949, 0.900096647421909, 0.9790162469878317, 0.8125580030349415, 0.8404728400261116, 0.9970294314052949, 0.9742937223322352, 0.9742937223322352, 0.9876216196340022, 0.9876216196340022, 0.9876216196340022, 0.900096647421909, 0.9970294314052949, 0.9970294314052949, 0.9970294314052949, 0.9746121075710005, 0.9742937223322352, 0.9970294314052949, 0.9742937223322352, 0.9746121075710005, 0.9970294314052949, 0.9742937223322352, 0.9970294314052949, 0.9970294314052949, 0.9970294314052949, 0.9742937223322352, 0.9970294314052949, 0.9742937223322352, 0.9970294314052949, 0.9970294314052949, 0.9742937223322352, 0.9970294314052949, 0.9742937223322352, 0.9970294314052949, 0.9742937223322352, 0.9876216196340022, 0.9970294314052949, 0.9876216196340022, 0.9970294314052949, 0.9970294314052949, 0.9970294314052949, 0.9742937223322352, 0.9742937223322352, 0.8404728400261116, 0.9742937223322352, 0.9970294314052949, 0.9742937223322352, 0.9742937223322352, 0.9970294314052949, 0.9970294314052949, 0.9970294314052949, 0.901240849833744, 0.9970294314052949, 0.9970294314052949, 0.9970294314052949, 0.9876216196340022, 0.9742937223322352, 0.9970294314052949, 0.9970294314052949, 0.9970294314052949, 0.9876216196340022, 0.9970294314052949, 0.9970294314052949, 0.9742937223322352, 0.9742937223322352, 0.9970294314052949, 0.9970294314052949, 0.9742937223322352, 0.9970294314052949, 0.9970294314052949, 0.9876216196340022, 0.9742937223322352, 0.9172928765898241, 0.9970294314052949, 0.9970294314052949, 0.9742937223322352, 0.9970294314052949, 0.9790162469878317, 0.9970294314052949, 0.9970294314052949, 0.9970294314052949, 0.9970294314052949, 0.9970294314052949, 0.9970294314052949, 0.8421801861820378, 0.9970294314052949, 0.9970294314052949, 0.9970294314052949, 0.9742937223322352, 0.9970294314052949, 0.9876216196340022]",17,train,9
0.52,0,52,47,1,100,3,0,1,0,0,0,1,3,1,0,0,0,1,0,"(array([0.81012475, 0.7525351 , 0.68246686, 0.88080257, 0.51574945,
       0.3871114 ]), array([0.6822992 , 0.74684471, 0.77111858, 0.5461272 , 0.796269  ,
       0.80983418]), array([0.31164515, 0.24907577, 0.22437422, 0.44412735, 0.19819504,
       0.18393336]), array([0.19658837, 0.25480497, 0.32603791, 0.12388014, 0.49256572,
       0.61894602]))","['DeepSeekQwen (32B)', 'GPM (8B)', 'EurusPRMStage2_avg_scores (7.62B)', 'QwenPRM_max_scores (7.63B)', 'QwenPRM_min_scores (7.63B)', 'Qwen72B_scores (72B)']","[0.041889941223657495, 0.12327043163876843, 0.9682952788358433, 0.9876216196340022, 0.5514279145859875, 0.12327043163876843, 0.12327043163876843, 0.8984088538525293, 0.015629113335883956, 0.015629113335883956, 0.12189484683226222, 0.015629113335883956, 0.8984088538525293, 0.12189484683226222, 0.015629113335883956, 0.9172928765898241, 0.12327043163876843, 0.5514279145859875, 0.12189484683226222, 0.12327043163876843, 0.5591865413169167, 0.5514279145859875, 0.12327043163876843, 0.015629113335883956, 0.5514279145859875, 0.7719565585357397, 0.015629113335883956, 0.12327043163876843, 0.8984088538525293, 0.12327043163876843, 0.015629113335883956, 0.5028522519368586, 0.12327043163876843, 0.12327043163876843, 0.5591865413169167, 0.12327043163876843, 0.12327043163876843, 0.12327043163876843, 0.015629113335883956, 0.5514279145859875, 0.5514279145859875, 0.5514279145859875, 0.12327043163876843, 0.12327043163876843, 0.12327043163876843, 0.5591865413169167, 0.12189484683226222, 0.12327043163876843, 0.9172928765898241, 0.9172928765898241, 0.5514279145859875, 0.8984088538525293, 0.901240849833744, 0.12327043163876843, 0.5514279145859875, 0.5514279145859875, 0.12327043163876843, 0.5514279145859875, 0.12327043163876843, 0.12327043163876843, 0.8984088538525293, 0.015629113335883956, 0.12189484683226222, 0.12327043163876843, 0.9682952788358433, 0.12327043163876843, 0.12327043163876843, 0.5591865413169167, 0.9172928765898241, 0.12189484683226222, 0.4996548886195624, 0.9172928765898241, 0.12189484683226222, 0.12327043163876843, 0.12327043163876843, 0.12327043163876843, 0.12189484683226222, 0.27654652183333067, 0.5514279145859875, 0.5514279145859875, 0.5514279145859875, 0.5514279145859875, 0.5514279145859875, 0.5514279145859875, 0.015629113335883956, 0.12189484683226222, 0.5514279145859875, 0.8984088538525293, 0.5514279145859875, 0.015629113335883956, 0.9172928765898241, 0.12327043163876843, 0.12327043163876843, 0.5514279145859875, 0.5514279145859875, 0.8984088538525293, 0.5514279145859875, 0.12327043163876843, 0.5560316043013471, 0.9172928765898241]",18,train,0
1.0,100,0,0,0,100,7,1,1,1,0,0,0,7,1,1,1,0,0,0,"(array([0.81012475, 0.7525351 , 0.68246686, 0.88080257, 0.51574945,
       0.3871114 ]), array([0.6822992 , 0.74684471, 0.77111858, 0.5461272 , 0.796269  ,
       0.80983418]), array([0.31164515, 0.24907577, 0.22437422, 0.44412735, 0.19819504,
       0.18393336]), array([0.19658837, 0.25480497, 0.32603791, 0.12388014, 0.49256572,
       0.61894602]))","['DeepSeekQwen (32B)', 'GPM (8B)', 'EurusPRMStage2_avg_scores (7.62B)', 'QwenPRM_max_scores (7.63B)', 'QwenPRM_min_scores (7.63B)', 'Qwen72B_scores (72B)']","[0.9790162469878317, 0.9905094984808263, 0.9922766226362969, 0.9355171906001328, 0.9172928765898241, 0.9970294314052949, 0.9970294314052949, 0.9989192053199994, 0.9970294314052949, 0.9970294314052949, 0.9790162469878317, 0.9970294314052949, 0.9970294314052949, 0.900096647421909, 0.9790162469878317, 0.9790162469878317, 0.9742937223322352, 0.9970294314052949, 0.9790162469878317, 0.9970294314052949, 0.9970294314052949, 0.9746121075710005, 0.9742937223322352, 0.9742937223322352, 0.9790162469878317, 0.9876216196340022, 0.9790162469878317, 0.9989192053199994, 0.9355171906001328, 0.9954691231546783, 0.9970294314052949, 0.900096647421909, 0.8404728400261116, 0.9970294314052949, 0.9790162469878317, 0.8404728400261116, 0.9742937223322352, 0.9970294314052949, 0.9742937223322352, 0.775219555198201, 0.9970294314052949, 0.900096647421909, 0.8404728400261116, 0.9970294314052949, 0.9172928765898241, 0.9970294314052949, 0.9970294314052949, 0.9742937223322352, 0.9970294314052949, 0.9790162469878317, 0.9970294314052949, 0.9970294314052949, 0.775219555198201, 0.9905094984808263, 0.9876216196340022, 0.9905094984808263, 0.9970294314052949, 0.9790162469878317, 0.9876216196340022, 0.9682952788358433, 0.9970294314052949, 0.9742937223322352, 0.9989192053199994, 0.9970294314052949, 0.9742937223322352, 0.9742937223322352, 0.9790162469878317, 0.9989192053199994, 0.9742937223322352, 0.9970294314052949, 0.9742937223322352, 0.9876216196340022, 0.9742937223322352, 0.9989192053199994, 0.900096647421909, 0.9172928765898241, 0.9876216196340022, 0.9970294314052949, 0.9970294314052949, 0.9989192053199994, 0.9954691231546783, 0.9876216196340022, 0.9970294314052949, 0.9790162469878317, 0.9742937223322352, 0.9970294314052949, 0.9790162469878317, 0.9876216196340022, 0.9172928765898241, 0.9172928765898241, 0.9742937223322352, 0.9970294314052949, 0.9989192053199994, 0.9746121075710005, 0.9876216196340022, 0.9970294314052949, 0.9989192053199994, 0.9970294314052949, 0.9970294314052949, 0.9989192053199994]",19,train,9
0.99,99,0,0,1,100,38,1,1,1,0,0,0,38,1,1,1,0,0,0,"(array([0.81012475, 0.7525351 , 0.68246686, 0.88080257, 0.51574945,
       0.3871114 ]), array([0.6822992 , 0.74684471, 0.77111858, 0.5461272 , 0.796269  ,
       0.80983418]), array([0.31164515, 0.24907577, 0.22437422, 0.44412735, 0.19819504,
       0.18393336]), array([0.19658837, 0.25480497, 0.32603791, 0.12388014, 0.49256572,
       0.61894602]))","['DeepSeekQwen (32B)', 'GPM (8B)', 'EurusPRMStage2_avg_scores (7.62B)', 'QwenPRM_max_scores (7.63B)', 'QwenPRM_min_scores (7.63B)', 'Qwen72B_scores (72B)']","[0.9876216196340022, 0.900096647421909, 0.8404728400261116, 0.9876216196340022, 0.9876216196340022, 0.9970294314052949, 0.9876216196340022, 0.9970294314052949, 0.9954691231546783, 0.9970294314052949, 0.901240849833744, 0.9790162469878317, 0.9876216196340022, 0.9970294314052949, 0.9970294314052949, 0.900096647421909, 0.9876216196340022, 0.9876216196340022, 0.9970294314052949, 0.9876216196340022, 0.9876216196340022, 0.9876216196340022, 0.9906289748778456, 0.9876216196340022, 0.900096647421909, 0.9742937223322352, 0.9970294314052949, 0.9970294314052949, 0.9970294314052949, 0.9970294314052949, 0.900096647421909, 0.9742937223322352, 0.900096647421909, 0.9876216196340022, 0.9742937223322352, 0.9742937223322352, 0.9876216196340022, 0.9876216196340022, 0.9989192053199994, 0.9970294314052949, 0.9954691231546783, 0.8984088538525293, 0.9954691231546783, 0.9790162469878317, 0.9970294314052949, 0.9876216196340022, 0.9970294314052949, 0.9876216196340022, 0.9742937223322352, 0.9876216196340022, 0.9612554207591427, 0.9970294314052949, 0.9876216196340022, 0.9742937223322352, 0.9970294314052949, 0.900096647421909, 0.9970294314052949, 0.9970294314052949, 0.9742937223322352, 0.9970294314052949, 0.9876216196340022, 0.5560316043013471, 0.12529804086123175, 0.9742937223322352, 0.9742937223322352, 0.9876216196340022, 0.9876216196340022, 0.9790162469878317, 0.9742937223322352, 0.9876216196340022, 0.9970294314052949, 0.900096647421909, 0.9876216196340022, 0.9876216196340022, 0.9876216196340022, 0.9742937223322352, 0.9876216196340022, 0.9970294314052949, 0.900096647421909, 0.9970294314052949, 0.900096647421909, 0.9742937223322352, 0.9876216196340022, 0.9876216196340022, 0.900096647421909, 0.9970294314052949, 0.9876216196340022, 0.9876216196340022, 0.9742937223322352, 0.9970294314052949, 0.8125580030349415, 0.9970294314052949, 0.5560316043013471, 0.9970294314052949, 0.9742937223322352, 0.9970294314052949, 0.9742937223322352, 0.9742937223322352, 0.9970294314052949, 0.9742937223322352]",20,train,9
0.99,99,0,0,1,100,36,1,1,1,0,0,0,36,1,1,1,0,0,0,"(array([0.81012475, 0.7525351 , 0.68246686, 0.88080257, 0.51574945,
       0.3871114 ]), array([0.6822992 , 0.74684471, 0.77111858, 0.5461272 , 0.796269  ,
       0.80983418]), array([0.31164515, 0.24907577, 0.22437422, 0.44412735, 0.19819504,
       0.18393336]), array([0.19658837, 0.25480497, 0.32603791, 0.12388014, 0.49256572,
       0.61894602]))","['DeepSeekQwen (32B)', 'GPM (8B)', 'EurusPRMStage2_avg_scores (7.62B)', 'QwenPRM_max_scores (7.63B)', 'QwenPRM_min_scores (7.63B)', 'Qwen72B_scores (72B)']","[0.900096647421909, 0.7774403453800657, 0.9876216196340022, 0.5560316043013471, 0.9876216196340022, 0.5560316043013471, 0.9172928765898241, 0.9876216196340022, 0.901240849833744, 0.5514279145859875, 0.12529804086123175, 0.9876216196340022, 0.9172928765898241, 0.901240849833744, 0.901240849833744, 0.9876216196340022, 0.5591865413169167, 0.901240849833744, 0.9682952788358433, 0.901240849833744, 0.9682952788358433, 0.9682952788358433, 0.901240849833744, 0.900096647421909, 0.901240849833744, 0.9172928765898241, 0.7774403453800657, 0.9172928765898241, 0.901240849833744, 0.9876216196340022, 0.901240849833744, 0.901240849833744, 0.9876216196340022, 0.901240849833744, 0.9876216196340022, 0.9876216196340022, 0.9970294314052949, 0.9172928765898241, 0.9682952788358433, 0.900096647421909, 0.5560316043013471, 0.9172928765898241, 0.5591865413169167, 0.9970294314052949, 0.9172928765898241, 0.9612554207591427, 0.901240849833744, 0.9876216196340022, 0.901240849833744, 0.5591865413169167, 0.5028522519368586, 0.9172928765898241, 0.9876216196340022, 0.901240849833744, 0.901240849833744, 0.900096647421909, 0.9876216196340022, 0.9742937223322352, 0.5075092251643009, 0.9682952788358433, 0.5560316043013471, 0.9172928765898241, 0.9876216196340022, 0.9876216196340022, 0.9876216196340022, 0.9172928765898241, 0.9172928765898241, 0.9172928765898241, 0.900096647421909, 0.9876216196340022, 0.9970294314052949, 0.5075092251643009, 0.5591865413169167, 0.901240849833744, 0.5075092251643009, 0.5591865413169167, 0.5560316043013471, 0.7774403453800657, 0.901240849833744, 0.9172928765898241, 0.9172928765898241, 0.9172928765898241, 0.9876216196340022, 0.5028522519368586, 0.5591865413169167, 0.9876216196340022, 0.5075092251643009, 0.901240849833744, 0.5591865413169167, 0.9876216196340022, 0.9172928765898241, 0.9876216196340022, 0.9172928765898241, 0.901240849833744, 0.901240849833744, 0.9876216196340022, 0.9172928765898241, 0.9682952788358433, 0.9172928765898241, 0.5075092251643009]",21,train,9
0.97,96,1,0,3,100,56,1,1,1,0,0,0,56,1,1,1,0,0,0,"(array([0.81012475, 0.7525351 , 0.68246686, 0.88080257, 0.51574945,
       0.3871114 ]), array([0.6822992 , 0.74684471, 0.77111858, 0.5461272 , 0.796269  ,
       0.80983418]), array([0.31164515, 0.24907577, 0.22437422, 0.44412735, 0.19819504,
       0.18393336]), array([0.19658837, 0.25480497, 0.32603791, 0.12388014, 0.49256572,
       0.61894602]))","['DeepSeekQwen (32B)', 'GPM (8B)', 'EurusPRMStage2_avg_scores (7.62B)', 'QwenPRM_max_scores (7.63B)', 'QwenPRM_min_scores (7.63B)', 'Qwen72B_scores (72B)']","[0.9738229786996095, 0.9970294314052949, 0.9954691231546783, 0.9876216196340022, 0.9970294314052949, 0.9742937223322352, 0.9172928765898241, 0.9172928765898241, 0.9605555808733427, 0.9738229786996095, 0.9876216196340022, 0.9738229786996095, 0.5560316043013471, 0.9738229786996095, 0.9905094984808263, 0.5514279145859875, 0.12189484683226222, 0.9903327581962722, 0.9738229786996095, 0.9970294314052949, 0.9738229786996095, 0.9970294314052949, 0.9738229786996095, 0.27654652183333067, 0.9876216196340022, 0.8077255019222699, 0.9738229786996095, 0.9876216196340022, 0.5514279145859875, 0.9172928765898241, 0.9738229786996095, 0.9172928765898241, 0.775219555198201, 0.9970294314052949, 0.9970294314052949, 0.9742937223322352, 0.9876216196340022, 0.9876216196340022, 0.8984088538525293, 0.9738229786996095, 0.9970294314052949, 0.920433283787046, 0.8379590865148034, 0.4996548886195624, 0.9738229786996095, 0.8984088538525293, 0.5514279145859875, 0.7333272804656071, 0.8984088538525293, 0.9970294314052949, 0.9172928765898241, 0.8984088538525293, 0.9905094984808263, 0.9738229786996095, 0.9172928765898241, 0.9954691231546783, 0.9989192053199994, 0.5514279145859875, 0.9738229786996095, 0.9876216196340022, 0.9970294314052949, 0.9738229786996095, 0.9970294314052949, 0.5514279145859875, 0.9738229786996095, 0.9790162469878317, 0.9738229786996095, 0.9790162469878317, 0.901240849833744, 0.015629113335883956, 0.9738229786996095, 0.9738229786996095, 0.9738229786996095, 0.9172928765898241, 0.5514279145859875, 0.9970294314052949, 0.5514279145859875, 0.9172928765898241, 0.9876216196340022, 0.9738229786996095, 0.9970294314052949, 0.7719565585357397, 0.900096647421909, 0.9989192053199994, 0.9738229786996095, 0.5560316043013471, 0.9989192053199994, 0.8984088538525293, 0.9172928765898241, 0.9343841781853638, 0.9970294314052949, 0.9970294314052949, 0.9738229786996095, 0.8984088538525293, 0.9989192053199994, 0.9970294314052949, 0.8379590865148034, 0.9970294314052949, 0.9876216196340022, 0.5514279145859875]",22,train,9
0.35,11,24,65,0,100,29,1,1,1,0,0,0,29,1,1,1,0,0,0,"(array([0.81012475, 0.7525351 , 0.68246686, 0.88080257, 0.51574945,
       0.3871114 ]), array([0.6822992 , 0.74684471, 0.77111858, 0.5461272 , 0.796269  ,
       0.80983418]), array([0.31164515, 0.24907577, 0.22437422, 0.44412735, 0.19819504,
       0.18393336]), array([0.19658837, 0.25480497, 0.32603791, 0.12388014, 0.49256572,
       0.61894602]))","['DeepSeekQwen (32B)', 'GPM (8B)', 'EurusPRMStage2_avg_scores (7.62B)', 'QwenPRM_max_scores (7.63B)', 'QwenPRM_min_scores (7.63B)', 'Qwen72B_scores (72B)']","[0.5514279145859875, 0.12189484683226222, 0.8077255019222699, 0.5514279145859875, 0.9172928765898241, 0.12189484683226222, 0.5514279145859875, 0.9172928765898241, 0.5514279145859875, 0.12189484683226222, 0.12189484683226222, 0.9876216196340022, 0.5514279145859875, 0.12327043163876843, 0.12189484683226222, 0.5560316043013471, 0.12327043163876843, 0.8984088538525293, 0.8984088538525293, 0.9876216196340022, 0.5560316043013471, 0.5514279145859875, 0.12327043163876843, 0.3686695051540776, 0.12189484683226222, 0.8984088538525293, 0.12189484683226222, 0.12189484683226222, 0.8984088538525293, 0.9970294314052949, 0.5514279145859875, 0.9738229786996095, 0.9172928765898241, 0.5514279145859875, 0.5591865413169167, 0.9970294314052949, 0.9876216196340022, 0.12189484683226222, 0.900096647421909, 0.5514279145859875, 0.8421801861820378, 0.5560316043013471, 0.12327043163876843, 0.9742937223322352, 0.9876216196340022, 0.9738229786996095, 0.9172928765898241, 0.9172928765898241, 0.9172928765898241, 0.12189484683226222, 0.5514279145859875, 0.4996548886195624, 0.5514279145859875, 0.900096647421909, 0.5514279145859875, 0.9172928765898241, 0.8984088538525293, 0.12189484683226222, 0.5591865413169167, 0.5514279145859875, 0.5514279145859875, 0.9876216196340022, 0.5514279145859875, 0.5560316043013471, 0.5075092251643009, 0.8984088538525293, 0.8984088538525293, 0.5514279145859875, 0.9876216196340022, 0.5514279145859875, 0.8404728400261116, 0.5514279145859875, 0.5514279145859875, 0.5028522519368586, 0.5514279145859875, 0.5514279145859875, 0.8984088538525293, 0.5514279145859875, 0.12327043163876843, 0.3686695051540776, 0.8984088538525293, 0.5514279145859875, 0.12189484683226222, 0.015629113335883956, 0.9970294314052949, 0.5514279145859875, 0.5514279145859875, 0.5514279145859875, 0.9876216196340022, 0.12189484683226222, 0.5514279145859875, 0.12189484683226222, 0.9172928765898241, 0.9876216196340022, 0.37165127641008744, 0.5514279145859875, 0.5514279145859875, 0.9790162469878317, 0.9742937223322352, 0.9970294314052949]",23,train,1
1.0,100,0,0,0,100,10,1,1,1,0,0,0,10,1,1,1,0,0,0,"(array([0.81012475, 0.7525351 , 0.68246686, 0.88080257, 0.51574945,
       0.3871114 ]), array([0.6822992 , 0.74684471, 0.77111858, 0.5461272 , 0.796269  ,
       0.80983418]), array([0.31164515, 0.24907577, 0.22437422, 0.44412735, 0.19819504,
       0.18393336]), array([0.19658837, 0.25480497, 0.32603791, 0.12388014, 0.49256572,
       0.61894602]))","['DeepSeekQwen (32B)', 'GPM (8B)', 'EurusPRMStage2_avg_scores (7.62B)', 'QwenPRM_max_scores (7.63B)', 'QwenPRM_min_scores (7.63B)', 'Qwen72B_scores (72B)']","[0.900096647421909, 0.9970294314052949, 0.900096647421909, 0.9876216196340022, 0.9742937223322352, 0.900096647421909, 0.5591865413169167, 0.9876216196340022, 0.9876216196340022, 0.9876216196340022, 0.9989192053199994, 0.9172928765898241, 0.9172928765898241, 0.9876216196340022, 0.9876216196340022, 0.9970294314052949, 0.9970294314052949, 0.9876216196340022, 0.9172928765898241, 0.9876216196340022, 0.9954691231546783, 0.9617289486515372, 0.9790162469878317, 0.9876216196340022, 0.900096647421909, 0.9876216196340022, 0.9970294314052949, 0.9172928765898241, 0.9876216196340022, 0.9876216196340022, 0.9876216196340022, 0.900096647421909, 0.9172928765898241, 0.9876216196340022, 0.9682952788358433, 0.5560316043013471, 0.9970294314052949, 0.9989192053199994, 0.9876216196340022, 0.9876216196340022, 0.9172928765898241, 0.9172928765898241, 0.9172928765898241, 0.9970294314052949, 0.9876216196340022, 0.900096647421909, 0.9172928765898241, 0.9970294314052949, 0.900096647421909, 0.9876216196340022, 0.9172928765898241, 0.9172928765898241, 0.9876216196340022, 0.9876216196340022, 0.9970294314052949, 0.9876216196340022, 0.9970294314052949, 0.900096647421909, 0.9876216196340022, 0.9876216196340022, 0.5560316043013471, 0.901240849833744, 0.900096647421909, 0.9970294314052949, 0.900096647421909, 0.9172928765898241, 0.9876216196340022, 0.9742937223322352, 0.9876216196340022, 0.9172928765898241, 0.9790162469878317, 0.9172928765898241, 0.900096647421909, 0.9876216196340022, 0.9876216196340022, 0.900096647421909, 0.9876216196340022, 0.900096647421909, 0.9617289486515372, 0.8404728400261116, 0.9970294314052949, 0.9172928765898241, 0.9876216196340022, 0.9876216196340022, 0.900096647421909, 0.9172928765898241, 0.9876216196340022, 0.900096647421909, 0.9876216196340022, 0.9876216196340022, 0.900096647421909, 0.901240849833744, 0.9876216196340022, 0.9742937223322352, 0.9876216196340022, 0.9742937223322352, 0.900096647421909, 0.9682952788358433, 0.9172928765898241, 0.9970294314052949]",24,train,9
0.65,43,22,3,32,100,67,1,1,1,0,0,0,67,1,1,1,0,0,0,"(array([0.81012475, 0.7525351 , 0.68246686, 0.88080257, 0.51574945,
       0.3871114 ]), array([0.6822992 , 0.74684471, 0.77111858, 0.5461272 , 0.796269  ,
       0.80983418]), array([0.31164515, 0.24907577, 0.22437422, 0.44412735, 0.19819504,
       0.18393336]), array([0.19658837, 0.25480497, 0.32603791, 0.12388014, 0.49256572,
       0.61894602]))","['DeepSeekQwen (32B)', 'GPM (8B)', 'EurusPRMStage2_avg_scores (7.62B)', 'QwenPRM_max_scores (7.63B)', 'QwenPRM_min_scores (7.63B)', 'Qwen72B_scores (72B)']","[0.9172928765898241, 0.4996548886195624, 0.900096647421909, 0.015629113335883956, 0.8984088538525293, 0.015629113335883956, 0.8984088538525293, 0.5591865413169167, 0.4996548886195624, 0.8984088538525293, 0.015629113335883956, 0.015629113335883956, 0.12327043163876843, 0.9172928765898241, 0.12327043163876843, 0.12327043163876843, 0.5514279145859875, 0.5591865413169167, 0.12189484683226222, 0.015629113335883956, 0.12189484683226222, 0.015629113335883956, 0.5028522519368586, 0.10251013228260442, 0.015629113335883956, 0.015629113335883956, 0.12327043163876843, 0.5514279145859875, 0.8984088538525293, 0.4996548886195624, 0.8984088538525293, 0.5591865413169167, 0.5028522519368586, 0.12327043163876843, 0.12327043163876843, 0.12189484683226222, 0.4996548886195624, 0.5514279145859875, 0.5028522519368586, 0.5514279145859875, 0.12189484683226222, 0.8984088538525293, 0.12189484683226222, 0.5514279145859875, 0.12189484683226222, 0.8984088538525293, 0.015629113335883956, 0.12189484683226222, 0.12327043163876843, 0.12189484683226222, 0.12189484683226222, 0.4996548886195624, 0.12189484683226222, 0.4996548886195624, 0.12327043163876843, 0.4996548886195624, 0.12189484683226222, 0.015629113335883956, 0.8984088538525293, 0.12327043163876843, 0.9172928765898241, 0.12327043163876843, 0.5514279145859875, 0.4996548886195624, 0.4996548886195624, 0.12189484683226222, 0.5028522519368586, 0.9876216196340022, 0.8984088538525293, 0.5028522519368586, 0.12189484683226222, 0.12529804086123175, 0.4996548886195624, 0.5028522519368586, 0.5514279145859875, 0.12327043163876843, 0.8984088538525293, 0.5514279145859875, 0.5560316043013471, 0.8984088538525293, 0.8984088538525293, 0.5514279145859875, 0.12327043163876843, 0.12327043163876843, 0.8984088538525293, 0.5514279145859875, 0.12327043163876843, 0.5514279145859875, 0.5514279145859875, 0.5514279145859875, 0.4996548886195624, 0.8984088538525293, 0.015629113335883956, 0.8984088538525293, 0.12327043163876843, 0.015629113335883956, 0.8984088538525293, 0.015629113335883956, 0.8984088538525293, 0.8984088538525293]",25,train,7
0.7,60,10,30,0,100,1,1,1,1,0,0,0,1,1,1,1,0,0,0,"(array([0.81012475, 0.7525351 , 0.68246686, 0.88080257, 0.51574945,
       0.3871114 ]), array([0.6822992 , 0.74684471, 0.77111858, 0.5461272 , 0.796269  ,
       0.80983418]), array([0.31164515, 0.24907577, 0.22437422, 0.44412735, 0.19819504,
       0.18393336]), array([0.19658837, 0.25480497, 0.32603791, 0.12388014, 0.49256572,
       0.61894602]))","['DeepSeekQwen (32B)', 'GPM (8B)', 'EurusPRMStage2_avg_scores (7.62B)', 'QwenPRM_max_scores (7.63B)', 'QwenPRM_min_scores (7.63B)', 'Qwen72B_scores (72B)']","[0.5591865413169167, 0.9954691231546783, 0.5514279145859875, 0.5514279145859875, 0.900096647421909, 0.9682952788358433, 0.5514279145859875, 0.9172928765898241, 0.5514279145859875, 0.900096647421909, 0.900096647421909, 0.9876216196340022, 0.5591865413169167, 0.9876216196340022, 0.5514279145859875, 0.12189484683226222, 0.5514279145859875, 0.8984088538525293, 0.9876216196340022, 0.12327043163876843, 0.9682952788358433, 0.5591865413169167, 0.9876216196340022, 0.9682952788358433, 0.900096647421909, 0.9682952788358433, 0.5591865413169167, 0.9876216196340022, 0.9682952788358433, 0.5514279145859875, 0.5514279145859875, 0.9682952788358433, 0.5514279145859875, 0.9876216196340022, 0.5514279145859875, 0.9172928765898241, 0.12189484683226222, 0.9682952788358433, 0.900096647421909, 0.9876216196340022, 0.9876216196340022, 0.5514279145859875, 0.9172928765898241, 0.9682952788358433, 0.775219555198201, 0.9876216196340022, 0.9876216196340022, 0.12529804086123175, 0.9172928765898241, 0.9172928765898241, 0.775219555198201, 0.12327043163876843, 0.9876216196340022, 0.9172928765898241, 0.9172928765898241, 0.9682952788358433, 0.5514279145859875, 0.9682952788358433, 0.5514279145859875, 0.12327043163876843, 0.9612554207591427, 0.9876216196340022, 0.12189484683226222, 0.9172928765898241, 0.12327043163876843, 0.9954691231546783, 0.9876216196340022, 0.12327043163876843, 0.5028522519368586, 0.9954691231546783, 0.9172928765898241, 0.5514279145859875, 0.9172928765898241, 0.9172928765898241, 0.901240849833744, 0.9876216196340022, 0.5514279145859875, 0.9876216196340022, 0.9172928765898241, 0.9682952788358433, 0.9876216196340022, 0.9682952788358433, 0.9876216196340022, 0.9876216196340022, 0.900096647421909, 0.9954691231546783, 0.9876216196340022, 0.9172928765898241, 0.015629113335883956, 0.900096647421909, 0.775219555198201, 0.9682952788358433, 0.9172928765898241, 0.900096647421909, 0.9876216196340022, 0.9172928765898241, 0.5514279145859875, 0.9876216196340022, 0.9172928765898241, 0.9876216196340022]",26,train,5
1.0,100,0,0,0,100,0,1,1,1,0,0,0,0,1,1,1,0,0,0,"(array([0.81012475, 0.7525351 , 0.68246686, 0.88080257, 0.51574945,
       0.3871114 ]), array([0.6822992 , 0.74684471, 0.77111858, 0.5461272 , 0.796269  ,
       0.80983418]), array([0.31164515, 0.24907577, 0.22437422, 0.44412735, 0.19819504,
       0.18393336]), array([0.19658837, 0.25480497, 0.32603791, 0.12388014, 0.49256572,
       0.61894602]))","['DeepSeekQwen (32B)', 'GPM (8B)', 'EurusPRMStage2_avg_scores (7.62B)', 'QwenPRM_max_scores (7.63B)', 'QwenPRM_min_scores (7.63B)', 'Qwen72B_scores (72B)']","[0.9970294314052949, 0.9970294314052949, 0.9790162469878317, 0.9172928765898241, 0.9742937223322352, 0.9746121075710005, 0.9876216196340022, 0.9742937223322352, 0.9876216196340022, 0.9876216196340022, 0.9970294314052949, 0.901240849833744, 0.9970294314052949, 0.9970294314052949, 0.9970294314052949, 0.9970294314052949, 0.9742937223322352, 0.9172928765898241, 0.9970294314052949, 0.9742937223322352, 0.9742937223322352, 0.9970294314052949, 0.9970294314052949, 0.9738229786996095, 0.9970294314052949, 0.9970294314052949, 0.9790162469878317, 0.9970294314052949, 0.9970294314052949, 0.9742937223322352, 0.9742937223322352, 0.9970294314052949, 0.9876216196340022, 0.9742937223322352, 0.5075092251643009, 0.9970294314052949, 0.9970294314052949, 0.9742937223322352, 0.9970294314052949, 0.9970294314052949, 0.9742937223322352, 0.9970294314052949, 0.9790162469878317, 0.9970294314052949, 0.900096647421909, 0.9172928765898241, 0.9970294314052949, 0.9876216196340022, 0.9742937223322352, 0.9876216196340022, 0.9746121075710005, 0.9970294314052949, 0.9970294314052949, 0.9970294314052949, 0.9970294314052949, 0.9970294314052949, 0.9876216196340022, 0.9970294314052949, 0.9790162469878317, 0.9970294314052949, 0.9970294314052949, 0.9742937223322352, 0.9970294314052949, 0.9970294314052949, 0.9970294314052949, 0.9790162469878317, 0.9970294314052949, 0.9746121075710005, 0.9970294314052949, 0.9970294314052949, 0.9790162469878317, 0.9742937223322352, 0.9970294314052949, 0.9970294314052949, 0.8404728400261116, 0.9876216196340022, 0.9970294314052949, 0.9970294314052949, 0.9742937223322352, 0.9742937223322352, 0.9905094984808263, 0.9790162469878317, 0.9790162469878317, 0.9970294314052949, 0.9970294314052949, 0.9742937223322352, 0.8125580030349415, 0.9970294314052949, 0.9970294314052949, 0.9970294314052949, 0.9970294314052949, 0.9970294314052949, 0.9905094984808263, 0.9790162469878317, 0.9970294314052949, 0.9970294314052949, 0.9876216196340022, 0.9790162469878317, 0.9970294314052949, 0.9876216196340022]",27,train,9
0.82,41,41,17,1,100,82,1,1,1,0,0,0,82,1,1,1,0,0,0,"(array([0.81012475, 0.7525351 , 0.68246686, 0.88080257, 0.51574945,
       0.3871114 ]), array([0.6822992 , 0.74684471, 0.77111858, 0.5461272 , 0.796269  ,
       0.80983418]), array([0.31164515, 0.24907577, 0.22437422, 0.44412735, 0.19819504,
       0.18393336]), array([0.19658837, 0.25480497, 0.32603791, 0.12388014, 0.49256572,
       0.61894602]))","['DeepSeekQwen (32B)', 'GPM (8B)', 'EurusPRMStage2_avg_scores (7.62B)', 'QwenPRM_max_scores (7.63B)', 'QwenPRM_min_scores (7.63B)', 'Qwen72B_scores (72B)']","[0.9612554207591427, 0.9876216196340022, 0.9612554207591427, 0.900096647421909, 0.9876216196340022, 0.5514279145859875, 0.12189484683226222, 0.4996548886195624, 0.4996548886195624, 0.12189484683226222, 0.5560316043013471, 0.8984088538525293, 0.9172928765898241, 0.8984088538525293, 0.015629113335883956, 0.4996548886195624, 0.12189484683226222, 0.9172928765898241, 0.12189484683226222, 0.9612554207591427, 0.4996548886195624, 0.12529804086123175, 0.9876216196340022, 0.9954691231546783, 0.12189484683226222, 0.8984088538525293, 0.4996548886195624, 0.4996548886195624, 0.12189484683226222, 0.9172928765898241, 0.9172928765898241, 0.4996548886195624, 0.9682952788358433, 0.5514279145859875, 0.12189484683226222, 0.9876216196340022, 0.015629113335883956, 0.900096647421909, 0.9612554207591427, 0.4996548886195624, 0.9682952788358433, 0.9172928765898241, 0.4996548886195624, 0.5591865413169167, 0.4996548886195624, 0.5514279145859875, 0.12189484683226222, 0.9876216196340022, 0.12189484683226222, 0.9682952788358433, 0.12189484683226222, 0.12529804086123175, 0.8984088538525293, 0.9954691231546783, 0.901240849833744, 0.9954691231546783, 0.8984088538525293, 0.9172928765898241, 0.9172928765898241, 0.4996548886195624, 0.9617289486515372, 0.5514279145859875, 0.4996548886195624, 0.9876216196340022, 0.5514279145859875, 0.015629113335883956, 0.9682952788358433, 0.9612554207591427, 0.4996548886195624, 0.9612554207591427, 0.9876216196340022, 0.12189484683226222, 0.12189484683226222, 0.9172928765898241, 0.9682952788358433, 0.9954691231546783, 0.4996548886195624, 0.015629113335883956, 0.12189484683226222, 0.015629113335883956, 0.9876216196340022, 0.9605555808733427, 0.9989192053199994, 0.12189484683226222, 0.4996548886195624, 0.9876216196340022, 0.9876216196340022, 0.5560316043013471, 0.12189484683226222, 0.900096647421909, 0.9876216196340022, 0.12327043163876843, 0.9954691231546783, 0.9876216196340022, 0.9876216196340022, 0.12189484683226222, 0.12327043163876843, 0.5560316043013471, 0.12189484683226222, 0.4996548886195624]",28,train,4
0.99,98,1,1,0,100,2,1,1,1,0,0,0,2,1,1,1,0,0,0,"(array([0.81012475, 0.7525351 , 0.68246686, 0.88080257, 0.51574945,
       0.3871114 ]), array([0.6822992 , 0.74684471, 0.77111858, 0.5461272 , 0.796269  ,
       0.80983418]), array([0.31164515, 0.24907577, 0.22437422, 0.44412735, 0.19819504,
       0.18393336]), array([0.19658837, 0.25480497, 0.32603791, 0.12388014, 0.49256572,
       0.61894602]))","['DeepSeekQwen (32B)', 'GPM (8B)', 'EurusPRMStage2_avg_scores (7.62B)', 'QwenPRM_max_scores (7.63B)', 'QwenPRM_min_scores (7.63B)', 'Qwen72B_scores (72B)']","[0.9970294314052949, 0.9905094984808263, 0.9989192053199994, 0.9612554207591427, 0.9989192053199994, 0.9612554207591427, 0.9682952788358433, 0.9876216196340022, 0.9989192053199994, 0.8984088538525293, 0.9954691231546783, 0.9989192053199994, 0.9903327581962722, 0.9682952788358433, 0.9954691231546783, 0.9876216196340022, 0.9905094984808263, 0.9989192053199994, 0.9905094984808263, 0.9905094984808263, 0.9954691231546783, 0.9905094984808263, 0.9989192053199994, 0.9989192053199994, 0.9612554207591427, 0.5560316043013471, 0.9954691231546783, 0.9954691231546783, 0.9682952788358433, 0.9617289486515372, 0.9876216196340022, 0.9905094984808263, 0.9922766226362969, 0.9905094984808263, 0.9954691231546783, 0.9905094984808263, 0.9682952788358433, 0.9617289486515372, 0.9954691231546783, 0.9970294314052949, 0.9954691231546783, 0.9905094984808263, 0.9617289486515372, 0.9954691231546783, 0.9954691231546783, 0.9989192053199994, 0.9954691231546783, 0.9989192053199994, 0.9172928765898241, 0.9970294314052949, 0.9227041409013096, 0.9905094984808263, 0.9954691231546783, 0.900096647421909, 0.9989192053199994, 0.900096647421909, 0.9954691231546783, 0.9172928765898241, 0.9954691231546783, 0.9970294314052949, 0.9227041409013096, 0.9954691231546783, 0.9989192053199994, 0.9876216196340022, 0.775219555198201, 0.9682952788358433, 0.9989192053199994, 0.9905094984808263, 0.9605555808733427, 0.9989192053199994, 0.9172928765898241, 0.9989192053199994, 0.9954691231546783, 0.9905094984808263, 0.9172928765898241, 0.9954691231546783, 0.9612554207591427, 0.9876216196340022, 0.9906289748778456, 0.9172928765898241, 0.9227041409013096, 0.9905094984808263, 0.9905094984808263, 0.9362844349202826, 0.9989192053199994, 0.9172928765898241, 0.9954691231546783, 0.9989192053199994, 0.12189484683226222, 0.9954691231546783, 0.9905094984808263, 0.9612554207591427, 0.9682952788358433, 0.9954691231546783, 0.9989192053199994, 0.9954691231546783, 0.9989192053199994, 0.9954691231546783, 0.9172928765898241, 0.9989192053199994]",29,train,9
0.92,89,3,2,6,100,4,1,1,1,0,0,0,4,1,1,1,0,0,0,"(array([0.81012475, 0.7525351 , 0.68246686, 0.88080257, 0.51574945,
       0.3871114 ]), array([0.6822992 , 0.74684471, 0.77111858, 0.5461272 , 0.796269  ,
       0.80983418]), array([0.31164515, 0.24907577, 0.22437422, 0.44412735, 0.19819504,
       0.18393336]), array([0.19658837, 0.25480497, 0.32603791, 0.12388014, 0.49256572,
       0.61894602]))","['DeepSeekQwen (32B)', 'GPM (8B)', 'EurusPRMStage2_avg_scores (7.62B)', 'QwenPRM_max_scores (7.63B)', 'QwenPRM_min_scores (7.63B)', 'Qwen72B_scores (72B)']","[0.9876216196340022, 0.9172928765898241, 0.9172928765898241, 0.12189484683226222, 0.9970294314052949, 0.9172928765898241, 0.9172928765898241, 0.9876216196340022, 0.9172928765898241, 0.9172928765898241, 0.9172928765898241, 0.9970294314052949, 0.12529804086123175, 0.9876216196340022, 0.9172928765898241, 0.12189484683226222, 0.9172928765898241, 0.5514279145859875, 0.5514279145859875, 0.5514279145859875, 0.5514279145859875, 0.5514279145859875, 0.9876216196340022, 0.5514279145859875, 0.9172928765898241, 0.9172928765898241, 0.5591865413169167, 0.9172928765898241, 0.9876216196340022, 0.5514279145859875, 0.12189484683226222, 0.9876216196340022, 0.9876216196340022, 0.5514279145859875, 0.5514279145859875, 0.5514279145859875, 0.9172928765898241, 0.9172928765898241, 0.9876216196340022, 0.9172928765898241, 0.8984088538525293, 0.9172928765898241, 0.9172928765898241, 0.9876216196340022, 0.5560316043013471, 0.9876216196340022, 0.9172928765898241, 0.9172928765898241, 0.9954691231546783, 0.9172928765898241, 0.9172928765898241, 0.5560316043013471, 0.015629113335883956, 0.9172928765898241, 0.9172928765898241, 0.9172928765898241, 0.9970294314052949, 0.5591865413169167, 0.9172928765898241, 0.9876216196340022, 0.9172928765898241, 0.9172928765898241, 0.9172928765898241, 0.9876216196340022, 0.4996548886195624, 0.900096647421909, 0.9172928765898241, 0.9172928765898241, 0.9172928765898241, 0.5514279145859875, 0.9172928765898241, 0.12189484683226222, 0.5514279145859875, 0.9172928765898241, 0.900096647421909, 0.9876216196340022, 0.9876216196340022, 0.5560316043013471, 0.9172928765898241, 0.9876216196340022, 0.9172928765898241, 0.5514279145859875, 0.5514279145859875, 0.5514279145859875, 0.12189484683226222, 0.5514279145859875, 0.9876216196340022, 0.9172928765898241, 0.9172928765898241, 0.8984088538525293, 0.9172928765898241, 0.5514279145859875, 0.9172928765898241, 0.5514279145859875, 0.9876216196340022, 0.9172928765898241, 0.9172928765898241, 0.9172928765898241, 0.12189484683226222, 0.9970294314052949]",30,train,9
1.0,99,1,0,0,100,74,1,1,1,0,0,0,74,1,1,1,0,0,0,"(array([0.81012475, 0.7525351 , 0.68246686, 0.88080257, 0.51574945,
       0.3871114 ]), array([0.6822992 , 0.74684471, 0.77111858, 0.5461272 , 0.796269  ,
       0.80983418]), array([0.31164515, 0.24907577, 0.22437422, 0.44412735, 0.19819504,
       0.18393336]), array([0.19658837, 0.25480497, 0.32603791, 0.12388014, 0.49256572,
       0.61894602]))","['DeepSeekQwen (32B)', 'GPM (8B)', 'EurusPRMStage2_avg_scores (7.62B)', 'QwenPRM_max_scores (7.63B)', 'QwenPRM_min_scores (7.63B)', 'Qwen72B_scores (72B)']","[0.900096647421909, 0.9970294314052949, 0.9876216196340022, 0.9172928765898241, 0.9970294314052949, 0.9172928765898241, 0.9790162469878317, 0.5560316043013471, 0.9172928765898241, 0.9970294314052949, 0.8125580030349415, 0.9790162469878317, 0.9905094984808263, 0.9876216196340022, 0.9876216196340022, 0.9970294314052949, 0.900096647421909, 0.12189484683226222, 0.9876216196340022, 0.9954691231546783, 0.9172928765898241, 0.9172928765898241, 0.9742937223322352, 0.9876216196340022, 0.8984088538525293, 0.9172928765898241, 0.9172928765898241, 0.9922766226362969, 0.9922766226362969, 0.9172928765898241, 0.9172928765898241, 0.9970294314052949, 0.9172928765898241, 0.9876216196340022, 0.9172928765898241, 0.9612554207591427, 0.9742937223322352, 0.9876216196340022, 0.9970294314052949, 0.9876216196340022, 0.9172928765898241, 0.5560316043013471, 0.5560316043013471, 0.5560316043013471, 0.9790162469878317, 0.9970294314052949, 0.9790162469878317, 0.9172928765898241, 0.9172928765898241, 0.9970294314052949, 0.9954691231546783, 0.900096647421909, 0.9876216196340022, 0.9682952788358433, 0.9172928765898241, 0.5560316043013471, 0.9790162469878317, 0.9172928765898241, 0.9876216196340022, 0.9922766226362969, 0.9355171906001328, 0.9922766226362969, 0.9876216196340022, 0.9876216196340022, 0.9790162469878317, 0.9876216196340022, 0.9172928765898241, 0.8404728400261116, 0.9876216196340022, 0.9172928765898241, 0.9172928765898241, 0.9682952788358433, 0.9172928765898241, 0.9682952788358433, 0.9989192053199994, 0.9876216196340022, 0.5560316043013471, 0.9876216196340022, 0.9970294314052949, 0.9172928765898241, 0.9172928765898241, 0.9172928765898241, 0.9876216196340022, 0.9905094984808263, 0.9989192053199994, 0.9742937223322352, 0.9172928765898241, 0.9742937223322352, 0.9922766226362969, 0.9172928765898241, 0.9970294314052949, 0.9905094984808263, 0.5591865413169167, 0.9172928765898241, 0.9876216196340022, 0.9172928765898241, 0.9172928765898241, 0.9905094984808263, 0.9172928765898241, 0.9876216196340022]",31,train,9
1.0,100,0,0,0,100,10,1,1,1,0,0,0,10,1,1,1,0,0,0,"(array([0.81012475, 0.7525351 , 0.68246686, 0.88080257, 0.51574945,
       0.3871114 ]), array([0.6822992 , 0.74684471, 0.77111858, 0.5461272 , 0.796269  ,
       0.80983418]), array([0.31164515, 0.24907577, 0.22437422, 0.44412735, 0.19819504,
       0.18393336]), array([0.19658837, 0.25480497, 0.32603791, 0.12388014, 0.49256572,
       0.61894602]))","['DeepSeekQwen (32B)', 'GPM (8B)', 'EurusPRMStage2_avg_scores (7.62B)', 'QwenPRM_max_scores (7.63B)', 'QwenPRM_min_scores (7.63B)', 'Qwen72B_scores (72B)']","[0.9682952788358433, 0.9922766226362969, 0.9682952788358433, 0.9172928765898241, 0.5591865413169167, 0.9172928765898241, 0.9172928765898241, 0.9172928765898241, 0.9612554207591427, 0.9682952788358433, 0.9989192053199994, 0.9172928765898241, 0.9617289486515372, 0.775219555198201, 0.9617289486515372, 0.9876216196340022, 0.9989192053199994, 0.9970294314052949, 0.7774403453800657, 0.7394264325892952, 0.9617289486515372, 0.5591865413169167, 0.9172928765898241, 0.7394264325892952, 0.775219555198201, 0.9612554207591427, 0.9682952788358433, 0.9876216196340022, 0.9617289486515372, 0.775219555198201, 0.9682952788358433, 0.5560316043013471, 0.9172928765898241, 0.9906289748778456, 0.9682952788358433, 0.7774403453800657, 0.9172928765898241, 0.9617289486515372, 0.9682952788358433, 0.9922766226362969, 0.9682952788358433, 0.8125580030349415, 0.7394264325892952, 0.9989192053199994, 0.9970294314052949, 0.9954691231546783, 0.9876216196340022, 0.9172928765898241, 0.9612554207591427, 0.900096647421909, 0.9682952788358433, 0.5514279145859875, 0.5075092251643009, 0.9954691231546783, 0.8125580030349415, 0.901240849833744, 0.9617289486515372, 0.9989192053199994, 0.7394264325892952, 0.9906289748778456, 0.9617289486515372, 0.9172928765898241, 0.9682952788358433, 0.9172928765898241, 0.9612554207591427, 0.9682952788358433, 0.9682952788358433, 0.9682952788358433, 0.9682952788358433, 0.901240849833744, 0.9906289748778456, 0.9172928765898241, 0.9876216196340022, 0.7394264325892952, 0.900096647421909, 0.9954691231546783, 0.9172928765898241, 0.9989192053199994, 0.9970294314052949, 0.775219555198201, 0.9172928765898241, 0.9906289748778456, 0.9682952788358433, 0.9172928765898241, 0.5560316043013471, 0.8125580030349415, 0.5514279145859875, 0.9617289486515372, 0.9742937223322352, 0.9617289486515372, 0.9876216196340022, 0.9682952788358433, 0.9172928765898241, 0.9876216196340022, 0.9172928765898241, 0.9682952788358433, 0.9906289748778456, 0.9612554207591427, 0.9954691231546783, 0.5591865413169167]",32,train,9
0.99,99,0,0,1,100,5,1,1,1,0,0,0,5,1,1,1,0,0,0,"(array([0.81012475, 0.7525351 , 0.68246686, 0.88080257, 0.51574945,
       0.3871114 ]), array([0.6822992 , 0.74684471, 0.77111858, 0.5461272 , 0.796269  ,
       0.80983418]), array([0.31164515, 0.24907577, 0.22437422, 0.44412735, 0.19819504,
       0.18393336]), array([0.19658837, 0.25480497, 0.32603791, 0.12388014, 0.49256572,
       0.61894602]))","['DeepSeekQwen (32B)', 'GPM (8B)', 'EurusPRMStage2_avg_scores (7.62B)', 'QwenPRM_max_scores (7.63B)', 'QwenPRM_min_scores (7.63B)', 'Qwen72B_scores (72B)']","[0.9172928765898241, 0.775219555198201, 0.9876216196340022, 0.9876216196340022, 0.9172928765898241, 0.9989192053199994, 0.9790162469878317, 0.9172928765898241, 0.9970294314052949, 0.9172928765898241, 0.9876216196340022, 0.9742937223322352, 0.9172928765898241, 0.9989192053199994, 0.9970294314052949, 0.5560316043013471, 0.9172928765898241, 0.9172928765898241, 0.9876216196340022, 0.9970294314052949, 0.900096647421909, 0.9876216196340022, 0.9790162469878317, 0.9970294314052949, 0.9876216196340022, 0.9612554207591427, 0.9970294314052949, 0.9742937223322352, 0.9989192053199994, 0.9876216196340022, 0.9172928765898241, 0.9970294314052949, 0.9682952788358433, 0.9970294314052949, 0.9172928765898241, 0.9172928765898241, 0.9682952788358433, 0.9970294314052949, 0.8404728400261116, 0.9905094984808263, 0.9876216196340022, 0.9970294314052949, 0.5591865413169167, 0.9172928765898241, 0.9742937223322352, 0.9742937223322352, 0.900096647421909, 0.9970294314052949, 0.9876216196340022, 0.9742937223322352, 0.9876216196340022, 0.9742937223322352, 0.9876216196340022, 0.9970294314052949, 0.9970294314052949, 0.9682952788358433, 0.9876216196340022, 0.9612554207591427, 0.9682952788358433, 0.9682952788358433, 0.9970294314052949, 0.9172928765898241, 0.9970294314052949, 0.9876216196340022, 0.9172928765898241, 0.9742937223322352, 0.9742937223322352, 0.9790162469878317, 0.9876216196340022, 0.4996548886195624, 0.9355171906001328, 0.9742937223322352, 0.9172928765898241, 0.9172928765898241, 0.9876216196340022, 0.9172928765898241, 0.9970294314052949, 0.9172928765898241, 0.9970294314052949, 0.9876216196340022, 0.9172928765898241, 0.9172928765898241, 0.9970294314052949, 0.9905094984808263, 0.9970294314052949, 0.9172928765898241, 0.9876216196340022, 0.9172928765898241, 0.9172928765898241, 0.9970294314052949, 0.9876216196340022, 0.9989192053199994, 0.9989192053199994, 0.9876216196340022, 0.8404728400261116, 0.9970294314052949, 0.9989192053199994, 0.9790162469878317, 0.9970294314052949, 0.9876216196340022]",33,train,9
0.78,0,78,22,0,100,3,0,0,0,0,1,0,5,0,1,0,1,0,0,"(array([0.81012475, 0.7525351 , 0.68246686, 0.88080257, 0.51574945,
       0.3871114 ]), array([0.6822992 , 0.74684471, 0.77111858, 0.5461272 , 0.796269  ,
       0.80983418]), array([0.31164515, 0.24907577, 0.22437422, 0.44412735, 0.19819504,
       0.18393336]), array([0.19658837, 0.25480497, 0.32603791, 0.12388014, 0.49256572,
       0.61894602]))","['DeepSeekQwen (32B)', 'GPM (8B)', 'EurusPRMStage2_avg_scores (7.62B)', 'QwenPRM_max_scores (7.63B)', 'QwenPRM_min_scores (7.63B)', 'Qwen72B_scores (72B)']","[0.12189484683226222, 0.12189484683226222, 0.12189484683226222, 0.8984088538525293, 0.12189484683226222, 0.015629113335883956, 0.015629113335883956, 0.12189484683226222, 0.12189484683226222, 0.12189484683226222, 0.12189484683226222, 0.015629113335883956, 0.12189484683226222, 0.12189484683226222, 0.015629113335883956, 0.5514279145859875, 0.5514279145859875, 0.5514279145859875, 0.12189484683226222, 0.12189484683226222, 0.12189484683226222, 0.12189484683226222, 0.12189484683226222, 0.12189484683226222, 0.5514279145859875, 0.5514279145859875, 0.12189484683226222, 0.12189484683226222, 0.12189484683226222, 0.12189484683226222, 0.015629113335883956, 0.12189484683226222, 0.015629113335883956, 0.12529804086123175, 0.015629113335883956, 0.12189484683226222, 0.015629113335883956, 0.12327043163876843, 0.12189484683226222, 0.015629113335883956, 0.015629113335883956, 0.5514279145859875, 0.015629113335883956, 0.5028522519368586, 0.015629113335883956, 0.015629113335883956, 0.015629113335883956, 0.12189484683226222, 0.015629113335883956, 0.015629113335883956, 0.12189484683226222, 0.5514279145859875, 0.12327043163876843, 0.015629113335883956, 0.12189484683226222, 0.10251013228260442, 0.10251013228260442, 0.12189484683226222, 0.015629113335883956, 0.015629113335883956, 0.12327043163876843, 0.12189484683226222, 0.12189484683226222, 0.4996548886195624, 0.12189484683226222, 0.015629113335883956, 0.5514279145859875, 0.12327043163876843, 0.015629113335883956, 0.015629113335883956, 0.015629113335883956, 0.5514279145859875, 0.12189484683226222, 0.5514279145859875, 0.12189484683226222, 0.015629113335883956, 0.12189484683226222, 0.015629113335883956, 0.5514279145859875, 0.12189484683226222, 0.015629113335883956, 0.12189484683226222, 0.12189484683226222, 0.12189484683226222, 0.5514279145859875, 0.12189484683226222, 0.12189484683226222, 0.5514279145859875, 0.5514279145859875, 0.015629113335883956, 0.5514279145859875, 0.5514279145859875, 0.12189484683226222, 0.5514279145859875, 0.12327043163876843, 0.5514279145859875, 0.5514279145859875, 0.015629113335883956, 0.015629113335883956, 0.5514279145859875]",34,train,0
0.95,93,2,5,0,100,10,1,1,1,0,0,0,10,1,1,1,0,0,0,"(array([0.81012475, 0.7525351 , 0.68246686, 0.88080257, 0.51574945,
       0.3871114 ]), array([0.6822992 , 0.74684471, 0.77111858, 0.5461272 , 0.796269  ,
       0.80983418]), array([0.31164515, 0.24907577, 0.22437422, 0.44412735, 0.19819504,
       0.18393336]), array([0.19658837, 0.25480497, 0.32603791, 0.12388014, 0.49256572,
       0.61894602]))","['DeepSeekQwen (32B)', 'GPM (8B)', 'EurusPRMStage2_avg_scores (7.62B)', 'QwenPRM_max_scores (7.63B)', 'QwenPRM_min_scores (7.63B)', 'Qwen72B_scores (72B)']","[0.5514279145859875, 0.9970294314052949, 0.9970294314052949, 0.9790162469878317, 0.9970294314052949, 0.9970294314052949, 0.9970294314052949, 0.9970294314052949, 0.9970294314052949, 0.9970294314052949, 0.9989192053199994, 0.9970294314052949, 0.9172928765898241, 0.9742937223322352, 0.9970294314052949, 0.9742937223322352, 0.9876216196340022, 0.9742937223322352, 0.9742937223322352, 0.8984088538525293, 0.9742937223322352, 0.9742937223322352, 0.9742937223322352, 0.9970294314052949, 0.9970294314052949, 0.9970294314052949, 0.9742937223322352, 0.9742937223322352, 0.9970294314052949, 0.9742937223322352, 0.9970294314052949, 0.9970294314052949, 0.9876216196340022, 0.9970294314052949, 0.9970294314052949, 0.9742937223322352, 0.9970294314052949, 0.9970294314052949, 0.9742937223322352, 0.9970294314052949, 0.9682952788358433, 0.9970294314052949, 0.9970294314052949, 0.9970294314052949, 0.9970294314052949, 0.9742937223322352, 0.9742937223322352, 0.9970294314052949, 0.9970294314052949, 0.9970294314052949, 0.9970294314052949, 0.12327043163876843, 0.9876216196340022, 0.9970294314052949, 0.9970294314052949, 0.9790162469878317, 0.9970294314052949, 0.9876216196340022, 0.9746121075710005, 0.5514279145859875, 0.9876216196340022, 0.9790162469878317, 0.9970294314052949, 0.9742937223322352, 0.9742937223322352, 0.9790162469878317, 0.9742937223322352, 0.9970294314052949, 0.9876216196340022, 0.9742937223322352, 0.9970294314052949, 0.900096647421909, 0.9790162469878317, 0.9970294314052949, 0.9876216196340022, 0.12327043163876843, 0.5514279145859875, 0.900096647421909, 0.9876216196340022, 0.9970294314052949, 0.9970294314052949, 0.9970294314052949, 0.9742937223322352, 0.9970294314052949, 0.9876216196340022, 0.9876216196340022, 0.900096647421909, 0.9790162469878317, 0.9970294314052949, 0.9172928765898241, 0.9970294314052949, 0.9742937223322352, 0.8984088538525293, 0.9970294314052949, 0.9970294314052949, 0.5514279145859875, 0.9742937223322352, 0.9970294314052949, 0.9742937223322352, 0.9970294314052949]",35,train,9
0.93,84,9,5,2,100,7,1,1,1,0,0,0,7,1,1,1,0,0,0,"(array([0.81012475, 0.7525351 , 0.68246686, 0.88080257, 0.51574945,
       0.3871114 ]), array([0.6822992 , 0.74684471, 0.77111858, 0.5461272 , 0.796269  ,
       0.80983418]), array([0.31164515, 0.24907577, 0.22437422, 0.44412735, 0.19819504,
       0.18393336]), array([0.19658837, 0.25480497, 0.32603791, 0.12388014, 0.49256572,
       0.61894602]))","['DeepSeekQwen (32B)', 'GPM (8B)', 'EurusPRMStage2_avg_scores (7.62B)', 'QwenPRM_max_scores (7.63B)', 'QwenPRM_min_scores (7.63B)', 'Qwen72B_scores (72B)']","[0.9612554207591427, 0.9954691231546783, 0.9954691231546783, 0.9682952788358433, 0.9954691231546783, 0.9970294314052949, 0.9172928765898241, 0.9989192053199994, 0.9954691231546783, 0.9876216196340022, 0.015629113335883956, 0.9612554207591427, 0.9954691231546783, 0.9989192053199994, 0.9922766226362969, 0.12189484683226222, 0.9954691231546783, 0.9954691231546783, 0.4996548886195624, 0.9954691231546783, 0.9954691231546783, 0.9617289486515372, 0.9172928765898241, 0.9172928765898241, 0.9172928765898241, 0.9954691231546783, 0.7719565585357397, 0.9172928765898241, 0.9954691231546783, 0.9876216196340022, 0.9612554207591427, 0.12189484683226222, 0.9617289486515372, 0.9989192053199994, 0.9876216196340022, 0.9682952788358433, 0.9954691231546783, 0.9954691231546783, 0.7394264325892952, 0.9876216196340022, 0.9954691231546783, 0.9172928765898241, 0.5560316043013471, 0.9954691231546783, 0.5560316043013471, 0.9876216196340022, 0.9682952788358433, 0.9954691231546783, 0.9612554207591427, 0.9954691231546783, 0.12189484683226222, 0.9876216196340022, 0.9172928765898241, 0.9954691231546783, 0.9612554207591427, 0.9954691231546783, 0.4996548886195624, 0.5514279145859875, 0.9954691231546783, 0.9876216196340022, 0.9682952788358433, 0.900096647421909, 0.900096647421909, 0.9172928765898241, 0.9989192053199994, 0.9954691231546783, 0.12327043163876843, 0.9954691231546783, 0.9954691231546783, 0.9612554207591427, 0.5560316043013471, 0.9682952788358433, 0.12189484683226222, 0.9682952788358433, 0.5560316043013471, 0.9954691231546783, 0.9954691231546783, 0.775219555198201, 0.9954691231546783, 0.12327043163876843, 0.9954691231546783, 0.9612554207591427, 0.9876216196340022, 0.9172928765898241, 0.9682952788358433, 0.015629113335883956, 0.9612554207591427, 0.9617289486515372, 0.9954691231546783, 0.9876216196340022, 0.12189484683226222, 0.9954691231546783, 0.9612554207591427, 0.9989192053199994, 0.9954691231546783, 0.9954691231546783, 0.9954691231546783, 0.9790162469878317, 0.9682952788358433, 0.5075092251643009]",36,train,8
0.75,18,57,19,6,100,59,1,1,1,0,0,0,59,1,1,1,0,0,0,"(array([0.81012475, 0.7525351 , 0.68246686, 0.88080257, 0.51574945,
       0.3871114 ]), array([0.6822992 , 0.74684471, 0.77111858, 0.5461272 , 0.796269  ,
       0.80983418]), array([0.31164515, 0.24907577, 0.22437422, 0.44412735, 0.19819504,
       0.18393336]), array([0.19658837, 0.25480497, 0.32603791, 0.12388014, 0.49256572,
       0.61894602]))","['DeepSeekQwen (32B)', 'GPM (8B)', 'EurusPRMStage2_avg_scores (7.62B)', 'QwenPRM_max_scores (7.63B)', 'QwenPRM_min_scores (7.63B)', 'Qwen72B_scores (72B)']","[0.2791126125088456, 0.12189484683226222, 0.12529804086123175, 0.9612554207591427, 0.10251013228260442, 0.12189484683226222, 0.12189484683226222, 0.9682952788358433, 0.015629113335883956, 0.12327043163876843, 0.900096647421909, 0.5514279145859875, 0.12189484683226222, 0.12189484683226222, 0.5560316043013471, 0.12189484683226222, 0.12189484683226222, 0.12189484683226222, 0.12327043163876843, 0.9790162469878317, 0.12189484683226222, 0.015629113335883956, 0.5514279145859875, 0.12189484683226222, 0.12189484683226222, 0.900096647421909, 0.12189484683226222, 0.12189484683226222, 0.12189484683226222, 0.8984088538525293, 0.5028522519368586, 0.041889941223657495, 0.2791126125088456, 0.5560316043013471, 0.5514279145859875, 0.5514279145859875, 0.5514279145859875, 0.12189484683226222, 0.015629113335883956, 0.12189484683226222, 0.12189484683226222, 0.5514279145859875, 0.015629113335883956, 0.9876216196340022, 0.015629113335883956, 0.12189484683226222, 0.5514279145859875, 0.12189484683226222, 0.12529804086123175, 0.5560316043013471, 0.12189484683226222, 0.015629113335883956, 0.9682952788358433, 0.10251013228260442, 0.9876216196340022, 0.5560316043013471, 0.015629113335883956, 0.12327043163876843, 0.12189484683226222, 0.9954691231546783, 0.5560316043013471, 0.12327043163876843, 0.5591865413169167, 0.12189484683226222, 0.9682952788358433, 0.4996548886195624, 0.5514279145859875, 0.5560316043013471, 0.7719565585357397, 0.12189484683226222, 0.12189484683226222, 0.015629113335883956, 0.12189484683226222, 0.5560316043013471, 0.12189484683226222, 0.5560316043013471, 0.12189484683226222, 0.12189484683226222, 0.5514279145859875, 0.015629113335883956, 0.5514279145859875, 0.12189484683226222, 0.12327043163876843, 0.12189484683226222, 0.12189484683226222, 0.041889941223657495, 0.12189484683226222, 0.12529804086123175, 0.12189484683226222, 0.015629113335883956, 0.12327043163876843, 0.5514279145859875, 0.5560316043013471, 0.015629113335883956, 0.5514279145859875, 0.12189484683226222, 0.015629113335883956, 0.5514279145859875, 0.12189484683226222, 0.5514279145859875]",37,train,2
0.98,95,3,1,1,100,1,1,1,1,0,0,0,1,1,1,1,0,0,0,"(array([0.81012475, 0.7525351 , 0.68246686, 0.88080257, 0.51574945,
       0.3871114 ]), array([0.6822992 , 0.74684471, 0.77111858, 0.5461272 , 0.796269  ,
       0.80983418]), array([0.31164515, 0.24907577, 0.22437422, 0.44412735, 0.19819504,
       0.18393336]), array([0.19658837, 0.25480497, 0.32603791, 0.12388014, 0.49256572,
       0.61894602]))","['DeepSeekQwen (32B)', 'GPM (8B)', 'EurusPRMStage2_avg_scores (7.62B)', 'QwenPRM_max_scores (7.63B)', 'QwenPRM_min_scores (7.63B)', 'Qwen72B_scores (72B)']","[0.9970294314052949, 0.9989192053199994, 0.9876216196340022, 0.9989192053199994, 0.9989192053199994, 0.9970294314052949, 0.9970294314052949, 0.900096647421909, 0.9970294314052949, 0.12189484683226222, 0.9954691231546783, 0.9989192053199994, 0.9989192053199994, 0.9876216196340022, 0.9970294314052949, 0.9954691231546783, 0.900096647421909, 0.9876216196340022, 0.9989192053199994, 0.9954691231546783, 0.9742937223322352, 0.9954691231546783, 0.9970294314052949, 0.9905094984808263, 0.9905094984808263, 0.9989192053199994, 0.9989192053199994, 0.9989192053199994, 0.9954691231546783, 0.9612554207591427, 0.900096647421909, 0.9742937223322352, 0.9989192053199994, 0.9954691231546783, 0.9954691231546783, 0.9172928765898241, 0.9954691231546783, 0.9970294314052949, 0.9876216196340022, 0.9876216196340022, 0.9876216196340022, 0.12189484683226222, 0.9989192053199994, 0.9682952788358433, 0.4996548886195624, 0.9954691231546783, 0.9989192053199994, 0.9970294314052949, 0.9989192053199994, 0.9682952788358433, 0.9876216196340022, 0.9954691231546783, 0.9922766226362969, 0.9876216196340022, 0.9989192053199994, 0.9172928765898241, 0.9605555808733427, 0.015629113335883956, 0.9742937223322352, 0.900096647421909, 0.9612554207591427, 0.9970294314052949, 0.9989192053199994, 0.9790162469878317, 0.9742937223322352, 0.9954691231546783, 0.9970294314052949, 0.9682952788358433, 0.9905094984808263, 0.9954691231546783, 0.9989192053199994, 0.9970294314052949, 0.9989192053199994, 0.9989192053199994, 0.9989192053199994, 0.8984088538525293, 0.9970294314052949, 0.9970294314052949, 0.9876216196340022, 0.9876216196340022, 0.9682952788358433, 0.9876216196340022, 0.9954691231546783, 0.9905094984808263, 0.9876216196340022, 0.9970294314052949, 0.900096647421909, 0.900096647421909, 0.9970294314052949, 0.9954691231546783, 0.9970294314052949, 0.9954691231546783, 0.9970294314052949, 0.9970294314052949, 0.9922766226362969, 0.9970294314052949, 0.9970294314052949, 0.900096647421909, 0.900096647421909, 0.9970294314052949]",38,train,9
1.0,100,0,0,0,100,11,1,1,1,0,0,0,11,1,1,1,0,0,0,"(array([0.81012475, 0.7525351 , 0.68246686, 0.88080257, 0.51574945,
       0.3871114 ]), array([0.6822992 , 0.74684471, 0.77111858, 0.5461272 , 0.796269  ,
       0.80983418]), array([0.31164515, 0.24907577, 0.22437422, 0.44412735, 0.19819504,
       0.18393336]), array([0.19658837, 0.25480497, 0.32603791, 0.12388014, 0.49256572,
       0.61894602]))","['DeepSeekQwen (32B)', 'GPM (8B)', 'EurusPRMStage2_avg_scores (7.62B)', 'QwenPRM_max_scores (7.63B)', 'QwenPRM_min_scores (7.63B)', 'Qwen72B_scores (72B)']","[0.9876216196340022, 0.9970294314052949, 0.9876216196340022, 0.900096647421909, 0.9876216196340022, 0.9876216196340022, 0.8404728400261116, 0.9970294314052949, 0.9876216196340022, 0.9790162469878317, 0.9970294314052949, 0.9989192053199994, 0.9738229786996095, 0.9970294314052949, 0.9970294314052949, 0.9989192053199994, 0.9970294314052949, 0.9742937223322352, 0.8404728400261116, 0.9970294314052949, 0.9742937223322352, 0.9742937223322352, 0.9970294314052949, 0.9989192053199994, 0.9876216196340022, 0.9746121075710005, 0.9876216196340022, 0.9876216196340022, 0.9970294314052949, 0.9970294314052949, 0.9954691231546783, 0.9742937223322352, 0.9876216196340022, 0.9970294314052949, 0.9742937223322352, 0.9970294314052949, 0.9742937223322352, 0.9989192053199994, 0.9970294314052949, 0.9970294314052949, 0.9970294314052949, 0.9876216196340022, 0.9742937223322352, 0.9876216196340022, 0.9742937223322352, 0.9970294314052949, 0.9954691231546783, 0.9970294314052949, 0.900096647421909, 0.9970294314052949, 0.9989192053199994, 0.9876216196340022, 0.9989192053199994, 0.9970294314052949, 0.9790162469878317, 0.5560316043013471, 0.9989192053199994, 0.9742937223322352, 0.9905094984808263, 0.9954691231546783, 0.9790162469878317, 0.9989192053199994, 0.9970294314052949, 0.9746121075710005, 0.9742937223322352, 0.9876216196340022, 0.900096647421909, 0.9970294314052949, 0.9742937223322352, 0.900096647421909, 0.9922766226362969, 0.9742937223322352, 0.9876216196340022, 0.9172928765898241, 0.9876216196340022, 0.9742937223322352, 0.9970294314052949, 0.9970294314052949, 0.8077255019222699, 0.9970294314052949, 0.900096647421909, 0.9172928765898241, 0.9970294314052949, 0.9905094984808263, 0.9876216196340022, 0.9742937223322352, 0.8404728400261116, 0.9876216196340022, 0.9970294314052949, 0.9742937223322352, 0.9970294314052949, 0.9172928765898241, 0.9970294314052949, 0.901240849833744, 0.9970294314052949, 0.900096647421909, 0.9876216196340022, 0.9172928765898241, 0.900096647421909, 0.9876216196340022]",39,train,9
0.97,94,3,1,2,100,27,1,1,1,0,0,0,27,1,1,1,0,0,0,"(array([0.81012475, 0.7525351 , 0.68246686, 0.88080257, 0.51574945,
       0.3871114 ]), array([0.6822992 , 0.74684471, 0.77111858, 0.5461272 , 0.796269  ,
       0.80983418]), array([0.31164515, 0.24907577, 0.22437422, 0.44412735, 0.19819504,
       0.18393336]), array([0.19658837, 0.25480497, 0.32603791, 0.12388014, 0.49256572,
       0.61894602]))","['DeepSeekQwen (32B)', 'GPM (8B)', 'EurusPRMStage2_avg_scores (7.62B)', 'QwenPRM_max_scores (7.63B)', 'QwenPRM_min_scores (7.63B)', 'Qwen72B_scores (72B)']","[0.9876216196340022, 0.9970294314052949, 0.9355171906001328, 0.9876216196340022, 0.9970294314052949, 0.9970294314052949, 0.9970294314052949, 0.12189484683226222, 0.12189484683226222, 0.9742937223322352, 0.9970294314052949, 0.9970294314052949, 0.9746121075710005, 0.9738229786996095, 0.9742937223322352, 0.9742937223322352, 0.900096647421909, 0.9970294314052949, 0.9790162469878317, 0.9742937223322352, 0.9742937223322352, 0.9970294314052949, 0.9970294314052949, 0.9970294314052949, 0.9876216196340022, 0.9970294314052949, 0.12189484683226222, 0.9989192053199994, 0.5560316043013471, 0.9989192053199994, 0.8421801861820378, 0.9876216196340022, 0.9970294314052949, 0.9742937223322352, 0.9970294314052949, 0.9742937223322352, 0.9876216196340022, 0.37601218496293903, 0.9876216196340022, 0.9970294314052949, 0.9742937223322352, 0.9970294314052949, 0.9970294314052949, 0.9742937223322352, 0.9876216196340022, 0.9970294314052949, 0.9790162469878317, 0.5560316043013471, 0.12189484683226222, 0.9742937223322352, 0.9970294314052949, 0.9742937223322352, 0.9970294314052949, 0.9790162469878317, 0.9742937223322352, 0.9970294314052949, 0.9742937223322352, 0.9970294314052949, 0.9970294314052949, 0.9970294314052949, 0.9970294314052949, 0.9989192053199994, 0.9876216196340022, 0.9970294314052949, 0.9970294314052949, 0.9970294314052949, 0.9989192053199994, 0.9790162469878317, 0.9742937223322352, 0.9876216196340022, 0.9742937223322352, 0.9970294314052949, 0.9970294314052949, 0.9876216196340022, 0.9742937223322352, 0.9790162469878317, 0.900096647421909, 0.9970294314052949, 0.9172928765898241, 0.9970294314052949, 0.9989192053199994, 0.9970294314052949, 0.9970294314052949, 0.9970294314052949, 0.8125580030349415, 0.9970294314052949, 0.9876216196340022, 0.9970294314052949, 0.9738229786996095, 0.9742937223322352, 0.9790162469878317, 0.9876216196340022, 0.9970294314052949, 0.9876216196340022, 0.8404728400261116, 0.9970294314052949, 0.9970294314052949, 0.9906289748778456, 0.900096647421909, 0.9970294314052949]",40,train,9
0.81,28,53,13,6,100,6,1,1,1,0,0,0,6,1,1,1,0,0,0,"(array([0.81012475, 0.7525351 , 0.68246686, 0.88080257, 0.51574945,
       0.3871114 ]), array([0.6822992 , 0.74684471, 0.77111858, 0.5461272 , 0.796269  ,
       0.80983418]), array([0.31164515, 0.24907577, 0.22437422, 0.44412735, 0.19819504,
       0.18393336]), array([0.19658837, 0.25480497, 0.32603791, 0.12388014, 0.49256572,
       0.61894602]))","['DeepSeekQwen (32B)', 'GPM (8B)', 'EurusPRMStage2_avg_scores (7.62B)', 'QwenPRM_max_scores (7.63B)', 'QwenPRM_min_scores (7.63B)', 'Qwen72B_scores (72B)']","[0.9172928765898241, 0.12189484683226222, 0.12189484683226222, 0.12189484683226222, 0.5514279145859875, 0.12189484683226222, 0.9970294314052949, 0.12189484683226222, 0.12189484683226222, 0.12189484683226222, 0.12189484683226222, 0.5514279145859875, 0.12189484683226222, 0.12327043163876843, 0.9172928765898241, 0.12189484683226222, 0.12189484683226222, 0.12327043163876843, 0.12189484683226222, 0.5514279145859875, 0.5514279145859875, 0.5514279145859875, 0.12189484683226222, 0.5560316043013471, 0.9172928765898241, 0.5514279145859875, 0.5514279145859875, 0.12189484683226222, 0.5514279145859875, 0.5514279145859875, 0.12189484683226222, 0.12189484683226222, 0.12189484683226222, 0.12189484683226222, 0.5514279145859875, 0.12189484683226222, 0.5514279145859875, 0.12189484683226222, 0.12189484683226222, 0.015629113335883956, 0.9172928765898241, 0.5514279145859875, 0.12189484683226222, 0.5514279145859875, 0.5514279145859875, 0.5560316043013471, 0.12189484683226222, 0.12189484683226222, 0.12189484683226222, 0.5514279145859875, 0.901240849833744, 0.12189484683226222, 0.015629113335883956, 0.12189484683226222, 0.12189484683226222, 0.12189484683226222, 0.015629113335883956, 0.5514279145859875, 0.12189484683226222, 0.9906289748778456, 0.12189484683226222, 0.015629113335883956, 0.12189484683226222, 0.12189484683226222, 0.5514279145859875, 0.12189484683226222, 0.12189484683226222, 0.5514279145859875, 0.775219555198201, 0.12189484683226222, 0.5514279145859875, 0.12189484683226222, 0.5514279145859875, 0.5514279145859875, 0.12189484683226222, 0.12529804086123175, 0.9876216196340022, 0.5560316043013471, 0.5560316043013471, 0.12189484683226222, 0.015629113335883956, 0.12327043163876843, 0.12189484683226222, 0.9172928765898241, 0.5514279145859875, 0.12189484683226222, 0.12189484683226222, 0.12189484683226222, 0.12189484683226222, 0.015629113335883956, 0.5514279145859875, 0.12189484683226222, 0.12189484683226222, 0.5514279145859875, 0.015629113335883956, 0.9742937223322352, 0.015629113335883956, 0.5514279145859875, 0.12189484683226222, 0.5514279145859875]",41,train,3
0.76,18,58,16,8,100,50,1,1,1,0,0,0,50,1,1,1,0,0,0,"(array([0.81012475, 0.7525351 , 0.68246686, 0.88080257, 0.51574945,
       0.3871114 ]), array([0.6822992 , 0.74684471, 0.77111858, 0.5461272 , 0.796269  ,
       0.80983418]), array([0.31164515, 0.24907577, 0.22437422, 0.44412735, 0.19819504,
       0.18393336]), array([0.19658837, 0.25480497, 0.32603791, 0.12388014, 0.49256572,
       0.61894602]))","['DeepSeekQwen (32B)', 'GPM (8B)', 'EurusPRMStage2_avg_scores (7.62B)', 'QwenPRM_max_scores (7.63B)', 'QwenPRM_min_scores (7.63B)', 'Qwen72B_scores (72B)']","[0.5514279145859875, 0.9605555808733427, 0.12189484683226222, 0.5514279145859875, 0.5514279145859875, 0.5514279145859875, 0.5514279145859875, 0.015629113335883956, 0.12189484683226222, 0.5591865413169167, 0.12189484683226222, 0.12189484683226222, 0.015629113335883956, 0.12189484683226222, 0.5591865413169167, 0.12189484683226222, 0.12189484683226222, 0.12189484683226222, 0.5514279145859875, 0.12189484683226222, 0.12189484683226222, 0.12189484683226222, 0.015629113335883956, 0.12189484683226222, 0.5514279145859875, 0.900096647421909, 0.5514279145859875, 0.12189484683226222, 0.12189484683226222, 0.12189484683226222, 0.015629113335883956, 0.12189484683226222, 0.5514279145859875, 0.7333272804656071, 0.2791126125088456, 0.12189484683226222, 0.12189484683226222, 0.12189484683226222, 0.12189484683226222, 0.12189484683226222, 0.12189484683226222, 0.12189484683226222, 0.12189484683226222, 0.8984088538525293, 0.12189484683226222, 0.12189484683226222, 0.12189484683226222, 0.12189484683226222, 0.5560316043013471, 0.015629113335883956, 0.9954691231546783, 0.015629113335883956, 0.5514279145859875, 0.12189484683226222, 0.5514279145859875, 0.12189484683226222, 0.9172928765898241, 0.12189484683226222, 0.12189484683226222, 0.015629113335883956, 0.12189484683226222, 0.12327043163876843, 0.12189484683226222, 0.12189484683226222, 0.5514279145859875, 0.7719565585357397, 0.9172928765898241, 0.9172928765898241, 0.5514279145859875, 0.12189484683226222, 0.9172928765898241, 0.015629113335883956, 0.5514279145859875, 0.12189484683226222, 0.015629113335883956, 0.12189484683226222, 0.12189484683226222, 0.015629113335883956, 0.12189484683226222, 0.12529804086123175, 0.5514279145859875, 0.5560316043013471, 0.12189484683226222, 0.4996548886195624, 0.12189484683226222, 0.12189484683226222, 0.9172928765898241, 0.5514279145859875, 0.12189484683226222, 0.12189484683226222, 0.12189484683226222, 0.5560316043013471, 0.5560316043013471, 0.12189484683226222, 0.015629113335883956, 0.015629113335883956, 0.015629113335883956, 0.5514279145859875, 0.12189484683226222, 0.12189484683226222]",42,train,2
0.99,98,1,1,0,100,7,1,1,1,0,0,0,7,1,1,1,0,0,0,"(array([0.81012475, 0.7525351 , 0.68246686, 0.88080257, 0.51574945,
       0.3871114 ]), array([0.6822992 , 0.74684471, 0.77111858, 0.5461272 , 0.796269  ,
       0.80983418]), array([0.31164515, 0.24907577, 0.22437422, 0.44412735, 0.19819504,
       0.18393336]), array([0.19658837, 0.25480497, 0.32603791, 0.12388014, 0.49256572,
       0.61894602]))","['DeepSeekQwen (32B)', 'GPM (8B)', 'EurusPRMStage2_avg_scores (7.62B)', 'QwenPRM_max_scores (7.63B)', 'QwenPRM_min_scores (7.63B)', 'Qwen72B_scores (72B)']","[0.9876216196340022, 0.9790162469878317, 0.9954691231546783, 0.9742937223322352, 0.9742937223322352, 0.9612554207591427, 0.9970294314052949, 0.9989192053199994, 0.9682952788358433, 0.9905094984808263, 0.9989192053199994, 0.9954691231546783, 0.9989192053199994, 0.9954691231546783, 0.9989192053199994, 0.9905094984808263, 0.9989192053199994, 0.9922766226362969, 0.9876216196340022, 0.9989192053199994, 0.9989192053199994, 0.9989192053199994, 0.9954691231546783, 0.9172928765898241, 0.9989192053199994, 0.9970294314052949, 0.9905094984808263, 0.9172928765898241, 0.9989192053199994, 0.9742937223322352, 0.9989192053199994, 0.9903327581962722, 0.6239718187005685, 0.9989192053199994, 0.9876216196340022, 0.7774403453800657, 0.9790162469878317, 0.9876216196340022, 0.9970294314052949, 0.9989192053199994, 0.9970294314052949, 0.9742937223322352, 0.9906289748778456, 0.9970294314052949, 0.9970294314052949, 0.9989192053199994, 0.9922766226362969, 0.9905094984808263, 0.9905094984808263, 0.9876216196340022, 0.9970294314052949, 0.9612554207591427, 0.9970294314052949, 0.9970294314052949, 0.9172928765898241, 0.9989192053199994, 0.9970294314052949, 0.9742937223322352, 0.9970294314052949, 0.8421801861820378, 0.9970294314052949, 0.9970294314052949, 0.9970294314052949, 0.9790162469878317, 0.9172928765898241, 0.9682952788358433, 0.9954691231546783, 0.9954691231546783, 0.9905094984808263, 0.9746121075710005, 0.9989192053199994, 0.9922766226362969, 0.9989192053199994, 0.9954691231546783, 0.9742937223322352, 0.12189484683226222, 0.9970294314052949, 0.9970294314052949, 0.9970294314052949, 0.9172928765898241, 0.5591865413169167, 0.9355171906001328, 0.9905094984808263, 0.9172928765898241, 0.9989192053199994, 0.9905094984808263, 0.9922766226362969, 0.9922766226362969, 0.9954691231546783, 0.9922766226362969, 0.9905094984808263, 0.9922766226362969, 0.9989192053199994, 0.9172928765898241, 0.9970294314052949, 0.9989192053199994, 0.9989192053199994, 0.9989192053199994, 0.9989192053199994, 0.9355171906001328]",43,train,9
1.0,100,0,0,0,100,1,1,1,1,0,0,0,1,1,1,1,0,0,0,"(array([0.81012475, 0.7525351 , 0.68246686, 0.88080257, 0.51574945,
       0.3871114 ]), array([0.6822992 , 0.74684471, 0.77111858, 0.5461272 , 0.796269  ,
       0.80983418]), array([0.31164515, 0.24907577, 0.22437422, 0.44412735, 0.19819504,
       0.18393336]), array([0.19658837, 0.25480497, 0.32603791, 0.12388014, 0.49256572,
       0.61894602]))","['DeepSeekQwen (32B)', 'GPM (8B)', 'EurusPRMStage2_avg_scores (7.62B)', 'QwenPRM_max_scores (7.63B)', 'QwenPRM_min_scores (7.63B)', 'Qwen72B_scores (72B)']","[0.9954691231546783, 0.9989192053199994, 0.9172928765898241, 0.9970294314052949, 0.9876216196340022, 0.9970294314052949, 0.9954691231546783, 0.9970294314052949, 0.9989192053199994, 0.9954691231546783, 0.9905094984808263, 0.9989192053199994, 0.9172928765898241, 0.9905094984808263, 0.9989192053199994, 0.9172928765898241, 0.9742937223322352, 0.9746121075710005, 0.9970294314052949, 0.9906289748778456, 0.9905094984808263, 0.9970294314052949, 0.9989192053199994, 0.9905094984808263, 0.9172928765898241, 0.9906289748778456, 0.9790162469878317, 0.9970294314052949, 0.9612554207591427, 0.9970294314052949, 0.9989192053199994, 0.9970294314052949, 0.9172928765898241, 0.9742937223322352, 0.9954691231546783, 0.9989192053199994, 0.9905094984808263, 0.5075092251643009, 0.9790162469878317, 0.9742937223322352, 0.9970294314052949, 0.900096647421909, 0.9989192053199994, 0.9790162469878317, 0.9876216196340022, 0.9970294314052949, 0.900096647421909, 0.9970294314052949, 0.9742937223322352, 0.9970294314052949, 0.9970294314052949, 0.9742937223322352, 0.9970294314052949, 0.9876216196340022, 0.9954691231546783, 0.9989192053199994, 0.9612554207591427, 0.9905094984808263, 0.9970294314052949, 0.900096647421909, 0.9989192053199994, 0.9970294314052949, 0.9970294314052949, 0.9989192053199994, 0.9682952788358433, 0.9790162469878317, 0.9954691231546783, 0.9905094984808263, 0.9905094984808263, 0.9172928765898241, 0.9682952788358433, 0.9905094984808263, 0.9876216196340022, 0.9905094984808263, 0.9970294314052949, 0.9989192053199994, 0.9876216196340022, 0.9989192053199994, 0.9970294314052949, 0.9746121075710005, 0.9989192053199994, 0.9905094984808263, 0.9989192053199994, 0.9989192053199994, 0.9790162469878317, 0.9989192053199994, 0.9989192053199994, 0.9970294314052949, 0.9906289748778456, 0.9989192053199994, 0.9612554207591427, 0.9970294314052949, 0.9989192053199994, 0.9989192053199994, 0.9617289486515372, 0.9954691231546783, 0.9970294314052949, 0.9954691231546783, 0.9172928765898241, 0.5560316043013471]",44,train,9
1.0,100,0,0,0,100,1,1,1,1,0,0,0,1,1,1,1,0,0,0,"(array([0.81012475, 0.7525351 , 0.68246686, 0.88080257, 0.51574945,
       0.3871114 ]), array([0.6822992 , 0.74684471, 0.77111858, 0.5461272 , 0.796269  ,
       0.80983418]), array([0.31164515, 0.24907577, 0.22437422, 0.44412735, 0.19819504,
       0.18393336]), array([0.19658837, 0.25480497, 0.32603791, 0.12388014, 0.49256572,
       0.61894602]))","['DeepSeekQwen (32B)', 'GPM (8B)', 'EurusPRMStage2_avg_scores (7.62B)', 'QwenPRM_max_scores (7.63B)', 'QwenPRM_min_scores (7.63B)', 'Qwen72B_scores (72B)']","[0.9954691231546783, 0.9989192053199994, 0.900096647421909, 0.9954691231546783, 0.9970294314052949, 0.5560316043013471, 0.9905094984808263, 0.900096647421909, 0.9970294314052949, 0.9876216196340022, 0.9970294314052949, 0.900096647421909, 0.9742937223322352, 0.9876216196340022, 0.9742937223322352, 0.9876216196340022, 0.9905094984808263, 0.9954691231546783, 0.9954691231546783, 0.9970294314052949, 0.9905094984808263, 0.900096647421909, 0.9742937223322352, 0.9970294314052949, 0.9989192053199994, 0.9172928765898241, 0.9989192053199994, 0.9954691231546783, 0.9954691231546783, 0.9989192053199994, 0.9970294314052949, 0.9742937223322352, 0.9954691231546783, 0.9905094984808263, 0.9989192053199994, 0.9989192053199994, 0.9790162469878317, 0.9970294314052949, 0.9612554207591427, 0.9742937223322352, 0.9172928765898241, 0.9876216196340022, 0.9970294314052949, 0.9954691231546783, 0.9989192053199994, 0.9742937223322352, 0.9790162469878317, 0.9970294314052949, 0.9970294314052949, 0.9954691231546783, 0.9790162469878317, 0.900096647421909, 0.901240849833744, 0.9876216196340022, 0.9876216196340022, 0.9989192053199994, 0.9989192053199994, 0.9989192053199994, 0.9989192053199994, 0.9905094984808263, 0.9876216196340022, 0.9954691231546783, 0.9876216196340022, 0.9954691231546783, 0.5560316043013471, 0.9905094984808263, 0.9989192053199994, 0.9954691231546783, 0.9970294314052949, 0.9989192053199994, 0.9970294314052949, 0.9876216196340022, 0.9612554207591427, 0.9172928765898241, 0.9954691231546783, 0.9970294314052949, 0.9970294314052949, 0.9970294314052949, 0.9746121075710005, 0.9970294314052949, 0.9876216196340022, 0.9970294314052949, 0.9989192053199994, 0.9970294314052949, 0.9742937223322352, 0.900096647421909, 0.9905094984808263, 0.9989192053199994, 0.9954691231546783, 0.9876216196340022, 0.9746121075710005, 0.9742937223322352, 0.9989192053199994, 0.9970294314052949, 0.775219555198201, 0.9876216196340022, 0.9970294314052949, 0.9970294314052949, 0.9612554207591427, 0.900096647421909]",45,train,9
1.0,100,0,0,0,100,0,1,1,1,0,0,0,0,1,1,1,0,0,0,"(array([0.81012475, 0.7525351 , 0.68246686, 0.88080257, 0.51574945,
       0.3871114 ]), array([0.6822992 , 0.74684471, 0.77111858, 0.5461272 , 0.796269  ,
       0.80983418]), array([0.31164515, 0.24907577, 0.22437422, 0.44412735, 0.19819504,
       0.18393336]), array([0.19658837, 0.25480497, 0.32603791, 0.12388014, 0.49256572,
       0.61894602]))","['DeepSeekQwen (32B)', 'GPM (8B)', 'EurusPRMStage2_avg_scores (7.62B)', 'QwenPRM_max_scores (7.63B)', 'QwenPRM_min_scores (7.63B)', 'Qwen72B_scores (72B)']","[0.9989192053199994, 0.9954691231546783, 0.9876216196340022, 0.9172928765898241, 0.9742937223322352, 0.9742937223322352, 0.9970294314052949, 0.9970294314052949, 0.9970294314052949, 0.9970294314052949, 0.9746121075710005, 0.9989192053199994, 0.9876216196340022, 0.9876216196340022, 0.900096647421909, 0.900096647421909, 0.9989192053199994, 0.9742937223322352, 0.9970294314052949, 0.9970294314052949, 0.9989192053199994, 0.9954691231546783, 0.9790162469878317, 0.9954691231546783, 0.9172928765898241, 0.9970294314052949, 0.9954691231546783, 0.9876216196340022, 0.5560316043013471, 0.9970294314052949, 0.900096647421909, 0.901240849833744, 0.9742937223322352, 0.9742937223322352, 0.9989192053199994, 0.8421801861820378, 0.901240849833744, 0.9970294314052949, 0.9970294314052949, 0.9970294314052949, 0.9970294314052949, 0.9742937223322352, 0.9970294314052949, 0.9876216196340022, 0.9746121075710005, 0.901240849833744, 0.9970294314052949, 0.9355171906001328, 0.9970294314052949, 0.9970294314052949, 0.9876216196340022, 0.9742937223322352, 0.9742937223322352, 0.9970294314052949, 0.9954691231546783, 0.9612554207591427, 0.9790162469878317, 0.9970294314052949, 0.9970294314052949, 0.9970294314052949, 0.9989192053199994, 0.9989192053199994, 0.9970294314052949, 0.9970294314052949, 0.9970294314052949, 0.9954691231546783, 0.9876216196340022, 0.9970294314052949, 0.9970294314052949, 0.5075092251643009, 0.9790162469878317, 0.9790162469878317, 0.9970294314052949, 0.9970294314052949, 0.9612554207591427, 0.5514279145859875, 0.9172928765898241, 0.9612554207591427, 0.9970294314052949, 0.9989192053199994, 0.9922766226362969, 0.9742937223322352, 0.9954691231546783, 0.9746121075710005, 0.9742937223322352, 0.9876216196340022, 0.9742937223322352, 0.9970294314052949, 0.9970294314052949, 0.9989192053199994, 0.9612554207591427, 0.9970294314052949, 0.9790162469878317, 0.9970294314052949, 0.901240849833744, 0.900096647421909, 0.9742937223322352, 0.9970294314052949, 0.9876216196340022, 0.9970294314052949]",46,train,9
0.99,99,0,0,1,100,11,1,1,1,0,0,0,11,1,1,1,0,0,0,"(array([0.81012475, 0.7525351 , 0.68246686, 0.88080257, 0.51574945,
       0.3871114 ]), array([0.6822992 , 0.74684471, 0.77111858, 0.5461272 , 0.796269  ,
       0.80983418]), array([0.31164515, 0.24907577, 0.22437422, 0.44412735, 0.19819504,
       0.18393336]), array([0.19658837, 0.25480497, 0.32603791, 0.12388014, 0.49256572,
       0.61894602]))","['DeepSeekQwen (32B)', 'GPM (8B)', 'EurusPRMStage2_avg_scores (7.62B)', 'QwenPRM_max_scores (7.63B)', 'QwenPRM_min_scores (7.63B)', 'Qwen72B_scores (72B)']","[0.9682952788358433, 0.9172928765898241, 0.9905094984808263, 0.9970294314052949, 0.5560316043013471, 0.9172928765898241, 0.775219555198201, 0.9790162469878317, 0.9970294314052949, 0.9682952788358433, 0.9876216196340022, 0.9989192053199994, 0.9970294314052949, 0.9876216196340022, 0.9746121075710005, 0.9172928765898241, 0.9746121075710005, 0.9172928765898241, 0.900096647421909, 0.9876216196340022, 0.9682952788358433, 0.900096647421909, 0.9172928765898241, 0.9172928765898241, 0.9876216196340022, 0.9876216196340022, 0.900096647421909, 0.9876216196340022, 0.900096647421909, 0.9876216196340022, 0.9876216196340022, 0.9682952788358433, 0.9876216196340022, 0.9954691231546783, 0.9876216196340022, 0.775219555198201, 0.5560316043013471, 0.9876216196340022, 0.9954691231546783, 0.900096647421909, 0.9989192053199994, 0.9876216196340022, 0.9682952788358433, 0.9612554207591427, 0.9876216196340022, 0.5560316043013471, 0.9876216196340022, 0.9612554207591427, 0.9172928765898241, 0.9172928765898241, 0.9682952788358433, 0.9876216196340022, 0.9876216196340022, 0.9172928765898241, 0.775219555198201, 0.9922766226362969, 0.900096647421909, 0.9989192053199994, 0.9172928765898241, 0.9989192053199994, 0.9954691231546783, 0.9172928765898241, 0.901240849833744, 0.9172928765898241, 0.9970294314052949, 0.9172928765898241, 0.9876216196340022, 0.9876216196340022, 0.9970294314052949, 0.9172928765898241, 0.9954691231546783, 0.9172928765898241, 0.9172928765898241, 0.9172928765898241, 0.9742937223322352, 0.9989192053199994, 0.9172928765898241, 0.9682952788358433, 0.9970294314052949, 0.900096647421909, 0.9742937223322352, 0.5560316043013471, 0.9876216196340022, 0.4996548886195624, 0.9954691231546783, 0.5514279145859875, 0.5591865413169167, 0.9876216196340022, 0.9172928765898241, 0.9790162469878317, 0.9172928765898241, 0.9790162469878317, 0.9172928765898241, 0.9954691231546783, 0.5591865413169167, 0.9682952788358433, 0.9876216196340022, 0.9970294314052949, 0.9989192053199994, 0.5560316043013471]",47,train,9
0.99,99,0,0,1,100,0,1,1,1,0,0,0,0,1,1,1,0,0,0,"(array([0.81012475, 0.7525351 , 0.68246686, 0.88080257, 0.51574945,
       0.3871114 ]), array([0.6822992 , 0.74684471, 0.77111858, 0.5461272 , 0.796269  ,
       0.80983418]), array([0.31164515, 0.24907577, 0.22437422, 0.44412735, 0.19819504,
       0.18393336]), array([0.19658837, 0.25480497, 0.32603791, 0.12388014, 0.49256572,
       0.61894602]))","['DeepSeekQwen (32B)', 'GPM (8B)', 'EurusPRMStage2_avg_scores (7.62B)', 'QwenPRM_max_scores (7.63B)', 'QwenPRM_min_scores (7.63B)', 'Qwen72B_scores (72B)']","[0.9989192053199994, 0.9970294314052949, 0.9954691231546783, 0.9989192053199994, 0.9989192053199994, 0.9989192053199994, 0.9172928765898241, 0.9876216196340022, 0.9876216196340022, 0.9954691231546783, 0.9970294314052949, 0.9682952788358433, 0.9989192053199994, 0.9172928765898241, 0.9989192053199994, 0.9905094984808263, 0.8421801861820378, 0.9989192053199994, 0.9172928765898241, 0.9970294314052949, 0.9970294314052949, 0.9970294314052949, 0.775219555198201, 0.9682952788358433, 0.8125580030349415, 0.9905094984808263, 0.9876216196340022, 0.9876216196340022, 0.9954691231546783, 0.9172928765898241, 0.8379590865148034, 0.9989192053199994, 0.9989192053199994, 0.8125580030349415, 0.9970294314052949, 0.9905094984808263, 0.9954691231546783, 0.9905094984808263, 0.9970294314052949, 0.9989192053199994, 0.9876216196340022, 0.9742937223322352, 0.9954691231546783, 0.9970294314052949, 0.9970294314052949, 0.9172928765898241, 0.9876216196340022, 0.900096647421909, 0.9742937223322352, 0.5560316043013471, 0.9989192053199994, 0.9742937223322352, 0.9876216196340022, 0.9905094984808263, 0.9876216196340022, 0.9876216196340022, 0.9989192053199994, 0.9989192053199994, 0.9970294314052949, 0.9790162469878317, 0.9989192053199994, 0.900096647421909, 0.9970294314052949, 0.9954691231546783, 0.9970294314052949, 0.9876216196340022, 0.9172928765898241, 0.9612554207591427, 0.9989192053199994, 0.9742937223322352, 0.9790162469878317, 0.9876216196340022, 0.9682952788358433, 0.9970294314052949, 0.9989192053199994, 0.9612554207591427, 0.9989192053199994, 0.9876216196340022, 0.9970294314052949, 0.9989192053199994, 0.9682952788358433, 0.9989192053199994, 0.9790162469878317, 0.900096647421909, 0.9954691231546783, 0.9876216196340022, 0.9172928765898241, 0.9172928765898241, 0.12327043163876843, 0.9172928765898241, 0.9172928765898241, 0.9989192053199994, 0.9922766226362969, 0.9172928765898241, 0.9612554207591427, 0.8404728400261116, 0.9922766226362969, 0.900096647421909, 0.9172928765898241, 0.900096647421909]",48,train,9
0.54,1,53,46,0,100,92,0,1,0,0,0,1,92,1,0,0,0,1,0,"(array([0.81012475, 0.7525351 , 0.68246686, 0.88080257, 0.51574945,
       0.3871114 ]), array([0.6822992 , 0.74684471, 0.77111858, 0.5461272 , 0.796269  ,
       0.80983418]), array([0.31164515, 0.24907577, 0.22437422, 0.44412735, 0.19819504,
       0.18393336]), array([0.19658837, 0.25480497, 0.32603791, 0.12388014, 0.49256572,
       0.61894602]))","['DeepSeekQwen (32B)', 'GPM (8B)', 'EurusPRMStage2_avg_scores (7.62B)', 'QwenPRM_max_scores (7.63B)', 'QwenPRM_min_scores (7.63B)', 'Qwen72B_scores (72B)']","[0.5560316043013471, 0.9742937223322352, 0.06260916494432782, 0.5560316043013471, 0.3686695051540776, 0.3686695051540776, 0.12189484683226222, 0.3686695051540776, 0.3686695051540776, 0.4996548886195624, 0.3686695051540776, 0.4996548886195624, 0.900096647421909, 0.4996548886195624, 0.12189484683226222, 0.3686695051540776, 0.12189484683226222, 0.12189484683226222, 0.12189484683226222, 0.5560316043013471, 0.12529804086123175, 0.5560316043013471, 0.5560316043013471, 0.12189484683226222, 0.12189484683226222, 0.4996548886195624, 0.8404728400261116, 0.5560316043013471, 0.3686695051540776, 0.12189484683226222, 0.8404728400261116, 0.8077255019222699, 0.8404728400261116, 0.8379590865148034, 0.12189484683226222, 0.12189484683226222, 0.5514279145859875, 0.7719565585357397, 0.37601218496293903, 0.06260916494432782, 0.12189484683226222, 0.5560316043013471, 0.5591865413169167, 0.900096647421909, 0.9172928765898241, 0.8379590865148034, 0.12189484683226222, 0.3686695051540776, 0.3686695051540776, 0.9172928765898241, 0.5560316043013471, 0.9790162469878317, 0.37601218496293903, 0.12189484683226222, 0.3686695051540776, 0.9790162469878317, 0.5560316043013471, 0.5560316043013471, 0.5560316043013471, 0.9790162469878317, 0.3686695051540776, 0.3686695051540776, 0.5514279145859875, 0.12189484683226222, 0.5514279145859875, 0.8404728400261116, 0.8404728400261116, 0.9742937223322352, 0.3686695051540776, 0.3686695051540776, 0.3686695051540776, 0.3686695051540776, 0.5514279145859875, 0.06260916494432782, 0.8421801861820378, 0.3686695051540776, 0.3686695051540776, 0.8077255019222699, 0.12189484683226222, 0.5514279145859875, 0.8404728400261116, 0.8379590865148034, 0.5514279145859875, 0.4996548886195624, 0.12189484683226222, 0.8404728400261116, 0.3686695051540776, 0.12189484683226222, 0.5560316043013471, 0.32454518491454715, 0.3686695051540776, 0.5514279145859875, 0.9876216196340022, 0.3686695051540776, 0.3686695051540776, 0.8404728400261116, 0.12189484683226222, 0.8404728400261116, 0.5514279145859875, 0.12189484683226222]",49,train,0
