sample_accuracy,sample_tp,sample_tn,sample_fp,sample_fn,num_samples,top1_idx,top1_positive,has_positive,top1_tp,top1_fp,top1_tn,top1_fn,prediction_idx,prediction_class,prediction_accuracy,prediction_tp,prediction_tn,prediction_fp,prediction_fn,model_params,verifier_subset,weaver_sample_scores,problem,set,difficulty
0.96,96,0,0,4,100,12,1,1,1,0,0,0,12,1,1,1,0,0,0,"(array([0.86250246, 0.78085184, 0.69724172, 0.94542587, 0.32659504,
       0.48624492, 0.90876317, 0.910698  , 0.61244988, 0.21727483]), array([0.67826307, 0.73855346, 0.77326161, 0.53127474, 0.82572609,
       0.80793017, 0.6134519 , 0.59394127, 0.77504885, 0.8386333 ]), array([0.31571436, 0.25743738, 0.22245136, 0.45927277, 0.16916843,
       0.1872572 , 0.37892371, 0.39811161, 0.22060704, 0.1560691 ]), array([0.14887522, 0.23040532, 0.31480333, 0.06475082, 0.68351108,
       0.52542078, 0.10225146, 0.1000797 , 0.39955246, 0.79115874]))","['DeepSeekQwen (32B)', 'GPM (8B)', 'EurusPRMStage2_avg_scores (7.62B)', 'QwenPRM_max_scores (7.63B)', 'Qwen72B_scores (72B)', 'QwenPRM_min_scores (7.63B)', 'DeepSeekLlama (70B)', 'SkyT1 (32B)', 'EurusPRMStage1_min_scores (7.62B)', 'ArmorRM (8B)']","[0.9726242872421345, 0.9994390729814316, 0.9877226736735475, 0.9726242872421345, 0.9997340472207149, 0.9993216032745891, 0.9726242872421345, 0.998434965418073, 0.9726242872421345, 0.7851406444557829, 0.7846654212659759, 0.9812839562002961, 0.9999271074839702, 0.998434965418073, 0.9940038109714866, 0.9948006391603835, 0.9948006391603835, 0.998434965418073, 0.9934429591940422, 0.9656756247266859, 0.17787010929705244, 0.998434965418073, 0.9300586298256838, 0.9934429591940422, 0.9948006391603835, 0.9849885779821612, 0.9726242872421345, 0.9726242872421345, 0.9948006391603835, 0.869296602505492, 0.9990852460386753, 0.14457386560958146, 0.9726242872421345, 0.9726242872421345, 0.9726242872421345, 0.6814385910863756, 0.7235318982677899, 0.0015007980155310895, 0.9656756247266859, 0.996357495631477, 0.9948006391603835, 0.9911765333611184, 0.996357495631477, 0.9812839562002961, 0.7405664685586955, 0.9656756247266859, 0.6777864169642576, 0.6777864169642576, 0.9934429591940422, 0.9764801884306815, 0.7405664685586955, 0.996357495631477, 0.9964707899680065, 0.996357495631477, 0.9714527280049431, 0.9667113462563549, 0.9726242872421345, 0.996357495631477, 0.9516414005896213, 0.17787010929705244, 0.996357495631477, 0.9993216032745891, 0.9726242872421345, 0.7851406444557829, 0.9726242872421345, 0.9911765333611184, 0.988075783612557, 0.7405664685586955, 0.9847711286230684, 0.9961976419157365, 0.9358592256170994, 0.7851406444557829, 0.996357495631477, 0.7563472808998581, 0.996357495631477, 0.9948006391603835, 0.9983496939047539, 0.988075783612557, 0.996357495631477, 0.7235318982677899, 0.9726242872421345, 0.9993216032745891, 0.9986927379328185, 0.9726242872421345, 0.7235318982677899, 0.9983496939047539, 0.998434965418073, 0.9989389346645287, 0.999709014503669, 0.9726242872421345, 0.9726242872421345, 0.998434965418073, 0.9964707899680065, 0.9726242872421345, 0.6777864169642576, 0.9726242872421345, 0.9983496939047539, 0.9726242872421345, 0.8435678976235704, 0.9990852460386753]",0,train,9
0.99,99,0,0,1,100,88,1,1,1,0,0,0,88,1,1,1,0,0,0,"(array([0.86250246, 0.78085184, 0.69724172, 0.94542587, 0.32659504,
       0.48624492, 0.90876317, 0.910698  , 0.61244988, 0.21727483]), array([0.67826307, 0.73855346, 0.77326161, 0.53127474, 0.82572609,
       0.80793017, 0.6134519 , 0.59394127, 0.77504885, 0.8386333 ]), array([0.31571436, 0.25743738, 0.22245136, 0.45927277, 0.16916843,
       0.1872572 , 0.37892371, 0.39811161, 0.22060704, 0.1560691 ]), array([0.14887522, 0.23040532, 0.31480333, 0.06475082, 0.68351108,
       0.52542078, 0.10225146, 0.1000797 , 0.39955246, 0.79115874]))","['DeepSeekQwen (32B)', 'GPM (8B)', 'EurusPRMStage2_avg_scores (7.62B)', 'QwenPRM_max_scores (7.63B)', 'Qwen72B_scores (72B)', 'QwenPRM_min_scores (7.63B)', 'DeepSeekLlama (70B)', 'SkyT1 (32B)', 'EurusPRMStage1_min_scores (7.62B)', 'ArmorRM (8B)']","[0.9983496939047539, 0.9993216032745891, 0.9516414005896213, 0.9993216032745891, 0.9990852460386753, 0.9984837416764633, 0.996986676130501, 0.9993216032745891, 0.9998300107336524, 0.9999271074839702, 0.8949870567027767, 0.9961976419157365, 0.9911765333611184, 0.988075783612557, 0.9998300107336524, 0.9998300107336524, 0.9786764844299467, 0.9998848021621576, 0.9911765333611184, 0.9952459184834709, 0.9990852460386753, 0.9986927379328185, 0.9964707899680065, 0.999709014503669, 0.9930001856889975, 0.9516414005896213, 0.9977640554692124, 0.9998848021621576, 0.9998300107336524, 0.9998848021621576, 0.9911765333611184, 0.9930001856889975, 0.9993799432896527, 0.9993216032745891, 0.9948006391603835, 0.9911765333611184, 0.9940038109714866, 0.9726242872421345, 0.9998300107336524, 0.9998300107336524, 0.996357495631477, 0.9990852460386753, 0.9993216032745891, 0.9996075805163429, 0.9990852460386753, 0.9993799432896527, 0.9983496939047539, 0.9990852460386753, 0.997136609034494, 0.9995401906929626, 0.8949870567027767, 0.9988810913379145, 0.2654506104855918, 0.9983496939047539, 0.9977640554692124, 0.9993216032745891, 0.9998300107336524, 0.9998300107336524, 0.9996075805163429, 0.9990852460386753, 0.996357495631477, 0.9911765333611184, 0.9990852460386753, 0.9911765333611184, 0.9726242872421345, 0.9990852460386753, 0.9911765333611184, 0.9986927379328185, 0.9983496939047539, 0.9990852460386753, 0.9990852460386753, 0.9998300107336524, 0.9337463451518772, 0.9964707899680065, 0.9983496939047539, 0.9998300107336524, 0.996357495631477, 0.9993216032745891, 0.9998300107336524, 0.9993216032745891, 0.9998300107336524, 0.9993216032745891, 0.9993799432896527, 0.9990852460386753, 0.9998300107336524, 0.9930001856889975, 0.9983496939047539, 0.9983496939047539, 0.9999506039552563, 0.9389219539528713, 0.5917614130547542, 0.9998300107336524, 0.8653066408002884, 0.9983496939047539, 0.9726242872421345, 0.9998848021621576, 0.996357495631477, 0.9986927379328185, 0.9986927379328185, 0.9990852460386753]",1,train,9
0.99,99,0,0,1,100,2,1,1,1,0,0,0,2,1,1,1,0,0,0,"(array([0.86250246, 0.78085184, 0.69724172, 0.94542587, 0.32659504,
       0.48624492, 0.90876317, 0.910698  , 0.61244988, 0.21727483]), array([0.67826307, 0.73855346, 0.77326161, 0.53127474, 0.82572609,
       0.80793017, 0.6134519 , 0.59394127, 0.77504885, 0.8386333 ]), array([0.31571436, 0.25743738, 0.22245136, 0.45927277, 0.16916843,
       0.1872572 , 0.37892371, 0.39811161, 0.22060704, 0.1560691 ]), array([0.14887522, 0.23040532, 0.31480333, 0.06475082, 0.68351108,
       0.52542078, 0.10225146, 0.1000797 , 0.39955246, 0.79115874]))","['DeepSeekQwen (32B)', 'GPM (8B)', 'EurusPRMStage2_avg_scores (7.62B)', 'QwenPRM_max_scores (7.63B)', 'Qwen72B_scores (72B)', 'QwenPRM_min_scores (7.63B)', 'DeepSeekLlama (70B)', 'SkyT1 (32B)', 'EurusPRMStage1_min_scores (7.62B)', 'ArmorRM (8B)']","[0.9656756247266859, 0.8435678976235704, 0.999709014503669, 0.9849885779821612, 0.9908680960508583, 0.9993216032745891, 0.999709014503669, 0.9934429591940422, 0.9993216032745891, 0.9993216032745891, 0.5310319158663896, 0.998434965418073, 0.7851406444557829, 0.992290134045549, 0.9993216032745891, 0.999709014503669, 0.9937935864759192, 0.5310319158663896, 0.9934429591940422, 0.9993216032745891, 0.9993216032745891, 0.9630019850842233, 0.999709014503669, 0.9930001856889975, 0.9993216032745891, 0.999709014503669, 0.999709014503669, 0.8970972984984106, 0.9993216032745891, 0.9886640514048068, 0.9993216032745891, 0.9977640554692124, 0.7235318982677899, 0.9993216032745891, 0.9993216032745891, 0.998434965418073, 0.999709014503669, 0.9971780006672345, 0.9948006391603835, 0.9971780006672345, 0.999709014503669, 0.9977640554692124, 0.9726242872421345, 0.9656756247266859, 0.998434965418073, 0.9993216032745891, 0.9993216032745891, 0.9948006391603835, 0.9934429591940422, 0.999709014503669, 0.998434965418073, 0.9977640554692124, 0.999709014503669, 0.9948006391603835, 0.999709014503669, 0.996357495631477, 0.996357495631477, 0.6765068055123712, 0.999709014503669, 0.996357495631477, 0.9726242872421345, 0.9993216032745891, 0.996357495631477, 0.9993216032745891, 0.9977640554692124, 0.999709014503669, 0.9934429591940422, 0.9993216032745891, 0.9726242872421345, 0.9960640278793439, 0.999709014503669, 0.9726242872421345, 0.17373597580252967, 0.999709014503669, 0.9132691425106664, 0.9971780006672345, 0.69553904054299, 0.7235318982677899, 0.9993216032745891, 0.999709014503669, 0.9934429591940422, 0.996357495631477, 0.9993216032745891, 0.9993216032745891, 0.9948006391603835, 0.999709014503669, 0.9948006391603835, 0.988075783612557, 0.693289946015125, 0.8997015800837894, 0.9337463451518772, 0.9791634236537679, 0.999709014503669, 0.8285699861079052, 0.999709014503669, 0.999709014503669, 0.9934429591940422, 0.9977640554692124, 0.9656756247266859, 0.998434965418073]",2,train,9
1.0,100,0,0,0,100,65,1,1,1,0,0,0,65,1,1,1,0,0,0,"(array([0.86250246, 0.78085184, 0.69724172, 0.94542587, 0.32659504,
       0.48624492, 0.90876317, 0.910698  , 0.61244988, 0.21727483]), array([0.67826307, 0.73855346, 0.77326161, 0.53127474, 0.82572609,
       0.80793017, 0.6134519 , 0.59394127, 0.77504885, 0.8386333 ]), array([0.31571436, 0.25743738, 0.22245136, 0.45927277, 0.16916843,
       0.1872572 , 0.37892371, 0.39811161, 0.22060704, 0.1560691 ]), array([0.14887522, 0.23040532, 0.31480333, 0.06475082, 0.68351108,
       0.52542078, 0.10225146, 0.1000797 , 0.39955246, 0.79115874]))","['DeepSeekQwen (32B)', 'GPM (8B)', 'EurusPRMStage2_avg_scores (7.62B)', 'QwenPRM_max_scores (7.63B)', 'Qwen72B_scores (72B)', 'QwenPRM_min_scores (7.63B)', 'DeepSeekLlama (70B)', 'SkyT1 (32B)', 'EurusPRMStage1_min_scores (7.62B)', 'ArmorRM (8B)']","[0.9990852460386753, 0.9990852460386753, 0.9990852460386753, 0.9993216032745891, 0.9983496939047539, 0.9911765333611184, 0.9983496939047539, 0.9990852460386753, 0.9990852460386753, 0.9998300107336524, 0.9990852460386753, 0.9911765333611184, 0.9998300107336524, 0.9998300107336524, 0.9998300107336524, 0.9911765333611184, 0.9930001856889975, 0.9990852460386753, 0.9911765333611184, 0.9847711286230684, 0.9998300107336524, 0.9847711286230684, 0.9998300107336524, 0.9993799432896527, 0.9998300107336524, 0.9911765333611184, 0.9812839562002961, 0.9990852460386753, 0.9990852460386753, 0.9911765333611184, 0.9911765333611184, 0.9998300107336524, 0.9983496939047539, 0.9990852460386753, 0.9983496939047539, 0.9911765333611184, 0.9998300107336524, 0.9990852460386753, 0.9983496939047539, 0.9911765333611184, 0.9990852460386753, 0.9911765333611184, 0.9948006391603835, 0.9983496939047539, 0.9983496939047539, 0.9983496939047539, 0.9998300107336524, 0.9990852460386753, 0.9996075805163429, 0.9998300107336524, 0.9998300107336524, 0.9990852460386753, 0.9983496939047539, 0.9998300107336524, 0.9990852460386753, 0.9998300107336524, 0.9998300107336524, 0.9990852460386753, 0.9998300107336524, 0.9990852460386753, 0.9911765333611184, 0.9990852460386753, 0.9990852460386753, 0.9998300107336524, 0.9998300107336524, 0.9998848021621576, 0.9998300107336524, 0.9990852460386753, 0.9990852460386753, 0.9911765333611184, 0.9998300107336524, 0.9990852460386753, 0.9998300107336524, 0.9911765333611184, 0.9998300107336524, 0.9990852460386753, 0.9990852460386753, 0.9998300107336524, 0.9998300107336524, 0.9940038109714866, 0.9990852460386753, 0.9998300107336524, 0.9998300107336524, 0.9983496939047539, 0.9998300107336524, 0.9983496939047539, 0.8997015800837894, 0.9990852460386753, 0.9990852460386753, 0.9983496939047539, 0.9993216032745891, 0.9990852460386753, 0.9726242872421345, 0.9930001856889975, 0.9986927379328185, 0.9998300107336524, 0.8936067034627224, 0.9986927379328185, 0.9728385321513016, 0.9990852460386753]",3,train,9
0.88,41,47,6,6,100,17,1,1,1,0,0,0,22,0,1,0,1,0,0,"(array([0.86250246, 0.78085184, 0.69724172, 0.94542587, 0.32659504,
       0.48624492, 0.90876317, 0.910698  , 0.61244988, 0.21727483]), array([0.67826307, 0.73855346, 0.77326161, 0.53127474, 0.82572609,
       0.80793017, 0.6134519 , 0.59394127, 0.77504885, 0.8386333 ]), array([0.31571436, 0.25743738, 0.22245136, 0.45927277, 0.16916843,
       0.1872572 , 0.37892371, 0.39811161, 0.22060704, 0.1560691 ]), array([0.14887522, 0.23040532, 0.31480333, 0.06475082, 0.68351108,
       0.52542078, 0.10225146, 0.1000797 , 0.39955246, 0.79115874]))","['DeepSeekQwen (32B)', 'GPM (8B)', 'EurusPRMStage2_avg_scores (7.62B)', 'QwenPRM_max_scores (7.63B)', 'Qwen72B_scores (72B)', 'QwenPRM_min_scores (7.63B)', 'DeepSeekLlama (70B)', 'SkyT1 (32B)', 'EurusPRMStage1_min_scores (7.62B)', 'ArmorRM (8B)']","[0.021168608907542897, 0.9993216032745891, 0.956478693239877, 0.22696165519382763, 0.9990852460386753, 0.9726242872421345, 0.13415908791784262, 0.0008644795997324827, 0.13415908791784262, 0.014403242543684521, 0.06282972834290039, 0.7117554840434658, 0.012296089885300189, 0.014403242543684521, 0.9934429591940422, 0.6777864169642576, 0.0007067148688739876, 0.9998300107336524, 0.996357495631477, 0.014403242543684521, 0.9656756247266859, 0.014403242543684521, 8.898262645476882e-05, 0.014403242543684521, 0.014403242543684521, 0.014403242543684521, 0.996357495631477, 0.014403242543684521, 8.898262645476882e-05, 0.019997185279398106, 0.9934429591940422, 0.8660204108145425, 0.991621502577884, 0.3275102520809115, 0.9993216032745891, 0.9993216032745891, 0.9656756247266859, 0.014403242543684521, 0.014403242543684521, 0.0008644795997324827, 0.7235318982677899, 0.996357495631477, 0.9911765333611184, 0.004637862713186065, 0.9877226736735475, 0.014403242543684521, 0.01160982814885782, 0.996357495631477, 0.9986927379328185, 0.9726242872421345, 0.008029338631166952, 0.014403242543684521, 0.3772972555948376, 0.014403242543684521, 0.996357495631477, 0.014403242543684521, 0.07295705319831121, 0.9656756247266859, 0.6777864169642576, 0.17373597580252967, 0.0008644795997324827, 0.7405664685586955, 0.014403242543684521, 0.996357495631477, 0.996357495631477, 0.9886640514048068, 0.01803993844420496, 0.9934429591940422, 0.5165348492151942, 0.014403242543684521, 0.0008644795997324827, 0.0015007980155310895, 0.0008644795997324827, 0.7405664685586955, 0.996357495631477, 0.9726242872421345, 0.996357495631477, 0.5310319158663896, 0.10113278871500905, 0.5165348492151942, 0.996357495631477, 0.16554973430392617, 0.07295705319831121, 0.9998300107336524, 8.898262645476882e-05, 0.014403242543684521, 0.5165348492151942, 0.9993216032745891, 0.16554973430392617, 0.014403242543684521, 0.0008644795997324827, 0.07295705319831121, 0.9527158794794369, 0.21208330066457715, 0.9516414005896213, 0.9993216032745891, 0.6248646523289008, 0.008029338631166952, 8.898262645476882e-05, 0.014403242543684521]",4,train,4
0.87,84,3,13,0,100,59,1,1,1,0,0,0,59,1,1,1,0,0,0,"(array([0.86250246, 0.78085184, 0.69724172, 0.94542587, 0.32659504,
       0.48624492, 0.90876317, 0.910698  , 0.61244988, 0.21727483]), array([0.67826307, 0.73855346, 0.77326161, 0.53127474, 0.82572609,
       0.80793017, 0.6134519 , 0.59394127, 0.77504885, 0.8386333 ]), array([0.31571436, 0.25743738, 0.22245136, 0.45927277, 0.16916843,
       0.1872572 , 0.37892371, 0.39811161, 0.22060704, 0.1560691 ]), array([0.14887522, 0.23040532, 0.31480333, 0.06475082, 0.68351108,
       0.52542078, 0.10225146, 0.1000797 , 0.39955246, 0.79115874]))","['DeepSeekQwen (32B)', 'GPM (8B)', 'EurusPRMStage2_avg_scores (7.62B)', 'QwenPRM_max_scores (7.63B)', 'Qwen72B_scores (72B)', 'QwenPRM_min_scores (7.63B)', 'DeepSeekLlama (70B)', 'SkyT1 (32B)', 'EurusPRMStage1_min_scores (7.62B)', 'ArmorRM (8B)']","[0.9998300107336524, 0.996986676130501, 0.997136609034494, 0.9993216032745891, 0.988075783612557, 0.9996198246755843, 0.9983496939047539, 0.9993216032745891, 0.9918884943511236, 0.9726242872421345, 0.988075783612557, 0.9635305415690083, 0.9998300107336524, 0.988075783612557, 0.9998300107336524, 0.9389219539528713, 0.9948006391603835, 0.988075783612557, 0.8592283464383342, 0.852050113109663, 0.9992917389164475, 0.9635305415690083, 0.9839692430740071, 0.8306813779150628, 0.9635305415690083, 0.9977640554692124, 0.988075783612557, 0.9977640554692124, 0.7405664685586955, 0.9977640554692124, 0.988075783612557, 0.8632586324950177, 0.9995401906929626, 0.30229174397467284, 0.8004015139166242, 0.988075783612557, 0.9726242872421345, 0.9948006391603835, 0.9977640554692124, 0.9656756247266859, 0.9983496939047539, 0.9726242872421345, 0.988075783612557, 0.9948006391603835, 0.9516414005896213, 0.9998300107336524, 0.996357495631477, 0.9389219539528713, 0.9998300107336524, 0.9940038109714866, 0.9948006391603835, 0.8632586324950177, 0.9988810913379145, 0.9990852460386753, 0.9990852460386753, 0.9726242872421345, 0.8632586324950177, 0.9948006391603835, 0.9998300107336524, 0.9999271074839702, 0.9998300107336524, 0.9948006391603835, 0.9977640554692124, 0.9934429591940422, 0.9030657227605164, 0.9977640554692124, 0.9728651420889961, 0.9977640554692124, 0.22696165519382763, 0.9998300107336524, 0.988075783612557, 0.9977640554692124, 0.9998300107336524, 0.988075783612557, 0.988075783612557, 0.9998300107336524, 0.7851406444557829, 0.9726242872421345, 0.9998848021621576, 0.9998300107336524, 0.612567485242435, 0.9726242872421345, 0.9977640554692124, 0.9993799432896527, 0.7851406444557829, 0.9783696085525636, 0.9977640554692124, 0.08559813830976264, 0.9948006391603835, 0.988075783612557, 0.9998848021621576, 0.9977640554692124, 0.9952459184834709, 0.9948006391603835, 0.9948006391603835, 0.9874331922061624, 0.9240864517381324, 0.9726242872421345, 0.8949870567027767, 0.988075783612557]",5,train,8
0.7,28,42,30,0,100,7,1,1,1,0,0,0,7,1,1,1,0,0,0,"(array([0.86250246, 0.78085184, 0.69724172, 0.94542587, 0.32659504,
       0.48624492, 0.90876317, 0.910698  , 0.61244988, 0.21727483]), array([0.67826307, 0.73855346, 0.77326161, 0.53127474, 0.82572609,
       0.80793017, 0.6134519 , 0.59394127, 0.77504885, 0.8386333 ]), array([0.31571436, 0.25743738, 0.22245136, 0.45927277, 0.16916843,
       0.1872572 , 0.37892371, 0.39811161, 0.22060704, 0.1560691 ]), array([0.14887522, 0.23040532, 0.31480333, 0.06475082, 0.68351108,
       0.52542078, 0.10225146, 0.1000797 , 0.39955246, 0.79115874]))","['DeepSeekQwen (32B)', 'GPM (8B)', 'EurusPRMStage2_avg_scores (7.62B)', 'QwenPRM_max_scores (7.63B)', 'Qwen72B_scores (72B)', 'QwenPRM_min_scores (7.63B)', 'DeepSeekLlama (70B)', 'SkyT1 (32B)', 'EurusPRMStage1_min_scores (7.62B)', 'ArmorRM (8B)']","[0.139534721678379, 0.6043423529261662, 0.7405664685586955, 0.16554973430392617, 0.014403242543684521, 0.16554973430392617, 0.16554973430392617, 0.9999271074839702, 0.05949299459372461, 0.9999271074839702, 0.9998300107336524, 0.7405664685586955, 0.08293413822502135, 0.16554973430392617, 0.1275497937189713, 0.988075783612557, 0.16554973430392617, 0.5165348492151942, 0.9726242872421345, 0.021168608907542897, 0.9992917389164475, 0.14457386560958146, 0.994307018935574, 0.9948006391603835, 0.9300586298256838, 0.9945728339272234, 0.9995401906929626, 0.2264681780248241, 0.9996075805163429, 0.9996075805163429, 0.16554973430392617, 0.999709014503669, 0.9687636060067397, 0.8081531179285536, 0.9999271074839702, 0.16554973430392617, 0.14457386560958146, 0.22696165519382763, 0.9934245979696783, 0.988075783612557, 0.16554973430392617, 0.9389219539528713, 0.9726242872421345, 0.17373597580252967, 0.9812839562002961, 0.019997185279398106, 0.16554973430392617, 0.01065418440625383, 0.9798006704204013, 0.9994390729814316, 0.9577797946406655, 0.9188842189987957, 0.16554973430392617, 0.7405664685586955, 0.999709014503669, 0.7117554840434658, 0.16554973430392617, 0.999709014503669, 0.1538957488112676, 0.999709014503669, 0.01803993844420496, 0.019997185279398106, 0.17787010929705244, 0.7405664685586955, 0.17373597580252967, 0.9726242872421345, 0.021168608907542897, 0.9300586298256838, 0.9996075805163429, 0.9999271074839702, 0.5310319158663896, 0.16554973430392617, 0.8081531179285536, 0.017038634707040663, 0.16554973430392617, 0.7405664685586955, 0.16554973430392617, 0.9998300107336524, 0.16554973430392617, 0.5165348492151942, 0.9418440007124854, 0.999709014503669, 0.7405664685586955, 0.16554973430392617, 0.9659754761084428, 0.9990852460386753, 0.9999271074839702, 0.9389219539528713, 0.14457386560958146, 0.014403242543684521, 0.9389219539528713, 0.47648132254062114, 0.16554973430392617, 0.22696165519382763, 0.9961976419157365, 0.7405664685586955, 0.9978883641443028, 0.7117554840434658, 0.7405664685586955, 0.014403242543684521]",6,train,2
0.98,98,0,0,2,100,1,1,1,1,0,0,0,1,1,1,1,0,0,0,"(array([0.86250246, 0.78085184, 0.69724172, 0.94542587, 0.32659504,
       0.48624492, 0.90876317, 0.910698  , 0.61244988, 0.21727483]), array([0.67826307, 0.73855346, 0.77326161, 0.53127474, 0.82572609,
       0.80793017, 0.6134519 , 0.59394127, 0.77504885, 0.8386333 ]), array([0.31571436, 0.25743738, 0.22245136, 0.45927277, 0.16916843,
       0.1872572 , 0.37892371, 0.39811161, 0.22060704, 0.1560691 ]), array([0.14887522, 0.23040532, 0.31480333, 0.06475082, 0.68351108,
       0.52542078, 0.10225146, 0.1000797 , 0.39955246, 0.79115874]))","['DeepSeekQwen (32B)', 'GPM (8B)', 'EurusPRMStage2_avg_scores (7.62B)', 'QwenPRM_max_scores (7.63B)', 'Qwen72B_scores (72B)', 'QwenPRM_min_scores (7.63B)', 'DeepSeekLlama (70B)', 'SkyT1 (32B)', 'EurusPRMStage1_min_scores (7.62B)', 'ArmorRM (8B)']","[0.9993216032745891, 0.9999271074839702, 0.999709014503669, 0.9998300107336524, 0.9996075805163429, 0.9999271074839702, 0.9996075805163429, 0.9971780006672345, 0.9966796564963097, 0.9951078636746474, 0.9986927379328185, 0.9993216032745891, 0.999709014503669, 0.9999271074839702, 0.9955472750658987, 0.999709014503669, 0.9924382804581999, 0.9945728339272234, 0.9999271074839702, 0.998434965418073, 0.999709014503669, 0.9960640278793439, 0.9999271074839702, 0.9999271074839702, 0.9986927379328185, 0.33536948439133435, 0.998434965418073, 0.9945728339272234, 0.9999271074839702, 0.9996075805163429, 0.9999271074839702, 0.9990935111317639, 0.9992917389164475, 0.9999271074839702, 0.9886640514048068, 0.9993216032745891, 0.9999271074839702, 0.999709014503669, 0.999709014503669, 0.999709014503669, 0.9374343071167429, 0.9999271074839702, 0.9514304412564364, 0.9971780006672345, 0.9999271074839702, 0.9961976419157365, 0.9990852460386753, 0.996986676130501, 0.999709014503669, 0.9977640554692124, 0.9999271074839702, 0.9996075805163429, 0.9999271074839702, 0.9998300107336524, 0.9961976419157365, 0.9911765333611184, 0.9999271074839702, 0.9543819123063043, 0.9951078636746474, 0.999709014503669, 0.9999271074839702, 0.9996075805163429, 0.9992917389164475, 0.999709014503669, 0.9999271074839702, 0.9996075805163429, 0.997136609034494, 0.999709014503669, 0.9992917389164475, 0.9849885779821612, 0.9983496939047539, 0.9999271074839702, 0.9881705743884008, 0.998434965418073, 0.9999271074839702, 0.9961976419157365, 0.9992917389164475, 0.999709014503669, 0.9996075805163429, 0.9993216032745891, 0.9992917389164475, 0.9999271074839702, 0.9961976419157365, 0.9992917389164475, 0.9999271074839702, 0.9961976419157365, 0.9996075805163429, 0.9999271074839702, 0.33536948439133435, 0.9998300107336524, 0.9999271074839702, 0.996986676130501, 0.9992917389164475, 0.9999271074839702, 0.9994390729814316, 0.9992917389164475, 0.9946987338448051, 0.9948006391603835, 0.9874331922061624, 0.9999271074839702]",7,train,9
1.0,100,0,0,0,100,42,1,1,1,0,0,0,42,1,1,1,0,0,0,"(array([0.86250246, 0.78085184, 0.69724172, 0.94542587, 0.32659504,
       0.48624492, 0.90876317, 0.910698  , 0.61244988, 0.21727483]), array([0.67826307, 0.73855346, 0.77326161, 0.53127474, 0.82572609,
       0.80793017, 0.6134519 , 0.59394127, 0.77504885, 0.8386333 ]), array([0.31571436, 0.25743738, 0.22245136, 0.45927277, 0.16916843,
       0.1872572 , 0.37892371, 0.39811161, 0.22060704, 0.1560691 ]), array([0.14887522, 0.23040532, 0.31480333, 0.06475082, 0.68351108,
       0.52542078, 0.10225146, 0.1000797 , 0.39955246, 0.79115874]))","['DeepSeekQwen (32B)', 'GPM (8B)', 'EurusPRMStage2_avg_scores (7.62B)', 'QwenPRM_max_scores (7.63B)', 'Qwen72B_scores (72B)', 'QwenPRM_min_scores (7.63B)', 'DeepSeekLlama (70B)', 'SkyT1 (32B)', 'EurusPRMStage1_min_scores (7.62B)', 'ArmorRM (8B)']","[0.9990852460386753, 0.9948006391603835, 0.9998848021621576, 0.9986927379328185, 0.9998300107336524, 0.9993216032745891, 0.9977640554692124, 0.9990852460386753, 0.999709014503669, 0.9961976419157365, 0.998434965418073, 0.9996075805163429, 0.9726242872421345, 0.9977640554692124, 0.9881705743884008, 0.998434965418073, 0.996357495631477, 0.9996075805163429, 0.9977640554692124, 0.9908680960508583, 0.9948006391603835, 0.9961976419157365, 0.999709014503669, 0.9914495904352215, 0.9977640554692124, 0.9998300107336524, 0.7851406444557829, 0.988075783612557, 0.9911765333611184, 0.999709014503669, 0.9996075805163429, 0.9993216032745891, 0.988075783612557, 0.9993216032745891, 0.9630019850842233, 0.9996075805163429, 0.9998300107336524, 0.9977640554692124, 0.988075783612557, 0.9948006391603835, 0.9948006391603835, 0.9780512174770205, 0.9999271074839702, 0.9977640554692124, 0.9940038109714866, 0.9999271074839702, 0.999709014503669, 0.9999271074839702, 0.9726242872421345, 0.9516414005896213, 0.9993216032745891, 0.998434965418073, 0.9897781959394921, 0.9977640554692124, 0.9764801884306815, 0.9999271074839702, 0.9998300107336524, 0.9786764844299467, 0.9948006391603835, 0.9726242872421345, 0.9999271074839702, 0.7851406444557829, 0.988075783612557, 0.9977640554692124, 0.9996075805163429, 0.9977640554692124, 0.996357495631477, 0.9977640554692124, 0.9952459184834709, 0.9977640554692124, 0.996357495631477, 0.9948006391603835, 0.9952459184834709, 0.988075783612557, 0.9996075805163429, 0.8592283464383342, 0.988075783612557, 0.9993216032745891, 0.9993216032745891, 0.9948006391603835, 0.9999271074839702, 0.9998300107336524, 0.999709014503669, 0.9656756247266859, 0.9998300107336524, 0.9999271074839702, 0.9998300107336524, 0.9726242872421345, 0.9990852460386753, 0.9983496939047539, 0.9930001856889975, 0.9998300107336524, 0.9971780006672345, 0.9993799432896527, 0.9656756247266859, 0.9964707899680065, 0.9726242872421345, 0.9726242872421345, 0.7851406444557829, 0.9988810913379145]",8,train,9
0.63,16,47,37,0,100,24,1,1,1,0,0,0,95,0,1,0,1,0,0,"(array([0.86250246, 0.78085184, 0.69724172, 0.94542587, 0.32659504,
       0.48624492, 0.90876317, 0.910698  , 0.61244988, 0.21727483]), array([0.67826307, 0.73855346, 0.77326161, 0.53127474, 0.82572609,
       0.80793017, 0.6134519 , 0.59394127, 0.77504885, 0.8386333 ]), array([0.31571436, 0.25743738, 0.22245136, 0.45927277, 0.16916843,
       0.1872572 , 0.37892371, 0.39811161, 0.22060704, 0.1560691 ]), array([0.14887522, 0.23040532, 0.31480333, 0.06475082, 0.68351108,
       0.52542078, 0.10225146, 0.1000797 , 0.39955246, 0.79115874]))","['DeepSeekQwen (32B)', 'GPM (8B)', 'EurusPRMStage2_avg_scores (7.62B)', 'QwenPRM_max_scores (7.63B)', 'Qwen72B_scores (72B)', 'QwenPRM_min_scores (7.63B)', 'DeepSeekLlama (70B)', 'SkyT1 (32B)', 'EurusPRMStage1_min_scores (7.62B)', 'ArmorRM (8B)']","[0.009215639311300554, 0.019997185279398106, 0.9656756247266859, 0.991621502577884, 0.9002540939520693, 0.0015007980155310895, 0.47648132254062114, 0.019997185279398106, 0.9002540939520693, 0.0015007980155310895, 0.693289946015125, 0.612567485242435, 0.5654433583404956, 0.11803422777315467, 0.693289946015125, 0.8997015800837894, 0.8997015800837894, 0.1357706764342008, 0.9798405371878128, 0.9240864517381324, 0.9656756247266859, 0.07533697446571629, 0.9911765333611184, 0.011439660706631646, 0.9993216032745891, 0.0012066644706586957, 0.0015007980155310895, 0.9002540939520693, 0.20253307818334862, 0.9656756247266859, 0.22696165519382763, 0.9934429591940422, 0.3275102520809115, 0.011439660706631646, 0.14457386560958146, 0.011439660706631646, 0.9418440007124854, 0.991621502577884, 0.996357495631477, 0.4582956464785147, 0.10928705234932921, 0.9240864517381324, 0.1357706764342008, 0.41884572707243295, 0.04770085279511418, 0.9934429591940422, 0.9418440007124854, 0.6616276205231494, 0.5776485553048715, 0.6248646523289008, 0.9656756247266859, 0.6777864169642576, 0.10375623652914279, 0.12589672844267766, 0.9934429591940422, 0.1357706764342008, 0.1357706764342008, 0.9500275114741191, 0.7715879972877572, 0.8970972984984106, 0.1357706764342008, 0.7715879972877572, 0.1357706764342008, 0.7851406444557829, 0.9656756247266859, 0.693289946015125, 0.693289946015125, 0.22696165519382763, 0.9418440007124854, 0.9358592256170994, 0.04770085279511418, 0.1357706764342008, 0.8997015800837894, 0.1357706764342008, 0.9500275114741191, 0.17787010929705244, 0.9798405371878128, 0.10928705234932921, 0.9500275114741191, 0.6616276205231494, 0.5396560378152788, 0.41884572707243295, 0.9993216032745891, 0.05866264951150054, 0.009215639311300554, 0.11803422777315467, 0.9993216032745891, 0.11803422777315467, 0.17787010929705244, 0.17787010929705244, 0.41884572707243295, 0.10375623652914279, 0.014403242543684521, 0.8751135624739672, 0.22696165519382763, 8.898262645476882e-05, 0.9886640514048068, 0.6248646523289008, 0.693289946015125, 0.693289946015125]",9,train,1
0.98,88,10,1,1,100,4,1,1,1,0,0,0,4,1,1,1,0,0,0,"(array([0.86250246, 0.78085184, 0.69724172, 0.94542587, 0.32659504,
       0.48624492, 0.90876317, 0.910698  , 0.61244988, 0.21727483]), array([0.67826307, 0.73855346, 0.77326161, 0.53127474, 0.82572609,
       0.80793017, 0.6134519 , 0.59394127, 0.77504885, 0.8386333 ]), array([0.31571436, 0.25743738, 0.22245136, 0.45927277, 0.16916843,
       0.1872572 , 0.37892371, 0.39811161, 0.22060704, 0.1560691 ]), array([0.14887522, 0.23040532, 0.31480333, 0.06475082, 0.68351108,
       0.52542078, 0.10225146, 0.1000797 , 0.39955246, 0.79115874]))","['DeepSeekQwen (32B)', 'GPM (8B)', 'EurusPRMStage2_avg_scores (7.62B)', 'QwenPRM_max_scores (7.63B)', 'Qwen72B_scores (72B)', 'QwenPRM_min_scores (7.63B)', 'DeepSeekLlama (70B)', 'SkyT1 (32B)', 'EurusPRMStage1_min_scores (7.62B)', 'ArmorRM (8B)']","[0.16554973430392617, 0.9998300107336524, 0.7851406444557829, 0.996357495631477, 0.9999271074839702, 0.9930001856889975, 0.9977640554692124, 0.9714527280049431, 0.7117554840434658, 0.998434965418073, 0.9726242872421345, 0.9951376533449646, 0.0012066644706586957, 0.6777864169642576, 0.9934429591940422, 0.9930001856889975, 0.996357495631477, 0.9726242872421345, 0.9998300107336524, 0.9977640554692124, 0.9951376533449646, 0.9999271074839702, 0.9726242872421345, 0.988075783612557, 0.996357495631477, 0.9977640554692124, 0.9742079140240464, 0.0015007980155310895, 0.9714527280049431, 0.6683002101857968, 0.9977640554692124, 0.9849885779821612, 0.9726242872421345, 0.9656756247266859, 0.008029338631166952, 0.9971780006672345, 0.9714527280049431, 0.9849885779821612, 0.9996075805163429, 0.9998300107336524, 0.9948006391603835, 0.9945728339272234, 0.988075783612557, 0.996357495631477, 0.9961976419157365, 0.9986927379328185, 0.998434965418073, 0.7851406444557829, 0.9961976419157365, 0.9911765333611184, 0.9999271074839702, 0.9977640554692124, 0.9556179848888067, 0.999709014503669, 0.996986676130501, 0.9930001856889975, 0.9975596948812158, 0.998434965418073, 0.22696165519382763, 0.9999271074839702, 0.008029338631166952, 0.9999271074839702, 0.9996075805163429, 0.998434965418073, 0.9847711286230684, 0.20253307818334862, 0.999709014503669, 0.988075783612557, 0.9726242872421345, 0.009215639311300554, 0.998434965418073, 0.9948006391603835, 0.988075783612557, 0.9726242872421345, 0.9993216032745891, 0.9996075805163429, 0.9948006391603835, 0.9990852460386753, 0.9977640554692124, 0.9726242872421345, 0.988075783612557, 0.998434965418073, 0.9849885779821612, 0.988075783612557, 0.9998300107336524, 0.9996075805163429, 0.9516414005896213, 0.9786764844299467, 0.9808638475411564, 0.9726242872421345, 0.7851406444557829, 0.9726242872421345, 0.0012066644706586957, 0.9977640554692124, 0.9726242872421345, 0.9726242872421345, 0.8405588237758577, 0.21208330066457715, 0.0012066644706586957, 0.7405664685586955]",10,train,8
1.0,98,2,0,0,100,3,1,1,1,0,0,0,3,1,1,1,0,0,0,"(array([0.86250246, 0.78085184, 0.69724172, 0.94542587, 0.32659504,
       0.48624492, 0.90876317, 0.910698  , 0.61244988, 0.21727483]), array([0.67826307, 0.73855346, 0.77326161, 0.53127474, 0.82572609,
       0.80793017, 0.6134519 , 0.59394127, 0.77504885, 0.8386333 ]), array([0.31571436, 0.25743738, 0.22245136, 0.45927277, 0.16916843,
       0.1872572 , 0.37892371, 0.39811161, 0.22060704, 0.1560691 ]), array([0.14887522, 0.23040532, 0.31480333, 0.06475082, 0.68351108,
       0.52542078, 0.10225146, 0.1000797 , 0.39955246, 0.79115874]))","['DeepSeekQwen (32B)', 'GPM (8B)', 'EurusPRMStage2_avg_scores (7.62B)', 'QwenPRM_max_scores (7.63B)', 'Qwen72B_scores (72B)', 'QwenPRM_min_scores (7.63B)', 'DeepSeekLlama (70B)', 'SkyT1 (32B)', 'EurusPRMStage1_min_scores (7.62B)', 'ArmorRM (8B)']","[0.9946987338448051, 0.9990852460386753, 0.9983496939047539, 0.9999271074839702, 0.9998300107336524, 0.9999271074839702, 0.9999271074839702, 0.9911765333611184, 0.9850206420701321, 0.9996075805163429, 0.7906026492689551, 0.9992917389164475, 0.9998300107336524, 0.7405664685586955, 0.9999271074839702, 0.9999271074839702, 0.9911765333611184, 0.9394372039264124, 0.9999271074839702, 0.9948006391603835, 0.9999271074839702, 0.9998300107336524, 0.9999271074839702, 0.9999271074839702, 0.9999271074839702, 0.9726242872421345, 0.9999271074839702, 0.996357495631477, 0.9998300107336524, 0.9999271074839702, 0.9188842189987957, 0.9726242872421345, 0.9990852460386753, 0.9977640554692124, 0.9934429591940422, 0.9999271074839702, 0.9999271074839702, 0.9934429591940422, 0.9992917389164475, 0.9911765333611184, 0.9998300107336524, 0.9940038109714866, 0.9996075805163429, 0.9999271074839702, 0.996357495631477, 0.9951078636746474, 0.996357495631477, 0.9999271074839702, 0.999709014503669, 0.9780512174770205, 0.019997185279398106, 0.9992917389164475, 0.9999271074839702, 0.9996075805163429, 0.998434965418073, 0.9961976419157365, 0.9999271074839702, 0.9726242872421345, 0.9994390729814316, 0.9998300107336524, 0.9999271074839702, 0.9994390729814316, 0.9992917389164475, 0.9911765333611184, 0.9992917389164475, 0.9999271074839702, 0.9999271074839702, 0.9998300107336524, 0.9934130925962715, 0.9996075805163429, 0.9961976419157365, 0.9992917389164475, 0.9999271074839702, 0.9961976419157365, 0.9726242872421345, 0.9990852460386753, 0.9996075805163429, 0.9996075805163429, 0.9983496939047539, 0.9999271074839702, 0.9808638475411564, 0.996986676130501, 0.9911765333611184, 0.9945728339272234, 0.9998300107336524, 0.9996075805163429, 0.9934130925962715, 0.9994390729814316, 0.9960640278793439, 0.9996075805163429, 0.9726242872421345, 0.9996075805163429, 0.9996075805163429, 0.014403242543684521, 0.9990852460386753, 0.9986927379328185, 0.9986927379328185, 0.9990852460386753, 0.9780512174770205, 0.9998300107336524]",11,train,9
1.0,100,0,0,0,100,41,1,1,1,0,0,0,41,1,1,1,0,0,0,"(array([0.86250246, 0.78085184, 0.69724172, 0.94542587, 0.32659504,
       0.48624492, 0.90876317, 0.910698  , 0.61244988, 0.21727483]), array([0.67826307, 0.73855346, 0.77326161, 0.53127474, 0.82572609,
       0.80793017, 0.6134519 , 0.59394127, 0.77504885, 0.8386333 ]), array([0.31571436, 0.25743738, 0.22245136, 0.45927277, 0.16916843,
       0.1872572 , 0.37892371, 0.39811161, 0.22060704, 0.1560691 ]), array([0.14887522, 0.23040532, 0.31480333, 0.06475082, 0.68351108,
       0.52542078, 0.10225146, 0.1000797 , 0.39955246, 0.79115874]))","['DeepSeekQwen (32B)', 'GPM (8B)', 'EurusPRMStage2_avg_scores (7.62B)', 'QwenPRM_max_scores (7.63B)', 'Qwen72B_scores (72B)', 'QwenPRM_min_scores (7.63B)', 'DeepSeekLlama (70B)', 'SkyT1 (32B)', 'EurusPRMStage1_min_scores (7.62B)', 'ArmorRM (8B)']","[0.9911765333611184, 0.869296602505492, 0.9656756247266859, 0.9930001856889975, 0.9911765333611184, 0.9994390729814316, 0.9990852460386753, 0.9952459184834709, 0.9952459184834709, 0.9998300107336524, 0.9990852460386753, 0.9993799432896527, 0.988075783612557, 0.9874331922061624, 0.9952459184834709, 0.9990852460386753, 0.9986927379328185, 0.9726242872421345, 0.9930001856889975, 0.9990852460386753, 0.9998300107336524, 0.9998300107336524, 0.9930001856889975, 0.869296602505492, 0.9940038109714866, 0.9990852460386753, 0.9877226736735475, 0.9998300107336524, 0.9990852460386753, 0.9812839562002961, 0.9998300107336524, 0.9998300107336524, 0.9940038109714866, 0.9990852460386753, 0.9930001856889975, 0.9998300107336524, 0.9998300107336524, 0.9993216032745891, 0.9358592256170994, 0.9877226736735475, 0.9847711286230684, 0.9998848021621576, 0.9990852460386753, 0.9930001856889975, 0.9990852460386753, 0.9726242872421345, 0.9358592256170994, 0.9998300107336524, 0.9952459184834709, 0.7235318982677899, 0.9952459184834709, 0.9990852460386753, 0.9825398502568677, 0.9598382499600815, 0.9930001856889975, 0.9986927379328185, 0.9911765333611184, 0.9825398502568677, 0.9998300107336524, 0.9726242872421345, 0.9990852460386753, 0.9930001856889975, 0.9990852460386753, 0.6336939983875312, 0.9986927379328185, 0.9986927379328185, 0.9358592256170994, 0.9990852460386753, 0.9991137734780798, 0.9990852460386753, 0.9998300107336524, 0.9986927379328185, 0.9990852460386753, 0.7851406444557829, 0.9911765333611184, 0.9964707899680065, 0.9930001856889975, 0.9994390729814316, 0.9358592256170994, 0.9986927379328185, 0.9934130925962715, 0.9998848021621576, 0.9990852460386753, 0.9998300107336524, 0.9358592256170994, 0.9556179848888067, 0.9990852460386753, 0.9780512174770205, 0.9783696085525636, 0.9930001856889975, 0.9952459184834709, 0.9998300107336524, 0.9998300107336524, 0.9952459184834709, 0.9990852460386753, 0.9986927379328185, 0.9911765333611184, 0.9726242872421345, 0.9780512174770205, 0.9990852460386753]",12,train,9
0.91,61,30,9,0,100,39,1,1,1,0,0,0,39,1,1,1,0,0,0,"(array([0.86250246, 0.78085184, 0.69724172, 0.94542587, 0.32659504,
       0.48624492, 0.90876317, 0.910698  , 0.61244988, 0.21727483]), array([0.67826307, 0.73855346, 0.77326161, 0.53127474, 0.82572609,
       0.80793017, 0.6134519 , 0.59394127, 0.77504885, 0.8386333 ]), array([0.31571436, 0.25743738, 0.22245136, 0.45927277, 0.16916843,
       0.1872572 , 0.37892371, 0.39811161, 0.22060704, 0.1560691 ]), array([0.14887522, 0.23040532, 0.31480333, 0.06475082, 0.68351108,
       0.52542078, 0.10225146, 0.1000797 , 0.39955246, 0.79115874]))","['DeepSeekQwen (32B)', 'GPM (8B)', 'EurusPRMStage2_avg_scores (7.62B)', 'QwenPRM_max_scores (7.63B)', 'Qwen72B_scores (72B)', 'QwenPRM_min_scores (7.63B)', 'DeepSeekLlama (70B)', 'SkyT1 (32B)', 'EurusPRMStage1_min_scores (7.62B)', 'ArmorRM (8B)']","[0.23909940252574105, 0.9993216032745891, 0.9656756247266859, 0.9656756247266859, 0.9993216032745891, 0.9177638239063185, 0.9993216032745891, 0.9786764844299467, 0.008029338631166952, 0.004637862713186065, 0.9516414005896213, 0.9977640554692124, 0.7715879972877572, 0.9527158794794369, 0.5856012725259575, 0.04542873428218923, 0.7851406444557829, 0.996357495631477, 0.09900771585819801, 0.9656756247266859, 0.9934429591940422, 0.612567485242435, 0.9908680960508583, 0.9993216032745891, 0.9945728339272234, 0.09900771585819801, 0.996357495631477, 0.019997185279398106, 0.9993216032745891, 0.996357495631477, 0.996357495631477, 0.9984837416764633, 0.008029338631166952, 0.9993216032745891, 0.9984837416764633, 0.9993216032745891, 0.998434965418073, 0.998434965418073, 0.5776485553048715, 0.9999271074839702, 0.10431486908251382, 0.8452253981230444, 0.998434965418073, 0.9791634236537679, 0.9934429591940422, 0.999709014503669, 0.9999271074839702, 0.78166976231553, 0.0313076138536993, 0.956478693239877, 0.9886640514048068, 0.9993216032745891, 0.9934429591940422, 0.9971780006672345, 0.17373597580252967, 0.7405664685586955, 0.9908680960508583, 0.9908680960508583, 0.019997185279398106, 0.7235318982677899, 0.4368216030573628, 0.991621502577884, 0.9908680960508583, 0.9960640278793439, 0.30495903630280685, 0.008029338631166952, 0.4840522685504559, 0.9934429591940422, 0.9908680960508583, 0.8873692211724155, 0.9993216032745891, 0.10431486908251382, 0.9993216032745891, 0.01451835464421169, 0.008029338631166952, 0.9993216032745891, 0.0012066644706586957, 0.0313076138536993, 0.9993216032745891, 0.9993216032745891, 0.9960640278793439, 0.005965667511461952, 0.017085842013869156, 0.9958294569422846, 0.9993216032745891, 0.9993216032745891, 0.001909867272299372, 0.05866264951150054, 0.9527158794794369, 0.9659754761084428, 0.674515491245005, 0.9924382804581999, 0.4582956464785147, 0.19924931521353478, 0.9993216032745891, 0.9934429591940422, 0.4229251125295232, 0.9990852460386753, 0.008029338631166952, 0.09900771585819801]",13,train,6
0.95,51,44,5,0,100,0,1,1,1,0,0,0,91,0,1,0,1,0,0,"(array([0.86250246, 0.78085184, 0.69724172, 0.94542587, 0.32659504,
       0.48624492, 0.90876317, 0.910698  , 0.61244988, 0.21727483]), array([0.67826307, 0.73855346, 0.77326161, 0.53127474, 0.82572609,
       0.80793017, 0.6134519 , 0.59394127, 0.77504885, 0.8386333 ]), array([0.31571436, 0.25743738, 0.22245136, 0.45927277, 0.16916843,
       0.1872572 , 0.37892371, 0.39811161, 0.22060704, 0.1560691 ]), array([0.14887522, 0.23040532, 0.31480333, 0.06475082, 0.68351108,
       0.52542078, 0.10225146, 0.1000797 , 0.39955246, 0.79115874]))","['DeepSeekQwen (32B)', 'GPM (8B)', 'EurusPRMStage2_avg_scores (7.62B)', 'QwenPRM_max_scores (7.63B)', 'Qwen72B_scores (72B)', 'QwenPRM_min_scores (7.63B)', 'DeepSeekLlama (70B)', 'SkyT1 (32B)', 'EurusPRMStage1_min_scores (7.62B)', 'ArmorRM (8B)']","[0.999709014503669, 0.9971780006672345, 0.9791634236537679, 0.019997185279398106, 0.0015007980155310895, 0.1357706764342008, 0.9977640554692124, 0.9849885779821612, 0.014403242543684521, 0.014403242543684521, 0.8970972984984106, 0.014403242543684521, 0.999709014503669, 0.999709014503669, 0.014403242543684521, 0.9963903177713666, 0.9577797946406655, 0.07295705319831121, 0.0015007980155310895, 0.9951078636746474, 0.9374343071167429, 0.999709014503669, 0.9630019850842233, 0.0008644795997324827, 0.014403242543684521, 0.014403242543684521, 0.07295705319831121, 0.9527158794794369, 0.014403242543684521, 0.998434965418073, 0.9951078636746474, 0.0015007980155310895, 0.07295705319831121, 0.16554973430392617, 0.0015007980155310895, 0.6181528651891809, 0.20253307818334862, 0.22696165519382763, 0.8592283464383342, 0.996357495631477, 0.9993216032745891, 0.999709014503669, 0.014403242543684521, 0.014403242543684521, 0.07295705319831121, 0.16554973430392617, 0.9971780006672345, 0.8949870567027767, 0.9971780006672345, 0.16554973430392617, 0.014403242543684521, 0.999709014503669, 0.9779439356286846, 0.0008644795997324827, 0.999709014503669, 0.17373597580252967, 0.9958294569422846, 0.0064639936700508095, 0.999709014503669, 0.9951078636746474, 0.9971780006672345, 0.014403242543684521, 0.07295705319831121, 0.0012787865136813681, 0.014403242543684521, 0.5165348492151942, 0.0015007980155310895, 0.8694110351682239, 0.998434965418073, 0.999709014503669, 0.7405664685586955, 0.019997185279398106, 0.0015007980155310895, 0.9977640554692124, 0.06282972834290039, 0.0015007980155310895, 0.9849885779821612, 0.07295705319831121, 0.0008644795997324827, 0.999709014503669, 0.999709014503669, 0.00047900738464920267, 0.0008644795997324827, 0.999709014503669, 0.9971780006672345, 0.8081531179285536, 0.998434965418073, 0.998434965418073, 0.07295705319831121, 0.999709014503669, 0.9971780006672345, 8.898262645476882e-05, 0.8306813779150628, 0.998434965418073, 0.998434965418073, 0.5165348492151942, 0.999709014503669, 0.9971780006672345, 0.9960640278793439, 0.9960640278793439]",14,train,5
0.98,94,4,0,2,100,33,1,1,1,0,0,0,33,1,1,1,0,0,0,"(array([0.86250246, 0.78085184, 0.69724172, 0.94542587, 0.32659504,
       0.48624492, 0.90876317, 0.910698  , 0.61244988, 0.21727483]), array([0.67826307, 0.73855346, 0.77326161, 0.53127474, 0.82572609,
       0.80793017, 0.6134519 , 0.59394127, 0.77504885, 0.8386333 ]), array([0.31571436, 0.25743738, 0.22245136, 0.45927277, 0.16916843,
       0.1872572 , 0.37892371, 0.39811161, 0.22060704, 0.1560691 ]), array([0.14887522, 0.23040532, 0.31480333, 0.06475082, 0.68351108,
       0.52542078, 0.10225146, 0.1000797 , 0.39955246, 0.79115874]))","['DeepSeekQwen (32B)', 'GPM (8B)', 'EurusPRMStage2_avg_scores (7.62B)', 'QwenPRM_max_scores (7.63B)', 'Qwen72B_scores (72B)', 'QwenPRM_min_scores (7.63B)', 'DeepSeekLlama (70B)', 'SkyT1 (32B)', 'EurusPRMStage1_min_scores (7.62B)', 'ArmorRM (8B)']","[0.9988810913379145, 0.9934429591940422, 0.6181528651891809, 0.9726242872421345, 0.9998848021621576, 0.9996075805163429, 0.9948006391603835, 0.9998848021621576, 0.9998300107336524, 0.991621502577884, 0.9995401906929626, 0.9988810913379145, 0.9998848021621576, 0.9998300107336524, 0.9964707899680065, 0.9955472750658987, 0.996357495631477, 0.9993216032745891, 0.9998300107336524, 0.9998300107336524, 0.9995199443603591, 0.9998848021621576, 0.9993216032745891, 0.9995401906929626, 0.9726242872421345, 0.9948006391603835, 0.9995401906929626, 0.996357495631477, 0.9908680960508583, 0.7851406444557829, 0.9980859591894452, 0.9993216032745891, 0.9995401906929626, 0.9999271074839702, 0.0015007980155310895, 0.9990852460386753, 0.9999271074839702, 0.9934429591940422, 0.9998027980923471, 0.9948006391603835, 0.9999271074839702, 0.9983496939047539, 0.9908680960508583, 0.9998300107336524, 0.9983496939047539, 0.9998300107336524, 0.9886640514048068, 0.9990852460386753, 0.9993216032745891, 0.9995199443603591, 0.9726242872421345, 0.9998300107336524, 0.9998300107336524, 0.9998848021621576, 0.9726242872421345, 0.9337463451518772, 0.9998300107336524, 0.017085842013869156, 0.9996075805163429, 0.0015007980155310895, 0.9998848021621576, 0.999709014503669, 0.9993216032745891, 0.9656756247266859, 0.9998300107336524, 0.9995401906929626, 0.9988810913379145, 0.17373597580252967, 0.9911765333611184, 0.9998848021621576, 0.9955472750658987, 0.9911765333611184, 0.9983496939047539, 0.924304613719373, 0.9998300107336524, 0.9726242872421345, 0.7851406444557829, 0.8997015800837894, 0.9998300107336524, 0.9986927379328185, 0.021168608907542897, 8.898262645476882e-05, 0.9998300107336524, 0.9998848021621576, 0.9948006391603835, 0.9996198246755843, 0.997136609034494, 0.9516414005896213, 0.9948006391603835, 0.9726242872421345, 0.9983496939047539, 0.9908680960508583, 0.9948006391603835, 0.9995401906929626, 0.8013802821882577, 0.9998300107336524, 0.9995401906929626, 0.9983496939047539, 0.996357495631477, 0.9998300107336524]",15,train,9
1.0,100,0,0,0,100,33,1,1,1,0,0,0,33,1,1,1,0,0,0,"(array([0.86250246, 0.78085184, 0.69724172, 0.94542587, 0.32659504,
       0.48624492, 0.90876317, 0.910698  , 0.61244988, 0.21727483]), array([0.67826307, 0.73855346, 0.77326161, 0.53127474, 0.82572609,
       0.80793017, 0.6134519 , 0.59394127, 0.77504885, 0.8386333 ]), array([0.31571436, 0.25743738, 0.22245136, 0.45927277, 0.16916843,
       0.1872572 , 0.37892371, 0.39811161, 0.22060704, 0.1560691 ]), array([0.14887522, 0.23040532, 0.31480333, 0.06475082, 0.68351108,
       0.52542078, 0.10225146, 0.1000797 , 0.39955246, 0.79115874]))","['DeepSeekQwen (32B)', 'GPM (8B)', 'EurusPRMStage2_avg_scores (7.62B)', 'QwenPRM_max_scores (7.63B)', 'Qwen72B_scores (72B)', 'QwenPRM_min_scores (7.63B)', 'DeepSeekLlama (70B)', 'SkyT1 (32B)', 'EurusPRMStage1_min_scores (7.62B)', 'ArmorRM (8B)']","[0.9940038109714866, 0.9993216032745891, 0.9999271074839702, 0.988075783612557, 0.9991663532009732, 0.9998300107336524, 0.9990852460386753, 0.9999271074839702, 0.9990852460386753, 0.9990852460386753, 0.9992917389164475, 0.9998300107336524, 0.9983496939047539, 0.9998848021621576, 0.9988810913379145, 0.9996075805163429, 0.9971780006672345, 0.9911765333611184, 0.9999271074839702, 0.9990852460386753, 0.9993799432896527, 0.9988810913379145, 0.9961976419157365, 0.9726242872421345, 0.9704753536547688, 0.9998848021621576, 0.9996075805163429, 0.999709014503669, 0.999709014503669, 0.9999271074839702, 0.9988810913379145, 0.9998300107336524, 0.9998300107336524, 0.9999506039552563, 0.9997340472207149, 0.9976971741489707, 0.9998300107336524, 0.9999271074839702, 0.9999271074839702, 0.9998848021621576, 0.9998300107336524, 0.9996075805163429, 0.9987702669027221, 0.9990852460386753, 0.9998300107336524, 0.9998300107336524, 0.9990852460386753, 0.988075783612557, 0.9990852460386753, 0.9988810913379145, 0.998434965418073, 0.9999271074839702, 0.9961976419157365, 0.9992917389164475, 0.9948006391603835, 0.9998300107336524, 0.9990852460386753, 0.9998848021621576, 0.9976971741489707, 0.9934429591940422, 0.9999271074839702, 0.9999271074839702, 0.9988810913379145, 0.9998300107336524, 0.999709014503669, 0.988075783612557, 0.9961976419157365, 0.9998300107336524, 0.9992917389164475, 0.9983496939047539, 0.9988810913379145, 0.9955472750658987, 0.9948006391603835, 0.9948006391603835, 0.9993799432896527, 0.9998848021621576, 0.9877226736735475, 0.9990852460386753, 0.9988810913379145, 0.9812839562002961, 0.9998300107336524, 0.9993799432896527, 0.9780512174770205, 0.9999271074839702, 0.9998300107336524, 0.9999271074839702, 0.9998848021621576, 0.9998848021621576, 0.9993799432896527, 0.9998848021621576, 0.9988810913379145, 0.9911765333611184, 0.9998848021621576, 0.9726242872421345, 0.9998300107336524, 0.9999271074839702, 0.9964707899680065, 0.9948006391603835, 0.9961976419157365, 0.9998300107336524]",16,train,9
1.0,100,0,0,0,100,29,1,1,1,0,0,0,29,1,1,1,0,0,0,"(array([0.86250246, 0.78085184, 0.69724172, 0.94542587, 0.32659504,
       0.48624492, 0.90876317, 0.910698  , 0.61244988, 0.21727483]), array([0.67826307, 0.73855346, 0.77326161, 0.53127474, 0.82572609,
       0.80793017, 0.6134519 , 0.59394127, 0.77504885, 0.8386333 ]), array([0.31571436, 0.25743738, 0.22245136, 0.45927277, 0.16916843,
       0.1872572 , 0.37892371, 0.39811161, 0.22060704, 0.1560691 ]), array([0.14887522, 0.23040532, 0.31480333, 0.06475082, 0.68351108,
       0.52542078, 0.10225146, 0.1000797 , 0.39955246, 0.79115874]))","['DeepSeekQwen (32B)', 'GPM (8B)', 'EurusPRMStage2_avg_scores (7.62B)', 'QwenPRM_max_scores (7.63B)', 'Qwen72B_scores (72B)', 'QwenPRM_min_scores (7.63B)', 'DeepSeekLlama (70B)', 'SkyT1 (32B)', 'EurusPRMStage1_min_scores (7.62B)', 'ArmorRM (8B)']","[0.9998300107336524, 0.9998300107336524, 0.9976971741489707, 0.9983496939047539, 0.9998300107336524, 0.9998300107336524, 0.9983496939047539, 0.9998300107336524, 0.9983496939047539, 0.9998300107336524, 0.9934429591940422, 0.9986927379328185, 0.9728385321513016, 0.9874331922061624, 0.9998300107336524, 0.9983496939047539, 0.9983496939047539, 0.9993216032745891, 0.9993216032745891, 0.9993216032745891, 0.9955472750658987, 0.9998300107336524, 0.9998300107336524, 0.9998300107336524, 0.997136609034494, 0.9983496939047539, 0.9998300107336524, 0.9983496939047539, 0.997136609034494, 0.9998848021621576, 0.9983496939047539, 0.9998848021621576, 0.9984383538355974, 0.9998848021621576, 0.9988810913379145, 0.9998300107336524, 0.9988810913379145, 0.9993799432896527, 0.9998300107336524, 0.9983496939047539, 0.9998300107336524, 0.9983496939047539, 0.9998300107336524, 0.9988810913379145, 0.9995401906929626, 0.9998300107336524, 0.9993216032745891, 0.9976971741489707, 0.9998848021621576, 0.9998300107336524, 0.9983496939047539, 0.9983496939047539, 0.9914495904352215, 0.9983496939047539, 0.9998300107336524, 0.9988810913379145, 0.9988810913379145, 0.9998848021621576, 0.9998300107336524, 0.9990852460386753, 0.992290134045549, 0.9998300107336524, 0.9998300107336524, 0.9998300107336524, 0.9993216032745891, 0.9983496939047539, 0.9998300107336524, 0.9990852460386753, 0.9998300107336524, 0.9995401906929626, 0.9998848021621576, 0.9998300107336524, 0.9983496939047539, 0.9983496939047539, 0.9998848021621576, 0.9998300107336524, 0.9983496939047539, 0.9998300107336524, 0.9998848021621576, 0.9995401906929626, 0.9983496939047539, 0.9948006391603835, 0.9998300107336524, 0.9998848021621576, 0.9983496939047539, 0.9976971741489707, 0.9991137734780798, 0.9998300107336524, 0.9998300107336524, 0.9998300107336524, 0.9998300107336524, 0.9998848021621576, 0.9998300107336524, 0.9783696085525636, 0.9998848021621576, 0.9998300107336524, 0.9998300107336524, 0.9983496939047539, 0.9998848021621576, 0.9993216032745891]",17,train,9
0.74,0,74,25,1,100,3,0,1,0,0,0,1,14,0,1,0,1,0,0,"(array([0.86250246, 0.78085184, 0.69724172, 0.94542587, 0.32659504,
       0.48624492, 0.90876317, 0.910698  , 0.61244988, 0.21727483]), array([0.67826307, 0.73855346, 0.77326161, 0.53127474, 0.82572609,
       0.80793017, 0.6134519 , 0.59394127, 0.77504885, 0.8386333 ]), array([0.31571436, 0.25743738, 0.22245136, 0.45927277, 0.16916843,
       0.1872572 , 0.37892371, 0.39811161, 0.22060704, 0.1560691 ]), array([0.14887522, 0.23040532, 0.31480333, 0.06475082, 0.68351108,
       0.52542078, 0.10225146, 0.1000797 , 0.39955246, 0.79115874]))","['DeepSeekQwen (32B)', 'GPM (8B)', 'EurusPRMStage2_avg_scores (7.62B)', 'QwenPRM_max_scores (7.63B)', 'Qwen72B_scores (72B)', 'QwenPRM_min_scores (7.63B)', 'DeepSeekLlama (70B)', 'SkyT1 (32B)', 'EurusPRMStage1_min_scores (7.62B)', 'ArmorRM (8B)']","[0.17920246977410503, 0.05949299459372461, 0.9704753536547688, 0.9993216032745891, 0.5165348492151942, 0.14457386560958146, 0.47648132254062114, 0.6043423529261662, 0.0012787865136813681, 0.00047900738464920267, 0.008029338631166952, 0.0007067148688739876, 0.956478693239877, 0.0015007980155310895, 8.898262645476882e-05, 0.49482464593306025, 0.0008644795997324827, 0.5165348492151942, 0.029231963415025285, 0.01160982814885782, 0.01065418440625383, 0.07295705319831121, 0.0012751966308578151, 0.0068481905035936465, 0.2264681780248241, 0.3290397863577616, 0.00047900738464920267, 0.0008644795997324827, 0.991621502577884, 0.14457386560958146, 8.898262645476882e-05, 0.34043785025794626, 0.14457386560958146, 0.0008644795997324827, 0.01065418440625383, 0.004637862713186065, 0.0008644795997324827, 0.004637862713186065, 0.0068481905035936465, 0.07295705319831121, 0.16554973430392617, 0.9389219539528713, 0.0008644795997324827, 0.01160982814885782, 0.0008644795997324827, 0.01065418440625383, 0.008029338631166952, 0.05949299459372461, 0.9300586298256838, 0.7117554840434658, 0.021110363399199892, 0.8916064784296373, 0.8583872689168727, 0.0008644795997324827, 0.17373597580252967, 0.07295705319831121, 0.05949299459372461, 0.5165348492151942, 0.004637862713186065, 0.05949299459372461, 0.6043423529261662, 8.898262645476882e-05, 0.09900771585819801, 0.01160982814885782, 0.852050113109663, 0.004637862713186065, 0.004637862713186065, 0.1275497937189713, 0.7117554840434658, 0.008029338631166952, 0.4582956464785147, 0.7117554840434658, 0.10431486908251382, 0.0008644795997324827, 0.05949299459372461, 0.012296089885300189, 0.09900771585819801, 0.40644020502002526, 0.014403242543684521, 0.16554973430392617, 0.07295705319831121, 0.07295705319831121, 0.5165348492151942, 0.5165348492151942, 8.898262645476882e-05, 0.30229174397467284, 0.014403242543684521, 0.3772972555948376, 0.7405664685586955, 8.898262645476882e-05, 0.9300586298256838, 0.05949299459372461, 0.05949299459372461, 0.07295705319831121, 0.5165348492151942, 0.6043423529261662, 0.5165348492151942, 0.01160982814885782, 0.09152422034610103, 0.9300586298256838]",18,train,0
1.0,100,0,0,0,100,62,1,1,1,0,0,0,62,1,1,1,0,0,0,"(array([0.86250246, 0.78085184, 0.69724172, 0.94542587, 0.32659504,
       0.48624492, 0.90876317, 0.910698  , 0.61244988, 0.21727483]), array([0.67826307, 0.73855346, 0.77326161, 0.53127474, 0.82572609,
       0.80793017, 0.6134519 , 0.59394127, 0.77504885, 0.8386333 ]), array([0.31571436, 0.25743738, 0.22245136, 0.45927277, 0.16916843,
       0.1872572 , 0.37892371, 0.39811161, 0.22060704, 0.1560691 ]), array([0.14887522, 0.23040532, 0.31480333, 0.06475082, 0.68351108,
       0.52542078, 0.10225146, 0.1000797 , 0.39955246, 0.79115874]))","['DeepSeekQwen (32B)', 'GPM (8B)', 'EurusPRMStage2_avg_scores (7.62B)', 'QwenPRM_max_scores (7.63B)', 'Qwen72B_scores (72B)', 'QwenPRM_min_scores (7.63B)', 'DeepSeekLlama (70B)', 'SkyT1 (32B)', 'EurusPRMStage1_min_scores (7.62B)', 'ArmorRM (8B)']","[0.9991137734780798, 0.9974202079705362, 0.9979560658073187, 0.9963158898648818, 0.7235318982677899, 0.9984383538355974, 0.9998848021621576, 0.9996075805163429, 0.9916473351735563, 0.9998848021621576, 0.9930001856889975, 0.9990852460386753, 0.9990852460386753, 0.9955472750658987, 0.9991137734780798, 0.9952459184834709, 0.9940038109714866, 0.9993799432896527, 0.9991137734780798, 0.9993799432896527, 0.9998848021621576, 0.9896293965569347, 0.9988810913379145, 0.9940038109714866, 0.9991137734780798, 0.9995401906929626, 0.9952459184834709, 0.9997340472207149, 0.9963158898648818, 0.9998027980923471, 0.9993799432896527, 0.9764801884306815, 0.9914495904352215, 0.9993799432896527, 0.9952459184834709, 0.9556179848888067, 0.9988810913379145, 0.9990852460386753, 0.9940038109714866, 0.9786764844299467, 0.9990852460386753, 0.7535839188207518, 0.6133062703414758, 0.9993799432896527, 0.9812839562002961, 0.9993799432896527, 0.9993799432896527, 0.9988810913379145, 0.9998300107336524, 0.9991137734780798, 0.9998848021621576, 0.9993799432896527, 0.9854503207653097, 0.9974202079705362, 0.9975287916779288, 0.9992917389164475, 0.9993799432896527, 0.9391002910803975, 0.9975287916779288, 0.9977640554692124, 0.9998848021621576, 0.9988810913379145, 0.9999506039552563, 0.9998848021621576, 0.9988810913379145, 0.9940038109714866, 0.9991137734780798, 0.9997340472207149, 0.9988810913379145, 0.9993799432896527, 0.9940038109714866, 0.9975287916779288, 0.9988810913379145, 0.9999506039552563, 0.9764801884306815, 0.9812839562002961, 0.9995401906929626, 0.9998300107336524, 0.9998848021621576, 0.9997340472207149, 0.9998027980923471, 0.9975287916779288, 0.9993799432896527, 0.9952459184834709, 0.9988810913379145, 0.9998300107336524, 0.9952459184834709, 0.9975287916779288, 0.9964707899680065, 0.7943238327853998, 0.924304613719373, 0.9998848021621576, 0.9999506039552563, 0.9896293965569347, 0.9674624347557319, 0.9998848021621576, 0.9997340472207149, 0.9998848021621576, 0.9998848021621576, 0.9997340472207149]",19,train,9
1.0,100,0,0,0,100,79,1,1,1,0,0,0,79,1,1,1,0,0,0,"(array([0.86250246, 0.78085184, 0.69724172, 0.94542587, 0.32659504,
       0.48624492, 0.90876317, 0.910698  , 0.61244988, 0.21727483]), array([0.67826307, 0.73855346, 0.77326161, 0.53127474, 0.82572609,
       0.80793017, 0.6134519 , 0.59394127, 0.77504885, 0.8386333 ]), array([0.31571436, 0.25743738, 0.22245136, 0.45927277, 0.16916843,
       0.1872572 , 0.37892371, 0.39811161, 0.22060704, 0.1560691 ]), array([0.14887522, 0.23040532, 0.31480333, 0.06475082, 0.68351108,
       0.52542078, 0.10225146, 0.1000797 , 0.39955246, 0.79115874]))","['DeepSeekQwen (32B)', 'GPM (8B)', 'EurusPRMStage2_avg_scores (7.62B)', 'QwenPRM_max_scores (7.63B)', 'Qwen72B_scores (72B)', 'QwenPRM_min_scores (7.63B)', 'DeepSeekLlama (70B)', 'SkyT1 (32B)', 'EurusPRMStage1_min_scores (7.62B)', 'ArmorRM (8B)']","[0.9993216032745891, 0.9656756247266859, 0.9874331922061624, 0.9993216032745891, 0.996357495631477, 0.9990852460386753, 0.9993216032745891, 0.9998300107336524, 0.999709014503669, 0.9993799432896527, 0.9418440007124854, 0.9930001856889975, 0.996357495631477, 0.9990852460386753, 0.9990852460386753, 0.9934429591940422, 0.9993216032745891, 0.9993216032745891, 0.9990852460386753, 0.9993216032745891, 0.9993216032745891, 0.9993216032745891, 0.9934130925962715, 0.9993216032745891, 0.9934429591940422, 0.9983496939047539, 0.9990852460386753, 0.9998300107336524, 0.9990852460386753, 0.9990852460386753, 0.9934429591940422, 0.9983496939047539, 0.9656756247266859, 0.996357495631477, 0.9983496939047539, 0.9983496939047539, 0.9993216032745891, 0.9527158794794369, 0.9996075805163429, 0.9990852460386753, 0.998434965418073, 0.991621502577884, 0.999709014503669, 0.9930001856889975, 0.9998300107336524, 0.9993216032745891, 0.9993799432896527, 0.9993216032745891, 0.9911765333611184, 0.9993216032745891, 0.9980859591894452, 0.9998300107336524, 0.996357495631477, 0.9983496939047539, 0.9990852460386753, 0.9934429591940422, 0.9990852460386753, 0.9998300107336524, 0.9983496939047539, 0.9998300107336524, 0.996357495631477, 0.9516414005896213, 0.5381308617841597, 0.9983496939047539, 0.9983496939047539, 0.9993216032745891, 0.9993216032745891, 0.9991137734780798, 0.9983496939047539, 0.996357495631477, 0.9998300107336524, 0.9934429591940422, 0.9995401906929626, 0.996357495631477, 0.9993216032745891, 0.9983496939047539, 0.996357495631477, 0.9990852460386753, 0.9934429591940422, 0.9998848021621576, 0.9934429591940422, 0.9983496939047539, 0.9993216032745891, 0.9993216032745891, 0.9656756247266859, 0.9998300107336524, 0.9975287916779288, 0.9995401906929626, 0.9983496939047539, 0.9998300107336524, 0.869296602505492, 0.9998300107336524, 0.8435678976235704, 0.9990852460386753, 0.9983496939047539, 0.9990852460386753, 0.9988810913379145, 0.9983496939047539, 0.9998300107336524, 0.9983496939047539]",20,train,9
0.92,92,0,0,8,100,2,1,1,1,0,0,0,2,1,1,1,0,0,0,"(array([0.86250246, 0.78085184, 0.69724172, 0.94542587, 0.32659504,
       0.48624492, 0.90876317, 0.910698  , 0.61244988, 0.21727483]), array([0.67826307, 0.73855346, 0.77326161, 0.53127474, 0.82572609,
       0.80793017, 0.6134519 , 0.59394127, 0.77504885, 0.8386333 ]), array([0.31571436, 0.25743738, 0.22245136, 0.45927277, 0.16916843,
       0.1872572 , 0.37892371, 0.39811161, 0.22060704, 0.1560691 ]), array([0.14887522, 0.23040532, 0.31480333, 0.06475082, 0.68351108,
       0.52542078, 0.10225146, 0.1000797 , 0.39955246, 0.79115874]))","['DeepSeekQwen (32B)', 'GPM (8B)', 'EurusPRMStage2_avg_scores (7.62B)', 'QwenPRM_max_scores (7.63B)', 'Qwen72B_scores (72B)', 'QwenPRM_min_scores (7.63B)', 'DeepSeekLlama (70B)', 'SkyT1 (32B)', 'EurusPRMStage1_min_scores (7.62B)', 'ArmorRM (8B)']","[0.9656756247266859, 0.8306813779150628, 0.9993216032745891, 0.21208330066457715, 0.9527158794794369, 0.21208330066457715, 0.9726242872421345, 0.996357495631477, 0.5439905030825333, 0.7405664685586955, 0.015686603049707776, 0.996357495631477, 0.7235318982677899, 0.9418440007124854, 0.9418440007124854, 0.583394976277202, 0.1275497937189713, 0.9418440007124854, 0.988075783612557, 0.9418440007124854, 0.988075783612557, 0.8592283464383342, 0.9418440007124854, 0.674515491245005, 0.9418440007124854, 0.9964707899680065, 0.8306813779150628, 0.9726242872421345, 0.9418440007124854, 0.996357495631477, 0.5295391283022138, 0.9418440007124854, 0.996357495631477, 0.9418440007124854, 0.9527158794794369, 0.996357495631477, 0.9990852460386753, 0.7235318982677899, 0.9977640554692124, 0.9656756247266859, 0.7851406444557829, 0.9726242872421345, 0.1275497937189713, 0.9990852460386753, 0.9726242872421345, 0.25145069600534986, 0.5439905030825333, 0.9527158794794369, 0.9418440007124854, 0.6777864169642576, 0.5654433583404956, 0.9726242872421345, 0.9993216032745891, 0.5295391283022138, 0.9418440007124854, 0.9132691425106664, 0.996357495631477, 0.9983496939047539, 0.6248646523289008, 0.8592283464383342, 0.7851406444557829, 0.9726242872421345, 0.9527158794794369, 0.9527158794794369, 0.996357495631477, 0.9726242872421345, 0.9726242872421345, 0.9726242872421345, 0.9656756247266859, 0.9993216032745891, 0.9990852460386753, 0.6248646523289008, 0.6777864169642576, 0.9418440007124854, 0.6248646523289008, 0.7563472808998581, 0.7851406444557829, 0.2654506104855918, 0.5439905030825333, 0.7117554840434658, 0.9726242872421345, 0.9726242872421345, 0.9908680960508583, 0.8751135624739672, 0.6777864169642576, 0.9908680960508583, 0.6248646523289008, 0.9418440007124854, 0.6777864169642576, 0.9527158794794369, 0.9726242872421345, 0.9527158794794369, 0.9726242872421345, 0.5439905030825333, 0.9418440007124854, 0.583394976277202, 0.9726242872421345, 0.8592283464383342, 0.7235318982677899, 0.10928705234932921]",21,train,9
0.95,94,1,0,5,100,56,1,1,1,0,0,0,56,1,1,1,0,0,0,"(array([0.86250246, 0.78085184, 0.69724172, 0.94542587, 0.32659504,
       0.48624492, 0.90876317, 0.910698  , 0.61244988, 0.21727483]), array([0.67826307, 0.73855346, 0.77326161, 0.53127474, 0.82572609,
       0.80793017, 0.6134519 , 0.59394127, 0.77504885, 0.8386333 ]), array([0.31571436, 0.25743738, 0.22245136, 0.45927277, 0.16916843,
       0.1872572 , 0.37892371, 0.39811161, 0.22060704, 0.1560691 ]), array([0.14887522, 0.23040532, 0.31480333, 0.06475082, 0.68351108,
       0.52542078, 0.10225146, 0.1000797 , 0.39955246, 0.79115874]))","['DeepSeekQwen (32B)', 'GPM (8B)', 'EurusPRMStage2_avg_scores (7.62B)', 'QwenPRM_max_scores (7.63B)', 'Qwen72B_scores (72B)', 'QwenPRM_min_scores (7.63B)', 'DeepSeekLlama (70B)', 'SkyT1 (32B)', 'EurusPRMStage1_min_scores (7.62B)', 'ArmorRM (8B)']","[0.8591317369394913, 0.9998300107336524, 0.999709014503669, 0.996357495631477, 0.9998300107336524, 0.9911765333611184, 0.9948006391603835, 0.9726242872421345, 0.9963903177713666, 0.9978883641443028, 0.996357495631477, 0.970452465866522, 0.7851406444557829, 0.9978883641443028, 0.9992917389164475, 0.16554973430392617, 0.612567485242435, 0.9990935111317639, 0.9978883641443028, 0.9990852460386753, 0.9887326350752929, 0.9990852460386753, 0.9978883641443028, 0.7866692088271117, 0.9975287916779288, 0.9798405371878128, 0.8591317369394913, 0.996357495631477, 0.7405664685586955, 0.9726242872421345, 0.9887326350752929, 0.9726242872421345, 0.8949870567027767, 0.9975596948812158, 0.9975596948812158, 0.9911765333611184, 0.9995401906929626, 0.9993216032745891, 0.956478693239877, 0.9978883641443028, 0.9998300107336524, 0.9912556307646371, 0.8188822597664952, 0.14273626238709902, 0.9887326350752929, 0.8970972984984106, 0.9389219539528713, 0.8405588237758577, 0.956478693239877, 0.9976971741489707, 0.9726242872421345, 0.956478693239877, 0.9992917389164475, 0.9978883641443028, 0.9726242872421345, 0.999709014503669, 0.9999506039552563, 0.7405664685586955, 0.9887326350752929, 0.9500275114741191, 0.9998300107336524, 0.9978883641443028, 0.9998300107336524, 0.7405664685586955, 0.9978883641443028, 0.9986927379328185, 0.9978883641443028, 0.9986927379328185, 0.9418440007124854, 8.898262645476882e-05, 0.9887326350752929, 0.9887326350752929, 0.9978883641443028, 0.9726242872421345, 0.2264681780248241, 0.9869974748991456, 0.7405664685586955, 0.9948006391603835, 0.9993216032745891, 0.9978883641443028, 0.9869974748991456, 0.8694110351682239, 0.9656756247266859, 0.9999271074839702, 0.9887326350752929, 0.21208330066457715, 0.9996075805163429, 0.991621502577884, 0.9726242872421345, 0.9930630494925257, 0.9990852460386753, 0.9990852460386753, 0.9978883641443028, 0.8970972984984106, 0.9990113284552834, 0.9990852460386753, 0.9839692430740071, 0.9990852460386753, 0.9993216032745891, 0.17373597580252967]",22,train,9
0.56,11,45,44,0,100,84,1,1,1,0,0,0,84,1,1,1,0,0,0,"(array([0.86250246, 0.78085184, 0.69724172, 0.94542587, 0.32659504,
       0.48624492, 0.90876317, 0.910698  , 0.61244988, 0.21727483]), array([0.67826307, 0.73855346, 0.77326161, 0.53127474, 0.82572609,
       0.80793017, 0.6134519 , 0.59394127, 0.77504885, 0.8386333 ]), array([0.31571436, 0.25743738, 0.22245136, 0.45927277, 0.16916843,
       0.1872572 , 0.37892371, 0.39811161, 0.22060704, 0.1560691 ]), array([0.14887522, 0.23040532, 0.31480333, 0.06475082, 0.68351108,
       0.52542078, 0.10225146, 0.1000797 , 0.39955246, 0.79115874]))","['DeepSeekQwen (32B)', 'GPM (8B)', 'EurusPRMStage2_avg_scores (7.62B)', 'QwenPRM_max_scores (7.63B)', 'Qwen72B_scores (72B)', 'QwenPRM_min_scores (7.63B)', 'DeepSeekLlama (70B)', 'SkyT1 (32B)', 'EurusPRMStage1_min_scores (7.62B)', 'ArmorRM (8B)']","[0.5165348492151942, 0.09900771585819801, 0.9798405371878128, 0.014403242543684521, 0.9300586298256838, 0.019997185279398106, 0.5165348492151942, 0.7117554840434658, 0.9389219539528713, 0.019997185279398106, 0.09900771585819801, 0.9500275114741191, 0.16554973430392617, 0.01160982814885782, 0.029231963415025285, 0.20253307818334862, 0.01160982814885782, 0.956478693239877, 0.6043423529261662, 0.9993216032745891, 0.7851406444557829, 0.9389219539528713, 0.01160982814885782, 0.30495903630280685, 0.019997185279398106, 0.6043423529261662, 0.612567485242435, 0.612567485242435, 0.8916064784296373, 0.9990852460386753, 0.7405664685586955, 0.8591317369394913, 0.7117554840434658, 0.9389219539528713, 0.1275497937189713, 0.9990852460386753, 0.996357495631477, 0.22696165519382763, 0.9656756247266859, 0.7405664685586955, 0.3685847236489268, 0.20253307818334862, 0.01160982814885782, 0.9911765333611184, 0.9903268719608423, 0.970452465866522, 0.951511698585095, 0.7117554840434658, 0.7117554840434658, 0.09900771585819801, 0.5165348492151942, 0.1357706764342008, 0.5165348492151942, 0.12589672844267766, 0.014403242543684521, 0.9300586298256838, 0.6043423529261662, 0.019997185279398106, 0.5374311798752852, 0.16554973430392617, 0.16554973430392617, 0.9993216032745891, 0.5165348492151942, 0.7851406444557829, 0.8997015800837894, 0.10113278871500905, 0.8916064784296373, 0.16554973430392617, 0.9993216032745891, 0.16554973430392617, 0.8452253981230444, 0.16554973430392617, 0.16554973430392617, 0.3275102520809115, 0.2264681780248241, 0.9389219539528713, 0.956478693239877, 0.014403242543684521, 0.14457386560958146, 0.07533697446571629, 0.8916064784296373, 0.16554973430392617, 0.09900771585819801, 0.0012066644706586957, 0.9998300107336524, 0.16554973430392617, 0.5165348492151942, 0.5165348492151942, 0.996357495631477, 0.019997185279398106, 0.014403242543684521, 0.0015007980155310895, 0.9726242872421345, 0.9993216032745891, 0.20164334031067246, 0.014403242543684521, 0.16554973430392617, 0.9815142413355656, 0.9983496939047539, 0.9975596948812158]",23,train,1
1.0,100,0,0,0,100,10,1,1,1,0,0,0,10,1,1,1,0,0,0,"(array([0.86250246, 0.78085184, 0.69724172, 0.94542587, 0.32659504,
       0.48624492, 0.90876317, 0.910698  , 0.61244988, 0.21727483]), array([0.67826307, 0.73855346, 0.77326161, 0.53127474, 0.82572609,
       0.80793017, 0.6134519 , 0.59394127, 0.77504885, 0.8386333 ]), array([0.31571436, 0.25743738, 0.22245136, 0.45927277, 0.16916843,
       0.1872572 , 0.37892371, 0.39811161, 0.22060704, 0.1560691 ]), array([0.14887522, 0.23040532, 0.31480333, 0.06475082, 0.68351108,
       0.52542078, 0.10225146, 0.1000797 , 0.39955246, 0.79115874]))","['DeepSeekQwen (32B)', 'GPM (8B)', 'EurusPRMStage2_avg_scores (7.62B)', 'QwenPRM_max_scores (7.63B)', 'Qwen72B_scores (72B)', 'QwenPRM_min_scores (7.63B)', 'DeepSeekLlama (70B)', 'SkyT1 (32B)', 'EurusPRMStage1_min_scores (7.62B)', 'ArmorRM (8B)']","[0.9656756247266859, 0.9990852460386753, 0.9934429591940422, 0.996357495631477, 0.9983496939047539, 0.9934429591940422, 0.7563472808998581, 0.9527158794794369, 0.9908680960508583, 0.9995401906929626, 0.9999271074839702, 0.9726242872421345, 0.9948006391603835, 0.9975287916779288, 0.9995401906929626, 0.9998300107336524, 0.9998300107336524, 0.9975287916779288, 0.9948006391603835, 0.9993216032745891, 0.998434965418073, 0.9742079140240464, 0.9930001856889975, 0.9993216032745891, 0.9656756247266859, 0.996357495631477, 0.9998300107336524, 0.9726242872421345, 0.9993216032745891, 0.9993216032745891, 0.996357495631477, 0.9764801884306815, 0.9964707899680065, 0.9993216032745891, 0.9984837416764633, 0.9516414005896213, 0.9993799432896527, 0.9996075805163429, 0.996357495631477, 0.9975287916779288, 0.9948006391603835, 0.9964707899680065, 0.954124077461727, 0.9998300107336524, 0.9993216032745891, 0.9934429591940422, 0.9726242872421345, 0.9998300107336524, 0.9934429591940422, 0.996357495631477, 0.9948006391603835, 0.9948006391603835, 0.9995401906929626, 0.9993216032745891, 0.9998300107336524, 0.9993216032745891, 0.9993799432896527, 0.9656756247266859, 0.996357495631477, 0.9975287916779288, 0.9516414005896213, 0.9886640514048068, 0.9656756247266859, 0.9990852460386753, 0.9955472750658987, 0.9948006391603835, 0.9975287916779288, 0.9911765333611184, 0.996357495631477, 0.9726242872421345, 0.9991137734780798, 0.9726242872421345, 0.9764801884306815, 0.9975287916779288, 0.9993216032745891, 0.9934429591940422, 0.9993216032745891, 0.9934429591940422, 0.9966796564963097, 0.9914495904352215, 0.9998300107336524, 0.9948006391603835, 0.9975287916779288, 0.9995401906929626, 0.9955472750658987, 0.9964707899680065, 0.996357495631477, 0.9934429591940422, 0.9937935864759192, 0.9975287916779288, 0.9934429591940422, 0.9418440007124854, 0.996357495631477, 0.9988810913379145, 0.9993216032745891, 0.9940038109714866, 0.9656756247266859, 0.988075783612557, 0.9726242872421345, 0.9998848021621576]",24,train,9
0.5,29,21,4,46,100,0,1,1,1,0,0,0,46,0,1,0,1,0,0,"(array([0.86250246, 0.78085184, 0.69724172, 0.94542587, 0.32659504,
       0.48624492, 0.90876317, 0.910698  , 0.61244988, 0.21727483]), array([0.67826307, 0.73855346, 0.77326161, 0.53127474, 0.82572609,
       0.80793017, 0.6134519 , 0.59394127, 0.77504885, 0.8386333 ]), array([0.31571436, 0.25743738, 0.22245136, 0.45927277, 0.16916843,
       0.1872572 , 0.37892371, 0.39811161, 0.22060704, 0.1560691 ]), array([0.14887522, 0.23040532, 0.31480333, 0.06475082, 0.68351108,
       0.52542078, 0.10225146, 0.1000797 , 0.39955246, 0.79115874]))","['DeepSeekQwen (32B)', 'GPM (8B)', 'EurusPRMStage2_avg_scores (7.62B)', 'QwenPRM_max_scores (7.63B)', 'Qwen72B_scores (72B)', 'QwenPRM_min_scores (7.63B)', 'DeepSeekLlama (70B)', 'SkyT1 (32B)', 'EurusPRMStage1_min_scores (7.62B)', 'ArmorRM (8B)']","[0.9948006391603835, 0.05866264951150054, 0.9656756247266859, 0.0068481905035936465, 0.8970972984984106, 0.0064639936700508095, 0.10113278871500905, 0.13415908791784262, 0.1357706764342008, 0.6181528651891809, 0.0068481905035936465, 0.0064639936700508095, 0.012296089885300189, 0.9337463451518772, 0.012296089885300189, 0.01160982814885782, 0.5310319158663896, 0.45487068771963285, 0.0015007980155310895, 0.0012787865136813681, 0.612567485242435, 0.0068481905035936465, 0.3275102520809115, 0.04770085279511418, 0.0012787865136813681, 0.0064639936700508095, 0.05949299459372461, 0.07295705319831121, 0.6181528651891809, 0.4727565084116691, 0.991621502577884, 0.13415908791784262, 0.34043785025794626, 0.06282972834290039, 0.06282972834290039, 0.0015007980155310895, 0.4727565084116691, 0.5310319158663896, 0.0874633317873465, 0.17373597580252967, 0.021168608907542897, 0.8970972984984106, 0.008029338631166952, 0.5310319158663896, 0.008029338631166952, 0.6181528651891809, 8.898262645476882e-05, 0.019997185279398106, 0.14457386560958146, 0.019997185279398106, 0.008029338631166952, 0.14273626238709902, 0.09900771585819801, 0.4727565084116691, 0.47648132254062114, 0.14273626238709902, 0.09900771585819801, 8.898262645476882e-05, 0.6181528651891809, 0.06282972834290039, 0.49482464593306025, 0.012296089885300189, 0.5310319158663896, 0.05866264951150054, 0.4727565084116691, 0.0015007980155310895, 0.8751135624739672, 0.9908680960508583, 0.8970972984984106, 0.0874633317873465, 0.008029338631166952, 0.015686603049707776, 0.9240864517381324, 0.5654433583404956, 0.17373597580252967, 0.004637862713186065, 0.6043423529261662, 0.5310319158663896, 0.9516414005896213, 0.6181528651891809, 0.991621502577884, 0.5165348492151942, 0.06282972834290039, 0.012296089885300189, 0.6043423529261662, 0.07295705319831121, 0.06282972834290039, 0.9389219539528713, 0.5310319158663896, 0.014403242543684521, 0.4727565084116691, 0.991621502577884, 0.0012787865136813681, 0.3772972555948376, 0.06282972834290039, 0.0012066644706586957, 0.8970972984984106, 0.0012787865136813681, 0.8970972984984106, 0.991621502577884]",25,train,7
0.86,60,26,14,0,100,69,1,1,1,0,0,0,69,1,1,1,0,0,0,"(array([0.86250246, 0.78085184, 0.69724172, 0.94542587, 0.32659504,
       0.48624492, 0.90876317, 0.910698  , 0.61244988, 0.21727483]), array([0.67826307, 0.73855346, 0.77326161, 0.53127474, 0.82572609,
       0.80793017, 0.6134519 , 0.59394127, 0.77504885, 0.8386333 ]), array([0.31571436, 0.25743738, 0.22245136, 0.45927277, 0.16916843,
       0.1872572 , 0.37892371, 0.39811161, 0.22060704, 0.1560691 ]), array([0.14887522, 0.23040532, 0.31480333, 0.06475082, 0.68351108,
       0.52542078, 0.10225146, 0.1000797 , 0.39955246, 0.79115874]))","['DeepSeekQwen (32B)', 'GPM (8B)', 'EurusPRMStage2_avg_scores (7.62B)', 'QwenPRM_max_scores (7.63B)', 'Qwen72B_scores (72B)', 'QwenPRM_min_scores (7.63B)', 'DeepSeekLlama (70B)', 'SkyT1 (32B)', 'EurusPRMStage1_min_scores (7.62B)', 'ArmorRM (8B)']","[0.1275497937189713, 0.998434965418073, 0.16554973430392617, 0.7405664685586955, 0.9934429591940422, 0.9704753536547688, 0.7405664685586955, 0.7117554840434658, 0.5165348492151942, 0.9656756247266859, 0.9656756247266859, 0.9993216032745891, 0.9188842189987957, 0.9993216032745891, 0.16554973430392617, 0.019997185279398106, 0.16554973430392617, 0.6043423529261662, 0.9993216032745891, 0.01160982814885782, 0.9704753536547688, 0.1275497937189713, 0.9993216032745891, 0.9977640554692124, 0.9934429591940422, 0.988075783612557, 0.05481451238208818, 0.9993216032745891, 0.988075783612557, 0.16554973430392617, 0.16554973430392617, 0.8592283464383342, 0.5165348492151942, 0.9993216032745891, 0.16554973430392617, 0.9726242872421345, 0.019997185279398106, 0.988075783612557, 0.9934429591940422, 0.9993216032745891, 0.9993216032745891, 0.16554973430392617, 0.7117554840434658, 0.9977640554692124, 0.8949870567027767, 0.9993216032745891, 0.996357495631477, 0.014813950227133056, 0.9726242872421345, 0.9726242872421345, 0.9786764844299467, 0.01160982814885782, 0.996357495631477, 0.7117554840434658, 0.9726242872421345, 0.9977640554692124, 0.16554973430392617, 0.988075783612557, 0.16554973430392617, 0.01160982814885782, 0.9971780006672345, 0.9993216032745891, 0.019997185279398106, 0.7117554840434658, 0.0008644795997324827, 0.9960640278793439, 0.9993216032745891, 0.01160982814885782, 0.5654433583404956, 0.999709014503669, 0.9726242872421345, 0.16554973430392617, 0.9948006391603835, 0.7117554840434658, 0.9886640514048068, 0.9995401906929626, 0.16554973430392617, 0.9993216032745891, 0.7117554840434658, 0.9977640554692124, 0.9995401906929626, 0.9977640554692124, 0.9993216032745891, 0.9993216032745891, 0.9934429591940422, 0.999709014503669, 0.996357495631477, 0.9948006391603835, 0.0012066644706586957, 0.9656756247266859, 0.8949870567027767, 0.9704753536547688, 0.7117554840434658, 0.9934429591940422, 0.9908680960508583, 0.1538957488112676, 0.16554973430392617, 0.996357495631477, 0.7235318982677899, 0.9993216032745891]",26,train,5
1.0,100,0,0,0,100,10,1,1,1,0,0,0,10,1,1,1,0,0,0,"(array([0.86250246, 0.78085184, 0.69724172, 0.94542587, 0.32659504,
       0.48624492, 0.90876317, 0.910698  , 0.61244988, 0.21727483]), array([0.67826307, 0.73855346, 0.77326161, 0.53127474, 0.82572609,
       0.80793017, 0.6134519 , 0.59394127, 0.77504885, 0.8386333 ]), array([0.31571436, 0.25743738, 0.22245136, 0.45927277, 0.16916843,
       0.1872572 , 0.37892371, 0.39811161, 0.22060704, 0.1560691 ]), array([0.14887522, 0.23040532, 0.31480333, 0.06475082, 0.68351108,
       0.52542078, 0.10225146, 0.1000797 , 0.39955246, 0.79115874]))","['DeepSeekQwen (32B)', 'GPM (8B)', 'EurusPRMStage2_avg_scores (7.62B)', 'QwenPRM_max_scores (7.63B)', 'Qwen72B_scores (72B)', 'QwenPRM_min_scores (7.63B)', 'DeepSeekLlama (70B)', 'SkyT1 (32B)', 'EurusPRMStage1_min_scores (7.62B)', 'ArmorRM (8B)']","[0.9976971741489707, 0.9990852460386753, 0.9930001856889975, 0.9726242872421345, 0.9983496939047539, 0.9847711286230684, 0.9993216032745891, 0.9983496939047539, 0.9993216032745891, 0.9527158794794369, 0.9998300107336524, 0.9418440007124854, 0.9998300107336524, 0.9998300107336524, 0.9990852460386753, 0.9998300107336524, 0.9911765333611184, 0.9726242872421345, 0.9998300107336524, 0.9911765333611184, 0.9911765333611184, 0.9990852460386753, 0.9998300107336524, 0.9978883641443028, 0.9998300107336524, 0.9998300107336524, 0.9986927379328185, 0.9998300107336524, 0.9990852460386753, 0.9911765333611184, 0.9983496939047539, 0.9998300107336524, 0.9993216032745891, 0.9911765333611184, 0.6248646523289008, 0.9990852460386753, 0.9998300107336524, 0.9983496939047539, 0.9998300107336524, 0.9998300107336524, 0.9911765333611184, 0.9998300107336524, 0.9930001856889975, 0.9998300107336524, 0.9656756247266859, 0.9964707899680065, 0.9998300107336524, 0.996357495631477, 0.9983496939047539, 0.9993216032745891, 0.9847711286230684, 0.9998300107336524, 0.9998300107336524, 0.9998300107336524, 0.9998300107336524, 0.9998300107336524, 0.996357495631477, 0.9990852460386753, 0.9986927379328185, 0.9998300107336524, 0.9998300107336524, 0.9983496939047539, 0.9998300107336524, 0.9998300107336524, 0.9990852460386753, 0.9986927379328185, 0.9998300107336524, 0.9847711286230684, 0.9990852460386753, 0.9998300107336524, 0.9986927379328185, 0.9983496939047539, 0.9998300107336524, 0.9998300107336524, 0.9874331922061624, 0.9993216032745891, 0.9998300107336524, 0.9998300107336524, 0.9911765333611184, 0.9983496939047539, 0.9992917389164475, 0.9986927379328185, 0.9986927379328185, 0.9998300107336524, 0.9998300107336524, 0.9983496939047539, 0.9728385321513016, 0.9998300107336524, 0.9998300107336524, 0.9990852460386753, 0.9998300107336524, 0.9877226736735475, 0.9992917389164475, 0.9986927379328185, 0.9998300107336524, 0.9998300107336524, 0.9908680960508583, 0.9986927379328185, 0.9998300107336524, 0.9993216032745891]",27,train,9
0.87,41,46,12,1,100,23,1,1,1,0,0,0,23,1,1,1,0,0,0,"(array([0.86250246, 0.78085184, 0.69724172, 0.94542587, 0.32659504,
       0.48624492, 0.90876317, 0.910698  , 0.61244988, 0.21727483]), array([0.67826307, 0.73855346, 0.77326161, 0.53127474, 0.82572609,
       0.80793017, 0.6134519 , 0.59394127, 0.77504885, 0.8386333 ]), array([0.31571436, 0.25743738, 0.22245136, 0.45927277, 0.16916843,
       0.1872572 , 0.37892371, 0.39811161, 0.22060704, 0.1560691 ]), array([0.14887522, 0.23040532, 0.31480333, 0.06475082, 0.68351108,
       0.52542078, 0.10225146, 0.1000797 , 0.39955246, 0.79115874]))","['DeepSeekQwen (32B)', 'GPM (8B)', 'EurusPRMStage2_avg_scores (7.62B)', 'QwenPRM_max_scores (7.63B)', 'Qwen72B_scores (72B)', 'QwenPRM_min_scores (7.63B)', 'DeepSeekLlama (70B)', 'SkyT1 (32B)', 'EurusPRMStage1_min_scores (7.62B)', 'ArmorRM (8B)']","[0.9971780006672345, 0.996357495631477, 0.9849885779821612, 0.6616276205231494, 0.9527158794794369, 0.5165348492151942, 0.019997185279398106, 0.011439660706631646, 0.4582956464785147, 0.019997185279398106, 0.018363977403817528, 0.6043423529261662, 0.7235318982677899, 0.10113278871500905, 0.0012066644706586957, 0.1357706764342008, 0.09900771585819801, 0.9948006391603835, 0.09900771585819801, 0.9849885779821612, 0.011439660706631646, 0.17787010929705244, 0.996357495631477, 0.999709014503669, 0.019997185279398106, 0.8916064784296373, 0.1357706764342008, 0.4582956464785147, 0.019997185279398106, 0.7117554840434658, 0.7943238327853998, 0.1357706764342008, 0.9977640554692124, 0.16554973430392617, 0.019997185279398106, 0.9993216032745891, 0.0012066644706586957, 0.12589672844267766, 0.9849885779821612, 0.1357706764342008, 0.988075783612557, 0.7235318982677899, 0.011439660706631646, 0.6777864169642576, 0.4582956464785147, 0.5165348492151942, 0.019997185279398106, 0.996357495631477, 0.019997185279398106, 0.9977640554692124, 0.019997185279398106, 0.17787010929705244, 0.6043423529261662, 0.998434965418073, 0.9418440007124854, 0.999709014503669, 0.8916064784296373, 0.9300586298256838, 0.9726242872421345, 0.1357706764342008, 0.9742079140240464, 0.014403242543684521, 0.4582956464785147, 0.9993216032745891, 0.5165348492151942, 0.0012066644706586957, 0.988075783612557, 0.9971780006672345, 0.4582956464785147, 0.9971780006672345, 0.9527158794794369, 0.0015007980155310895, 0.019997185279398106, 0.9337463451518772, 0.988075783612557, 0.998434965418073, 0.4582956464785147, 0.0012066644706586957, 0.019997185279398106, 0.0012066644706586957, 0.996357495631477, 0.9808638475411564, 0.9996075805163429, 0.019997185279398106, 0.1357706764342008, 0.583394976277202, 0.9993216032745891, 0.7851406444557829, 0.019997185279398106, 0.9934429591940422, 0.9993216032745891, 0.05949299459372461, 0.999709014503669, 0.9993216032745891, 0.996357495631477, 0.019997185279398106, 0.01160982814885782, 0.7851406444557829, 0.09900771585819801, 0.1357706764342008]",28,train,4
0.98,98,0,2,0,100,2,1,1,1,0,0,0,2,1,1,1,0,0,0,"(array([0.86250246, 0.78085184, 0.69724172, 0.94542587, 0.32659504,
       0.48624492, 0.90876317, 0.910698  , 0.61244988, 0.21727483]), array([0.67826307, 0.73855346, 0.77326161, 0.53127474, 0.82572609,
       0.80793017, 0.6134519 , 0.59394127, 0.77504885, 0.8386333 ]), array([0.31571436, 0.25743738, 0.22245136, 0.45927277, 0.16916843,
       0.1872572 , 0.37892371, 0.39811161, 0.22060704, 0.1560691 ]), array([0.14887522, 0.23040532, 0.31480333, 0.06475082, 0.68351108,
       0.52542078, 0.10225146, 0.1000797 , 0.39955246, 0.79115874]))","['DeepSeekQwen (32B)', 'GPM (8B)', 'EurusPRMStage2_avg_scores (7.62B)', 'QwenPRM_max_scores (7.63B)', 'Qwen72B_scores (72B)', 'QwenPRM_min_scores (7.63B)', 'DeepSeekLlama (70B)', 'SkyT1 (32B)', 'EurusPRMStage1_min_scores (7.62B)', 'ArmorRM (8B)']","[0.9998300107336524, 0.9995199443603591, 0.9999271074839702, 0.9971780006672345, 0.9999271074839702, 0.9971780006672345, 0.9977640554692124, 0.9993216032745891, 0.9999271074839702, 0.991621502577884, 0.999709014503669, 0.9990113284552834, 0.9993855473369055, 0.9984837416764633, 0.999709014503669, 0.996357495631477, 0.9961976419157365, 0.9996075805163429, 0.9992917389164475, 0.9992917389164475, 0.999709014503669, 0.9992917389164475, 0.9999271074839702, 0.9999271074839702, 0.9630019850842233, 0.5776485553048715, 0.999709014503669, 0.999709014503669, 0.9918884943511236, 0.9374343071167429, 0.996357495631477, 0.9992917389164475, 0.9994390729814316, 0.9992917389164475, 0.999709014503669, 0.9904696407138396, 0.9977640554692124, 0.9742079140240464, 0.999709014503669, 0.9998300107336524, 0.999709014503669, 0.9992917389164475, 0.9966796564963097, 0.999709014503669, 0.999709014503669, 0.9999271074839702, 0.998434965418073, 0.9990113284552834, 0.7235318982677899, 0.9998300107336524, 0.9919532230652852, 0.9992917389164475, 0.999709014503669, 0.9934429591940422, 0.9999271074839702, 0.9132691425106664, 0.998434965418073, 0.7117554840434658, 0.9791634236537679, 0.9998300107336524, 0.9881705743884008, 0.999709014503669, 0.9999271074839702, 0.9993216032745891, 0.8949870567027767, 0.9984837416764633, 0.9999271074839702, 0.9992917389164475, 0.9963903177713666, 0.9996075805163429, 0.9948006391603835, 0.9999271074839702, 0.999709014503669, 0.9995199443603591, 0.9726242872421345, 0.999709014503669, 0.9971780006672345, 0.9993216032745891, 0.9987702669027221, 0.9726242872421345, 0.9881705743884008, 0.9992917389164475, 0.9992917389164475, 0.9906096185614015, 0.9999271074839702, 0.7235318982677899, 0.999709014503669, 0.9996075805163429, 0.612567485242435, 0.999709014503669, 0.9992917389164475, 0.9849885779821612, 0.9977640554692124, 0.999709014503669, 0.9999271074839702, 0.999709014503669, 0.9999271074839702, 0.999709014503669, 0.9726242872421345, 0.9999271074839702]",29,train,9
0.86,82,4,1,13,100,11,1,1,1,0,0,0,52,0,1,0,1,0,0,"(array([0.86250246, 0.78085184, 0.69724172, 0.94542587, 0.32659504,
       0.48624492, 0.90876317, 0.910698  , 0.61244988, 0.21727483]), array([0.67826307, 0.73855346, 0.77326161, 0.53127474, 0.82572609,
       0.80793017, 0.6134519 , 0.59394127, 0.77504885, 0.8386333 ]), array([0.31571436, 0.25743738, 0.22245136, 0.45927277, 0.16916843,
       0.1872572 , 0.37892371, 0.39811161, 0.22060704, 0.1560691 ]), array([0.14887522, 0.23040532, 0.31480333, 0.06475082, 0.68351108,
       0.52542078, 0.10225146, 0.1000797 , 0.39955246, 0.79115874]))","['DeepSeekQwen (32B)', 'GPM (8B)', 'EurusPRMStage2_avg_scores (7.62B)', 'QwenPRM_max_scores (7.63B)', 'Qwen72B_scores (72B)', 'QwenPRM_min_scores (7.63B)', 'DeepSeekLlama (70B)', 'SkyT1 (32B)', 'EurusPRMStage1_min_scores (7.62B)', 'ArmorRM (8B)']","[0.9993216032745891, 0.7235318982677899, 0.9726242872421345, 0.021168608907542897, 0.9990852460386753, 0.9726242872421345, 0.7235318982677899, 0.9993216032745891, 0.9948006391603835, 0.9726242872421345, 0.7235318982677899, 0.9998300107336524, 0.015686603049707776, 0.996357495631477, 0.7235318982677899, 0.22696165519382763, 0.9337463451518772, 0.17373597580252967, 0.17373597580252967, 0.9389219539528713, 0.17373597580252967, 0.7405664685586955, 0.9993216032745891, 0.7405664685586955, 0.9337463451518772, 0.9726242872421345, 0.45487068771963285, 0.9726242872421345, 0.9908680960508583, 0.17373597580252967, 0.021168608907542897, 0.996357495631477, 0.9527158794794369, 0.17373597580252967, 0.17373597580252967, 0.5310319158663896, 0.9726242872421345, 0.9726242872421345, 0.9908680960508583, 0.9948006391603835, 0.6181528651891809, 0.9337463451518772, 0.7235318982677899, 0.996357495631477, 0.9516414005896213, 0.9993216032745891, 0.9337463451518772, 0.9948006391603835, 0.998434965418073, 0.9726242872421345, 0.9726242872421345, 0.7851406444557829, 8.898262645476882e-05, 0.9726242872421345, 0.9726242872421345, 0.9337463451518772, 0.9990852460386753, 0.9188842189987957, 0.9726242872421345, 0.9995401906929626, 0.9726242872421345, 0.7235318982677899, 0.9948006391603835, 0.9908680960508583, 0.693289946015125, 0.9934429591940422, 0.9337463451518772, 0.7235318982677899, 0.9337463451518772, 0.9389219539528713, 0.9726242872421345, 0.612567485242435, 0.9389219539528713, 0.9726242872421345, 0.674515491245005, 0.9993216032745891, 0.9993216032745891, 0.20253307818334862, 0.9726242872421345, 0.996357495631477, 0.7235318982677899, 0.7405664685586955, 0.7405664685586955, 0.5310319158663896, 0.22696165519382763, 0.23681188021054939, 0.9674624347557319, 0.49482464593306025, 0.9726242872421345, 0.991621502577884, 0.9726242872421345, 0.5165348492151942, 0.9726242872421345, 0.7405664685586955, 0.9908680960508583, 0.7235318982677899, 0.9726242872421345, 0.9948006391603835, 0.0015007980155310895, 0.9998300107336524]",30,train,9
1.0,99,1,0,0,100,74,1,1,1,0,0,0,74,1,1,1,0,0,0,"(array([0.86250246, 0.78085184, 0.69724172, 0.94542587, 0.32659504,
       0.48624492, 0.90876317, 0.910698  , 0.61244988, 0.21727483]), array([0.67826307, 0.73855346, 0.77326161, 0.53127474, 0.82572609,
       0.80793017, 0.6134519 , 0.59394127, 0.77504885, 0.8386333 ]), array([0.31571436, 0.25743738, 0.22245136, 0.45927277, 0.16916843,
       0.1872572 , 0.37892371, 0.39811161, 0.22060704, 0.1560691 ]), array([0.14887522, 0.23040532, 0.31480333, 0.06475082, 0.68351108,
       0.52542078, 0.10225146, 0.1000797 , 0.39955246, 0.79115874]))","['DeepSeekQwen (32B)', 'GPM (8B)', 'EurusPRMStage2_avg_scores (7.62B)', 'QwenPRM_max_scores (7.63B)', 'Qwen72B_scores (72B)', 'QwenPRM_min_scores (7.63B)', 'DeepSeekLlama (70B)', 'SkyT1 (32B)', 'EurusPRMStage1_min_scores (7.62B)', 'ArmorRM (8B)']","[0.9656756247266859, 0.9990852460386753, 0.9993216032745891, 0.9948006391603835, 0.9998300107336524, 0.9726242872421345, 0.9986927379328185, 0.9516414005896213, 0.9337463451518772, 0.9990852460386753, 0.9728385321513016, 0.9986927379328185, 0.9961976419157365, 0.996357495631477, 0.9993216032745891, 0.9998300107336524, 0.9656756247266859, 0.0015007980155310895, 0.9993216032745891, 0.9989389346645287, 0.9726242872421345, 0.7235318982677899, 0.9911765333611184, 0.9975287916779288, 0.956478693239877, 0.9726242872421345, 0.9337463451518772, 0.996986676130501, 0.9994390729814316, 0.9948006391603835, 0.9948006391603835, 0.9990852460386753, 0.9337463451518772, 0.996357495631477, 0.9726242872421345, 0.9971780006672345, 0.9911765333611184, 0.9993216032745891, 0.9990852460386753, 0.9993216032745891, 0.9726242872421345, 0.9516414005896213, 0.9516414005896213, 0.7851406444557829, 0.9986927379328185, 0.9998300107336524, 0.9986927379328185, 0.9948006391603835, 0.9948006391603835, 0.9990852460386753, 0.9960640278793439, 0.9934429591940422, 0.9993216032745891, 0.988075783612557, 0.9726242872421345, 0.9516414005896213, 0.9986927379328185, 0.9948006391603835, 0.996357495631477, 0.9994390729814316, 0.9714527280049431, 0.996986676130501, 0.9993216032745891, 0.996357495631477, 0.9930001856889975, 0.996357495631477, 0.9948006391603835, 0.9874331922061624, 0.9993216032745891, 0.9948006391603835, 0.9726242872421345, 0.988075783612557, 0.9812839562002961, 0.9977640554692124, 0.9999271074839702, 0.9993216032745891, 0.7851406444557829, 0.9993216032745891, 0.9990852460386753, 0.9726242872421345, 0.9964707899680065, 0.9948006391603835, 0.9993216032745891, 0.9992917389164475, 0.9996075805163429, 0.9911765333611184, 0.9726242872421345, 0.9911765333611184, 0.996986676130501, 0.9812839562002961, 0.9990852460386753, 0.9961976419157365, 0.6777864169642576, 0.9948006391603835, 0.996357495631477, 0.9948006391603835, 0.9726242872421345, 0.9992917389164475, 0.9726242872421345, 0.9993216032745891]",31,train,9
1.0,100,0,0,0,100,10,1,1,1,0,0,0,10,1,1,1,0,0,0,"(array([0.86250246, 0.78085184, 0.69724172, 0.94542587, 0.32659504,
       0.48624492, 0.90876317, 0.910698  , 0.61244988, 0.21727483]), array([0.67826307, 0.73855346, 0.77326161, 0.53127474, 0.82572609,
       0.80793017, 0.6134519 , 0.59394127, 0.77504885, 0.8386333 ]), array([0.31571436, 0.25743738, 0.22245136, 0.45927277, 0.16916843,
       0.1872572 , 0.37892371, 0.39811161, 0.22060704, 0.1560691 ]), array([0.14887522, 0.23040532, 0.31480333, 0.06475082, 0.68351108,
       0.52542078, 0.10225146, 0.1000797 , 0.39955246, 0.79115874]))","['DeepSeekQwen (32B)', 'GPM (8B)', 'EurusPRMStage2_avg_scores (7.62B)', 'QwenPRM_max_scores (7.63B)', 'Qwen72B_scores (72B)', 'QwenPRM_min_scores (7.63B)', 'DeepSeekLlama (70B)', 'SkyT1 (32B)', 'EurusPRMStage1_min_scores (7.62B)', 'ArmorRM (8B)']","[0.9984837416764633, 0.9994390729814316, 0.8592283464383342, 0.9726242872421345, 0.9435567985949668, 0.7235318982677899, 0.9948006391603835, 0.9726242872421345, 0.9971780006672345, 0.8592283464383342, 0.9999271074839702, 0.9948006391603835, 0.9951078636746474, 0.8949870567027767, 0.9742079140240464, 0.9993216032745891, 0.9999271074839702, 0.9998300107336524, 0.9635305415690083, 0.9543819123063043, 0.9742079140240464, 0.9188842189987957, 0.9948006391603835, 0.6064626494192601, 0.9786764844299467, 0.9971780006672345, 0.988075783612557, 0.9908680960508583, 0.9742079140240464, 0.9786764844299467, 0.9000728902377555, 0.7851406444557829, 0.9726242872421345, 0.9934130925962715, 0.988075783612557, 0.8306813779150628, 0.9948006391603835, 0.9951078636746474, 0.9704753536547688, 0.9994390729814316, 0.9798006704204013, 0.9728385321513016, 0.9543819123063043, 0.9996075805163429, 0.9990852460386753, 0.999709014503669, 0.9993216032745891, 0.9948006391603835, 0.9849885779821612, 0.9934429591940422, 0.9977640554692124, 0.7405664685586955, 0.8997015800837894, 0.999709014503669, 0.9728385321513016, 0.9418440007124854, 0.9951078636746474, 0.9999271074839702, 0.9543819123063043, 0.9934130925962715, 0.9951078636746474, 0.9726242872421345, 0.8592283464383342, 0.9948006391603835, 0.9971780006672345, 0.9977640554692124, 0.9977640554692124, 0.9977640554692124, 0.9977640554692124, 0.9418440007124854, 0.9934130925962715, 0.7235318982677899, 0.9993216032745891, 0.9543819123063043, 0.9656756247266859, 0.9791634236537679, 0.9726242872421345, 0.9999271074839702, 0.9998300107336524, 0.8949870567027767, 0.9948006391603835, 0.9987702669027221, 0.9977640554692124, 0.9948006391603835, 0.9516414005896213, 0.9728385321513016, 0.9389219539528713, 0.9742079140240464, 0.9983496939047539, 0.9742079140240464, 0.9995401906929626, 0.988075783612557, 0.9948006391603835, 0.9993216032745891, 0.9948006391603835, 0.988075783612557, 0.9987702669027221, 0.9849885779821612, 0.998434965418073, 0.9188842189987957]",32,train,9
1.0,100,0,0,0,100,5,1,1,1,0,0,0,5,1,1,1,0,0,0,"(array([0.86250246, 0.78085184, 0.69724172, 0.94542587, 0.32659504,
       0.48624492, 0.90876317, 0.910698  , 0.61244988, 0.21727483]), array([0.67826307, 0.73855346, 0.77326161, 0.53127474, 0.82572609,
       0.80793017, 0.6134519 , 0.59394127, 0.77504885, 0.8386333 ]), array([0.31571436, 0.25743738, 0.22245136, 0.45927277, 0.16916843,
       0.1872572 , 0.37892371, 0.39811161, 0.22060704, 0.1560691 ]), array([0.14887522, 0.23040532, 0.31480333, 0.06475082, 0.68351108,
       0.52542078, 0.10225146, 0.1000797 , 0.39955246, 0.79115874]))","['DeepSeekQwen (32B)', 'GPM (8B)', 'EurusPRMStage2_avg_scores (7.62B)', 'QwenPRM_max_scores (7.63B)', 'Qwen72B_scores (72B)', 'QwenPRM_min_scores (7.63B)', 'DeepSeekLlama (70B)', 'SkyT1 (32B)', 'EurusPRMStage1_min_scores (7.62B)', 'ArmorRM (8B)']","[0.9726242872421345, 0.9786764844299467, 0.9993216032745891, 0.9993216032745891, 0.9726242872421345, 0.9999271074839702, 0.9825398502568677, 0.9726242872421345, 0.9998300107336524, 0.9726242872421345, 0.9993216032745891, 0.9911765333611184, 0.9948006391603835, 0.9999271074839702, 0.9990852460386753, 0.9667113462563549, 0.9948006391603835, 0.9964707899680065, 0.9908680960508583, 0.9998300107336524, 0.9656756247266859, 0.9993216032745891, 0.9986927379328185, 0.9990852460386753, 0.996357495631477, 0.9971780006672345, 0.9998300107336524, 0.9983496939047539, 0.9999271074839702, 0.996357495631477, 0.9964707899680065, 0.9998300107336524, 0.988075783612557, 0.9998300107336524, 0.9948006391603835, 0.9948006391603835, 0.988075783612557, 0.9990852460386753, 0.9914495904352215, 0.9992917389164475, 0.9993216032745891, 0.9998300107336524, 0.9188842189987957, 0.9948006391603835, 0.9983496939047539, 0.9983496939047539, 0.9934429591940422, 0.9998300107336524, 0.9993216032745891, 0.9983496939047539, 0.9993216032745891, 0.9911765333611184, 0.9993216032745891, 0.9998300107336524, 0.9998300107336524, 0.9984837416764633, 0.9993216032745891, 0.9849885779821612, 0.988075783612557, 0.988075783612557, 0.9998300107336524, 0.9948006391603835, 0.9998300107336524, 0.996357495631477, 0.9726242872421345, 0.9983496939047539, 0.9983496939047539, 0.9930001856889975, 0.9993216032745891, 0.9240864517381324, 0.9945728339272234, 0.9983496939047539, 0.9812839562002961, 0.9337463451518772, 0.9993216032745891, 0.9948006391603835, 0.9998300107336524, 0.9948006391603835, 0.9990852460386753, 0.9993216032745891, 0.9948006391603835, 0.9726242872421345, 0.9998300107336524, 0.9992917389164475, 0.9990852460386753, 0.9812839562002961, 0.996357495631477, 0.9948006391603835, 0.9948006391603835, 0.9998300107336524, 0.9993216032745891, 0.9999271074839702, 0.9999271074839702, 0.9993216032745891, 0.9874331922061624, 0.9990852460386753, 0.9999271074839702, 0.9986927379328185, 0.9998300107336524, 0.9993216032745891]",33,train,9
0.95,0,95,5,0,100,3,0,0,0,0,1,0,14,0,1,0,1,0,0,"(array([0.86250246, 0.78085184, 0.69724172, 0.94542587, 0.32659504,
       0.48624492, 0.90876317, 0.910698  , 0.61244988, 0.21727483]), array([0.67826307, 0.73855346, 0.77326161, 0.53127474, 0.82572609,
       0.80793017, 0.6134519 , 0.59394127, 0.77504885, 0.8386333 ]), array([0.31571436, 0.25743738, 0.22245136, 0.45927277, 0.16916843,
       0.1872572 , 0.37892371, 0.39811161, 0.22060704, 0.1560691 ]), array([0.14887522, 0.23040532, 0.31480333, 0.06475082, 0.68351108,
       0.52542078, 0.10225146, 0.1000797 , 0.39955246, 0.79115874]))","['DeepSeekQwen (32B)', 'GPM (8B)', 'EurusPRMStage2_avg_scores (7.62B)', 'QwenPRM_max_scores (7.63B)', 'Qwen72B_scores (72B)', 'QwenPRM_min_scores (7.63B)', 'DeepSeekLlama (70B)', 'SkyT1 (32B)', 'EurusPRMStage1_min_scores (7.62B)', 'ArmorRM (8B)']","[0.09900771585819801, 0.019997185279398106, 0.019997185279398106, 0.8916064784296373, 0.22696165519382763, 0.0064639936700508095, 0.017085842013869156, 0.22696165519382763, 0.09900771585819801, 0.008029338631166952, 0.09900771585819801, 0.00047900738464920267, 0.0015007980155310895, 0.019997185279398106, 8.898262645476882e-05, 0.014403242543684521, 0.7405664685586955, 0.014403242543684521, 0.019997185279398106, 0.0015007980155310895, 0.019997185279398106, 0.008029338631166952, 0.0015007980155310895, 0.019997185279398106, 0.16554973430392617, 0.16554973430392617, 0.09900771585819801, 0.0015007980155310895, 0.008029338631166952, 0.008029338631166952, 8.898262645476882e-05, 0.019997185279398106, 8.898262645476882e-05, 0.014813950227133056, 0.0068481905035936465, 0.019997185279398106, 0.0012066644706586957, 0.004637862713186065, 0.09900771585819801, 8.898262645476882e-05, 8.898262645476882e-05, 0.07295705319831121, 0.0068481905035936465, 0.006617323533471322, 8.898262645476882e-05, 0.0012066644706586957, 0.0012787865136813681, 0.008029338631166952, 8.898262645476882e-05, 8.898262645476882e-05, 0.008029338631166952, 0.07295705319831121, 0.004637862713186065, 0.0064639936700508095, 0.008029338631166952, 0.04770085279511418, 0.009215639311300554, 0.019997185279398106, 0.0064639936700508095, 0.017085842013869156, 0.0008644795997324827, 0.09900771585819801, 0.10431486908251382, 0.1357706764342008, 0.008029338631166952, 0.00047900738464920267, 0.16554973430392617, 0.47648132254062114, 0.00047900738464920267, 8.898262645476882e-05, 0.0012066644706586957, 0.014403242543684521, 0.019997185279398106, 0.014403242543684521, 0.008029338631166952, 0.00047900738464920267, 0.002213162312024128, 8.898262645476882e-05, 0.5165348492151942, 0.008029338631166952, 0.08559813830976264, 0.008029338631166952, 0.019997185279398106, 0.019997185279398106, 0.5165348492151942, 0.10431486908251382, 0.0015007980155310895, 0.16554973430392617, 0.16554973430392617, 0.017085842013869156, 0.5165348492151942, 0.16554973430392617, 0.09900771585819801, 0.07295705319831121, 0.004637862713186065, 0.014403242543684521, 0.014403242543684521, 0.0064639936700508095, 8.898262645476882e-05, 0.07295705319831121]",34,train,0
0.99,93,6,1,0,100,23,1,1,1,0,0,0,23,1,1,1,0,0,0,"(array([0.86250246, 0.78085184, 0.69724172, 0.94542587, 0.32659504,
       0.48624492, 0.90876317, 0.910698  , 0.61244988, 0.21727483]), array([0.67826307, 0.73855346, 0.77326161, 0.53127474, 0.82572609,
       0.80793017, 0.6134519 , 0.59394127, 0.77504885, 0.8386333 ]), array([0.31571436, 0.25743738, 0.22245136, 0.45927277, 0.16916843,
       0.1872572 , 0.37892371, 0.39811161, 0.22060704, 0.1560691 ]), array([0.14887522, 0.23040532, 0.31480333, 0.06475082, 0.68351108,
       0.52542078, 0.10225146, 0.1000797 , 0.39955246, 0.79115874]))","['DeepSeekQwen (32B)', 'GPM (8B)', 'EurusPRMStage2_avg_scores (7.62B)', 'QwenPRM_max_scores (7.63B)', 'Qwen72B_scores (72B)', 'QwenPRM_min_scores (7.63B)', 'DeepSeekLlama (70B)', 'SkyT1 (32B)', 'EurusPRMStage1_min_scores (7.62B)', 'ArmorRM (8B)']","[0.014403242543684521, 0.9990852460386753, 0.9990852460386753, 0.9986927379328185, 0.9990852460386753, 0.9990852460386753, 0.9998300107336524, 0.9990852460386753, 0.9990852460386753, 0.9990852460386753, 0.9996075805163429, 0.9990852460386753, 0.9726242872421345, 0.9911765333611184, 0.9990852460386753, 0.9983496939047539, 0.996357495631477, 0.9983496939047539, 0.9911765333611184, 0.6181528651891809, 0.9911765333611184, 0.9983496939047539, 0.9911765333611184, 0.9998848021621576, 0.9990852460386753, 0.9993799432896527, 0.9911765333611184, 0.9911765333611184, 0.9990852460386753, 0.9911765333611184, 0.9998300107336524, 0.9990852460386753, 0.9995401906929626, 0.9998300107336524, 0.9998300107336524, 0.9911765333611184, 0.9990852460386753, 0.9998300107336524, 0.8921781360123957, 0.9990852460386753, 0.988075783612557, 0.9990852460386753, 0.9990852460386753, 0.9990852460386753, 0.9990852460386753, 0.9983496939047539, 0.9911765333611184, 0.9998300107336524, 0.9998300107336524, 0.9993799432896527, 0.9990852460386753, 0.0008644795997324827, 0.9993216032745891, 0.9993799432896527, 0.9990852460386753, 0.9930001856889975, 0.9976971741489707, 0.996357495631477, 0.9847711286230684, 0.014403242543684521, 0.996357495631477, 0.9930001856889975, 0.9990852460386753, 0.9983496939047539, 0.9911765333611184, 0.9986927379328185, 0.9983496939047539, 0.9990852460386753, 0.996357495631477, 0.9983496939047539, 0.9990852460386753, 0.9656756247266859, 0.9930001856889975, 0.9990852460386753, 0.9993216032745891, 0.0008644795997324827, 0.014403242543684521, 0.9934429591940422, 0.996357495631477, 0.9993799432896527, 0.9990852460386753, 0.9990852460386753, 0.9983496939047539, 0.9990852460386753, 0.9993216032745891, 0.996357495631477, 0.9764801884306815, 0.9930001856889975, 0.9990852460386753, 0.9948006391603835, 0.9993799432896527, 0.9911765333611184, 0.956478693239877, 0.9990852460386753, 0.9998300107336524, 0.014403242543684521, 0.9911765333611184, 0.9990852460386753, 0.9911765333611184, 0.9990852460386753]",35,train,9
0.99,86,13,1,0,100,7,1,1,1,0,0,0,7,1,1,1,0,0,0,"(array([0.86250246, 0.78085184, 0.69724172, 0.94542587, 0.32659504,
       0.48624492, 0.90876317, 0.910698  , 0.61244988, 0.21727483]), array([0.67826307, 0.73855346, 0.77326161, 0.53127474, 0.82572609,
       0.80793017, 0.6134519 , 0.59394127, 0.77504885, 0.8386333 ]), array([0.31571436, 0.25743738, 0.22245136, 0.45927277, 0.16916843,
       0.1872572 , 0.37892371, 0.39811161, 0.22060704, 0.1560691 ]), array([0.14887522, 0.23040532, 0.31480333, 0.06475082, 0.68351108,
       0.52542078, 0.10225146, 0.1000797 , 0.39955246, 0.79115874]))","['DeepSeekQwen (32B)', 'GPM (8B)', 'EurusPRMStage2_avg_scores (7.62B)', 'QwenPRM_max_scores (7.63B)', 'Qwen72B_scores (72B)', 'QwenPRM_min_scores (7.63B)', 'DeepSeekLlama (70B)', 'SkyT1 (32B)', 'EurusPRMStage1_min_scores (7.62B)', 'ArmorRM (8B)']","[0.9971780006672345, 0.998434965418073, 0.999709014503669, 0.9704753536547688, 0.999709014503669, 0.9998300107336524, 0.9726242872421345, 0.9999271074839702, 0.999709014503669, 0.996357495631477, 8.898262645476882e-05, 0.9971780006672345, 0.998434965418073, 0.9999271074839702, 0.996986676130501, 0.0015007980155310895, 0.999709014503669, 0.9960640278793439, 0.693289946015125, 0.999709014503669, 0.999709014503669, 0.9374343071167429, 0.9726242872421345, 0.7943238327853998, 0.9726242872421345, 0.9960640278793439, 0.9728651420889961, 0.9726242872421345, 0.999709014503669, 0.996357495631477, 0.9630019850842233, 0.0015007980155310895, 0.9951078636746474, 0.9999271074839702, 0.9993216032745891, 0.9977640554692124, 0.999709014503669, 0.9960640278793439, 0.6064626494192601, 0.9993216032745891, 0.999709014503669, 0.9948006391603835, 0.018363977403817528, 0.9960640278793439, 0.7851406444557829, 0.9527158794794369, 0.988075783612557, 0.999709014503669, 0.9971780006672345, 0.9960640278793439, 0.0015007980155310895, 0.9993216032745891, 0.9300586298256838, 0.9791634236537679, 0.9971780006672345, 0.9791634236537679, 0.9240864517381324, 0.7405664685586955, 0.999709014503669, 0.9993216032745891, 0.9977640554692124, 0.9934429591940422, 0.9656756247266859, 0.9726242872421345, 0.9999271074839702, 0.999709014503669, 0.012296089885300189, 0.9960640278793439, 0.999709014503669, 0.9849885779821612, 0.018363977403817528, 0.988075783612557, 0.0015007980155310895, 0.9977640554692124, 0.018363977403817528, 0.999709014503669, 0.999709014503669, 0.9786764844299467, 0.998434965418073, 0.012296089885300189, 0.999709014503669, 0.9971780006672345, 0.9908680960508583, 0.1538957488112676, 0.9977640554692124, 0.0012787865136813681, 0.9849885779821612, 0.9951078636746474, 0.999709014503669, 0.9993216032745891, 0.0015007980155310895, 0.999709014503669, 0.9849885779821612, 0.9999271074839702, 0.998434965418073, 0.999709014503669, 0.999709014503669, 0.9986927379328185, 0.9977640554692124, 0.8997015800837894]",36,train,8
0.76,15,61,15,9,100,19,1,1,1,0,0,0,8,0,1,0,1,0,0,"(array([0.86250246, 0.78085184, 0.69724172, 0.94542587, 0.32659504,
       0.48624492, 0.90876317, 0.910698  , 0.61244988, 0.21727483]), array([0.67826307, 0.73855346, 0.77326161, 0.53127474, 0.82572609,
       0.80793017, 0.6134519 , 0.59394127, 0.77504885, 0.8386333 ]), array([0.31571436, 0.25743738, 0.22245136, 0.45927277, 0.16916843,
       0.1872572 , 0.37892371, 0.39811161, 0.22060704, 0.1560691 ]), array([0.14887522, 0.23040532, 0.31480333, 0.06475082, 0.68351108,
       0.52542078, 0.10225146, 0.1000797 , 0.39955246, 0.79115874]))","['DeepSeekQwen (32B)', 'GPM (8B)', 'EurusPRMStage2_avg_scores (7.62B)', 'QwenPRM_max_scores (7.63B)', 'Qwen72B_scores (72B)', 'QwenPRM_min_scores (7.63B)', 'DeepSeekLlama (70B)', 'SkyT1 (32B)', 'EurusPRMStage1_min_scores (7.62B)', 'ArmorRM (8B)']","[0.028215702378817976, 0.612567485242435, 0.07903929086649611, 0.8285699861079052, 0.41884572707243295, 0.22696165519382763, 0.002213162312024128, 0.988075783612557, 8.898262645476882e-05, 0.14457386560958146, 0.9764801884306815, 0.5310319158663896, 0.019997185279398106, 0.019997185279398106, 0.20253307818334862, 0.0015007980155310895, 0.30229174397467284, 0.021168608907542897, 0.14457386560958146, 0.9986927379328185, 0.019997185279398106, 8.898262645476882e-05, 0.7405664685586955, 0.021168608907542897, 0.0015007980155310895, 0.674515491245005, 0.008029338631166952, 0.22696165519382763, 0.22696165519382763, 0.991621502577884, 0.0874633317873465, 0.03896207294314278, 0.28272943251818483, 0.7851406444557829, 0.7405664685586955, 0.7405664685586955, 0.7405664685586955, 0.019997185279398106, 0.0012066644706586957, 0.22696165519382763, 0.0015007980155310895, 0.9389219539528713, 0.0012787865136813681, 0.9527158794794369, 0.0064639936700508095, 0.0015007980155310895, 0.17373597580252967, 0.612567485242435, 0.5381308617841597, 0.5917614130547542, 0.019997185279398106, 0.017085842013869156, 0.9977640554692124, 0.009215639311300554, 0.583394976277202, 0.5776485553048715, 0.0012066644706586957, 0.012296089885300189, 0.10431486908251382, 0.9960640278793439, 0.21208330066457715, 0.14457386560958146, 0.05481451238208818, 0.0015007980155310895, 0.8592283464383342, 0.693289946015125, 0.16554973430392617, 0.21208330066457715, 0.9728651420889961, 0.0015007980155310895, 0.019997185279398106, 0.08559813830976264, 0.019997185279398106, 0.9516414005896213, 0.22696165519382763, 0.20253307818334862, 0.612567485242435, 0.22696165519382763, 0.16554973430392617, 0.0012066644706586957, 0.9389219539528713, 0.030927282978685612, 0.01160982814885782, 0.0015007980155310895, 0.0015007980155310895, 0.015827493923852725, 0.0015007980155310895, 0.17787010929705244, 0.019997185279398106, 0.00013130697849032387, 0.14457386560958146, 0.5310319158663896, 0.9516414005896213, 0.0012787865136813681, 0.014403242543684521, 0.0015007980155310895, 0.0012787865136813681, 0.16554973430392617, 0.0015007980155310895, 0.16554973430392617]",37,train,2
0.99,96,3,1,0,100,1,1,1,1,0,0,0,1,1,1,1,0,0,0,"(array([0.86250246, 0.78085184, 0.69724172, 0.94542587, 0.32659504,
       0.48624492, 0.90876317, 0.910698  , 0.61244988, 0.21727483]), array([0.67826307, 0.73855346, 0.77326161, 0.53127474, 0.82572609,
       0.80793017, 0.6134519 , 0.59394127, 0.77504885, 0.8386333 ]), array([0.31571436, 0.25743738, 0.22245136, 0.45927277, 0.16916843,
       0.1872572 , 0.37892371, 0.39811161, 0.22060704, 0.1560691 ]), array([0.14887522, 0.23040532, 0.31480333, 0.06475082, 0.68351108,
       0.52542078, 0.10225146, 0.1000797 , 0.39955246, 0.79115874]))","['DeepSeekQwen (32B)', 'GPM (8B)', 'EurusPRMStage2_avg_scores (7.62B)', 'QwenPRM_max_scores (7.63B)', 'Qwen72B_scores (72B)', 'QwenPRM_min_scores (7.63B)', 'DeepSeekLlama (70B)', 'SkyT1 (32B)', 'EurusPRMStage1_min_scores (7.62B)', 'ArmorRM (8B)']","[0.9998300107336524, 0.9999271074839702, 0.996357495631477, 0.9996075805163429, 0.9999271074839702, 0.9998300107336524, 0.9998300107336524, 0.9656756247266859, 0.9990852460386753, 0.019997185279398106, 0.999709014503669, 0.9999271074839702, 0.9999271074839702, 0.9993216032745891, 0.9990852460386753, 0.999709014503669, 0.674515491245005, 0.9993216032745891, 0.9999271074839702, 0.999709014503669, 0.9911765333611184, 0.998434965418073, 0.9990852460386753, 0.9992917389164475, 0.9992917389164475, 0.9999271074839702, 0.9996075805163429, 0.9999271074839702, 0.998434965418073, 0.9849885779821612, 0.9934429591940422, 0.9983496939047539, 0.9996075805163429, 0.999709014503669, 0.998434965418073, 0.7235318982677899, 0.998434965418073, 0.9990852460386753, 0.996357495631477, 0.9993216032745891, 0.9993216032745891, 0.22696165519382763, 0.9996075805163429, 0.988075783612557, 0.693289946015125, 0.999709014503669, 0.9996075805163429, 0.9990852460386753, 0.9999271074839702, 0.988075783612557, 0.9993216032745891, 0.998434965418073, 0.9994390729814316, 0.9527158794794369, 0.9999271074839702, 0.9948006391603835, 0.9963903177713666, 0.017085842013869156, 0.9983496939047539, 0.9656756247266859, 0.9971780006672345, 0.9990852460386753, 0.9996075805163429, 0.9930001856889975, 0.9983496939047539, 0.999709014503669, 0.9990852460386753, 0.9977640554692124, 0.9961976419157365, 0.999709014503669, 0.9999271074839702, 0.9990852460386753, 0.9999271074839702, 0.9999271074839702, 0.9999271074839702, 0.6043423529261662, 0.9998300107336524, 0.9990852460386753, 0.996357495631477, 0.996357495631477, 0.9977640554692124, 0.9993216032745891, 0.999709014503669, 0.9992917389164475, 0.9527158794794369, 0.9998300107336524, 0.9934429591940422, 0.9656756247266859, 0.9990852460386753, 0.998434965418073, 0.9998300107336524, 0.9960640278793439, 0.9998300107336524, 0.9990852460386753, 0.996986676130501, 0.9998300107336524, 0.9998300107336524, 0.9934429591940422, 0.9934429591940422, 0.9990852460386753]",38,train,9
1.0,100,0,0,0,100,11,1,1,1,0,0,0,11,1,1,1,0,0,0,"(array([0.86250246, 0.78085184, 0.69724172, 0.94542587, 0.32659504,
       0.48624492, 0.90876317, 0.910698  , 0.61244988, 0.21727483]), array([0.67826307, 0.73855346, 0.77326161, 0.53127474, 0.82572609,
       0.80793017, 0.6134519 , 0.59394127, 0.77504885, 0.8386333 ]), array([0.31571436, 0.25743738, 0.22245136, 0.45927277, 0.16916843,
       0.1872572 , 0.37892371, 0.39811161, 0.22060704, 0.1560691 ]), array([0.14887522, 0.23040532, 0.31480333, 0.06475082, 0.68351108,
       0.52542078, 0.10225146, 0.1000797 , 0.39955246, 0.79115874]))","['DeepSeekQwen (32B)', 'GPM (8B)', 'EurusPRMStage2_avg_scores (7.62B)', 'QwenPRM_max_scores (7.63B)', 'Qwen72B_scores (72B)', 'QwenPRM_min_scores (7.63B)', 'DeepSeekLlama (70B)', 'SkyT1 (32B)', 'EurusPRMStage1_min_scores (7.62B)', 'ArmorRM (8B)']","[0.996357495631477, 0.9990852460386753, 0.9993216032745891, 0.9656756247266859, 0.996357495631477, 0.9993216032745891, 0.9358592256170994, 0.9990852460386753, 0.996357495631477, 0.9930001856889975, 0.9990852460386753, 0.9999271074839702, 0.9720743321891789, 0.9998300107336524, 0.9998300107336524, 0.9999271074839702, 0.9990852460386753, 0.9911765333611184, 0.9874331922061624, 0.9998300107336524, 0.9911765333611184, 0.9911765333611184, 0.9990852460386753, 0.9999271074839702, 0.9993216032745891, 0.9847711286230684, 0.9993216032745891, 0.996357495631477, 0.9990852460386753, 0.9990852460386753, 0.9960640278793439, 0.9911765333611184, 0.9993216032745891, 0.9990852460386753, 0.9983496939047539, 0.9990852460386753, 0.9911765333611184, 0.9996075805163429, 0.9998300107336524, 0.9998300107336524, 0.9990852460386753, 0.9527158794794369, 0.9983496939047539, 0.9993216032745891, 0.9911765333611184, 0.9990852460386753, 0.999709014503669, 0.9998300107336524, 0.9934429591940422, 0.9998300107336524, 0.9999271074839702, 0.996357495631477, 0.9999271074839702, 0.9998300107336524, 0.9986927379328185, 0.9516414005896213, 0.9996075805163429, 0.9911765333611184, 0.9992917389164475, 0.998434965418073, 0.9930001856889975, 0.9996075805163429, 0.9998300107336524, 0.997136609034494, 0.9780512174770205, 0.9993216032745891, 0.9656756247266859, 0.9990852460386753, 0.9911765333611184, 0.9934429591940422, 0.996986676130501, 0.9911765333611184, 0.9908680960508583, 0.9726242872421345, 0.9993216032745891, 0.9911765333611184, 0.9998300107336524, 0.9990852460386753, 0.7715879972877572, 0.9990852460386753, 0.9656756247266859, 0.9726242872421345, 0.9990852460386753, 0.9961976419157365, 0.996357495631477, 0.9911765333611184, 0.9874331922061624, 0.9993216032745891, 0.9998300107336524, 0.9911765333611184, 0.9877226736735475, 0.9948006391603835, 0.9998300107336524, 0.9886640514048068, 0.9998300107336524, 0.9934429591940422, 0.996357495631477, 0.9726242872421345, 0.9934429591940422, 0.996357495631477]",39,train,9
0.98,94,4,0,2,100,66,1,1,1,0,0,0,66,1,1,1,0,0,0,"(array([0.86250246, 0.78085184, 0.69724172, 0.94542587, 0.32659504,
       0.48624492, 0.90876317, 0.910698  , 0.61244988, 0.21727483]), array([0.67826307, 0.73855346, 0.77326161, 0.53127474, 0.82572609,
       0.80793017, 0.6134519 , 0.59394127, 0.77504885, 0.8386333 ]), array([0.31571436, 0.25743738, 0.22245136, 0.45927277, 0.16916843,
       0.1872572 , 0.37892371, 0.39811161, 0.22060704, 0.1560691 ]), array([0.14887522, 0.23040532, 0.31480333, 0.06475082, 0.68351108,
       0.52542078, 0.10225146, 0.1000797 , 0.39955246, 0.79115874]))","['DeepSeekQwen (32B)', 'GPM (8B)', 'EurusPRMStage2_avg_scores (7.62B)', 'QwenPRM_max_scores (7.63B)', 'Qwen72B_scores (72B)', 'QwenPRM_min_scores (7.63B)', 'DeepSeekLlama (70B)', 'SkyT1 (32B)', 'EurusPRMStage1_min_scores (7.62B)', 'ArmorRM (8B)']","[0.9975287916779288, 0.9993799432896527, 0.9804755531054302, 0.9995401906929626, 0.9998848021621576, 0.9993799432896527, 0.9998848021621576, 0.0015007980155310895, 0.0015007980155310895, 0.9940038109714866, 0.9998848021621576, 0.9998848021621576, 0.9896293965569347, 0.9985680963867454, 0.9940038109714866, 0.9988810913379145, 0.9934429591940422, 0.9998300107336524, 0.9930001856889975, 0.9940038109714866, 0.9940038109714866, 0.9998848021621576, 0.9998300107336524, 0.9998848021621576, 0.9995401906929626, 0.9998848021621576, 0.030927282978685612, 0.9997340472207149, 0.026865209557493466, 0.9996075805163429, 0.9253431453270647, 0.9993216032745891, 0.9990852460386753, 0.9988810913379145, 0.9998848021621576, 0.9988810913379145, 0.9995401906929626, 0.8728576177254045, 0.9975287916779288, 0.9916473351735563, 0.9988810913379145, 0.9998848021621576, 0.9998848021621576, 0.9988810913379145, 0.9993216032745891, 0.9998848021621576, 0.9991137734780798, 0.21208330066457715, 0.0015007980155310895, 0.9940038109714866, 0.9993799432896527, 0.9940038109714866, 0.9998848021621576, 0.9991137734780798, 0.9940038109714866, 0.9998848021621576, 0.9940038109714866, 0.9998848021621576, 0.9993799432896527, 0.9998848021621576, 0.9993799432896527, 0.9997340472207149, 0.9975287916779288, 0.9993799432896527, 0.9993799432896527, 0.9998848021621576, 0.9999506039552563, 0.9930001856889975, 0.9940038109714866, 0.9975287916779288, 0.9988810913379145, 0.9998848021621576, 0.9998848021621576, 0.9995401906929626, 0.9940038109714866, 0.9991137734780798, 0.9934429591940422, 0.9993799432896527, 0.7235318982677899, 0.9998848021621576, 0.9999506039552563, 0.9993799432896527, 0.9998848021621576, 0.9998848021621576, 0.9814317235407071, 0.9998848021621576, 0.9975287916779288, 0.9993799432896527, 0.9978883641443028, 0.9988810913379145, 0.9991137734780798, 0.9995401906929626, 0.9993799432896527, 0.9995401906929626, 0.9874331922061624, 0.9998848021621576, 0.9993799432896527, 0.9955269502380282, 0.9764801884306815, 0.9998848021621576]",40,train,9
0.84,19,65,1,15,100,76,1,1,1,0,0,0,96,0,1,0,1,0,0,"(array([0.86250246, 0.78085184, 0.69724172, 0.94542587, 0.32659504,
       0.48624492, 0.90876317, 0.910698  , 0.61244988, 0.21727483]), array([0.67826307, 0.73855346, 0.77326161, 0.53127474, 0.82572609,
       0.80793017, 0.6134519 , 0.59394127, 0.77504885, 0.8386333 ]), array([0.31571436, 0.25743738, 0.22245136, 0.45927277, 0.16916843,
       0.1872572 , 0.37892371, 0.39811161, 0.22060704, 0.1560691 ]), array([0.14887522, 0.23040532, 0.31480333, 0.06475082, 0.68351108,
       0.52542078, 0.10225146, 0.1000797 , 0.39955246, 0.79115874]))","['DeepSeekQwen (32B)', 'GPM (8B)', 'EurusPRMStage2_avg_scores (7.62B)', 'QwenPRM_max_scores (7.63B)', 'Qwen72B_scores (72B)', 'QwenPRM_min_scores (7.63B)', 'DeepSeekLlama (70B)', 'SkyT1 (32B)', 'EurusPRMStage1_min_scores (7.62B)', 'ArmorRM (8B)']","[0.9948006391603835, 0.0015007980155310895, 0.008029338631166952, 0.0015007980155310895, 0.5310319158663896, 0.0015007980155310895, 0.9976971741489707, 0.09900771585819801, 0.008029338631166952, 0.0015007980155310895, 0.0015007980155310895, 0.014403242543684521, 0.019997185279398106, 0.06282972834290039, 0.9948006391603835, 0.008029338631166952, 0.0015007980155310895, 0.004637862713186065, 0.0015007980155310895, 0.7405664685586955, 0.17373597580252967, 0.5310319158663896, 0.139534721678379, 0.09152422034610103, 0.9726242872421345, 0.9389219539528713, 0.07295705319831121, 0.008029338631166952, 0.2264681780248241, 0.5165348492151942, 0.008029338631166952, 0.019997185279398106, 0.0015007980155310895, 0.019997185279398106, 0.021110363399199892, 0.008029338631166952, 0.07295705319831121, 0.0015007980155310895, 0.008029338631166952, 0.0012066644706586957, 0.9726242872421345, 0.17373597580252967, 0.008029338631166952, 0.07295705319831121, 0.07295705319831121, 0.7851406444557829, 0.008029338631166952, 0.008029338631166952, 0.019997185279398106, 0.10405216590175066, 0.5439905030825333, 0.0015007980155310895, 0.00047900738464920267, 0.0015007980155310895, 0.008029338631166952, 0.0015007980155310895, 0.0012787865136813681, 0.07295705319831121, 0.029231963415025285, 0.9987702669027221, 0.008029338631166952, 0.0064639936700508095, 0.008029338631166952, 0.008029338631166952, 0.07295705319831121, 0.008029338631166952, 0.0015007980155310895, 0.5310319158663896, 0.38566605405719134, 0.0015007980155310895, 0.07295705319831121, 0.0015007980155310895, 0.5310319158663896, 0.07295705319831121, 0.008029338631166952, 0.17787010929705244, 0.9993216032745891, 0.7851406444557829, 0.09152422034610103, 0.008029338631166952, 0.00047900738464920267, 0.0008644795997324827, 0.0015007980155310895, 0.9726242872421345, 0.014403242543684521, 0.008029338631166952, 0.0015007980155310895, 0.008029338631166952, 0.008029338631166952, 0.00047900738464920267, 0.07295705319831121, 0.10431486908251382, 0.021168608907542897, 0.9389219539528713, 0.00047900738464920267, 0.9983496939047539, 8.898262645476882e-05, 0.014403242543684521, 0.0015007980155310895, 0.014403242543684521]",41,train,3
0.86,14,72,2,12,100,50,1,1,1,0,0,0,7,0,1,0,1,0,0,"(array([0.86250246, 0.78085184, 0.69724172, 0.94542587, 0.32659504,
       0.48624492, 0.90876317, 0.910698  , 0.61244988, 0.21727483]), array([0.67826307, 0.73855346, 0.77326161, 0.53127474, 0.82572609,
       0.80793017, 0.6134519 , 0.59394127, 0.77504885, 0.8386333 ]), array([0.31571436, 0.25743738, 0.22245136, 0.45927277, 0.16916843,
       0.1872572 , 0.37892371, 0.39811161, 0.22060704, 0.1560691 ]), array([0.14887522, 0.23040532, 0.31480333, 0.06475082, 0.68351108,
       0.52542078, 0.10225146, 0.1000797 , 0.39955246, 0.79115874]))","['DeepSeekQwen (32B)', 'GPM (8B)', 'EurusPRMStage2_avg_scores (7.62B)', 'QwenPRM_max_scores (7.63B)', 'Qwen72B_scores (72B)', 'QwenPRM_min_scores (7.63B)', 'DeepSeekLlama (70B)', 'SkyT1 (32B)', 'EurusPRMStage1_min_scores (7.62B)', 'ArmorRM (8B)']","[0.07295705319831121, 0.9963903177713666, 0.008029338631166952, 0.5310319158663896, 0.014403242543684521, 0.014403242543684521, 0.5310319158663896, 8.898262645476882e-05, 0.008029338631166952, 0.440499836049035, 0.09900771585819801, 0.019997185279398106, 0.00047900738464920267, 0.09900771585819801, 0.9188842189987957, 0.008029338631166952, 0.019997185279398106, 0.021168608907542897, 0.5310319158663896, 0.0015007980155310895, 0.0015007980155310895, 0.008029338631166952, 0.0012066644706586957, 0.021168608907542897, 0.16554973430392617, 0.674515491245005, 0.5310319158663896, 0.0015007980155310895, 0.008029338631166952, 0.10431486908251382, 0.00047900738464920267, 0.019997185279398106, 0.17373597580252967, 0.12689986770118508, 0.28272943251818483, 0.008029338631166952, 0.612567485242435, 0.0015007980155310895, 0.22696165519382763, 0.008029338631166952, 0.0015007980155310895, 0.019997185279398106, 0.019997185279398106, 0.991621502577884, 0.019997185279398106, 0.019997185279398106, 0.019997185279398106, 0.0015007980155310895, 0.20253307818334862, 0.00047900738464920267, 0.998434965418073, 8.898262645476882e-05, 0.5310319158663896, 0.008029338631166952, 0.07295705319831121, 0.0015007980155310895, 0.1538957488112676, 0.008029338631166952, 0.019997185279398106, 8.898262645476882e-05, 0.019997185279398106, 0.01160982814885782, 0.008029338631166952, 0.09900771585819801, 0.014403242543684521, 0.032959924813986186, 0.1538957488112676, 0.49482464593306025, 0.014403242543684521, 0.019997185279398106, 0.1538957488112676, 8.898262645476882e-05, 0.17373597580252967, 0.0015007980155310895, 0.0064639936700508095, 0.019997185279398106, 0.09900771585819801, 0.0068481905035936465, 0.09900771585819801, 0.014813950227133056, 0.014403242543684521, 0.7851406444557829, 0.0015007980155310895, 0.693289946015125, 0.10431486908251382, 0.008029338631166952, 0.9726242872421345, 0.7405664685586955, 0.021168608907542897, 0.09900771585819801, 0.09900771585819801, 0.09152422034610103, 0.026865209557493466, 0.0015007980155310895, 0.0012787865136813681, 8.898262645476882e-05, 0.0012066644706586957, 0.9389219539528713, 0.0015007980155310895, 0.019997185279398106]",42,train,2
0.99,98,1,1,0,100,7,1,1,1,0,0,0,7,1,1,1,0,0,0,"(array([0.86250246, 0.78085184, 0.69724172, 0.94542587, 0.32659504,
       0.48624492, 0.90876317, 0.910698  , 0.61244988, 0.21727483]), array([0.67826307, 0.73855346, 0.77326161, 0.53127474, 0.82572609,
       0.80793017, 0.6134519 , 0.59394127, 0.77504885, 0.8386333 ]), array([0.31571436, 0.25743738, 0.22245136, 0.45927277, 0.16916843,
       0.1872572 , 0.37892371, 0.39811161, 0.22060704, 0.1560691 ]), array([0.14887522, 0.23040532, 0.31480333, 0.06475082, 0.68351108,
       0.52542078, 0.10225146, 0.1000797 , 0.39955246, 0.79115874]))","['DeepSeekQwen (32B)', 'GPM (8B)', 'EurusPRMStage2_avg_scores (7.62B)', 'QwenPRM_max_scores (7.63B)', 'Qwen72B_scores (72B)', 'QwenPRM_min_scores (7.63B)', 'DeepSeekLlama (70B)', 'SkyT1 (32B)', 'EurusPRMStage1_min_scores (7.62B)', 'ArmorRM (8B)']","[0.9993216032745891, 0.9991137734780798, 0.998434965418073, 0.9780512174770205, 0.9988810913379145, 0.9971780006672345, 0.9998848021621576, 0.9999506039552563, 0.9977640554692124, 0.9961976419157365, 0.9999271074839702, 0.9989389346645287, 0.9999271074839702, 0.999709014503669, 0.9996075805163429, 0.9995199443603591, 0.9999506039552563, 0.996986676130501, 0.9993216032745891, 0.9999271074839702, 0.9999271074839702, 0.9999271074839702, 0.999709014503669, 0.9726242872421345, 0.9997340472207149, 0.9976971741489707, 0.9992917389164475, 0.9726242872421345, 0.9997340472207149, 0.9983496939047539, 0.9999271074839702, 0.9990935111317639, 0.9412164621372291, 0.9999506039552563, 0.996357495631477, 0.8306813779150628, 0.9930001856889975, 0.9993216032745891, 0.9998300107336524, 0.9999271074839702, 0.9998300107336524, 0.9911765333611184, 0.9987702669027221, 0.9990852460386753, 0.9916473351735563, 0.9946987338448051, 0.9979560658073187, 0.9992917389164475, 0.9992917389164475, 0.9993216032745891, 0.9998300107336524, 0.9980859591894452, 0.9993799432896527, 0.9990852460386753, 0.7117554840434658, 0.9999506039552563, 0.9993799432896527, 0.9983496939047539, 0.9998848021621576, 0.9783696085525636, 0.9993799432896527, 0.9993799432896527, 0.9998300107336524, 0.9930001856889975, 0.9948006391603835, 0.9918884943511236, 0.999709014503669, 0.998434965418073, 0.9995199443603591, 0.9896293965569347, 0.9996075805163429, 0.9994390729814316, 0.9999271074839702, 0.998434965418073, 0.9911765333611184, 0.019997185279398106, 0.9990852460386753, 0.9998300107336524, 0.9998300107336524, 0.9726242872421345, 0.9188842189987957, 0.9945728339272234, 0.9961976419157365, 0.9948006391603835, 0.9999271074839702, 0.9995199443603591, 0.9996198246755843, 0.9994390729814316, 0.998434965418073, 0.9979560658073187, 0.9992917389164475, 0.9994390729814316, 0.9999271074839702, 0.9726242872421345, 0.9877226736735475, 0.9999271074839702, 0.9996075805163429, 0.9999271074839702, 0.9997340472207149, 0.9945728339272234]",43,train,9
1.0,100,0,0,0,100,1,1,1,1,0,0,0,1,1,1,1,0,0,0,"(array([0.86250246, 0.78085184, 0.69724172, 0.94542587, 0.32659504,
       0.48624492, 0.90876317, 0.910698  , 0.61244988, 0.21727483]), array([0.67826307, 0.73855346, 0.77326161, 0.53127474, 0.82572609,
       0.80793017, 0.6134519 , 0.59394127, 0.77504885, 0.8386333 ]), array([0.31571436, 0.25743738, 0.22245136, 0.45927277, 0.16916843,
       0.1872572 , 0.37892371, 0.39811161, 0.22060704, 0.1560691 ]), array([0.14887522, 0.23040532, 0.31480333, 0.06475082, 0.68351108,
       0.52542078, 0.10225146, 0.1000797 , 0.39955246, 0.79115874]))","['DeepSeekQwen (32B)', 'GPM (8B)', 'EurusPRMStage2_avg_scores (7.62B)', 'QwenPRM_max_scores (7.63B)', 'Qwen72B_scores (72B)', 'QwenPRM_min_scores (7.63B)', 'DeepSeekLlama (70B)', 'SkyT1 (32B)', 'EurusPRMStage1_min_scores (7.62B)', 'ArmorRM (8B)']","[0.998434965418073, 0.9999506039552563, 0.9812839562002961, 0.9993799432896527, 0.996357495631477, 0.9993799432896527, 0.9998027980923471, 0.9993799432896527, 0.9997340472207149, 0.9998027980923471, 0.9995199443603591, 0.9999506039552563, 0.9812839562002961, 0.9995199443603591, 0.9999506039552563, 0.9948006391603835, 0.9940038109714866, 0.9980578590870686, 0.9998848021621576, 0.9991663532009732, 0.9974202079705362, 0.9993799432896527, 0.9997340472207149, 0.9974202079705362, 0.9726242872421345, 0.9955269502380282, 0.9991137734780798, 0.9998848021621576, 0.9971780006672345, 0.9993799432896527, 0.9997340472207149, 0.9998848021621576, 0.9964707899680065, 0.9940038109714866, 0.9989389346645287, 0.9997340472207149, 0.9974202079705362, 0.710823575872161, 0.9930001856889975, 0.9940038109714866, 0.9998848021621576, 0.9764801884306815, 0.9999506039552563, 0.9986927379328185, 0.9995401906929626, 0.9993799432896527, 0.9764801884306815, 0.9998300107336524, 0.9940038109714866, 0.9911518821478027, 0.9998300107336524, 0.9940038109714866, 0.9998848021621576, 0.9995401906929626, 0.9998027980923471, 0.9997340472207149, 0.9897781959394921, 0.9974202079705362, 0.9998848021621576, 0.9764801884306815, 0.9999506039552563, 0.9993799432896527, 0.9998848021621576, 0.9999506039552563, 0.9918884943511236, 0.9991137734780798, 0.9989389346645287, 0.9995199443603591, 0.9974202079705362, 0.9726242872421345, 0.9918884943511236, 0.9995199443603591, 0.996357495631477, 0.9995199443603591, 0.9993799432896527, 0.9964015005055356, 0.9995401906929626, 0.9999506039552563, 0.9998848021621576, 0.9980578590870686, 0.9997340472207149, 0.9974202079705362, 0.9997340472207149, 0.9997340472207149, 0.9991137734780798, 0.9997340472207149, 0.9997340472207149, 0.9998848021621576, 0.9991663532009732, 0.9999506039552563, 0.9980859591894452, 0.9998848021621576, 0.9999506039552563, 0.9999506039552563, 0.9823757168091926, 0.999709014503669, 0.9993799432896527, 0.9998027980923471, 0.9812839562002961, 0.9667113462563549]",44,train,9
1.0,100,0,0,0,100,1,1,1,1,0,0,0,1,1,1,1,0,0,0,"(array([0.86250246, 0.78085184, 0.69724172, 0.94542587, 0.32659504,
       0.48624492, 0.90876317, 0.910698  , 0.61244988, 0.21727483]), array([0.67826307, 0.73855346, 0.77326161, 0.53127474, 0.82572609,
       0.80793017, 0.6134519 , 0.59394127, 0.77504885, 0.8386333 ]), array([0.31571436, 0.25743738, 0.22245136, 0.45927277, 0.16916843,
       0.1872572 , 0.37892371, 0.39811161, 0.22060704, 0.1560691 ]), array([0.14887522, 0.23040532, 0.31480333, 0.06475082, 0.68351108,
       0.52542078, 0.10225146, 0.1000797 , 0.39955246, 0.79115874]))","['DeepSeekQwen (32B)', 'GPM (8B)', 'EurusPRMStage2_avg_scores (7.62B)', 'QwenPRM_max_scores (7.63B)', 'Qwen72B_scores (72B)', 'QwenPRM_min_scores (7.63B)', 'DeepSeekLlama (70B)', 'SkyT1 (32B)', 'EurusPRMStage1_min_scores (7.62B)', 'ArmorRM (8B)']","[0.998434965418073, 0.9999271074839702, 0.9934429591940422, 0.999709014503669, 0.9998300107336524, 0.7851406444557829, 0.9992917389164475, 0.9934429591940422, 0.9990852460386753, 0.9993216032745891, 0.9990852460386753, 0.9934429591940422, 0.9983496939047539, 0.9993216032745891, 0.9983496939047539, 0.9993216032745891, 0.9992917389164475, 0.999709014503669, 0.998434965418073, 0.9990852460386753, 0.9992917389164475, 0.9934429591940422, 0.9911765333611184, 0.9998300107336524, 0.9996075805163429, 0.9812839562002961, 0.9996075805163429, 0.999709014503669, 0.999709014503669, 0.9999271074839702, 0.9998300107336524, 0.9911765333611184, 0.999709014503669, 0.9992917389164475, 0.9996075805163429, 0.9999271074839702, 0.9986927379328185, 0.9998300107336524, 0.9971780006672345, 0.9983496939047539, 0.9948006391603835, 0.996357495631477, 0.9998300107336524, 0.999709014503669, 0.9999271074839702, 0.9940038109714866, 0.9986927379328185, 0.9998300107336524, 0.9998300107336524, 0.998434965418073, 0.9930001856889975, 0.9934429591940422, 0.9886640514048068, 0.9993216032745891, 0.9993216032745891, 0.9999271074839702, 0.9999271074839702, 0.9999271074839702, 0.9999271074839702, 0.9992917389164475, 0.996357495631477, 0.998434965418073, 0.9993216032745891, 0.999709014503669, 0.9516414005896213, 0.9961976419157365, 0.9999271074839702, 0.999709014503669, 0.9998300107336524, 0.9999271074839702, 0.9998300107336524, 0.9993216032745891, 0.9971780006672345, 0.9948006391603835, 0.999709014503669, 0.9990852460386753, 0.9998300107336524, 0.9998300107336524, 0.997136609034494, 0.9998300107336524, 0.9993216032745891, 0.9998300107336524, 0.9999271074839702, 0.9998300107336524, 0.9983496939047539, 0.9934429591940422, 0.9992917389164475, 0.9999271074839702, 0.999709014503669, 0.9993216032745891, 0.997136609034494, 0.9911765333611184, 0.9999271074839702, 0.9976971741489707, 0.9786764844299467, 0.9993216032745891, 0.9976971741489707, 0.9990852460386753, 0.9971780006672345, 0.9934429591940422]",45,train,9
1.0,100,0,0,0,100,0,1,1,1,0,0,0,0,1,1,1,0,0,0,"(array([0.86250246, 0.78085184, 0.69724172, 0.94542587, 0.32659504,
       0.48624492, 0.90876317, 0.910698  , 0.61244988, 0.21727483]), array([0.67826307, 0.73855346, 0.77326161, 0.53127474, 0.82572609,
       0.80793017, 0.6134519 , 0.59394127, 0.77504885, 0.8386333 ]), array([0.31571436, 0.25743738, 0.22245136, 0.45927277, 0.16916843,
       0.1872572 , 0.37892371, 0.39811161, 0.22060704, 0.1560691 ]), array([0.14887522, 0.23040532, 0.31480333, 0.06475082, 0.68351108,
       0.52542078, 0.10225146, 0.1000797 , 0.39955246, 0.79115874]))","['DeepSeekQwen (32B)', 'GPM (8B)', 'EurusPRMStage2_avg_scores (7.62B)', 'QwenPRM_max_scores (7.63B)', 'Qwen72B_scores (72B)', 'QwenPRM_min_scores (7.63B)', 'DeepSeekLlama (70B)', 'SkyT1 (32B)', 'EurusPRMStage1_min_scores (7.62B)', 'ArmorRM (8B)']","[0.9999506039552563, 0.999709014503669, 0.9993216032745891, 0.9726242872421345, 0.9988810913379145, 0.9983496939047539, 0.9998300107336524, 0.9998300107336524, 0.9998300107336524, 0.9998300107336524, 0.997136609034494, 0.9996075805163429, 0.9993216032745891, 0.996357495631477, 0.9934429591940422, 0.9656756247266859, 0.9999271074839702, 0.9983496939047539, 0.9998300107336524, 0.9998848021621576, 0.9999271074839702, 0.999709014503669, 0.9930001856889975, 0.999709014503669, 0.9726242872421345, 0.9998848021621576, 0.999709014503669, 0.996357495631477, 0.9667113462563549, 0.9877226736735475, 0.9934429591940422, 0.9886640514048068, 0.9988810913379145, 0.9988810913379145, 0.9999506039552563, 0.7691460695061766, 0.9418440007124854, 0.9998300107336524, 0.9998300107336524, 0.9998300107336524, 0.9998300107336524, 0.9911765333611184, 0.9990852460386753, 0.996357495631477, 0.997136609034494, 0.9418440007124854, 0.9998848021621576, 0.9310289663760632, 0.9998848021621576, 0.9998848021621576, 0.9993216032745891, 0.9983496939047539, 0.9983496939047539, 0.9990852460386753, 0.999709014503669, 0.9971780006672345, 0.9991137734780798, 0.9993799432896527, 0.9976971741489707, 0.9998300107336524, 0.9999506039552563, 0.9946987338448051, 0.9990852460386753, 0.9998300107336524, 0.9998300107336524, 0.999709014503669, 0.9993216032745891, 0.9998300107336524, 0.9998300107336524, 0.8997015800837894, 0.9930001856889975, 0.9986927379328185, 0.9998848021621576, 0.9998848021621576, 0.9971780006672345, 0.7405664685586955, 0.9726242872421345, 0.9971780006672345, 0.9998300107336524, 0.9999271074839702, 0.996986676130501, 0.9988810913379145, 0.999709014503669, 0.9847711286230684, 0.9983496939047539, 0.9975287916779288, 0.9983496939047539, 0.9998300107336524, 0.9990852460386753, 0.9999271074839702, 0.9971780006672345, 0.9998300107336524, 0.9986927379328185, 0.9998848021621576, 0.9886640514048068, 0.9934429591940422, 0.9940038109714866, 0.9998300107336524, 0.9993216032745891, 0.9998300107336524]",46,train,9
0.99,99,0,0,1,100,40,1,1,1,0,0,0,40,1,1,1,0,0,0,"(array([0.86250246, 0.78085184, 0.69724172, 0.94542587, 0.32659504,
       0.48624492, 0.90876317, 0.910698  , 0.61244988, 0.21727483]), array([0.67826307, 0.73855346, 0.77326161, 0.53127474, 0.82572609,
       0.80793017, 0.6134519 , 0.59394127, 0.77504885, 0.8386333 ]), array([0.31571436, 0.25743738, 0.22245136, 0.45927277, 0.16916843,
       0.1872572 , 0.37892371, 0.39811161, 0.22060704, 0.1560691 ]), array([0.14887522, 0.23040532, 0.31480333, 0.06475082, 0.68351108,
       0.52542078, 0.10225146, 0.1000797 , 0.39955246, 0.79115874]))","['DeepSeekQwen (32B)', 'GPM (8B)', 'EurusPRMStage2_avg_scores (7.62B)', 'QwenPRM_max_scores (7.63B)', 'Qwen72B_scores (72B)', 'QwenPRM_min_scores (7.63B)', 'DeepSeekLlama (70B)', 'SkyT1 (32B)', 'EurusPRMStage1_min_scores (7.62B)', 'ArmorRM (8B)']","[0.988075783612557, 0.9726242872421345, 0.9961976419157365, 0.9990852460386753, 0.7851406444557829, 0.9726242872421345, 0.9786764844299467, 0.9930001856889975, 0.9990852460386753, 0.988075783612557, 0.9993216032745891, 0.9996075805163429, 0.9990852460386753, 0.996357495631477, 0.997136609034494, 0.9726242872421345, 0.9847711286230684, 0.9726242872421345, 0.674515491245005, 0.996357495631477, 0.9918884943511236, 0.9656756247266859, 0.9726242872421345, 0.9726242872421345, 0.9975287916779288, 0.996357495631477, 0.9934429591940422, 0.996357495631477, 0.9656756247266859, 0.996357495631477, 0.996357495631477, 0.988075783612557, 0.996357495631477, 0.998434965418073, 0.996357495631477, 0.8949870567027767, 0.21208330066457715, 0.9527158794794369, 0.998434965418073, 0.9955472750658987, 0.9999271074839702, 0.996357495631477, 0.988075783612557, 0.9849885779821612, 0.996357495631477, 0.7851406444557829, 0.996357495631477, 0.9971780006672345, 0.9948006391603835, 0.9726242872421345, 0.9918884943511236, 0.9908680960508583, 0.996357495631477, 0.9726242872421345, 0.8949870567027767, 0.996986676130501, 0.9656756247266859, 0.9999271074839702, 0.9812839562002961, 0.9999271074839702, 0.998434965418073, 0.9726242872421345, 0.992290134045549, 0.9948006391603835, 0.9990852460386753, 0.9948006391603835, 0.9993216032745891, 0.996357495631477, 0.9998300107336524, 0.7235318982677899, 0.998434965418073, 0.9726242872421345, 0.9726242872421345, 0.9726242872421345, 0.9911765333611184, 0.9999271074839702, 0.9812839562002961, 0.988075783612557, 0.9990852460386753, 0.9934429591940422, 0.9911765333611184, 0.7851406444557829, 0.9975287916779288, 0.693289946015125, 0.9960640278793439, 0.7405664685586955, 0.6777864169642576, 0.996357495631477, 0.7235318982677899, 0.9930001856889975, 0.9726242872421345, 0.9126599923798336, 0.9812839562002961, 0.999709014503669, 0.6777864169642576, 0.9918884943511236, 0.9993216032745891, 0.9990852460386753, 0.9996075805163429, 0.7851406444557829]",47,train,9
0.99,99,0,0,1,100,14,1,1,1,0,0,0,14,1,1,1,0,0,0,"(array([0.86250246, 0.78085184, 0.69724172, 0.94542587, 0.32659504,
       0.48624492, 0.90876317, 0.910698  , 0.61244988, 0.21727483]), array([0.67826307, 0.73855346, 0.77326161, 0.53127474, 0.82572609,
       0.80793017, 0.6134519 , 0.59394127, 0.77504885, 0.8386333 ]), array([0.31571436, 0.25743738, 0.22245136, 0.45927277, 0.16916843,
       0.1872572 , 0.37892371, 0.39811161, 0.22060704, 0.1560691 ]), array([0.14887522, 0.23040532, 0.31480333, 0.06475082, 0.68351108,
       0.52542078, 0.10225146, 0.1000797 , 0.39955246, 0.79115874]))","['DeepSeekQwen (32B)', 'GPM (8B)', 'EurusPRMStage2_avg_scores (7.62B)', 'QwenPRM_max_scores (7.63B)', 'Qwen72B_scores (72B)', 'QwenPRM_min_scores (7.63B)', 'DeepSeekLlama (70B)', 'SkyT1 (32B)', 'EurusPRMStage1_min_scores (7.62B)', 'ArmorRM (8B)']","[0.9999271074839702, 0.9998300107336524, 0.997329439472435, 0.9996075805163429, 0.9996075805163429, 0.9999271074839702, 0.9726242872421345, 0.9993216032745891, 0.9995401906929626, 0.999709014503669, 0.9998300107336524, 0.8592283464383342, 0.9999271074839702, 0.9812839562002961, 0.9999506039552563, 0.9995199443603591, 0.9783696085525636, 0.9999271074839702, 0.9726242872421345, 0.9998300107336524, 0.9998848021621576, 0.9998848021621576, 0.9786764844299467, 0.9977640554692124, 0.9075342400887015, 0.9961976419157365, 0.9993216032745891, 0.9995401906929626, 0.998434965418073, 0.9812839562002961, 0.9193405350549843, 0.9999271074839702, 0.9999506039552563, 0.9814317235407071, 0.9998848021621576, 0.9992917389164475, 0.999709014503669, 0.9992917389164475, 0.9998300107336524, 0.9999271074839702, 0.9975287916779288, 0.9988810913379145, 0.999709014503669, 0.9998848021621576, 0.9998848021621576, 0.9726242872421345, 0.9993216032745891, 0.9934429591940422, 0.9988810913379145, 0.7851406444557829, 0.9999271074839702, 0.9988810913379145, 0.996357495631477, 0.9992917389164475, 0.9903268719608423, 0.9995401906929626, 0.9996075805163429, 0.9999271074839702, 0.9998848021621576, 0.9952459184834709, 0.9996075805163429, 0.9656756247266859, 0.9998848021621576, 0.999709014503669, 0.9998848021621576, 0.9993216032745891, 0.9948006391603835, 0.9971780006672345, 0.9999271074839702, 0.9988810913379145, 0.9930001856889975, 0.9995401906929626, 0.9704753536547688, 0.9998300107336524, 0.9999506039552563, 0.9971780006672345, 0.9999271074839702, 0.9993216032745891, 0.9998300107336524, 0.9999506039552563, 0.9977640554692124, 0.9999271074839702, 0.9930001856889975, 0.9934429591940422, 0.998434965418073, 0.9993216032745891, 0.9726242872421345, 0.9948006391603835, 0.14457386560958146, 0.9964707899680065, 0.9964707899680065, 0.9999271074839702, 0.996986676130501, 0.9726242872421345, 0.9980859591894452, 0.9874331922061624, 0.9994390729814316, 0.9656756247266859, 0.9948006391603835, 0.9934429591940422]",48,train,9
0.46,1,45,54,0,100,51,0,1,0,0,0,1,51,1,0,0,0,1,0,"(array([0.86250246, 0.78085184, 0.69724172, 0.94542587, 0.32659504,
       0.48624492, 0.90876317, 0.910698  , 0.61244988, 0.21727483]), array([0.67826307, 0.73855346, 0.77326161, 0.53127474, 0.82572609,
       0.80793017, 0.6134519 , 0.59394127, 0.77504885, 0.8386333 ]), array([0.31571436, 0.25743738, 0.22245136, 0.45927277, 0.16916843,
       0.1872572 , 0.37892371, 0.39811161, 0.22060704, 0.1560691 ]), array([0.14887522, 0.23040532, 0.31480333, 0.06475082, 0.68351108,
       0.52542078, 0.10225146, 0.1000797 , 0.39955246, 0.79115874]))","['DeepSeekQwen (32B)', 'GPM (8B)', 'EurusPRMStage2_avg_scores (7.62B)', 'QwenPRM_max_scores (7.63B)', 'Qwen72B_scores (72B)', 'QwenPRM_min_scores (7.63B)', 'DeepSeekLlama (70B)', 'SkyT1 (32B)', 'EurusPRMStage1_min_scores (7.62B)', 'ArmorRM (8B)']","[0.09152422034610103, 0.9983496939047539, 0.2720788081082296, 0.20253307818334862, 0.07533697446571629, 0.8632586324950177, 0.019997185279398106, 0.07533697446571629, 0.07533697446571629, 0.4582956464785147, 0.07533697446571629, 0.9240864517381324, 0.9132691425106664, 0.693289946015125, 0.10431486908251382, 0.5396560378152788, 0.09900771585819801, 0.019997185279398106, 0.22696165519382763, 0.018363977403817528, 0.014813950227133056, 0.7851406444557829, 0.7851406444557829, 0.09900771585819801, 0.22696165519382763, 0.9240864517381324, 0.5034920558808682, 0.5776485553048715, 0.07533697446571629, 0.22696165519382763, 0.5034920558808682, 0.9798405371878128, 0.5034920558808682, 0.9839692430740071, 0.22696165519382763, 0.10431486908251382, 0.7405664685586955, 0.8694110351682239, 0.4634803359844602, 0.2720788081082296, 0.612567485242435, 0.5776485553048715, 0.9188842189987957, 0.6616276205231494, 0.9964707899680065, 0.9193405350549843, 0.22696165519382763, 0.30495903630280685, 0.07533697446571629, 0.9300586298256838, 0.20253307818334862, 0.9986927379328185, 0.8230756320036416, 0.019997185279398106, 0.30495903630280685, 0.9079143465364302, 0.9516414005896213, 0.5776485553048715, 0.5776485553048715, 0.9815142413355656, 0.8632586324950177, 0.07533697446571629, 0.7405664685586955, 0.22696165519382763, 0.7405664685586955, 0.5034920558808682, 0.8452253981230444, 0.9767681805400155, 0.30495903630280685, 0.8632586324950177, 0.5396560378152788, 0.8632586324950177, 0.7405664685586955, 0.025319931843822332, 0.04122602486715921, 0.30495903630280685, 0.07533697446571629, 0.9002540939520693, 0.09900771585819801, 0.7405664685586955, 0.9874331922061624, 0.810101388943194, 0.7405664685586955, 0.1357706764342008, 0.019997185279398106, 0.9358592256170994, 0.07533697446571629, 0.612567485242435, 0.5776485553048715, 0.3482653037426071, 0.30495903630280685, 0.5165348492151942, 0.9908680960508583, 0.8632586324950177, 0.07533697446571629, 0.8452253981230444, 0.019997185279398106, 0.5034920558808682, 0.9389219539528713, 0.22696165519382763]",49,train,0
