sample_accuracy,sample_tp,sample_tn,sample_fp,sample_fn,num_samples,top1_idx,top1_positive,has_positive,top1_tp,top1_fp,top1_tn,top1_fn,prediction_idx,prediction_class,prediction_accuracy,prediction_tp,prediction_tn,prediction_fp,prediction_fn,model_params,verifier_subset,weaver_sample_scores,problem,set,difficulty
0.96,96,0,0,4,100,4,1,1,1,0,0,0,4,1,1,1,0,0,0,"(array([0.84215391, 0.6931206 , 0.50316095, 0.76937759, 0.35487026,
       0.91597408, 0.88362628, 0.50772321]), array([0.68256611, 0.77540869, 0.80895919, 0.7427237 , 0.81873655,
       0.5386349 , 0.61868107, 0.80801713]), array([0.31155866, 0.22035395, 0.18601619, 0.25339469, 0.17577663,
       0.45194951, 0.37380648, 0.18697773]), array([0.16659538, 0.31684485, 0.50648856, 0.2395982 , 0.65278792,
       0.09108132, 0.12450992, 0.501966  ]))","['DeepSeekQwen (32B)', 'EurusPRMStage2_avg_scores (7.62B)', 'QwenPRM_min_scores (7.63B)', 'GPM (8B)', 'Qwen72B_scores (72B)', 'QwenPRM_max_scores (7.63B)', 'DeepSeekLlama (70B)', 'QwenPRM_avg_scores (7.63B)']","[0.9466608879664208, 0.9988230371705322, 0.9983086595288196, 0.9466608879664208, 0.9998469491455174, 0.992733719535749, 0.9466608879664208, 0.9971176598270473, 0.9466608879664208, 0.6534585947657102, 0.6017519938786162, 0.9466608879664208, 0.9998469491455174, 0.9971176598270473, 0.996365145537997, 0.9466608879664208, 0.9466608879664208, 0.9971176598270473, 0.9355487261425962, 0.9355487261425962, 0.1359403118627483, 0.9971176598270473, 0.6017519938786162, 0.9355487261425962, 0.9466608879664208, 0.993814052112889, 0.9466608879664208, 0.9466608879664208, 0.9872736032254924, 0.9581070484593951, 0.9996125510486614, 0.1179385310913096, 0.9466608879664208, 0.9466608879664208, 0.9466608879664208, 0.6534585947657102, 0.9466608879664208, 0.01428876062778934, 0.9355487261425962, 0.992733719535749, 0.9466608879664208, 0.996365145537997, 0.992733719535749, 0.9466608879664208, 0.6157634799755194, 0.9355487261425962, 0.5969008020051405, 0.5969008020051405, 0.9355487261425962, 0.9844836281622147, 0.6157634799755194, 0.992733719535749, 0.9466608879664208, 0.992733719535749, 0.9537635947084169, 0.6534585947657102, 0.9466608879664208, 0.992733719535749, 0.6534585947657102, 0.1359403118627483, 0.992733719535749, 0.9983282576910243, 0.9466608879664208, 0.6534585947657102, 0.9466608879664208, 0.9843042784322722, 0.9782322879448585, 0.6157634799755194, 0.995375888154235, 0.9985613250400391, 0.9726842978340645, 0.6534585947657102, 0.992733719535749, 0.5969008020051405, 0.992733719535749, 0.9466608879664208, 0.996365145537997, 0.9782322879448585, 0.992733719535749, 0.9466608879664208, 0.9466608879664208, 0.992733719535749, 0.9871260803866049, 0.9466608879664208, 0.9466608879664208, 0.996365145537997, 0.9971176598270473, 0.9971176598270473, 0.9971176598270473, 0.9466608879664208, 0.9466608879664208, 0.9971176598270473, 0.9466608879664208, 0.9466608879664208, 0.5969008020051405, 0.9466608879664208, 0.996365145537997, 0.9466608879664208, 0.6534585947657102, 0.9983086595288196]",0,train,9
1.0,100,0,0,0,100,9,1,1,1,0,0,0,9,1,1,1,0,0,0,"(array([0.84215391, 0.6931206 , 0.50316095, 0.76937759, 0.35487026,
       0.91597408, 0.88362628, 0.50772321]), array([0.68256611, 0.77540869, 0.80895919, 0.7427237 , 0.81873655,
       0.5386349 , 0.61868107, 0.80801713]), array([0.31155866, 0.22035395, 0.18601619, 0.25339469, 0.17577663,
       0.45194951, 0.37380648, 0.18697773]), array([0.16659538, 0.31684485, 0.50648856, 0.2395982 , 0.65278792,
       0.09108132, 0.12450992, 0.501966  ]))","['DeepSeekQwen (32B)', 'EurusPRMStage2_avg_scores (7.62B)', 'QwenPRM_min_scores (7.63B)', 'GPM (8B)', 'Qwen72B_scores (72B)', 'QwenPRM_max_scores (7.63B)', 'DeepSeekLlama (70B)', 'QwenPRM_avg_scores (7.63B)']","[0.996365145537997, 0.992733719535749, 0.6534585947657102, 0.9983282576910243, 0.9996125510486614, 0.9782322879448585, 0.9948757952462264, 0.992733719535749, 0.9996125510486614, 0.9998469491455174, 0.8268299769161617, 0.9985613250400391, 0.996365145537997, 0.9782322879448585, 0.9996125510486614, 0.9996125510486614, 0.8268299769161617, 0.9996125510486614, 0.996365145537997, 0.9970251787211155, 0.9996125510486614, 0.9871260803866049, 0.9466608879664208, 0.9993391113427557, 0.9970251787211155, 0.6534585947657102, 0.9782322879448585, 0.9996125510486614, 0.9996125510486614, 0.9996125510486614, 0.996365145537997, 0.9970251787211155, 0.9996125510486614, 0.9983282576910243, 0.9466608879664208, 0.996365145537997, 0.996365145537997, 0.9466608879664208, 0.9996125510486614, 0.9996125510486614, 0.992733719535749, 0.9996125510486614, 0.992733719535749, 0.9998469491455174, 0.9996125510486614, 0.9996125510486614, 0.9843042784322722, 0.9996125510486614, 0.995375888154235, 0.9983282576910243, 0.8268299769161617, 0.9843042784322722, 0.7894505364028515, 0.996365145537997, 0.9782322879448585, 0.9983282576910243, 0.9996125510486614, 0.9996125510486614, 0.9993313556787133, 0.9996125510486614, 0.9983282576910243, 0.9843042784322722, 0.9996125510486614, 0.996365145537997, 0.9466608879664208, 0.9996125510486614, 0.996365145537997, 0.9970251787211155, 0.9843042784322722, 0.9996125510486614, 0.9996125510486614, 0.9996125510486614, 0.9466608879664208, 0.9872736032254924, 0.996365145537997, 0.9996125510486614, 0.9983282576910243, 0.9983282576910243, 0.9996125510486614, 0.992733719535749, 0.9996125510486614, 0.992733719535749, 0.9996125510486614, 0.9996125510486614, 0.9996125510486614, 0.9970251787211155, 0.996365145537997, 0.996365145537997, 0.9998469491455174, 0.6157634799755194, 0.6534585947657102, 0.9996125510486614, 0.9193475557777834, 0.996365145537997, 0.9466608879664208, 0.9996125510486614, 0.9983282576910243, 0.9970251787211155, 0.9970251787211155, 0.9983086595288196]",1,train,9
1.0,100,0,0,0,100,2,1,1,1,0,0,0,2,1,1,1,0,0,0,"(array([0.84215391, 0.6931206 , 0.50316095, 0.76937759, 0.35487026,
       0.91597408, 0.88362628, 0.50772321]), array([0.68256611, 0.77540869, 0.80895919, 0.7427237 , 0.81873655,
       0.5386349 , 0.61868107, 0.80801713]), array([0.31155866, 0.22035395, 0.18601619, 0.25339469, 0.17577663,
       0.45194951, 0.37380648, 0.18697773]), array([0.16659538, 0.31684485, 0.50648856, 0.2395982 , 0.65278792,
       0.09108132, 0.12450992, 0.501966  ]))","['DeepSeekQwen (32B)', 'EurusPRMStage2_avg_scores (7.62B)', 'QwenPRM_min_scores (7.63B)', 'GPM (8B)', 'Qwen72B_scores (72B)', 'QwenPRM_max_scores (7.63B)', 'DeepSeekLlama (70B)', 'QwenPRM_avg_scores (7.63B)']","[0.9355487261425962, 0.6534585947657102, 0.9971176598270473, 0.9735133846764342, 0.992733719535749, 0.992733719535749, 0.9971176598270473, 0.9355487261425962, 0.992733719535749, 0.992733719535749, 0.6157634799755194, 0.9971176598270473, 0.6534585947657102, 0.980324567806471, 0.992733719535749, 0.9971176598270473, 0.992733719535749, 0.6157634799755194, 0.9355487261425962, 0.992733719535749, 0.992733719535749, 0.9735133846764342, 0.9971176598270473, 0.9871260803866049, 0.992733719535749, 0.9971176598270473, 0.9971176598270473, 0.9250170558130487, 0.992733719535749, 0.9193475557777834, 0.992733719535749, 0.9782322879448585, 0.9466608879664208, 0.992733719535749, 0.992733719535749, 0.9971176598270473, 0.9971176598270473, 0.9735133846764342, 0.9466608879664208, 0.993814052112889, 0.9971176598270473, 0.9782322879448585, 0.9466608879664208, 0.9355487261425962, 0.9971176598270473, 0.992733719535749, 0.992733719535749, 0.9466608879664208, 0.9355487261425962, 0.9971176598270473, 0.9971176598270473, 0.9949349694078116, 0.9971176598270473, 0.9466608879664208, 0.9971176598270473, 0.992733719535749, 0.992733719535749, 0.7684546165970584, 0.9971176598270473, 0.992733719535749, 0.9466608879664208, 0.992733719535749, 0.992733719535749, 0.992733719535749, 0.9782322879448585, 0.9971176598270473, 0.9355487261425962, 0.992733719535749, 0.9466608879664208, 0.9971176598270473, 0.9971176598270473, 0.9466608879664208, 0.6157634799755194, 0.9971176598270473, 0.5527339356331745, 0.9735133846764342, 0.7927888771835866, 0.9466608879664208, 0.992733719535749, 0.9971176598270473, 0.9355487261425962, 0.992733719535749, 0.992733719535749, 0.992733719535749, 0.9872736032254924, 0.9971176598270473, 0.9466608879664208, 0.9782322879448585, 0.567229715469185, 0.5477344116728323, 0.9466608879664208, 0.9971176598270473, 0.9971176598270473, 0.9735133846764342, 0.9971176598270473, 0.9971176598270473, 0.9355487261425962, 0.9782322879448585, 0.9355487261425962, 0.9971176598270473]",2,train,9
1.0,100,0,0,0,100,48,1,1,1,0,0,0,48,1,1,1,0,0,0,"(array([0.84215391, 0.6931206 , 0.50316095, 0.76937759, 0.35487026,
       0.91597408, 0.88362628, 0.50772321]), array([0.68256611, 0.77540869, 0.80895919, 0.7427237 , 0.81873655,
       0.5386349 , 0.61868107, 0.80801713]), array([0.31155866, 0.22035395, 0.18601619, 0.25339469, 0.17577663,
       0.45194951, 0.37380648, 0.18697773]), array([0.16659538, 0.31684485, 0.50648856, 0.2395982 , 0.65278792,
       0.09108132, 0.12450992, 0.501966  ]))","['DeepSeekQwen (32B)', 'EurusPRMStage2_avg_scores (7.62B)', 'QwenPRM_min_scores (7.63B)', 'GPM (8B)', 'Qwen72B_scores (72B)', 'QwenPRM_max_scores (7.63B)', 'DeepSeekLlama (70B)', 'QwenPRM_avg_scores (7.63B)']","[0.9996125510486614, 0.9996125510486614, 0.9996125510486614, 0.9983282576910243, 0.996365145537997, 0.996365145537997, 0.996365145537997, 0.9996125510486614, 0.9983086595288196, 0.9996125510486614, 0.9996125510486614, 0.996365145537997, 0.9996125510486614, 0.9996125510486614, 0.9996125510486614, 0.996365145537997, 0.9970251787211155, 0.9996125510486614, 0.996365145537997, 0.995375888154235, 0.9996125510486614, 0.995375888154235, 0.9996125510486614, 0.9996125510486614, 0.9996125510486614, 0.996365145537997, 0.9872736032254924, 0.9996125510486614, 0.9996125510486614, 0.9843042784322722, 0.996365145537997, 0.9996125510486614, 0.996365145537997, 0.9996125510486614, 0.996365145537997, 0.996365145537997, 0.9996125510486614, 0.9996125510486614, 0.996365145537997, 0.996365145537997, 0.9996125510486614, 0.996365145537997, 0.9466608879664208, 0.996365145537997, 0.996365145537997, 0.996365145537997, 0.9996125510486614, 0.9996125510486614, 0.9998469491455174, 0.9996125510486614, 0.9996125510486614, 0.9996125510486614, 0.996365145537997, 0.9996125510486614, 0.9996125510486614, 0.9996125510486614, 0.9996125510486614, 0.9996125510486614, 0.9996125510486614, 0.9996125510486614, 0.996365145537997, 0.9996125510486614, 0.9996125510486614, 0.9983086595288196, 0.9996125510486614, 0.9996125510486614, 0.9996125510486614, 0.9996125510486614, 0.9996125510486614, 0.996365145537997, 0.9996125510486614, 0.9996125510486614, 0.9996125510486614, 0.996365145537997, 0.9983086595288196, 0.9996125510486614, 0.9996125510486614, 0.9996125510486614, 0.9996125510486614, 0.996365145537997, 0.9983086595288196, 0.9996125510486614, 0.9996125510486614, 0.996365145537997, 0.9983086595288196, 0.996365145537997, 0.8411111274771964, 0.9996125510486614, 0.9996125510486614, 0.996365145537997, 0.9983282576910243, 0.9983086595288196, 0.9872736032254924, 0.9970251787211155, 0.9970251787211155, 0.9996125510486614, 0.9654734247706841, 0.9970251787211155, 0.9581070484593951, 0.9996125510486614]",3,train,9
0.91,44,47,6,3,100,4,1,1,1,0,0,0,4,1,1,1,0,0,0,"(array([0.84215391, 0.6931206 , 0.50316095, 0.76937759, 0.35487026,
       0.91597408, 0.88362628, 0.50772321]), array([0.68256611, 0.77540869, 0.80895919, 0.7427237 , 0.81873655,
       0.5386349 , 0.61868107, 0.80801713]), array([0.31155866, 0.22035395, 0.18601619, 0.25339469, 0.17577663,
       0.45194951, 0.37380648, 0.18697773]), array([0.16659538, 0.31684485, 0.50648856, 0.2395982 , 0.65278792,
       0.09108132, 0.12450992, 0.501966  ]))","['DeepSeekQwen (32B)', 'EurusPRMStage2_avg_scores (7.62B)', 'QwenPRM_min_scores (7.63B)', 'GPM (8B)', 'Qwen72B_scores (72B)', 'QwenPRM_max_scores (7.63B)', 'DeepSeekLlama (70B)', 'QwenPRM_avg_scores (7.63B)']","[0.14549388830343796, 0.9983282576910243, 0.9250170558130487, 0.14549388830343796, 0.9996125510486614, 0.9466608879664208, 0.5969008020051405, 0.011255280308711223, 0.5969008020051405, 0.12005642021910211, 0.1179385310913096, 0.6017519938786162, 0.1179385310913096, 0.12005642021910211, 0.9355487261425962, 0.5969008020051405, 0.0012079848552845895, 0.9996125510486614, 0.992733719535749, 0.12005642021910211, 0.9355487261425962, 0.12005642021910211, 0.0012079848552845895, 0.12005642021910211, 0.12005642021910211, 0.12005642021910211, 0.992733719535749, 0.12005642021910211, 0.0012079848552845895, 0.01428876062778934, 0.9355487261425962, 0.9957257894686811, 0.9250170558130487, 0.08056819344440308, 0.9983282576910243, 0.992733719535749, 0.9355487261425962, 0.12005642021910211, 0.12005642021910211, 0.011255280308711223, 0.9466608879664208, 0.992733719535749, 0.996365145537997, 0.011255280308711223, 0.9996125510486614, 0.12005642021910211, 0.011255280308711223, 0.992733719535749, 0.9871260803866049, 0.9466608879664208, 0.01428876062778934, 0.12005642021910211, 0.5122602620000989, 0.12005642021910211, 0.992733719535749, 0.12005642021910211, 0.12005642021910211, 0.9355487261425962, 0.5969008020051405, 0.6157634799755194, 0.011255280308711223, 0.6157634799755194, 0.12005642021910211, 0.992733719535749, 0.992733719535749, 0.9193475557777834, 0.1179385310913096, 0.9844836281622147, 0.12005642021910211, 0.12005642021910211, 0.011255280308711223, 0.01428876062778934, 0.011255280308711223, 0.6157634799755194, 0.992733719535749, 0.9466608879664208, 0.992733719535749, 0.6157634799755194, 0.5122602620000989, 0.12005642021910211, 0.992733719535749, 0.12005642021910211, 0.12005642021910211, 0.9996125510486614, 0.0012079848552845895, 0.12005642021910211, 0.12005642021910211, 0.992733719535749, 0.12005642021910211, 0.12005642021910211, 0.011255280308711223, 0.12005642021910211, 0.992733719535749, 0.6534585947657102, 0.6534585947657102, 0.992733719535749, 0.5477344116728323, 0.01428876062778934, 0.0012079848552845895, 0.12005642021910211]",4,train,4
0.87,83,4,12,1,100,59,1,1,1,0,0,0,59,1,1,1,0,0,0,"(array([0.84215391, 0.6931206 , 0.50316095, 0.76937759, 0.35487026,
       0.91597408, 0.88362628, 0.50772321]), array([0.68256611, 0.77540869, 0.80895919, 0.7427237 , 0.81873655,
       0.5386349 , 0.61868107, 0.80801713]), array([0.31155866, 0.22035395, 0.18601619, 0.25339469, 0.17577663,
       0.45194951, 0.37380648, 0.18697773]), array([0.16659538, 0.31684485, 0.50648856, 0.2395982 , 0.65278792,
       0.09108132, 0.12450992, 0.501966  ]))","['DeepSeekQwen (32B)', 'EurusPRMStage2_avg_scores (7.62B)', 'QwenPRM_min_scores (7.63B)', 'GPM (8B)', 'Qwen72B_scores (72B)', 'QwenPRM_max_scores (7.63B)', 'DeepSeekLlama (70B)', 'QwenPRM_avg_scores (7.63B)']","[0.9996125510486614, 0.9988230371705322, 0.9800981164058823, 0.992733719535749, 0.9782322879448585, 0.9948757952462264, 0.9843042784322722, 0.992733719535749, 0.9782322879448585, 0.9466608879664208, 0.9782322879448585, 0.7894505364028515, 0.9983086595288196, 0.9782322879448585, 0.9983086595288196, 0.6157634799755194, 0.9466608879664208, 0.9782322879448585, 0.9782322879448585, 0.7927888771835866, 0.9985613250400391, 0.7894505364028515, 0.8737938507622878, 0.7894505364028515, 0.7894505364028515, 0.9782322879448585, 0.9782322879448585, 0.9782322879448585, 0.6157634799755194, 0.9782322879448585, 0.9782322879448585, 0.7627709067368467, 0.9983282576910243, 0.14549388830343796, 0.28488095599882285, 0.9782322879448585, 0.9466608879664208, 0.9466608879664208, 0.9782322879448585, 0.9355487261425962, 0.9843042784322722, 0.9466608879664208, 0.9782322879448585, 0.9466608879664208, 0.6534585947657102, 0.9996125510486614, 0.992733719535749, 0.6157634799755194, 0.9996125510486614, 0.996365145537997, 0.9466608879664208, 0.7627709067368467, 0.996365145537997, 0.9996125510486614, 0.9996125510486614, 0.9466608879664208, 0.7627709067368467, 0.9466608879664208, 0.9996125510486614, 0.9998469491455174, 0.9983086595288196, 0.9466608879664208, 0.9782322879448585, 0.9844836281622147, 0.7627709067368467, 0.9782322879448585, 0.8022874802883211, 0.9782322879448585, 0.14549388830343796, 0.9996125510486614, 0.9782322879448585, 0.9782322879448585, 0.9996125510486614, 0.9782322879448585, 0.9782322879448585, 0.9996125510486614, 0.6534585947657102, 0.9872736032254924, 0.9996125510486614, 0.9983086595288196, 0.14549388830343796, 0.9466608879664208, 0.9782322879448585, 0.9996125510486614, 0.6534585947657102, 0.8648173421176005, 0.9782322879448585, 0.01400699541421447, 0.9466608879664208, 0.9782322879448585, 0.9996125510486614, 0.9782322879448585, 0.9970251787211155, 0.9466608879664208, 0.9466608879664208, 0.9726842978340645, 0.567229715469185, 0.9466608879664208, 0.8268299769161617, 0.9782322879448585]",5,train,8
0.69,28,41,31,0,100,7,1,1,1,0,0,0,7,1,1,1,0,0,0,"(array([0.84215391, 0.6931206 , 0.50316095, 0.76937759, 0.35487026,
       0.91597408, 0.88362628, 0.50772321]), array([0.68256611, 0.77540869, 0.80895919, 0.7427237 , 0.81873655,
       0.5386349 , 0.61868107, 0.80801713]), array([0.31155866, 0.22035395, 0.18601619, 0.25339469, 0.17577663,
       0.45194951, 0.37380648, 0.18697773]), array([0.16659538, 0.31684485, 0.50648856, 0.2395982 , 0.65278792,
       0.09108132, 0.12450992, 0.501966  ]))","['DeepSeekQwen (32B)', 'EurusPRMStage2_avg_scores (7.62B)', 'QwenPRM_min_scores (7.63B)', 'GPM (8B)', 'Qwen72B_scores (72B)', 'QwenPRM_max_scores (7.63B)', 'DeepSeekLlama (70B)', 'QwenPRM_avg_scores (7.63B)']","[0.01428876062778934, 0.5122602620000989, 0.6157634799755194, 0.12005642021910211, 0.12005642021910211, 0.12005642021910211, 0.12005642021910211, 0.9998469491455174, 0.011255280308711223, 0.9998469491455174, 0.9996125510486614, 0.6157634799755194, 0.08056819344440308, 0.12005642021910211, 0.11195430921121478, 0.9782322879448585, 0.12005642021910211, 0.12005642021910211, 0.9466608879664208, 0.14549388830343796, 0.9985613250400391, 0.1179385310913096, 0.9250170558130487, 0.9466608879664208, 0.6017519938786162, 0.9890309306801571, 0.9983282576910243, 0.12005642021910211, 0.9998469491455174, 0.9998469491455174, 0.12005642021910211, 0.9971176598270473, 0.9435778244284654, 0.6157634799755194, 0.9998469491455174, 0.12005642021910211, 0.1179385310913096, 0.14549388830343796, 0.920832866531445, 0.9782322879448585, 0.12005642021910211, 0.6157634799755194, 0.9466608879664208, 0.6157634799755194, 0.9466608879664208, 0.01428876062778934, 0.12005642021910211, 0.11195430921121478, 0.9782322879448585, 0.9988230371705322, 0.6157634799755194, 0.5969008020051405, 0.12005642021910211, 0.6157634799755194, 0.9971176598270473, 0.6017519938786162, 0.12005642021910211, 0.9971176598270473, 0.6017519938786162, 0.9971176598270473, 0.1179385310913096, 0.01428876062778934, 0.1359403118627483, 0.6157634799755194, 0.6157634799755194, 0.9466608879664208, 0.14549388830343796, 0.6017519938786162, 0.9998469491455174, 0.9993313556787133, 0.6157634799755194, 0.12005642021910211, 0.6157634799755194, 0.011255280308711223, 0.12005642021910211, 0.6157634799755194, 0.12005642021910211, 0.9996125510486614, 0.12005642021910211, 0.12005642021910211, 0.9193475557777834, 0.9971176598270473, 0.6157634799755194, 0.12005642021910211, 0.7684546165970584, 0.9996125510486614, 0.9998469491455174, 0.8750757003940338, 0.1179385310913096, 0.12005642021910211, 0.6157634799755194, 0.1179385310913096, 0.12005642021910211, 0.14549388830343796, 0.9985613250400391, 0.6157634799755194, 0.9957257894686811, 0.6017519938786162, 0.6157634799755194, 0.12005642021910211]",6,train,2
0.98,98,0,0,2,100,13,1,1,1,0,0,0,13,1,1,1,0,0,0,"(array([0.84215391, 0.6931206 , 0.50316095, 0.76937759, 0.35487026,
       0.91597408, 0.88362628, 0.50772321]), array([0.68256611, 0.77540869, 0.80895919, 0.7427237 , 0.81873655,
       0.5386349 , 0.61868107, 0.80801713]), array([0.31155866, 0.22035395, 0.18601619, 0.25339469, 0.17577663,
       0.45194951, 0.37380648, 0.18697773]), array([0.16659538, 0.31684485, 0.50648856, 0.2395982 , 0.65278792,
       0.09108132, 0.12450992, 0.501966  ]))","['DeepSeekQwen (32B)', 'EurusPRMStage2_avg_scores (7.62B)', 'QwenPRM_min_scores (7.63B)', 'GPM (8B)', 'Qwen72B_scores (72B)', 'QwenPRM_max_scores (7.63B)', 'DeepSeekLlama (70B)', 'QwenPRM_avg_scores (7.63B)']","[0.9983282576910243, 0.9993313556787133, 0.9971176598270473, 0.9983086595288196, 0.9993313556787133, 0.9993313556787133, 0.9993313556787133, 0.9735133846764342, 0.9665138414525071, 0.9665138414525071, 0.9871260803866049, 0.992733719535749, 0.9971176598270473, 0.9998469491455174, 0.9355487261425962, 0.9993391113427557, 0.9988230371705322, 0.9537635947084169, 0.9998469491455174, 0.9971176598270473, 0.9971176598270473, 0.9971176598270473, 0.9998469491455174, 0.9993313556787133, 0.9970251787211155, 0.28488095599882285, 0.9971176598270473, 0.9537635947084169, 0.9998469491455174, 0.9998469491455174, 0.9998469491455174, 0.9926444907172014, 0.9985613250400391, 0.9993313556787133, 0.9193475557777834, 0.992733719535749, 0.9998469491455174, 0.9993391113427557, 0.9971176598270473, 0.9971176598270473, 0.9665138414525071, 0.9993313556787133, 0.9860735023597503, 0.9735133846764342, 0.9998469491455174, 0.9985613250400391, 0.9996125510486614, 0.9948757952462264, 0.9971176598270473, 0.9782322879448585, 0.9993313556787133, 0.9993313556787133, 0.9998469491455174, 0.9983086595288196, 0.9937418647762084, 0.9843042784322722, 0.9993313556787133, 0.7540942897020623, 0.9665138414525071, 0.9971176598270473, 0.9998469491455174, 0.9993313556787133, 0.9937418647762084, 0.9971176598270473, 0.9998469491455174, 0.9993313556787133, 0.995375888154235, 0.9971176598270473, 0.9985613250400391, 0.9735133846764342, 0.9843042784322722, 0.9993313556787133, 0.9830249559050668, 0.9971176598270473, 0.9993313556787133, 0.9985613250400391, 0.9985613250400391, 0.9971176598270473, 0.9993313556787133, 0.9983282576910243, 0.9985613250400391, 0.9998469491455174, 0.9985613250400391, 0.9937418647762084, 0.9998469491455174, 0.9937418647762084, 0.9993313556787133, 0.9993313556787133, 0.28488095599882285, 0.9983086595288196, 0.9993313556787133, 0.9988230371705322, 0.9985613250400391, 0.9993313556787133, 0.9948757952462264, 0.9985613250400391, 0.9993313556787133, 0.9466608879664208, 0.8906696965342954, 0.9993313556787133]",7,train,9
1.0,100,0,0,0,100,11,1,1,1,0,0,0,11,1,1,1,0,0,0,"(array([0.84215391, 0.6931206 , 0.50316095, 0.76937759, 0.35487026,
       0.91597408, 0.88362628, 0.50772321]), array([0.68256611, 0.77540869, 0.80895919, 0.7427237 , 0.81873655,
       0.5386349 , 0.61868107, 0.80801713]), array([0.31155866, 0.22035395, 0.18601619, 0.25339469, 0.17577663,
       0.45194951, 0.37380648, 0.18697773]), array([0.16659538, 0.31684485, 0.50648856, 0.2395982 , 0.65278792,
       0.09108132, 0.12450992, 0.501966  ]))","['DeepSeekQwen (32B)', 'EurusPRMStage2_avg_scores (7.62B)', 'QwenPRM_min_scores (7.63B)', 'GPM (8B)', 'Qwen72B_scores (72B)', 'QwenPRM_max_scores (7.63B)', 'DeepSeekLlama (70B)', 'QwenPRM_avg_scores (7.63B)']","[0.9983086595288196, 0.9466608879664208, 0.9996125510486614, 0.9871260803866049, 0.9996125510486614, 0.9983282576910243, 0.9782322879448585, 0.9983086595288196, 0.9993391113427557, 0.9985613250400391, 0.9993391113427557, 0.9998469491455174, 0.9466608879664208, 0.9782322879448585, 0.9830249559050668, 0.9993391113427557, 0.992733719535749, 0.9998469491455174, 0.9782322879448585, 0.992733719535749, 0.9466608879664208, 0.9985613250400391, 0.9993391113427557, 0.8906696965342954, 0.9782322879448585, 0.9983086595288196, 0.6534585947657102, 0.9782322879448585, 0.996365145537997, 0.9993391113427557, 0.9998469491455174, 0.9983282576910243, 0.9782322879448585, 0.992733719535749, 0.993814052112889, 0.9998469491455174, 0.9996125510486614, 0.9782322879448585, 0.9949349694078116, 0.9872736032254924, 0.9466608879664208, 0.996365145537997, 0.9998469491455174, 0.9782322879448585, 0.996365145537997, 0.9998469491455174, 0.9971176598270473, 0.9998469491455174, 0.9466608879664208, 0.8918013660822919, 0.9983282576910243, 0.9971176598270473, 0.9735133846764342, 0.9782322879448585, 0.9844836281622147, 0.9993313556787133, 0.9996125510486614, 0.8268299769161617, 0.9872736032254924, 0.9466608879664208, 0.9998469491455174, 0.8918013660822919, 0.9782322879448585, 0.9782322879448585, 0.9998469491455174, 0.9782322879448585, 0.9983282576910243, 0.9782322879448585, 0.9871260803866049, 0.9949349694078116, 0.992733719535749, 0.9466608879664208, 0.9871260803866049, 0.9782322879448585, 0.9993313556787133, 0.9782322879448585, 0.9782322879448585, 0.992733719535749, 0.992733719535749, 0.9466608879664208, 0.9993313556787133, 0.9996125510486614, 0.9993391113427557, 0.9844836281622147, 0.9996125510486614, 0.9998469491455174, 0.9996125510486614, 0.9872736032254924, 0.9996125510486614, 0.9843042784322722, 0.9970251787211155, 0.9996125510486614, 0.993814052112889, 0.9996125510486614, 0.9355487261425962, 0.9466608879664208, 0.9466608879664208, 0.9466608879664208, 0.6534585947657102, 0.996365145537997]",8,train,9
0.62,15,47,37,1,100,24,1,1,1,0,0,0,25,0,1,0,1,0,0,"(array([0.84215391, 0.6931206 , 0.50316095, 0.76937759, 0.35487026,
       0.91597408, 0.88362628, 0.50772321]), array([0.68256611, 0.77540869, 0.80895919, 0.7427237 , 0.81873655,
       0.5386349 , 0.61868107, 0.80801713]), array([0.31155866, 0.22035395, 0.18601619, 0.25339469, 0.17577663,
       0.45194951, 0.37380648, 0.18697773]), array([0.16659538, 0.31684485, 0.50648856, 0.2395982 , 0.65278792,
       0.09108132, 0.12450992, 0.501966  ]))","['DeepSeekQwen (32B)', 'EurusPRMStage2_avg_scores (7.62B)', 'QwenPRM_min_scores (7.63B)', 'GPM (8B)', 'Qwen72B_scores (72B)', 'QwenPRM_max_scores (7.63B)', 'DeepSeekLlama (70B)', 'QwenPRM_avg_scores (7.63B)']","[0.009224306716638759, 0.01428876062778934, 0.9355487261425962, 0.9250170558130487, 0.8499081025720336, 0.01428876062778934, 0.1179385310913096, 0.01428876062778934, 0.9611670194421109, 0.01428876062778934, 0.567229715469185, 0.14549388830343796, 0.5072116725009345, 0.09857621320343903, 0.567229715469185, 0.5477344116728323, 0.5477344116728323, 0.1003859733848171, 0.9611670194421109, 0.567229715469185, 0.9355487261425962, 0.058935557613589096, 0.9843042784322722, 0.1003859733848171, 0.992733719535749, 0.0012079848552845895, 0.01428876062778934, 0.8499081025720336, 0.1383307721055558, 0.9355487261425962, 0.14549388830343796, 0.9355487261425962, 0.08056819344440308, 0.1003859733848171, 0.1179385310913096, 0.1003859733848171, 0.9193475557777834, 0.9250170558130487, 0.992733719535749, 0.1003859733848171, 0.5477344116728323, 0.567229715469185, 0.1003859733848171, 0.09857621320343903, 0.039103740995936845, 0.9355487261425962, 0.9193475557777834, 0.5527339356331745, 0.1383307721055558, 0.5477344116728323, 0.9355487261425962, 0.5969008020051405, 0.09347033071529678, 0.5527339356331745, 0.9355487261425962, 0.1003859733848171, 0.1003859733848171, 0.920832866531445, 0.3252780893109521, 0.9250170558130487, 0.1003859733848171, 0.6781706840942073, 0.1003859733848171, 0.6534585947657102, 0.9355487261425962, 0.567229715469185, 0.567229715469185, 0.14549388830343796, 0.9193475557777834, 0.8906696965342954, 0.009224306716638759, 0.1003859733848171, 0.5477344116728323, 0.1003859733848171, 0.920832866531445, 0.1359403118627483, 0.8499081025720336, 0.5477344116728323, 0.920832866531445, 0.5527339356331745, 0.42383095885808647, 0.09857621320343903, 0.992733719535749, 0.1003859733848171, 0.009224306716638759, 0.09857621320343903, 0.992733719535749, 0.09857621320343903, 0.1359403118627483, 0.1359403118627483, 0.09857621320343903, 0.09347033071529678, 0.12005642021910211, 0.5072116725009345, 0.14549388830343796, 0.0012079848552845895, 0.9193475557777834, 0.5477344116728323, 0.567229715469185, 0.567229715469185]",9,train,1
0.99,89,10,1,0,100,4,1,1,1,0,0,0,4,1,1,1,0,0,0,"(array([0.84215391, 0.6931206 , 0.50316095, 0.76937759, 0.35487026,
       0.91597408, 0.88362628, 0.50772321]), array([0.68256611, 0.77540869, 0.80895919, 0.7427237 , 0.81873655,
       0.5386349 , 0.61868107, 0.80801713]), array([0.31155866, 0.22035395, 0.18601619, 0.25339469, 0.17577663,
       0.45194951, 0.37380648, 0.18697773]), array([0.16659538, 0.31684485, 0.50648856, 0.2395982 , 0.65278792,
       0.09108132, 0.12450992, 0.501966  ]))","['DeepSeekQwen (32B)', 'EurusPRMStage2_avg_scores (7.62B)', 'QwenPRM_min_scores (7.63B)', 'GPM (8B)', 'Qwen72B_scores (72B)', 'QwenPRM_max_scores (7.63B)', 'DeepSeekLlama (70B)', 'QwenPRM_avg_scores (7.63B)']","[0.12005642021910211, 0.9996125510486614, 0.6534585947657102, 0.992733719535749, 0.9998469491455174, 0.9871260803866049, 0.9782322879448585, 0.9537635947084169, 0.6017519938786162, 0.9971176598270473, 0.9872736032254924, 0.9983076118316113, 0.0012079848552845895, 0.5969008020051405, 0.9844836281622147, 0.9970251787211155, 0.992733719535749, 0.9466608879664208, 0.9996125510486614, 0.9782322879448585, 0.9983076118316113, 0.9998469491455174, 0.9872736032254924, 0.9782322879448585, 0.9983282576910243, 0.9949349694078116, 0.992135972307355, 0.01428876062778934, 0.9890309306801571, 0.8826681811832059, 0.9782322879448585, 0.993814052112889, 0.9466608879664208, 0.9844836281622147, 0.01428876062778934, 0.9735133846764342, 0.9537635947084169, 0.993814052112889, 0.9998469491455174, 0.9996125510486614, 0.9466608879664208, 0.9890309306801571, 0.9782322879448585, 0.992733719535749, 0.9985613250400391, 0.9871260803866049, 0.9971176598270473, 0.6534585947657102, 0.9985613250400391, 0.996365145537997, 0.9998469491455174, 0.9782322879448585, 0.9726842978340645, 0.9971176598270473, 0.9988230371705322, 0.9970251787211155, 0.9954679489218352, 0.9971176598270473, 0.14549388830343796, 0.9998469491455174, 0.01428876062778934, 0.9998469491455174, 0.9998469491455174, 0.9971176598270473, 0.995375888154235, 0.1383307721055558, 0.9971176598270473, 0.9782322879448585, 0.9466608879664208, 0.009224306716638759, 0.9971176598270473, 0.9872736032254924, 0.9782322879448585, 0.9466608879664208, 0.992733719535749, 0.9998469491455174, 0.9466608879664208, 0.9996125510486614, 0.9949349694078116, 0.9872736032254924, 0.9782322879448585, 0.9971176598270473, 0.9735133846764342, 0.9782322879448585, 0.9996125510486614, 0.9998469491455174, 0.6534585947657102, 0.8268299769161617, 0.968979639299488, 0.9466608879664208, 0.6534585947657102, 0.9466608879664208, 0.0012079848552845895, 0.9782322879448585, 0.9466608879664208, 0.9872736032254924, 0.7684546165970584, 0.6534585947657102, 0.0012079848552845895, 0.6157634799755194]",10,train,8
1.0,98,2,0,0,100,0,1,1,1,0,0,0,0,1,1,1,0,0,0,"(array([0.84215391, 0.6931206 , 0.50316095, 0.76937759, 0.35487026,
       0.91597408, 0.88362628, 0.50772321]), array([0.68256611, 0.77540869, 0.80895919, 0.7427237 , 0.81873655,
       0.5386349 , 0.61868107, 0.80801713]), array([0.31155866, 0.22035395, 0.18601619, 0.25339469, 0.17577663,
       0.45194951, 0.37380648, 0.18697773]), array([0.16659538, 0.31684485, 0.50648856, 0.2395982 , 0.65278792,
       0.09108132, 0.12450992, 0.501966  ]))","['DeepSeekQwen (32B)', 'EurusPRMStage2_avg_scores (7.62B)', 'QwenPRM_min_scores (7.63B)', 'GPM (8B)', 'Qwen72B_scores (72B)', 'QwenPRM_max_scores (7.63B)', 'DeepSeekLlama (70B)', 'QwenPRM_avg_scores (7.63B)']","[0.9998469491455174, 0.9996125510486614, 0.996365145537997, 0.9998469491455174, 0.9996125510486614, 0.9998469491455174, 0.9998469491455174, 0.996365145537997, 0.996365145537997, 0.9998469491455174, 0.968979639299488, 0.9985613250400391, 0.9996125510486614, 0.6157634799755194, 0.9993313556787133, 0.9998469491455174, 0.996365145537997, 0.9830249559050668, 0.9998469491455174, 0.9466608879664208, 0.9998469491455174, 0.9996125510486614, 0.9998469491455174, 0.9998469491455174, 0.9998469491455174, 0.9466608879664208, 0.9998469491455174, 0.992733719535749, 0.9996125510486614, 0.9998469491455174, 0.5969008020051405, 0.9466608879664208, 0.9996125510486614, 0.9949349694078116, 0.9844836281622147, 0.9998469491455174, 0.9993313556787133, 0.9844836281622147, 0.9985613250400391, 0.996365145537997, 0.9996125510486614, 0.996365145537997, 0.9998469491455174, 0.9998469491455174, 0.992733719535749, 0.992135972307355, 0.9983282576910243, 0.9998469491455174, 0.9971176598270473, 0.9843042784322722, 0.01428876062778934, 0.9985613250400391, 0.9998469491455174, 0.9993313556787133, 0.9993391113427557, 0.9985613250400391, 0.9998469491455174, 0.9466608879664208, 0.9988230371705322, 0.9996125510486614, 0.9998469491455174, 0.9948757952462264, 0.9985613250400391, 0.996365145537997, 0.9937418647762084, 0.9993313556787133, 0.9998469491455174, 0.9996125510486614, 0.9920443592658181, 0.9998469491455174, 0.9985613250400391, 0.9985613250400391, 0.9998469491455174, 0.9985613250400391, 0.9466608879664208, 0.9996125510486614, 0.9998469491455174, 0.9998469491455174, 0.996365145537997, 0.9998469491455174, 0.9927292436052385, 0.9948757952462264, 0.996365145537997, 0.9890309306801571, 0.9996125510486614, 0.9998469491455174, 0.9981686784948819, 0.9988230371705322, 0.9971176598270473, 0.9998469491455174, 0.9872736032254924, 0.9998469491455174, 0.9998469491455174, 0.12005642021910211, 0.9996125510486614, 0.9970251787211155, 0.9970251787211155, 0.9996125510486614, 0.996365145537997, 0.9983086595288196]",11,train,9
1.0,100,0,0,0,100,6,1,1,1,0,0,0,6,1,1,1,0,0,0,"(array([0.84215391, 0.6931206 , 0.50316095, 0.76937759, 0.35487026,
       0.91597408, 0.88362628, 0.50772321]), array([0.68256611, 0.77540869, 0.80895919, 0.7427237 , 0.81873655,
       0.5386349 , 0.61868107, 0.80801713]), array([0.31155866, 0.22035395, 0.18601619, 0.25339469, 0.17577663,
       0.45194951, 0.37380648, 0.18697773]), array([0.16659538, 0.31684485, 0.50648856, 0.2395982 , 0.65278792,
       0.09108132, 0.12450992, 0.501966  ]))","['DeepSeekQwen (32B)', 'EurusPRMStage2_avg_scores (7.62B)', 'QwenPRM_min_scores (7.63B)', 'GPM (8B)', 'Qwen72B_scores (72B)', 'QwenPRM_max_scores (7.63B)', 'DeepSeekLlama (70B)', 'QwenPRM_avg_scores (7.63B)']","[0.996365145537997, 0.9581070484593951, 0.9355487261425962, 0.9970251787211155, 0.996365145537997, 0.9988230371705322, 0.9996125510486614, 0.9970251787211155, 0.9970251787211155, 0.9996125510486614, 0.9996125510486614, 0.9996125510486614, 0.9782322879448585, 0.9726842978340645, 0.9970251787211155, 0.9996125510486614, 0.9970251787211155, 0.9466608879664208, 0.9970251787211155, 0.9996125510486614, 0.9996125510486614, 0.9996125510486614, 0.9970251787211155, 0.9581070484593951, 0.996365145537997, 0.9996125510486614, 0.9996125510486614, 0.9983086595288196, 0.9996125510486614, 0.9466608879664208, 0.9996125510486614, 0.9996125510486614, 0.996365145537997, 0.9996125510486614, 0.9970251787211155, 0.9996125510486614, 0.9996125510486614, 0.9983282576910243, 0.9726842978340645, 0.9996125510486614, 0.995375888154235, 0.9996125510486614, 0.9996125510486614, 0.9970251787211155, 0.9996125510486614, 0.9466608879664208, 0.9726842978340645, 0.9996125510486614, 0.9970251787211155, 0.9466608879664208, 0.9970251787211155, 0.9996125510486614, 0.9970251787211155, 0.9193475557777834, 0.9871260803866049, 0.9970251787211155, 0.996365145537997, 0.9970251787211155, 0.9996125510486614, 0.9466608879664208, 0.9996125510486614, 0.9970251787211155, 0.9996125510486614, 0.7627709067368467, 0.9970251787211155, 0.9970251787211155, 0.9726842978340645, 0.9996125510486614, 0.9970251787211155, 0.9996125510486614, 0.9996125510486614, 0.9970251787211155, 0.9996125510486614, 0.6534585947657102, 0.996365145537997, 0.9466608879664208, 0.9970251787211155, 0.9988230371705322, 0.9726842978340645, 0.9970251787211155, 0.9981686784948819, 0.9996125510486614, 0.9996125510486614, 0.9996125510486614, 0.9726842978340645, 0.9726842978340645, 0.9996125510486614, 0.996365145537997, 0.9654734247706841, 0.9970251787211155, 0.9970251787211155, 0.9983086595288196, 0.9996125510486614, 0.9970251787211155, 0.9996125510486614, 0.9871260803866049, 0.996365145537997, 0.9466608879664208, 0.996365145537997, 0.9996125510486614]",12,train,9
0.87,61,26,13,0,100,39,1,1,1,0,0,0,39,1,1,1,0,0,0,"(array([0.84215391, 0.6931206 , 0.50316095, 0.76937759, 0.35487026,
       0.91597408, 0.88362628, 0.50772321]), array([0.68256611, 0.77540869, 0.80895919, 0.7427237 , 0.81873655,
       0.5386349 , 0.61868107, 0.80801713]), array([0.31155866, 0.22035395, 0.18601619, 0.25339469, 0.17577663,
       0.45194951, 0.37380648, 0.18697773]), array([0.16659538, 0.31684485, 0.50648856, 0.2395982 , 0.65278792,
       0.09108132, 0.12450992, 0.501966  ]))","['DeepSeekQwen (32B)', 'EurusPRMStage2_avg_scores (7.62B)', 'QwenPRM_min_scores (7.63B)', 'GPM (8B)', 'Qwen72B_scores (72B)', 'QwenPRM_max_scores (7.63B)', 'DeepSeekLlama (70B)', 'QwenPRM_avg_scores (7.63B)']","[0.7203956493620088, 0.992733719535749, 0.9355487261425962, 0.9355487261425962, 0.992733719535749, 0.9355487261425962, 0.992733719535749, 0.8268299769161617, 0.01428876062778934, 0.011255280308711223, 0.6534585947657102, 0.9949349694078116, 0.6781706840942073, 0.992733719535749, 0.7267308923046748, 0.03540545738768739, 0.6534585947657102, 0.9983282576910243, 0.01428876062778934, 0.9355487261425962, 0.9844836281622147, 0.14549388830343796, 0.9983282576910243, 0.992733719535749, 0.9890309306801571, 0.059586402463386465, 0.992733719535749, 0.01428876062778934, 0.992733719535749, 0.992733719535749, 0.992733719535749, 0.9782322879448585, 0.059586402463386465, 0.992733719535749, 0.9949349694078116, 0.992733719535749, 0.9971176598270473, 0.9993391113427557, 0.1383307721055558, 0.9998469491455174, 0.14549388830343796, 0.751960770800218, 0.9971176598270473, 0.9993391113427557, 0.9355487261425962, 0.9993391113427557, 0.9998469491455174, 0.8499081025720336, 0.058935557613589096, 0.9817925524166252, 0.9193475557777834, 0.992733719535749, 0.9355487261425962, 0.993814052112889, 0.6157634799755194, 0.6157634799755194, 0.992733719535749, 0.992733719535749, 0.059586402463386465, 0.9466608879664208, 0.5527339356331745, 0.9250170558130487, 0.992733719535749, 0.9971176598270473, 0.058935557613589096, 0.01428876062778934, 0.8847443016851295, 0.9844836281622147, 0.992733719535749, 0.54969245557206, 0.992733719535749, 0.42668439145347625, 0.992733719535749, 0.03866742321680511, 0.059586402463386465, 0.992733719535749, 0.0012079848552845895, 0.21491165797536935, 0.992733719535749, 0.992733719535749, 0.9971176598270473, 0.21491165797536935, 0.01400699541421447, 0.9671615555272245, 0.992733719535749, 0.9983282576910243, 0.02232932578734334, 0.1003859733848171, 0.992733719535749, 0.7684546165970584, 0.9355487261425962, 0.9988230371705322, 0.1003859733848171, 0.6781706840942073, 0.992733719535749, 0.9355487261425962, 0.8670903167075059, 0.9996125510486614, 0.01428876062778934, 0.01428876062778934]",13,train,6
0.96,51,45,4,0,100,0,1,1,1,0,0,0,57,0,1,0,1,0,0,"(array([0.84215391, 0.6931206 , 0.50316095, 0.76937759, 0.35487026,
       0.91597408, 0.88362628, 0.50772321]), array([0.68256611, 0.77540869, 0.80895919, 0.7427237 , 0.81873655,
       0.5386349 , 0.61868107, 0.80801713]), array([0.31155866, 0.22035395, 0.18601619, 0.25339469, 0.17577663,
       0.45194951, 0.37380648, 0.18697773]), array([0.16659538, 0.31684485, 0.50648856, 0.2395982 , 0.65278792,
       0.09108132, 0.12450992, 0.501966  ]))","['DeepSeekQwen (32B)', 'EurusPRMStage2_avg_scores (7.62B)', 'QwenPRM_min_scores (7.63B)', 'GPM (8B)', 'Qwen72B_scores (72B)', 'QwenPRM_max_scores (7.63B)', 'DeepSeekLlama (70B)', 'QwenPRM_avg_scores (7.63B)']","[0.9971176598270473, 0.9735133846764342, 0.9971176598270473, 0.01428876062778934, 0.01428876062778934, 0.1003859733848171, 0.9782322879448585, 0.9735133846764342, 0.12005642021910211, 0.12005642021910211, 0.9250170558130487, 0.12005642021910211, 0.9971176598270473, 0.9971176598270473, 0.12005642021910211, 0.968979639299488, 0.6157634799755194, 0.12005642021910211, 0.01428876062778934, 0.9665138414525071, 0.9665138414525071, 0.9971176598270473, 0.9735133846764342, 0.011255280308711223, 0.12005642021910211, 0.12005642021910211, 0.12005642021910211, 0.992733719535749, 0.12005642021910211, 0.9971176598270473, 0.9665138414525071, 0.01428876062778934, 0.12005642021910211, 0.12005642021910211, 0.01428876062778934, 0.9250170558130487, 0.1383307721055558, 0.14549388830343796, 0.9782322879448585, 0.992733719535749, 0.992733719535749, 0.9971176598270473, 0.12005642021910211, 0.12005642021910211, 0.12005642021910211, 0.12005642021910211, 0.9735133846764342, 0.8268299769161617, 0.9735133846764342, 0.12005642021910211, 0.12005642021910211, 0.9971176598270473, 0.9671615555272245, 0.011255280308711223, 0.9971176598270473, 0.6157634799755194, 0.9671615555272245, 0.0012079848552845895, 0.9971176598270473, 0.9665138414525071, 0.9735133846764342, 0.12005642021910211, 0.12005642021910211, 0.01400699541421447, 0.12005642021910211, 0.12005642021910211, 0.01428876062778934, 0.8022874802883211, 0.9971176598270473, 0.9971176598270473, 0.6157634799755194, 0.01428876062778934, 0.01428876062778934, 0.9782322879448585, 0.1179385310913096, 0.01428876062778934, 0.9735133846764342, 0.12005642021910211, 0.011255280308711223, 0.9971176598270473, 0.9971176598270473, 0.0012079848552845895, 0.011255280308711223, 0.9971176598270473, 0.9735133846764342, 0.6157634799755194, 0.9971176598270473, 0.9971176598270473, 0.12005642021910211, 0.9971176598270473, 0.9735133846764342, 0.0012079848552845895, 0.7894505364028515, 0.9971176598270473, 0.9971176598270473, 0.12005642021910211, 0.9971176598270473, 0.9735133846764342, 0.9971176598270473, 0.9971176598270473]",14,train,5
0.99,95,4,0,1,100,5,1,1,1,0,0,0,5,1,1,1,0,0,0,"(array([0.84215391, 0.6931206 , 0.50316095, 0.76937759, 0.35487026,
       0.91597408, 0.88362628, 0.50772321]), array([0.68256611, 0.77540869, 0.80895919, 0.7427237 , 0.81873655,
       0.5386349 , 0.61868107, 0.80801713]), array([0.31155866, 0.22035395, 0.18601619, 0.25339469, 0.17577663,
       0.45194951, 0.37380648, 0.18697773]), array([0.16659538, 0.31684485, 0.50648856, 0.2395982 , 0.65278792,
       0.09108132, 0.12450992, 0.501966  ]))","['DeepSeekQwen (32B)', 'EurusPRMStage2_avg_scores (7.62B)', 'QwenPRM_min_scores (7.63B)', 'GPM (8B)', 'Qwen72B_scores (72B)', 'QwenPRM_max_scores (7.63B)', 'DeepSeekLlama (70B)', 'QwenPRM_avg_scores (7.63B)']","[0.996365145537997, 0.9355487261425962, 0.9250170558130487, 0.9466608879664208, 0.9983086595288196, 0.9998469491455174, 0.9872736032254924, 0.9983086595288196, 0.9996125510486614, 0.9250170558130487, 0.9983282576910243, 0.996365145537997, 0.9996125510486614, 0.9996125510486614, 0.9466608879664208, 0.9355487261425962, 0.992733719535749, 0.9983282576910243, 0.9996125510486614, 0.9983086595288196, 0.9985613250400391, 0.9996125510486614, 0.992733719535749, 0.9983282576910243, 0.9466608879664208, 0.9466608879664208, 0.992733719535749, 0.992733719535749, 0.9983282576910243, 0.8918013660822919, 0.993814052112889, 0.992733719535749, 0.9983282576910243, 0.9998469491455174, 0.01428876062778934, 0.9996125510486614, 0.9998469491455174, 0.9355487261425962, 0.9993391113427557, 0.9466608879664208, 0.9998469491455174, 0.996365145537997, 0.992733719535749, 0.9996125510486614, 0.996365145537997, 0.9983086595288196, 0.9193475557777834, 0.9983086595288196, 0.992733719535749, 0.9985613250400391, 0.9466608879664208, 0.9983086595288196, 0.9996125510486614, 0.9996125510486614, 0.9466608879664208, 0.9466608879664208, 0.9996125510486614, 0.01400699541421447, 0.9998469491455174, 0.01428876062778934, 0.9996125510486614, 0.9993391113427557, 0.992733719535749, 0.9355487261425962, 0.9996125510486614, 0.9983282576910243, 0.9843042784322722, 0.6157634799755194, 0.996365145537997, 0.9996125510486614, 0.9355487261425962, 0.996365145537997, 0.9843042784322722, 0.996365145537997, 0.9996125510486614, 0.9466608879664208, 0.8918013660822919, 0.5477344116728323, 0.9996125510486614, 0.9970251787211155, 0.14549388830343796, 0.0012079848552845895, 0.9983086595288196, 0.9996125510486614, 0.9466608879664208, 0.9988230371705322, 0.995375888154235, 0.6534585947657102, 0.9466608879664208, 0.9872736032254924, 0.996365145537997, 0.992733719535749, 0.9466608879664208, 0.992733719535749, 0.8906092782856633, 0.9983086595288196, 0.9983282576910243, 0.996365145537997, 0.9983282576910243, 0.9983086595288196]",15,train,9
1.0,100,0,0,0,100,2,1,1,1,0,0,0,2,1,1,1,0,0,0,"(array([0.84215391, 0.6931206 , 0.50316095, 0.76937759, 0.35487026,
       0.91597408, 0.88362628, 0.50772321]), array([0.68256611, 0.77540869, 0.80895919, 0.7427237 , 0.81873655,
       0.5386349 , 0.61868107, 0.80801713]), array([0.31155866, 0.22035395, 0.18601619, 0.25339469, 0.17577663,
       0.45194951, 0.37380648, 0.18697773]), array([0.16659538, 0.31684485, 0.50648856, 0.2395982 , 0.65278792,
       0.09108132, 0.12450992, 0.501966  ]))","['DeepSeekQwen (32B)', 'EurusPRMStage2_avg_scores (7.62B)', 'QwenPRM_min_scores (7.63B)', 'GPM (8B)', 'Qwen72B_scores (72B)', 'QwenPRM_max_scores (7.63B)', 'DeepSeekLlama (70B)', 'QwenPRM_avg_scores (7.63B)']","[0.996365145537997, 0.9983282576910243, 0.9998469491455174, 0.9782322879448585, 0.9981686784948819, 0.9996125510486614, 0.9996125510486614, 0.9998469491455174, 0.9996125510486614, 0.9996125510486614, 0.9985613250400391, 0.9996125510486614, 0.996365145537997, 0.9996125510486614, 0.996365145537997, 0.9993313556787133, 0.993814052112889, 0.996365145537997, 0.9998469491455174, 0.9996125510486614, 0.9996125510486614, 0.996365145537997, 0.9985613250400391, 0.9466608879664208, 0.9782322879448585, 0.9996125510486614, 0.9998469491455174, 0.9971176598270473, 0.9971176598270473, 0.9993313556787133, 0.996365145537997, 0.9996125510486614, 0.9996125510486614, 0.9998469491455174, 0.9998469491455174, 0.9996125510486614, 0.9996125510486614, 0.9998469491455174, 0.9998469491455174, 0.9996125510486614, 0.9996125510486614, 0.9998469491455174, 0.9981686784948819, 0.9996125510486614, 0.9996125510486614, 0.9996125510486614, 0.9996125510486614, 0.9782322879448585, 0.9996125510486614, 0.9843042784322722, 0.9971176598270473, 0.9998469491455174, 0.9985613250400391, 0.9985613250400391, 0.9466608879664208, 0.9996125510486614, 0.9996125510486614, 0.9996125510486614, 0.9996125510486614, 0.9844836281622147, 0.9998469491455174, 0.9998469491455174, 0.996365145537997, 0.9996125510486614, 0.9971176598270473, 0.9782322879448585, 0.9937418647762084, 0.9996125510486614, 0.9985613250400391, 0.996365145537997, 0.996365145537997, 0.9844836281622147, 0.9872736032254924, 0.9466608879664208, 0.9996125510486614, 0.9996125510486614, 0.9996125510486614, 0.9996125510486614, 0.996365145537997, 0.9466608879664208, 0.9996125510486614, 0.9996125510486614, 0.996365145537997, 0.9998469491455174, 0.9996125510486614, 0.9998469491455174, 0.9996125510486614, 0.9996125510486614, 0.9996125510486614, 0.9996125510486614, 0.996365145537997, 0.996365145537997, 0.9996125510486614, 0.9466608879664208, 0.9996125510486614, 0.9998469491455174, 0.9466608879664208, 0.9466608879664208, 0.9985613250400391, 0.9996125510486614]",16,train,9
1.0,100,0,0,0,100,0,1,1,1,0,0,0,0,1,1,1,0,0,0,"(array([0.84215391, 0.6931206 , 0.50316095, 0.76937759, 0.35487026,
       0.91597408, 0.88362628, 0.50772321]), array([0.68256611, 0.77540869, 0.80895919, 0.7427237 , 0.81873655,
       0.5386349 , 0.61868107, 0.80801713]), array([0.31155866, 0.22035395, 0.18601619, 0.25339469, 0.17577663,
       0.45194951, 0.37380648, 0.18697773]), array([0.16659538, 0.31684485, 0.50648856, 0.2395982 , 0.65278792,
       0.09108132, 0.12450992, 0.501966  ]))","['DeepSeekQwen (32B)', 'EurusPRMStage2_avg_scores (7.62B)', 'QwenPRM_min_scores (7.63B)', 'GPM (8B)', 'Qwen72B_scores (72B)', 'QwenPRM_max_scores (7.63B)', 'DeepSeekLlama (70B)', 'QwenPRM_avg_scores (7.63B)']","[0.9996125510486614, 0.9996125510486614, 0.9996125510486614, 0.996365145537997, 0.9996125510486614, 0.9996125510486614, 0.996365145537997, 0.9996125510486614, 0.996365145537997, 0.9996125510486614, 0.9844836281622147, 0.9970251787211155, 0.9581070484593951, 0.8906696965342954, 0.9996125510486614, 0.996365145537997, 0.996365145537997, 0.9983282576910243, 0.9983282576910243, 0.9983282576910243, 0.9844836281622147, 0.9996125510486614, 0.9996125510486614, 0.9996125510486614, 0.995375888154235, 0.996365145537997, 0.9996125510486614, 0.9843042784322722, 0.995375888154235, 0.9996125510486614, 0.996365145537997, 0.9996125510486614, 0.9996125510486614, 0.9983086595288196, 0.996365145537997, 0.9996125510486614, 0.996365145537997, 0.9996125510486614, 0.9996125510486614, 0.996365145537997, 0.9996125510486614, 0.9843042784322722, 0.9996125510486614, 0.996365145537997, 0.992733719535749, 0.9996125510486614, 0.9983282576910243, 0.9996125510486614, 0.9996125510486614, 0.9996125510486614, 0.996365145537997, 0.9843042784322722, 0.9726842978340645, 0.996365145537997, 0.9996125510486614, 0.996365145537997, 0.996365145537997, 0.9996125510486614, 0.9996125510486614, 0.9996125510486614, 0.980324567806471, 0.9996125510486614, 0.9996125510486614, 0.9996125510486614, 0.9983282576910243, 0.996365145537997, 0.9996125510486614, 0.9983086595288196, 0.9996125510486614, 0.9983282576910243, 0.9996125510486614, 0.9996125510486614, 0.996365145537997, 0.996365145537997, 0.9996125510486614, 0.9996125510486614, 0.996365145537997, 0.9996125510486614, 0.9996125510486614, 0.9983282576910243, 0.9843042784322722, 0.9872736032254924, 0.9996125510486614, 0.9996125510486614, 0.996365145537997, 0.9996125510486614, 0.9970251787211155, 0.9996125510486614, 0.9996125510486614, 0.9996125510486614, 0.9996125510486614, 0.9996125510486614, 0.9996125510486614, 0.9654734247706841, 0.9996125510486614, 0.9996125510486614, 0.9996125510486614, 0.996365145537997, 0.9996125510486614, 0.9983282576910243]",17,train,9
0.77,0,77,22,1,100,3,0,1,0,0,0,1,9,0,1,0,1,0,0,"(array([0.84215391, 0.6931206 , 0.50316095, 0.76937759, 0.35487026,
       0.91597408, 0.88362628, 0.50772321]), array([0.68256611, 0.77540869, 0.80895919, 0.7427237 , 0.81873655,
       0.5386349 , 0.61868107, 0.80801713]), array([0.31155866, 0.22035395, 0.18601619, 0.25339469, 0.17577663,
       0.45194951, 0.37380648, 0.18697773]), array([0.16659538, 0.31684485, 0.50648856, 0.2395982 , 0.65278792,
       0.09108132, 0.12450992, 0.501966  ]))","['DeepSeekQwen (32B)', 'EurusPRMStage2_avg_scores (7.62B)', 'QwenPRM_min_scores (7.63B)', 'GPM (8B)', 'Qwen72B_scores (72B)', 'QwenPRM_max_scores (7.63B)', 'DeepSeekLlama (70B)', 'QwenPRM_avg_scores (7.63B)']","[0.034721952509027, 0.011255280308711223, 0.9782322879448585, 0.992733719535749, 0.12005642021910211, 0.1179385310913096, 0.1179385310913096, 0.5122602620000989, 0.01400699541421447, 0.0012079848552845895, 0.01428876062778934, 0.0012079848552845895, 0.9250170558130487, 0.01428876062778934, 0.0012079848552845895, 0.6017519938786162, 0.011255280308711223, 0.12005642021910211, 0.01428876062778934, 0.011255280308711223, 0.11195430921121478, 0.12005642021910211, 0.011255280308711223, 0.01400699541421447, 0.12005642021910211, 0.8022874802883211, 0.0012079848552845895, 0.011255280308711223, 0.9250170558130487, 0.1179385310913096, 0.0012079848552845895, 0.5072116725009345, 0.1179385310913096, 0.011255280308711223, 0.11195430921121478, 0.011255280308711223, 0.011255280308711223, 0.011255280308711223, 0.01400699541421447, 0.12005642021910211, 0.12005642021910211, 0.6157634799755194, 0.011255280308711223, 0.011255280308711223, 0.011255280308711223, 0.11195430921121478, 0.01428876062778934, 0.011255280308711223, 0.6017519938786162, 0.6017519938786162, 0.12005642021910211, 0.5122602620000989, 0.4925041892264231, 0.011255280308711223, 0.6157634799755194, 0.12005642021910211, 0.011255280308711223, 0.12005642021910211, 0.011255280308711223, 0.011255280308711223, 0.5122602620000989, 0.0012079848552845895, 0.01428876062778934, 0.011255280308711223, 0.7927888771835866, 0.011255280308711223, 0.011255280308711223, 0.11195430921121478, 0.6017519938786162, 0.01428876062778934, 0.1003859733848171, 0.6017519938786162, 0.14549388830343796, 0.011255280308711223, 0.011255280308711223, 0.1179385310913096, 0.01428876062778934, 0.3012523745121372, 0.12005642021910211, 0.12005642021910211, 0.12005642021910211, 0.12005642021910211, 0.12005642021910211, 0.12005642021910211, 0.0012079848552845895, 0.14549388830343796, 0.12005642021910211, 0.5122602620000989, 0.6157634799755194, 0.0012079848552845895, 0.8685008602508026, 0.011255280308711223, 0.011255280308711223, 0.12005642021910211, 0.12005642021910211, 0.5122602620000989, 0.12005642021910211, 0.011255280308711223, 0.1383307721055558, 0.6017519938786162]",18,train,0
1.0,100,0,0,0,100,7,1,1,1,0,0,0,7,1,1,1,0,0,0,"(array([0.84215391, 0.6931206 , 0.50316095, 0.76937759, 0.35487026,
       0.91597408, 0.88362628, 0.50772321]), array([0.68256611, 0.77540869, 0.80895919, 0.7427237 , 0.81873655,
       0.5386349 , 0.61868107, 0.80801713]), array([0.31155866, 0.22035395, 0.18601619, 0.25339469, 0.17577663,
       0.45194951, 0.37380648, 0.18697773]), array([0.16659538, 0.31684485, 0.50648856, 0.2395982 , 0.65278792,
       0.09108132, 0.12450992, 0.501966  ]))","['DeepSeekQwen (32B)', 'EurusPRMStage2_avg_scores (7.62B)', 'QwenPRM_min_scores (7.63B)', 'GPM (8B)', 'Qwen72B_scores (72B)', 'QwenPRM_max_scores (7.63B)', 'DeepSeekLlama (70B)', 'QwenPRM_avg_scores (7.63B)']","[0.9970251787211155, 0.9985613250400391, 0.9988230371705322, 0.9890309306801571, 0.9466608879664208, 0.9996125510486614, 0.9996125510486614, 0.9998469491455174, 0.9996125510486614, 0.9996125510486614, 0.9871260803866049, 0.9996125510486614, 0.9996125510486614, 0.9844836281622147, 0.9970251787211155, 0.9970251787211155, 0.996365145537997, 0.9983086595288196, 0.9970251787211155, 0.9996125510486614, 0.9996125510486614, 0.995375888154235, 0.9843042784322722, 0.996365145537997, 0.9970251787211155, 0.992733719535749, 0.9970251787211155, 0.9998469491455174, 0.9890309306801571, 0.9993391113427557, 0.9996125510486614, 0.9844836281622147, 0.9726842978340645, 0.9996125510486614, 0.9970251787211155, 0.9726842978340645, 0.996365145537997, 0.9996125510486614, 0.996365145537997, 0.8268299769161617, 0.9996125510486614, 0.9355487261425962, 0.9726842978340645, 0.9996125510486614, 0.9466608879664208, 0.9996125510486614, 0.9996125510486614, 0.996365145537997, 0.9996125510486614, 0.9871260803866049, 0.9996125510486614, 0.9996125510486614, 0.9542757113336006, 0.9985613250400391, 0.992733719535749, 0.9985613250400391, 0.9996125510486614, 0.9970251787211155, 0.9983282576910243, 0.9782322879448585, 0.9996125510486614, 0.996365145537997, 0.9998469491455174, 0.9996125510486614, 0.996365145537997, 0.996365145537997, 0.9970251787211155, 0.9998469491455174, 0.9843042784322722, 0.9983086595288196, 0.996365145537997, 0.992733719535749, 0.996365145537997, 0.9998469491455174, 0.9355487261425962, 0.9872736032254924, 0.992733719535749, 0.9996125510486614, 0.9996125510486614, 0.9998469491455174, 0.9971176598270473, 0.992733719535749, 0.9983086595288196, 0.9970251787211155, 0.996365145537997, 0.9996125510486614, 0.9871260803866049, 0.992733719535749, 0.9466608879664208, 0.9872736032254924, 0.996365145537997, 0.9996125510486614, 0.9998469491455174, 0.995375888154235, 0.9983282576910243, 0.9996125510486614, 0.9998469491455174, 0.9996125510486614, 0.9996125510486614, 0.9998469491455174]",19,train,9
0.99,99,0,0,1,100,38,1,1,1,0,0,0,38,1,1,1,0,0,0,"(array([0.84215391, 0.6931206 , 0.50316095, 0.76937759, 0.35487026,
       0.91597408, 0.88362628, 0.50772321]), array([0.68256611, 0.77540869, 0.80895919, 0.7427237 , 0.81873655,
       0.5386349 , 0.61868107, 0.80801713]), array([0.31155866, 0.22035395, 0.18601619, 0.25339469, 0.17577663,
       0.45194951, 0.37380648, 0.18697773]), array([0.16659538, 0.31684485, 0.50648856, 0.2395982 , 0.65278792,
       0.09108132, 0.12450992, 0.501966  ]))","['DeepSeekQwen (32B)', 'EurusPRMStage2_avg_scores (7.62B)', 'QwenPRM_min_scores (7.63B)', 'GPM (8B)', 'Qwen72B_scores (72B)', 'QwenPRM_max_scores (7.63B)', 'DeepSeekLlama (70B)', 'QwenPRM_avg_scores (7.63B)']","[0.992733719535749, 0.9844836281622147, 0.9726842978340645, 0.992733719535749, 0.992733719535749, 0.9983086595288196, 0.992733719535749, 0.9996125510486614, 0.9971176598270473, 0.9996125510486614, 0.980324567806471, 0.9871260803866049, 0.992733719535749, 0.9983086595288196, 0.9996125510486614, 0.9355487261425962, 0.992733719535749, 0.992733719535749, 0.9996125510486614, 0.992733719535749, 0.992733719535749, 0.992733719535749, 0.9981686784948819, 0.992733719535749, 0.9355487261425962, 0.9843042784322722, 0.9983086595288196, 0.9996125510486614, 0.9996125510486614, 0.9983086595288196, 0.9355487261425962, 0.996365145537997, 0.9355487261425962, 0.992733719535749, 0.9843042784322722, 0.996365145537997, 0.992733719535749, 0.992733719535749, 0.9998469491455174, 0.9996125510486614, 0.9971176598270473, 0.9250170558130487, 0.9971176598270473, 0.9970251787211155, 0.9983086595288196, 0.992733719535749, 0.9983086595288196, 0.992733719535749, 0.996365145537997, 0.9983282576910243, 0.9735133846764342, 0.9996125510486614, 0.992733719535749, 0.996365145537997, 0.9983086595288196, 0.9355487261425962, 0.9996125510486614, 0.9983086595288196, 0.996365145537997, 0.9996125510486614, 0.9983282576910243, 0.8918013660822919, 0.1359403118627483, 0.9843042784322722, 0.9843042784322722, 0.992733719535749, 0.992733719535749, 0.9970251787211155, 0.996365145537997, 0.992733719535749, 0.9983086595288196, 0.9844836281622147, 0.9983282576910243, 0.992733719535749, 0.992733719535749, 0.9843042784322722, 0.9983282576910243, 0.9996125510486614, 0.9844836281622147, 0.9996125510486614, 0.9844836281622147, 0.996365145537997, 0.9983282576910243, 0.9983282576910243, 0.9355487261425962, 0.9996125510486614, 0.992733719535749, 0.9983282576910243, 0.9843042784322722, 0.9996125510486614, 0.9581070484593951, 0.9996125510486614, 0.6534585947657102, 0.9996125510486614, 0.996365145537997, 0.9996125510486614, 0.996365145537997, 0.9843042784322722, 0.9996125510486614, 0.996365145537997]",20,train,9
0.95,95,0,0,5,100,36,1,1,1,0,0,0,36,1,1,1,0,0,0,"(array([0.84215391, 0.6931206 , 0.50316095, 0.76937759, 0.35487026,
       0.91597408, 0.88362628, 0.50772321]), array([0.68256611, 0.77540869, 0.80895919, 0.7427237 , 0.81873655,
       0.5386349 , 0.61868107, 0.80801713]), array([0.31155866, 0.22035395, 0.18601619, 0.25339469, 0.17577663,
       0.45194951, 0.37380648, 0.18697773]), array([0.16659538, 0.31684485, 0.50648856, 0.2395982 , 0.65278792,
       0.09108132, 0.12450992, 0.501966  ]))","['DeepSeekQwen (32B)', 'EurusPRMStage2_avg_scores (7.62B)', 'QwenPRM_min_scores (7.63B)', 'GPM (8B)', 'Qwen72B_scores (72B)', 'QwenPRM_max_scores (7.63B)', 'DeepSeekLlama (70B)', 'QwenPRM_avg_scores (7.63B)']","[0.9355487261425962, 0.7894505364028515, 0.992733719535749, 0.6534585947657102, 0.992733719535749, 0.6534585947657102, 0.9466608879664208, 0.992733719535749, 0.9193475557777834, 0.6157634799755194, 0.1359403118627483, 0.992733719535749, 0.9466608879664208, 0.9193475557777834, 0.9193475557777834, 0.920832866531445, 0.11195430921121478, 0.9193475557777834, 0.9782322879448585, 0.9193475557777834, 0.9782322879448585, 0.9782322879448585, 0.9193475557777834, 0.9355487261425962, 0.9193475557777834, 0.9466608879664208, 0.7894505364028515, 0.9466608879664208, 0.9193475557777834, 0.992733719535749, 0.4925041892264231, 0.9193475557777834, 0.992733719535749, 0.9193475557777834, 0.992733719535749, 0.992733719535749, 0.9996125510486614, 0.9466608879664208, 0.9782322879448585, 0.9355487261425962, 0.6534585947657102, 0.9466608879664208, 0.11195430921121478, 0.9996125510486614, 0.9466608879664208, 0.7578212466074489, 0.9193475557777834, 0.992733719535749, 0.9193475557777834, 0.5969008020051405, 0.5072116725009345, 0.9466608879664208, 0.992733719535749, 0.4925041892264231, 0.9193475557777834, 0.5527339356331745, 0.992733719535749, 0.996365145537997, 0.5477344116728323, 0.9782322879448585, 0.6534585947657102, 0.9466608879664208, 0.9983282576910243, 0.992733719535749, 0.992733719535749, 0.9466608879664208, 0.9466608879664208, 0.9466608879664208, 0.9355487261425962, 0.992733719535749, 0.9996125510486614, 0.5477344116728323, 0.5969008020051405, 0.9193475557777834, 0.5477344116728323, 0.5969008020051405, 0.6534585947657102, 0.7894505364028515, 0.9193475557777834, 0.6017519938786162, 0.9466608879664208, 0.9466608879664208, 0.992733719535749, 0.5072116725009345, 0.5969008020051405, 0.992733719535749, 0.5477344116728323, 0.9193475557777834, 0.5969008020051405, 0.992733719535749, 0.9466608879664208, 0.992733719535749, 0.9466608879664208, 0.9193475557777834, 0.9193475557777834, 0.920832866531445, 0.9466608879664208, 0.9782322879448585, 0.9466608879664208, 0.5477344116728323]",21,train,9
0.96,95,1,0,4,100,56,1,1,1,0,0,0,56,1,1,1,0,0,0,"(array([0.84215391, 0.6931206 , 0.50316095, 0.76937759, 0.35487026,
       0.91597408, 0.88362628, 0.50772321]), array([0.68256611, 0.77540869, 0.80895919, 0.7427237 , 0.81873655,
       0.5386349 , 0.61868107, 0.80801713]), array([0.31155866, 0.22035395, 0.18601619, 0.25339469, 0.17577663,
       0.45194951, 0.37380648, 0.18697773]), array([0.16659538, 0.31684485, 0.50648856, 0.2395982 , 0.65278792,
       0.09108132, 0.12450992, 0.501966  ]))","['DeepSeekQwen (32B)', 'EurusPRMStage2_avg_scores (7.62B)', 'QwenPRM_min_scores (7.63B)', 'GPM (8B)', 'Qwen72B_scores (72B)', 'QwenPRM_max_scores (7.63B)', 'DeepSeekLlama (70B)', 'QwenPRM_avg_scores (7.63B)']","[0.9520003587481699, 0.9996125510486614, 0.9993391113427557, 0.9983282576910243, 0.9996125510486614, 0.996365145537997, 0.9872736032254924, 0.9466608879664208, 0.9927292436052385, 0.9815826791461136, 0.992733719535749, 0.9520003587481699, 0.8918013660822919, 0.9957257894686811, 0.9985613250400391, 0.12005642021910211, 0.14549388830343796, 0.9983076118316113, 0.9957257894686811, 0.9996125510486614, 0.9957257894686811, 0.9996125510486614, 0.9957257894686811, 0.3012523745121372, 0.9983282576910243, 0.9611670194421109, 0.9520003587481699, 0.9983282576910243, 0.6157634799755194, 0.9466608879664208, 0.9957257894686811, 0.9466608879664208, 0.8268299769161617, 0.9954679489218352, 0.9954679489218352, 0.9843042784322722, 0.9983282576910243, 0.9983282576910243, 0.9817925524166252, 0.9957257894686811, 0.9996125510486614, 0.9842946922254995, 0.9680132996009523, 0.8513912946459381, 0.9957257894686811, 0.9250170558130487, 0.6157634799755194, 0.9355113132822745, 0.9250170558130487, 0.9996125510486614, 0.9466608879664208, 0.9817925524166252, 0.9985613250400391, 0.9957257894686811, 0.9872736032254924, 0.9993391113427557, 0.9998469491455174, 0.8750757003940338, 0.9957257894686811, 0.9807104760674921, 0.9983086595288196, 0.9957257894686811, 0.9996125510486614, 0.6157634799755194, 0.9957257894686811, 0.9970251787211155, 0.9957257894686811, 0.9871260803866049, 0.980324567806471, 0.0012079848552845895, 0.9957257894686811, 0.9957257894686811, 0.9957257894686811, 0.9466608879664208, 0.3735778303362609, 0.9804883778182344, 0.8750757003940338, 0.9466608879664208, 0.992733719535749, 0.9957257894686811, 0.9804883778182344, 0.8022874802883211, 0.9355487261425962, 0.9998469491455174, 0.9957257894686811, 0.6534585947657102, 0.9993313556787133, 0.9250170558130487, 0.9872736032254924, 0.9871181950486135, 0.9996125510486614, 0.9996125510486614, 0.9957257894686811, 0.9250170558130487, 0.9998469491455174, 0.9996125510486614, 0.9680132996009523, 0.9996125510486614, 0.992733719535749, 0.6157634799755194]",22,train,9
0.64,11,53,36,0,100,29,1,1,1,0,0,0,29,1,1,1,0,0,0,"(array([0.84215391, 0.6931206 , 0.50316095, 0.76937759, 0.35487026,
       0.91597408, 0.88362628, 0.50772321]), array([0.68256611, 0.77540869, 0.80895919, 0.7427237 , 0.81873655,
       0.5386349 , 0.61868107, 0.80801713]), array([0.31155866, 0.22035395, 0.18601619, 0.25339469, 0.17577663,
       0.45194951, 0.37380648, 0.18697773]), array([0.16659538, 0.31684485, 0.50648856, 0.2395982 , 0.65278792,
       0.09108132, 0.12450992, 0.501966  ]))","['DeepSeekQwen (32B)', 'EurusPRMStage2_avg_scores (7.62B)', 'QwenPRM_min_scores (7.63B)', 'GPM (8B)', 'Qwen72B_scores (72B)', 'QwenPRM_max_scores (7.63B)', 'DeepSeekLlama (70B)', 'QwenPRM_avg_scores (7.63B)']","[0.3735778303362609, 0.059586402463386465, 0.9611670194421109, 0.12005642021910211, 0.6017519938786162, 0.01428876062778934, 0.12005642021910211, 0.6017519938786162, 0.6157634799755194, 0.01428876062778934, 0.01428876062778934, 0.920832866531445, 0.12005642021910211, 0.011255280308711223, 0.01428876062778934, 0.1383307721055558, 0.011255280308711223, 0.9250170558130487, 0.5122602620000989, 0.992733719535749, 0.6534585947657102, 0.6157634799755194, 0.04739873025131734, 0.21491165797536935, 0.01428876062778934, 0.5122602620000989, 0.14549388830343796, 0.14549388830343796, 0.5122602620000989, 0.9996125510486614, 0.6157634799755194, 0.8194127753813839, 0.6017519938786162, 0.6157634799755194, 0.11195430921121478, 0.9996125510486614, 0.9983282576910243, 0.14549388830343796, 0.9355487261425962, 0.6157634799755194, 0.7042020366225935, 0.1383307721055558, 0.011255280308711223, 0.996365145537997, 0.9807104760674921, 0.8194127753813839, 0.6017519938786162, 0.6017519938786162, 0.6017519938786162, 0.01428876062778934, 0.12005642021910211, 0.1003859733848171, 0.12005642021910211, 0.5527339356331745, 0.12005642021910211, 0.6017519938786162, 0.5122602620000989, 0.01428876062778934, 0.11195430921121478, 0.12005642021910211, 0.12005642021910211, 0.992733719535749, 0.12005642021910211, 0.8918013660822919, 0.5477344116728323, 0.5122602620000989, 0.5122602620000989, 0.12005642021910211, 0.992733719535749, 0.12005642021910211, 0.409531956522765, 0.12005642021910211, 0.12005642021910211, 0.08056819344440308, 0.12005642021910211, 0.6157634799755194, 0.9250170558130487, 0.12005642021910211, 0.1179385310913096, 0.21491165797536935, 0.5122602620000989, 0.12005642021910211, 0.059586402463386465, 0.0012079848552845895, 0.9996125510486614, 0.12005642021910211, 0.12005642021910211, 0.12005642021910211, 0.9983282576910243, 0.01428876062778934, 0.12005642021910211, 0.01428876062778934, 0.9466608879664208, 0.992733719535749, 0.046874372373070586, 0.12005642021910211, 0.12005642021910211, 0.9661405583424376, 0.996365145537997, 0.9804883778182344]",23,train,1
1.0,100,0,0,0,100,10,1,1,1,0,0,0,10,1,1,1,0,0,0,"(array([0.84215391, 0.6931206 , 0.50316095, 0.76937759, 0.35487026,
       0.91597408, 0.88362628, 0.50772321]), array([0.68256611, 0.77540869, 0.80895919, 0.7427237 , 0.81873655,
       0.5386349 , 0.61868107, 0.80801713]), array([0.31155866, 0.22035395, 0.18601619, 0.25339469, 0.17577663,
       0.45194951, 0.37380648, 0.18697773]), array([0.16659538, 0.31684485, 0.50648856, 0.2395982 , 0.65278792,
       0.09108132, 0.12450992, 0.501966  ]))","['DeepSeekQwen (32B)', 'EurusPRMStage2_avg_scores (7.62B)', 'QwenPRM_min_scores (7.63B)', 'GPM (8B)', 'Qwen72B_scores (72B)', 'QwenPRM_max_scores (7.63B)', 'DeepSeekLlama (70B)', 'QwenPRM_avg_scores (7.63B)']","[0.9355487261425962, 0.9996125510486614, 0.9355487261425962, 0.992733719535749, 0.996365145537997, 0.9355487261425962, 0.5969008020051405, 0.992733719535749, 0.992733719535749, 0.992733719535749, 0.9998469491455174, 0.9466608879664208, 0.9466608879664208, 0.992733719535749, 0.992733719535749, 0.9996125510486614, 0.9996125510486614, 0.992733719535749, 0.9466608879664208, 0.992733719535749, 0.9971176598270473, 0.9665138414525071, 0.9970251787211155, 0.992733719535749, 0.9355487261425962, 0.9983282576910243, 0.9996125510486614, 0.9466608879664208, 0.9983282576910243, 0.992733719535749, 0.992733719535749, 0.9355487261425962, 0.9872736032254924, 0.992733719535749, 0.9949349694078116, 0.8918013660822919, 0.9996125510486614, 0.9998469491455174, 0.992733719535749, 0.992733719535749, 0.9466608879664208, 0.9466608879664208, 0.9466608879664208, 0.9996125510486614, 0.992733719535749, 0.9355487261425962, 0.9466608879664208, 0.9983086595288196, 0.9355487261425962, 0.992733719535749, 0.9466608879664208, 0.9872736032254924, 0.9983282576910243, 0.992733719535749, 0.9996125510486614, 0.992733719535749, 0.9996125510486614, 0.9355487261425962, 0.992733719535749, 0.992733719535749, 0.6534585947657102, 0.9193475557777834, 0.9355487261425962, 0.9996125510486614, 0.9355487261425962, 0.9872736032254924, 0.992733719535749, 0.996365145537997, 0.992733719535749, 0.9466608879664208, 0.9970251787211155, 0.9466608879664208, 0.9355487261425962, 0.992733719535749, 0.992733719535749, 0.9355487261425962, 0.992733719535749, 0.9355487261425962, 0.9665138414525071, 0.9726842978340645, 0.9996125510486614, 0.9466608879664208, 0.9983282576910243, 0.992733719535749, 0.9355487261425962, 0.9872736032254924, 0.9983282576910243, 0.9355487261425962, 0.992733719535749, 0.992733719535749, 0.9355487261425962, 0.9193475557777834, 0.992733719535749, 0.996365145537997, 0.992733719535749, 0.996365145537997, 0.9355487261425962, 0.9782322879448585, 0.9466608879664208, 0.9996125510486614]",24,train,9
0.7,47,23,2,28,100,67,1,1,1,0,0,0,5,0,0,0,0,0,1,"(array([0.84215391, 0.6931206 , 0.50316095, 0.76937759, 0.35487026,
       0.91597408, 0.88362628, 0.50772321]), array([0.68256611, 0.77540869, 0.80895919, 0.7427237 , 0.81873655,
       0.5386349 , 0.61868107, 0.80801713]), array([0.31155866, 0.22035395, 0.18601619, 0.25339469, 0.17577663,
       0.45194951, 0.37380648, 0.18697773]), array([0.16659538, 0.31684485, 0.50648856, 0.2395982 , 0.65278792,
       0.09108132, 0.12450992, 0.501966  ]))","['DeepSeekQwen (32B)', 'EurusPRMStage2_avg_scores (7.62B)', 'QwenPRM_min_scores (7.63B)', 'GPM (8B)', 'Qwen72B_scores (72B)', 'QwenPRM_max_scores (7.63B)', 'DeepSeekLlama (70B)', 'QwenPRM_avg_scores (7.63B)']","[0.9466608879664208, 0.1003859733848171, 0.9355487261425962, 0.01400699541421447, 0.9250170558130487, 0.0012079848552845895, 0.5122602620000989, 0.5969008020051405, 0.1003859733848171, 0.9250170558130487, 0.01400699541421447, 0.0012079848552845895, 0.1179385310913096, 0.9466608879664208, 0.1179385310913096, 0.011255280308711223, 0.6157634799755194, 0.5969008020051405, 0.01428876062778934, 0.01400699541421447, 0.14549388830343796, 0.01400699541421447, 0.08056819344440308, 0.009224306716638759, 0.01400699541421447, 0.0012079848552845895, 0.011255280308711223, 0.12005642021910211, 0.9250170558130487, 0.567229715469185, 0.9250170558130487, 0.5969008020051405, 0.5072116725009345, 0.1179385310913096, 0.1179385310913096, 0.01428876062778934, 0.567229715469185, 0.6157634799755194, 0.5072116725009345, 0.6157634799755194, 0.14549388830343796, 0.9250170558130487, 0.01428876062778934, 0.6157634799755194, 0.01428876062778934, 0.9250170558130487, 0.0012079848552845895, 0.01428876062778934, 0.1179385310913096, 0.01428876062778934, 0.01428876062778934, 0.567229715469185, 0.01428876062778934, 0.567229715469185, 0.1179385310913096, 0.567229715469185, 0.01428876062778934, 0.0012079848552845895, 0.9250170558130487, 0.1179385310913096, 0.6017519938786162, 0.1179385310913096, 0.6157634799755194, 0.1003859733848171, 0.567229715469185, 0.01428876062778934, 0.5072116725009345, 0.992733719535749, 0.9250170558130487, 0.5072116725009345, 0.01428876062778934, 0.1359403118627483, 0.567229715469185, 0.5072116725009345, 0.6157634799755194, 0.011255280308711223, 0.5122602620000989, 0.6157634799755194, 0.6534585947657102, 0.9250170558130487, 0.9250170558130487, 0.12005642021910211, 0.1179385310913096, 0.1179385310913096, 0.5122602620000989, 0.12005642021910211, 0.1179385310913096, 0.6157634799755194, 0.6157634799755194, 0.12005642021910211, 0.567229715469185, 0.9250170558130487, 0.01400699541421447, 0.5122602620000989, 0.1179385310913096, 0.0012079848552845895, 0.9250170558130487, 0.01400699541421447, 0.9250170558130487, 0.9250170558130487]",25,train,7
0.87,60,27,13,0,100,1,1,1,1,0,0,0,88,0,1,0,1,0,0,"(array([0.84215391, 0.6931206 , 0.50316095, 0.76937759, 0.35487026,
       0.91597408, 0.88362628, 0.50772321]), array([0.68256611, 0.77540869, 0.80895919, 0.7427237 , 0.81873655,
       0.5386349 , 0.61868107, 0.80801713]), array([0.31155866, 0.22035395, 0.18601619, 0.25339469, 0.17577663,
       0.45194951, 0.37380648, 0.18697773]), array([0.16659538, 0.31684485, 0.50648856, 0.2395982 , 0.65278792,
       0.09108132, 0.12450992, 0.501966  ]))","['DeepSeekQwen (32B)', 'EurusPRMStage2_avg_scores (7.62B)', 'QwenPRM_min_scores (7.63B)', 'GPM (8B)', 'Qwen72B_scores (72B)', 'QwenPRM_max_scores (7.63B)', 'DeepSeekLlama (70B)', 'QwenPRM_avg_scores (7.63B)']","[0.11195430921121478, 0.9971176598270473, 0.12005642021910211, 0.6157634799755194, 0.9355487261425962, 0.9782322879448585, 0.6157634799755194, 0.6017519938786162, 0.12005642021910211, 0.9355487261425962, 0.9355487261425962, 0.992733719535749, 0.5969008020051405, 0.992733719535749, 0.12005642021910211, 0.01428876062778934, 0.12005642021910211, 0.5122602620000989, 0.992733719535749, 0.011255280308711223, 0.9782322879448585, 0.11195430921121478, 0.992733719535749, 0.9782322879448585, 0.9355487261425962, 0.9782322879448585, 0.11195430921121478, 0.992733719535749, 0.9782322879448585, 0.12005642021910211, 0.12005642021910211, 0.9782322879448585, 0.12005642021910211, 0.992733719535749, 0.12005642021910211, 0.9466608879664208, 0.01428876062778934, 0.9782322879448585, 0.9355487261425962, 0.992733719535749, 0.992733719535749, 0.12005642021910211, 0.6017519938786162, 0.9782322879448585, 0.8268299769161617, 0.992733719535749, 0.992733719535749, 0.0132172571253816, 0.9466608879664208, 0.9466608879664208, 0.8268299769161617, 0.011255280308711223, 0.992733719535749, 0.6017519938786162, 0.9466608879664208, 0.9782322879448585, 0.12005642021910211, 0.9782322879448585, 0.12005642021910211, 0.011255280308711223, 0.9735133846764342, 0.992733719535749, 0.01428876062778934, 0.6017519938786162, 0.011255280308711223, 0.9971176598270473, 0.992733719535749, 0.011255280308711223, 0.5072116725009345, 0.9971176598270473, 0.9466608879664208, 0.12005642021910211, 0.9466608879664208, 0.6017519938786162, 0.9193475557777834, 0.992733719535749, 0.12005642021910211, 0.992733719535749, 0.6017519938786162, 0.9782322879448585, 0.992733719535749, 0.9782322879448585, 0.992733719535749, 0.992733719535749, 0.9355487261425962, 0.9971176598270473, 0.992733719535749, 0.9466608879664208, 0.0012079848552845895, 0.9355487261425962, 0.8268299769161617, 0.9782322879448585, 0.6017519938786162, 0.9355487261425962, 0.992733719535749, 0.6017519938786162, 0.12005642021910211, 0.992733719535749, 0.9466608879664208, 0.992733719535749]",26,train,5
1.0,100,0,0,0,100,0,1,1,1,0,0,0,0,1,1,1,0,0,0,"(array([0.84215391, 0.6931206 , 0.50316095, 0.76937759, 0.35487026,
       0.91597408, 0.88362628, 0.50772321]), array([0.68256611, 0.77540869, 0.80895919, 0.7427237 , 0.81873655,
       0.5386349 , 0.61868107, 0.80801713]), array([0.31155866, 0.22035395, 0.18601619, 0.25339469, 0.17577663,
       0.45194951, 0.37380648, 0.18697773]), array([0.16659538, 0.31684485, 0.50648856, 0.2395982 , 0.65278792,
       0.09108132, 0.12450992, 0.501966  ]))","['DeepSeekQwen (32B)', 'EurusPRMStage2_avg_scores (7.62B)', 'QwenPRM_min_scores (7.63B)', 'GPM (8B)', 'Qwen72B_scores (72B)', 'QwenPRM_max_scores (7.63B)', 'DeepSeekLlama (70B)', 'QwenPRM_avg_scores (7.63B)']","[0.9996125510486614, 0.9996125510486614, 0.9970251787211155, 0.9872736032254924, 0.996365145537997, 0.995375888154235, 0.9983282576910243, 0.9843042784322722, 0.992733719535749, 0.992733719535749, 0.9996125510486614, 0.980324567806471, 0.9983086595288196, 0.9983086595288196, 0.9996125510486614, 0.9996125510486614, 0.9843042784322722, 0.9466608879664208, 0.9996125510486614, 0.9843042784322722, 0.9843042784322722, 0.9996125510486614, 0.9996125510486614, 0.9957257894686811, 0.9996125510486614, 0.9996125510486614, 0.9871260803866049, 0.9996125510486614, 0.9983086595288196, 0.996365145537997, 0.9843042784322722, 0.9996125510486614, 0.992733719535749, 0.9843042784322722, 0.8411111274771964, 0.9983086595288196, 0.9996125510486614, 0.9843042784322722, 0.9983086595288196, 0.9996125510486614, 0.996365145537997, 0.9996125510486614, 0.9970251787211155, 0.9996125510486614, 0.9355487261425962, 0.9872736032254924, 0.9996125510486614, 0.992733719535749, 0.996365145537997, 0.992733719535749, 0.9800981164058823, 0.9996125510486614, 0.9983086595288196, 0.9996125510486614, 0.9996125510486614, 0.9996125510486614, 0.9983282576910243, 0.9996125510486614, 0.9871260803866049, 0.9983086595288196, 0.9996125510486614, 0.996365145537997, 0.9996125510486614, 0.9996125510486614, 0.9996125510486614, 0.9970251787211155, 0.9983086595288196, 0.9800981164058823, 0.9983086595288196, 0.9996125510486614, 0.9970251787211155, 0.996365145537997, 0.9996125510486614, 0.9983086595288196, 0.8906696965342954, 0.992733719535749, 0.9996125510486614, 0.9996125510486614, 0.996365145537997, 0.996365145537997, 0.9937418647762084, 0.9970251787211155, 0.9970251787211155, 0.9983086595288196, 0.9996125510486614, 0.996365145537997, 0.9581070484593951, 0.9983086595288196, 0.9996125510486614, 0.9996125510486614, 0.9996125510486614, 0.9996125510486614, 0.9985613250400391, 0.9871260803866049, 0.9996125510486614, 0.9983086595288196, 0.9983282576910243, 0.9970251787211155, 0.9996125510486614, 0.992733719535749]",27,train,9
0.88,41,47,11,1,100,23,1,1,1,0,0,0,23,1,1,1,0,0,0,"(array([0.84215391, 0.6931206 , 0.50316095, 0.76937759, 0.35487026,
       0.91597408, 0.88362628, 0.50772321]), array([0.68256611, 0.77540869, 0.80895919, 0.7427237 , 0.81873655,
       0.5386349 , 0.61868107, 0.80801713]), array([0.31155866, 0.22035395, 0.18601619, 0.25339469, 0.17577663,
       0.45194951, 0.37380648, 0.18697773]), array([0.16659538, 0.31684485, 0.50648856, 0.2395982 , 0.65278792,
       0.09108132, 0.12450992, 0.501966  ]))","['DeepSeekQwen (32B)', 'EurusPRMStage2_avg_scores (7.62B)', 'QwenPRM_min_scores (7.63B)', 'GPM (8B)', 'Qwen72B_scores (72B)', 'QwenPRM_max_scores (7.63B)', 'DeepSeekLlama (70B)', 'QwenPRM_avg_scores (7.63B)']","[0.9735133846764342, 0.992733719535749, 0.9735133846764342, 0.5527339356331745, 0.992733719535749, 0.12005642021910211, 0.01428876062778934, 0.1003859733848171, 0.1003859733848171, 0.01428876062778934, 0.1383307721055558, 0.5122602620000989, 0.9466608879664208, 0.5122602620000989, 0.0012079848552845895, 0.1003859733848171, 0.01428876062778934, 0.9466608879664208, 0.01428876062778934, 0.9735133846764342, 0.1003859733848171, 0.1359403118627483, 0.992733719535749, 0.9993391113427557, 0.01428876062778934, 0.5122602620000989, 0.1003859733848171, 0.1003859733848171, 0.01428876062778934, 0.6017519938786162, 0.9466608879664208, 0.1003859733848171, 0.9782322879448585, 0.12005642021910211, 0.01428876062778934, 0.992733719535749, 0.0012079848552845895, 0.5527339356331745, 0.9735133846764342, 0.1003859733848171, 0.9782322879448585, 0.9466608879664208, 0.1003859733848171, 0.5969008020051405, 0.1003859733848171, 0.12005642021910211, 0.01428876062778934, 0.992733719535749, 0.01428876062778934, 0.9782322879448585, 0.01428876062778934, 0.1359403118627483, 0.5122602620000989, 0.9971176598270473, 0.980324567806471, 0.9993391113427557, 0.5122602620000989, 0.6017519938786162, 0.9466608879664208, 0.1003859733848171, 0.9665138414525071, 0.12005642021910211, 0.1003859733848171, 0.992733719535749, 0.12005642021910211, 0.0012079848552845895, 0.9949349694078116, 0.9735133846764342, 0.1003859733848171, 0.993814052112889, 0.992733719535749, 0.01428876062778934, 0.01428876062778934, 0.9466608879664208, 0.9782322879448585, 0.9971176598270473, 0.1003859733848171, 0.0012079848552845895, 0.01428876062778934, 0.0012079848552845895, 0.992733719535749, 0.9927292436052385, 0.9993313556787133, 0.01428876062778934, 0.1003859733848171, 0.920832866531445, 0.992733719535749, 0.6534585947657102, 0.01428876062778934, 0.9355487261425962, 0.992733719535749, 0.011255280308711223, 0.9971176598270473, 0.992733719535749, 0.9983282576910243, 0.01428876062778934, 0.011255280308711223, 0.6534585947657102, 0.059586402463386465, 0.1003859733848171]",28,train,4
1.0,98,2,0,0,100,4,1,1,1,0,0,0,4,1,1,1,0,0,0,"(array([0.84215391, 0.6931206 , 0.50316095, 0.76937759, 0.35487026,
       0.91597408, 0.88362628, 0.50772321]), array([0.68256611, 0.77540869, 0.80895919, 0.7427237 , 0.81873655,
       0.5386349 , 0.61868107, 0.80801713]), array([0.31155866, 0.22035395, 0.18601619, 0.25339469, 0.17577663,
       0.45194951, 0.37380648, 0.18697773]), array([0.16659538, 0.31684485, 0.50648856, 0.2395982 , 0.65278792,
       0.09108132, 0.12450992, 0.501966  ]))","['DeepSeekQwen (32B)', 'EurusPRMStage2_avg_scores (7.62B)', 'QwenPRM_min_scores (7.63B)', 'GPM (8B)', 'Qwen72B_scores (72B)', 'QwenPRM_max_scores (7.63B)', 'DeepSeekLlama (70B)', 'QwenPRM_avg_scores (7.63B)']","[0.9996125510486614, 0.9985613250400391, 0.9993313556787133, 0.993814052112889, 0.9998469491455174, 0.9735133846764342, 0.9782322879448585, 0.992733719535749, 0.9993313556787133, 0.9250170558130487, 0.9993391113427557, 0.9993313556787133, 0.9983076118316113, 0.9782322879448585, 0.9971176598270473, 0.992733719535749, 0.9937418647762084, 0.9998469491455174, 0.9985613250400391, 0.9985613250400391, 0.9971176598270473, 0.9985613250400391, 0.9998469491455174, 0.9998469491455174, 0.993814052112889, 0.1383307721055558, 0.9971176598270473, 0.9971176598270473, 0.9782322879448585, 0.9665138414525071, 0.992733719535749, 0.9985613250400391, 0.9988230371705322, 0.9985613250400391, 0.9971176598270473, 0.9985613250400391, 0.9949349694078116, 0.9665138414525071, 0.9971176598270473, 0.9983086595288196, 0.9971176598270473, 0.9985613250400391, 0.992135972307355, 0.9993391113427557, 0.9971176598270473, 0.9998469491455174, 0.9993391113427557, 0.9998469491455174, 0.9466608879664208, 0.9996125510486614, 0.9830249559050668, 0.9985613250400391, 0.9971176598270473, 0.9844836281622147, 0.9998469491455174, 0.5527339356331745, 0.9971176598270473, 0.6017519938786162, 0.9971176598270473, 0.9996125510486614, 0.9830249559050668, 0.9971176598270473, 0.9998469491455174, 0.992733719535749, 0.8268299769161617, 0.9782322879448585, 0.9998469491455174, 0.9985613250400391, 0.9927292436052385, 0.9998469491455174, 0.9872736032254924, 0.9998469491455174, 0.9993391113427557, 0.9985613250400391, 0.9466608879664208, 0.9971176598270473, 0.9735133846764342, 0.9983282576910243, 0.9981686784948819, 0.9466608879664208, 0.9830249559050668, 0.9985613250400391, 0.9985613250400391, 0.9860735023597503, 0.9998469491455174, 0.9872736032254924, 0.9971176598270473, 0.9998469491455174, 0.14549388830343796, 0.9971176598270473, 0.9937418647762084, 0.9735133846764342, 0.9949349694078116, 0.9971176598270473, 0.9998469491455174, 0.9993391113427557, 0.9998469491455174, 0.9993391113427557, 0.9872736032254924, 0.9993313556787133]",29,train,9
0.95,90,5,0,5,100,4,1,1,1,0,0,0,4,1,1,1,0,0,0,"(array([0.84215391, 0.6931206 , 0.50316095, 0.76937759, 0.35487026,
       0.91597408, 0.88362628, 0.50772321]), array([0.68256611, 0.77540869, 0.80895919, 0.7427237 , 0.81873655,
       0.5386349 , 0.61868107, 0.80801713]), array([0.31155866, 0.22035395, 0.18601619, 0.25339469, 0.17577663,
       0.45194951, 0.37380648, 0.18697773]), array([0.16659538, 0.31684485, 0.50648856, 0.2395982 , 0.65278792,
       0.09108132, 0.12450992, 0.501966  ]))","['DeepSeekQwen (32B)', 'EurusPRMStage2_avg_scores (7.62B)', 'QwenPRM_min_scores (7.63B)', 'GPM (8B)', 'Qwen72B_scores (72B)', 'QwenPRM_max_scores (7.63B)', 'DeepSeekLlama (70B)', 'QwenPRM_avg_scores (7.63B)']","[0.992733719535749, 0.9466608879664208, 0.9466608879664208, 0.14549388830343796, 0.9996125510486614, 0.9466608879664208, 0.9466608879664208, 0.992733719535749, 0.9466608879664208, 0.9466608879664208, 0.9466608879664208, 0.9983086595288196, 0.1359403118627483, 0.992733719535749, 0.9466608879664208, 0.14549388830343796, 0.9466608879664208, 0.6157634799755194, 0.6157634799755194, 0.6157634799755194, 0.6157634799755194, 0.6157634799755194, 0.992733719535749, 0.6157634799755194, 0.9466608879664208, 0.9466608879664208, 0.5969008020051405, 0.9466608879664208, 0.992733719535749, 0.6157634799755194, 0.14549388830343796, 0.992733719535749, 0.992733719535749, 0.6157634799755194, 0.6157634799755194, 0.6157634799755194, 0.9466608879664208, 0.9466608879664208, 0.9983282576910243, 0.9466608879664208, 0.9250170558130487, 0.9466608879664208, 0.9466608879664208, 0.992733719535749, 0.6534585947657102, 0.992733719535749, 0.9466608879664208, 0.9466608879664208, 0.9971176598270473, 0.9466608879664208, 0.9466608879664208, 0.6534585947657102, 0.0012079848552845895, 0.9466608879664208, 0.9466608879664208, 0.9466608879664208, 0.9996125510486614, 0.5969008020051405, 0.9466608879664208, 0.992733719535749, 0.9466608879664208, 0.9466608879664208, 0.9466608879664208, 0.992733719535749, 0.567229715469185, 0.9355487261425962, 0.9466608879664208, 0.9466608879664208, 0.9466608879664208, 0.6157634799755194, 0.9466608879664208, 0.14549388830343796, 0.6157634799755194, 0.9466608879664208, 0.9355487261425962, 0.992733719535749, 0.992733719535749, 0.1383307721055558, 0.9466608879664208, 0.992733719535749, 0.9466608879664208, 0.6157634799755194, 0.6157634799755194, 0.6157634799755194, 0.14549388830343796, 0.6157634799755194, 0.992733719535749, 0.6017519938786162, 0.9466608879664208, 0.9250170558130487, 0.9466608879664208, 0.12005642021910211, 0.9466608879664208, 0.6157634799755194, 0.992733719535749, 0.9466608879664208, 0.9466608879664208, 0.9466608879664208, 0.01428876062778934, 0.9983086595288196]",30,train,9
1.0,99,1,0,0,100,84,1,1,1,0,0,0,84,1,1,1,0,0,0,"(array([0.84215391, 0.6931206 , 0.50316095, 0.76937759, 0.35487026,
       0.91597408, 0.88362628, 0.50772321]), array([0.68256611, 0.77540869, 0.80895919, 0.7427237 , 0.81873655,
       0.5386349 , 0.61868107, 0.80801713]), array([0.31155866, 0.22035395, 0.18601619, 0.25339469, 0.17577663,
       0.45194951, 0.37380648, 0.18697773]), array([0.16659538, 0.31684485, 0.50648856, 0.2395982 , 0.65278792,
       0.09108132, 0.12450992, 0.501966  ]))","['DeepSeekQwen (32B)', 'EurusPRMStage2_avg_scores (7.62B)', 'QwenPRM_min_scores (7.63B)', 'GPM (8B)', 'Qwen72B_scores (72B)', 'QwenPRM_max_scores (7.63B)', 'DeepSeekLlama (70B)', 'QwenPRM_avg_scores (7.63B)']","[0.9355487261425962, 0.9996125510486614, 0.992733719535749, 0.9466608879664208, 0.9996125510486614, 0.9466608879664208, 0.9970251787211155, 0.8918013660822919, 0.9872736032254924, 0.9996125510486614, 0.9581070484593951, 0.9871260803866049, 0.9985613250400391, 0.9983282576910243, 0.992733719535749, 0.9996125510486614, 0.9355487261425962, 0.01428876062778934, 0.9983282576910243, 0.9971176598270473, 0.9466608879664208, 0.9466608879664208, 0.996365145537997, 0.9983282576910243, 0.9817925524166252, 0.9466608879664208, 0.9466608879664208, 0.9948757952462264, 0.9988230371705322, 0.9466608879664208, 0.9466608879664208, 0.9996125510486614, 0.9466608879664208, 0.992733719535749, 0.9466608879664208, 0.9735133846764342, 0.996365145537997, 0.9983282576910243, 0.9996125510486614, 0.992733719535749, 0.9466608879664208, 0.6534585947657102, 0.6534585947657102, 0.6534585947657102, 0.9871260803866049, 0.9996125510486614, 0.9871260803866049, 0.9466608879664208, 0.9872736032254924, 0.9996125510486614, 0.9971176598270473, 0.9355487261425962, 0.992733719535749, 0.9782322879448585, 0.9466608879664208, 0.6534585947657102, 0.9970251787211155, 0.9466608879664208, 0.9983282576910243, 0.9988230371705322, 0.9537635947084169, 0.9948757952462264, 0.992733719535749, 0.9983282576910243, 0.9871260803866049, 0.992733719535749, 0.9872736032254924, 0.8906696965342954, 0.992733719535749, 0.9466608879664208, 0.9466608879664208, 0.9782322879448585, 0.9466608879664208, 0.9782322879448585, 0.9993313556787133, 0.9983282576910243, 0.6534585947657102, 0.992733719535749, 0.9983086595288196, 0.9466608879664208, 0.9466608879664208, 0.9872736032254924, 0.992733719535749, 0.9985613250400391, 0.9998469491455174, 0.996365145537997, 0.9466608879664208, 0.996365145537997, 0.9948757952462264, 0.9466608879664208, 0.9983086595288196, 0.9985613250400391, 0.5969008020051405, 0.9466608879664208, 0.992733719535749, 0.9466608879664208, 0.9466608879664208, 0.9985613250400391, 0.9872736032254924, 0.992733719535749]",31,train,9
1.0,100,0,0,0,100,53,1,1,1,0,0,0,53,1,1,1,0,0,0,"(array([0.84215391, 0.6931206 , 0.50316095, 0.76937759, 0.35487026,
       0.91597408, 0.88362628, 0.50772321]), array([0.68256611, 0.77540869, 0.80895919, 0.7427237 , 0.81873655,
       0.5386349 , 0.61868107, 0.80801713]), array([0.31155866, 0.22035395, 0.18601619, 0.25339469, 0.17577663,
       0.45194951, 0.37380648, 0.18697773]), array([0.16659538, 0.31684485, 0.50648856, 0.2395982 , 0.65278792,
       0.09108132, 0.12450992, 0.501966  ]))","['DeepSeekQwen (32B)', 'EurusPRMStage2_avg_scores (7.62B)', 'QwenPRM_min_scores (7.63B)', 'GPM (8B)', 'Qwen72B_scores (72B)', 'QwenPRM_max_scores (7.63B)', 'DeepSeekLlama (70B)', 'QwenPRM_avg_scores (7.63B)']","[0.9782322879448585, 0.9948757952462264, 0.9949349694078116, 0.9466608879664208, 0.5969008020051405, 0.9466608879664208, 0.9466608879664208, 0.9466608879664208, 0.9735133846764342, 0.9782322879448585, 0.9993313556787133, 0.9466608879664208, 0.9665138414525071, 0.8268299769161617, 0.9665138414525071, 0.9983282576910243, 0.9993313556787133, 0.9983086595288196, 0.7894505364028515, 0.7540942897020623, 0.9665138414525071, 0.5969008020051405, 0.9466608879664208, 0.7540942897020623, 0.8268299769161617, 0.9735133846764342, 0.9782322879448585, 0.992733719535749, 0.992135972307355, 0.8268299769161617, 0.9782322879448585, 0.6534585947657102, 0.9466608879664208, 0.9920443592658181, 0.9782322879448585, 0.7894505364028515, 0.9466608879664208, 0.9665138414525071, 0.9782322879448585, 0.9948757952462264, 0.9949349694078116, 0.8395446705125725, 0.7540942897020623, 0.9993313556787133, 0.9983086595288196, 0.9971176598270473, 0.992733719535749, 0.9466608879664208, 0.9735133846764342, 0.9355487261425962, 0.9782322879448585, 0.6157634799755194, 0.8411111274771964, 0.9993391113427557, 0.9581070484593951, 0.9193475557777834, 0.9665138414525071, 0.9993313556787133, 0.7540942897020623, 0.9920443592658181, 0.9665138414525071, 0.9466608879664208, 0.9782322879448585, 0.9466608879664208, 0.993814052112889, 0.9782322879448585, 0.9782322879448585, 0.9782322879448585, 0.9782322879448585, 0.9193475557777834, 0.9920443592658181, 0.9466608879664208, 0.992733719535749, 0.7540942897020623, 0.9844836281622147, 0.9971176598270473, 0.9466608879664208, 0.9993313556787133, 0.9983086595288196, 0.8268299769161617, 0.9466608879664208, 0.9920443592658181, 0.9782322879448585, 0.9466608879664208, 0.6534585947657102, 0.8395446705125725, 0.8750757003940338, 0.9665138414525071, 0.996365145537997, 0.9665138414525071, 0.992733719535749, 0.9782322879448585, 0.9466608879664208, 0.992733719535749, 0.9466608879664208, 0.9782322879448585, 0.9920443592658181, 0.9735133846764342, 0.9971176598270473, 0.5969008020051405]",32,train,9
1.0,100,0,0,0,100,5,1,1,1,0,0,0,5,1,1,1,0,0,0,"(array([0.84215391, 0.6931206 , 0.50316095, 0.76937759, 0.35487026,
       0.91597408, 0.88362628, 0.50772321]), array([0.68256611, 0.77540869, 0.80895919, 0.7427237 , 0.81873655,
       0.5386349 , 0.61868107, 0.80801713]), array([0.31155866, 0.22035395, 0.18601619, 0.25339469, 0.17577663,
       0.45194951, 0.37380648, 0.18697773]), array([0.16659538, 0.31684485, 0.50648856, 0.2395982 , 0.65278792,
       0.09108132, 0.12450992, 0.501966  ]))","['DeepSeekQwen (32B)', 'EurusPRMStage2_avg_scores (7.62B)', 'QwenPRM_min_scores (7.63B)', 'GPM (8B)', 'Qwen72B_scores (72B)', 'QwenPRM_max_scores (7.63B)', 'DeepSeekLlama (70B)', 'QwenPRM_avg_scores (7.63B)']","[0.9466608879664208, 0.8268299769161617, 0.992733719535749, 0.9983282576910243, 0.9466608879664208, 0.9998469491455174, 0.9970251787211155, 0.9466608879664208, 0.9996125510486614, 0.9872736032254924, 0.9983282576910243, 0.9843042784322722, 0.9466608879664208, 0.9998469491455174, 0.9996125510486614, 0.6534585947657102, 0.9466608879664208, 0.9466608879664208, 0.992733719535749, 0.9996125510486614, 0.9844836281622147, 0.992733719535749, 0.9970251787211155, 0.9996125510486614, 0.992733719535749, 0.9735133846764342, 0.9996125510486614, 0.996365145537997, 0.9998469491455174, 0.992733719535749, 0.9466608879664208, 0.9996125510486614, 0.9782322879448585, 0.9996125510486614, 0.9466608879664208, 0.9466608879664208, 0.9949349694078116, 0.9996125510486614, 0.9726842978340645, 0.9985613250400391, 0.992733719535749, 0.9996125510486614, 0.5969008020051405, 0.9872736032254924, 0.996365145537997, 0.996365145537997, 0.9355487261425962, 0.9996125510486614, 0.992733719535749, 0.996365145537997, 0.992733719535749, 0.996365145537997, 0.992733719535749, 0.9996125510486614, 0.9996125510486614, 0.9782322879448585, 0.992733719535749, 0.9735133846764342, 0.9782322879448585, 0.9782322879448585, 0.9996125510486614, 0.9466608879664208, 0.9996125510486614, 0.9983282576910243, 0.9466608879664208, 0.996365145537997, 0.996365145537997, 0.9970251787211155, 0.992733719535749, 0.567229715469185, 0.9890309306801571, 0.996365145537997, 0.9466608879664208, 0.9466608879664208, 0.9983282576910243, 0.9872736032254924, 0.9996125510486614, 0.9466608879664208, 0.9996125510486614, 0.9983282576910243, 0.9466608879664208, 0.9466608879664208, 0.9983086595288196, 0.9985613250400391, 0.9996125510486614, 0.9466608879664208, 0.9983282576910243, 0.9466608879664208, 0.9466608879664208, 0.9996125510486614, 0.992733719535749, 0.9998469491455174, 0.9998469491455174, 0.992733719535749, 0.9726842978340645, 0.9996125510486614, 0.9998469491455174, 0.9970251787211155, 0.9996125510486614, 0.992733719535749]",33,train,9
0.98,0,98,2,0,100,16,0,0,0,0,1,0,5,0,1,0,1,0,0,"(array([0.84215391, 0.6931206 , 0.50316095, 0.76937759, 0.35487026,
       0.91597408, 0.88362628, 0.50772321]), array([0.68256611, 0.77540869, 0.80895919, 0.7427237 , 0.81873655,
       0.5386349 , 0.61868107, 0.80801713]), array([0.31155866, 0.22035395, 0.18601619, 0.25339469, 0.17577663,
       0.45194951, 0.37380648, 0.18697773]), array([0.16659538, 0.31684485, 0.50648856, 0.2395982 , 0.65278792,
       0.09108132, 0.12450992, 0.501966  ]))","['DeepSeekQwen (32B)', 'EurusPRMStage2_avg_scores (7.62B)', 'QwenPRM_min_scores (7.63B)', 'GPM (8B)', 'Qwen72B_scores (72B)', 'QwenPRM_max_scores (7.63B)', 'DeepSeekLlama (70B)', 'QwenPRM_avg_scores (7.63B)']","[0.01428876062778934, 0.01428876062778934, 0.01428876062778934, 0.5122602620000989, 0.14549388830343796, 0.0012079848552845895, 0.01400699541421447, 0.14549388830343796, 0.01428876062778934, 0.01428876062778934, 0.01428876062778934, 0.0012079848552845895, 0.01428876062778934, 0.01428876062778934, 0.0012079848552845895, 0.12005642021910211, 0.6157634799755194, 0.12005642021910211, 0.01428876062778934, 0.01428876062778934, 0.01428876062778934, 0.01428876062778934, 0.01428876062778934, 0.01428876062778934, 0.12005642021910211, 0.12005642021910211, 0.01428876062778934, 0.01428876062778934, 0.01428876062778934, 0.01428876062778934, 0.0012079848552845895, 0.01428876062778934, 0.0012079848552845895, 0.0132172571253816, 0.01400699541421447, 0.01428876062778934, 0.0012079848552845895, 0.011255280308711223, 0.01428876062778934, 0.0012079848552845895, 0.0012079848552845895, 0.12005642021910211, 0.01400699541421447, 0.08056819344440308, 0.0012079848552845895, 0.0012079848552845895, 0.01400699541421447, 0.01428876062778934, 0.0012079848552845895, 0.0012079848552845895, 0.01428876062778934, 0.12005642021910211, 0.011255280308711223, 0.0012079848552845895, 0.01428876062778934, 0.009224306716638759, 0.009224306716638759, 0.01428876062778934, 0.0012079848552845895, 0.01400699541421447, 0.011255280308711223, 0.01428876062778934, 0.14549388830343796, 0.1003859733848171, 0.01428876062778934, 0.0012079848552845895, 0.12005642021910211, 0.1179385310913096, 0.0012079848552845895, 0.0012079848552845895, 0.0012079848552845895, 0.12005642021910211, 0.01428876062778934, 0.12005642021910211, 0.01428876062778934, 0.0012079848552845895, 0.01428876062778934, 0.0012079848552845895, 0.12005642021910211, 0.01428876062778934, 0.01400699541421447, 0.01428876062778934, 0.01428876062778934, 0.01428876062778934, 0.12005642021910211, 0.14549388830343796, 0.01428876062778934, 0.12005642021910211, 0.12005642021910211, 0.01400699541421447, 0.12005642021910211, 0.12005642021910211, 0.01428876062778934, 0.12005642021910211, 0.011255280308711223, 0.12005642021910211, 0.12005642021910211, 0.0012079848552845895, 0.0012079848552845895, 0.12005642021910211]",34,train,0
0.99,93,6,1,0,100,4,1,1,1,0,0,0,4,1,1,1,0,0,0,"(array([0.84215391, 0.6931206 , 0.50316095, 0.76937759, 0.35487026,
       0.91597408, 0.88362628, 0.50772321]), array([0.68256611, 0.77540869, 0.80895919, 0.7427237 , 0.81873655,
       0.5386349 , 0.61868107, 0.80801713]), array([0.31155866, 0.22035395, 0.18601619, 0.25339469, 0.17577663,
       0.45194951, 0.37380648, 0.18697773]), array([0.16659538, 0.31684485, 0.50648856, 0.2395982 , 0.65278792,
       0.09108132, 0.12450992, 0.501966  ]))","['DeepSeekQwen (32B)', 'EurusPRMStage2_avg_scores (7.62B)', 'QwenPRM_min_scores (7.63B)', 'GPM (8B)', 'Qwen72B_scores (72B)', 'QwenPRM_max_scores (7.63B)', 'DeepSeekLlama (70B)', 'QwenPRM_avg_scores (7.63B)']","[0.12005642021910211, 0.9983086595288196, 0.9983086595288196, 0.9970251787211155, 0.9996125510486614, 0.9996125510486614, 0.9996125510486614, 0.9996125510486614, 0.9996125510486614, 0.9996125510486614, 0.9993313556787133, 0.9996125510486614, 0.9466608879664208, 0.996365145537997, 0.9996125510486614, 0.996365145537997, 0.9983282576910243, 0.996365145537997, 0.9843042784322722, 0.9250170558130487, 0.996365145537997, 0.9843042784322722, 0.9843042784322722, 0.9983086595288196, 0.9996125510486614, 0.9996125510486614, 0.996365145537997, 0.9843042784322722, 0.9996125510486614, 0.996365145537997, 0.9996125510486614, 0.9996125510486614, 0.992733719535749, 0.9996125510486614, 0.9996125510486614, 0.996365145537997, 0.9996125510486614, 0.9996125510486614, 0.996365145537997, 0.9996125510486614, 0.9782322879448585, 0.9996125510486614, 0.9996125510486614, 0.9996125510486614, 0.9996125510486614, 0.996365145537997, 0.996365145537997, 0.9996125510486614, 0.9996125510486614, 0.9983086595288196, 0.9996125510486614, 0.011255280308711223, 0.992733719535749, 0.9996125510486614, 0.9996125510486614, 0.9970251787211155, 0.9996125510486614, 0.992733719535749, 0.995375888154235, 0.12005642021910211, 0.992733719535749, 0.9970251787211155, 0.9996125510486614, 0.996365145537997, 0.996365145537997, 0.9970251787211155, 0.996365145537997, 0.9983086595288196, 0.992733719535749, 0.996365145537997, 0.9983086595288196, 0.9355487261425962, 0.9970251787211155, 0.9996125510486614, 0.992733719535749, 0.011255280308711223, 0.12005642021910211, 0.9355487261425962, 0.992733719535749, 0.9996125510486614, 0.9996125510486614, 0.9983086595288196, 0.996365145537997, 0.9996125510486614, 0.992733719535749, 0.9983282576910243, 0.9355487261425962, 0.9970251787211155, 0.9996125510486614, 0.9466608879664208, 0.9996125510486614, 0.996365145537997, 0.9250170558130487, 0.9996125510486614, 0.9996125510486614, 0.12005642021910211, 0.996365145537997, 0.9983086595288196, 0.9843042784322722, 0.9996125510486614]",35,train,9
0.98,86,12,2,0,100,7,1,1,1,0,0,0,7,1,1,1,0,0,0,"(array([0.84215391, 0.6931206 , 0.50316095, 0.76937759, 0.35487026,
       0.91597408, 0.88362628, 0.50772321]), array([0.68256611, 0.77540869, 0.80895919, 0.7427237 , 0.81873655,
       0.5386349 , 0.61868107, 0.80801713]), array([0.31155866, 0.22035395, 0.18601619, 0.25339469, 0.17577663,
       0.45194951, 0.37380648, 0.18697773]), array([0.16659538, 0.31684485, 0.50648856, 0.2395982 , 0.65278792,
       0.09108132, 0.12450992, 0.501966  ]))","['DeepSeekQwen (32B)', 'EurusPRMStage2_avg_scores (7.62B)', 'QwenPRM_min_scores (7.63B)', 'GPM (8B)', 'Qwen72B_scores (72B)', 'QwenPRM_max_scores (7.63B)', 'DeepSeekLlama (70B)', 'QwenPRM_avg_scores (7.63B)']","[0.9735133846764342, 0.9971176598270473, 0.9971176598270473, 0.9782322879448585, 0.9971176598270473, 0.9996125510486614, 0.9466608879664208, 0.9998469491455174, 0.9971176598270473, 0.992733719535749, 0.0012079848552845895, 0.9735133846764342, 0.9971176598270473, 0.9993313556787133, 0.9988230371705322, 0.01428876062778934, 0.9971176598270473, 0.9971176598270473, 0.567229715469185, 0.9971176598270473, 0.9971176598270473, 0.9665138414525071, 0.9466608879664208, 0.9466608879664208, 0.9466608879664208, 0.9971176598270473, 0.8022874802883211, 0.9466608879664208, 0.9971176598270473, 0.992733719535749, 0.9735133846764342, 0.01428876062778934, 0.9665138414525071, 0.9998469491455174, 0.992733719535749, 0.9782322879448585, 0.9971176598270473, 0.9971176598270473, 0.7540942897020623, 0.992733719535749, 0.9971176598270473, 0.9466608879664208, 0.1383307721055558, 0.9971176598270473, 0.6534585947657102, 0.992733719535749, 0.9782322879448585, 0.9971176598270473, 0.9735133846764342, 0.9971176598270473, 0.01428876062778934, 0.992733719535749, 0.6017519938786162, 0.9971176598270473, 0.9735133846764342, 0.9971176598270473, 0.567229715469185, 0.6157634799755194, 0.9971176598270473, 0.992733719535749, 0.9782322879448585, 0.9355487261425962, 0.9355487261425962, 0.9466608879664208, 0.9998469491455174, 0.9971176598270473, 0.1179385310913096, 0.9971176598270473, 0.9971176598270473, 0.9735133846764342, 0.1383307721055558, 0.9782322879448585, 0.01428876062778934, 0.9782322879448585, 0.1383307721055558, 0.9971176598270473, 0.9971176598270473, 0.8268299769161617, 0.9971176598270473, 0.1179385310913096, 0.9971176598270473, 0.9735133846764342, 0.992733719535749, 0.6017519938786162, 0.9782322879448585, 0.01400699541421447, 0.9735133846764342, 0.9665138414525071, 0.9971176598270473, 0.992733719535749, 0.01428876062778934, 0.9971176598270473, 0.9735133846764342, 0.9998469491455174, 0.9971176598270473, 0.9971176598270473, 0.9971176598270473, 0.9871260803866049, 0.9782322879448585, 0.5477344116728323]",36,train,8
0.81,17,64,12,7,100,59,1,1,1,0,0,0,8,0,1,0,1,0,0,"(array([0.84215391, 0.6931206 , 0.50316095, 0.76937759, 0.35487026,
       0.91597408, 0.88362628, 0.50772321]), array([0.68256611, 0.77540869, 0.80895919, 0.7427237 , 0.81873655,
       0.5386349 , 0.61868107, 0.80801713]), array([0.31155866, 0.22035395, 0.18601619, 0.25339469, 0.17577663,
       0.45194951, 0.37380648, 0.18697773]), array([0.16659538, 0.31684485, 0.50648856, 0.2395982 , 0.65278792,
       0.09108132, 0.12450992, 0.501966  ]))","['DeepSeekQwen (32B)', 'EurusPRMStage2_avg_scores (7.62B)', 'QwenPRM_min_scores (7.63B)', 'GPM (8B)', 'Qwen72B_scores (72B)', 'QwenPRM_max_scores (7.63B)', 'DeepSeekLlama (70B)', 'QwenPRM_avg_scores (7.63B)']","[0.25292929189800234, 0.14549388830343796, 0.1359403118627483, 0.993814052112889, 0.09857621320343903, 0.14549388830343796, 0.01428876062778934, 0.9782322879448585, 0.0012079848552845895, 0.1179385310913096, 0.9355487261425962, 0.6157634799755194, 0.01428876062778934, 0.01428876062778934, 0.1383307721055558, 0.01428876062778934, 0.14549388830343796, 0.14549388830343796, 0.1179385310913096, 0.9970251787211155, 0.01428876062778934, 0.0012079848552845895, 0.6157634799755194, 0.14549388830343796, 0.01428876062778934, 0.9355487261425962, 0.01428876062778934, 0.14549388830343796, 0.14549388830343796, 0.9250170558130487, 0.5072116725009345, 0.034721952509027, 0.25292929189800234, 0.8918013660822919, 0.6157634799755194, 0.6157634799755194, 0.6157634799755194, 0.01428876062778934, 0.0012079848552845895, 0.14549388830343796, 0.01428876062778934, 0.6157634799755194, 0.01400699541421447, 0.992733719535749, 0.0012079848552845895, 0.01428876062778934, 0.6157634799755194, 0.14549388830343796, 0.1359403118627483, 0.6534585947657102, 0.01428876062778934, 0.01400699541421447, 0.9782322879448585, 0.009224306716638759, 0.920832866531445, 0.1383307721055558, 0.0012079848552845895, 0.1179385310913096, 0.14549388830343796, 0.9971176598270473, 0.6534585947657102, 0.1179385310913096, 0.11195430921121478, 0.01428876062778934, 0.9782322879448585, 0.567229715469185, 0.12005642021910211, 0.6534585947657102, 0.8022874802883211, 0.01428876062778934, 0.01428876062778934, 0.01400699541421447, 0.01428876062778934, 0.6534585947657102, 0.14549388830343796, 0.1383307721055558, 0.14549388830343796, 0.14549388830343796, 0.12005642021910211, 0.0012079848552845895, 0.6157634799755194, 0.14549388830343796, 0.011255280308711223, 0.01428876062778934, 0.01428876062778934, 0.034721952509027, 0.01428876062778934, 0.1359403118627483, 0.01428876062778934, 0.0012079848552845895, 0.1179385310913096, 0.6157634799755194, 0.6534585947657102, 0.01400699541421447, 0.12005642021910211, 0.01428876062778934, 0.01400699541421447, 0.12005642021910211, 0.01428876062778934, 0.12005642021910211]",37,train,2
0.99,96,3,1,0,100,3,1,1,1,0,0,0,3,1,1,1,0,0,0,"(array([0.84215391, 0.6931206 , 0.50316095, 0.76937759, 0.35487026,
       0.91597408, 0.88362628, 0.50772321]), array([0.68256611, 0.77540869, 0.80895919, 0.7427237 , 0.81873655,
       0.5386349 , 0.61868107, 0.80801713]), array([0.31155866, 0.22035395, 0.18601619, 0.25339469, 0.17577663,
       0.45194951, 0.37380648, 0.18697773]), array([0.16659538, 0.31684485, 0.50648856, 0.2395982 , 0.65278792,
       0.09108132, 0.12450992, 0.501966  ]))","['DeepSeekQwen (32B)', 'EurusPRMStage2_avg_scores (7.62B)', 'QwenPRM_min_scores (7.63B)', 'GPM (8B)', 'Qwen72B_scores (72B)', 'QwenPRM_max_scores (7.63B)', 'DeepSeekLlama (70B)', 'QwenPRM_avg_scores (7.63B)']","[0.9996125510486614, 0.9993313556787133, 0.992733719535749, 0.9998469491455174, 0.9998469491455174, 0.9996125510486614, 0.9996125510486614, 0.9844836281622147, 0.9996125510486614, 0.01428876062778934, 0.9993391113427557, 0.9998469491455174, 0.9993313556787133, 0.9983282576910243, 0.9996125510486614, 0.9993391113427557, 0.9355487261425962, 0.9983282576910243, 0.9998469491455174, 0.9993391113427557, 0.996365145537997, 0.9971176598270473, 0.9996125510486614, 0.9985613250400391, 0.9985613250400391, 0.9998469491455174, 0.9998469491455174, 0.9998469491455174, 0.9971176598270473, 0.9735133846764342, 0.9844836281622147, 0.996365145537997, 0.9998469491455174, 0.9971176598270473, 0.9993391113427557, 0.9466608879664208, 0.9993391113427557, 0.9996125510486614, 0.992733719535749, 0.992733719535749, 0.992733719535749, 0.14549388830343796, 0.9993313556787133, 0.9782322879448585, 0.567229715469185, 0.9971176598270473, 0.9998469491455174, 0.9996125510486614, 0.9998469491455174, 0.9782322879448585, 0.992733719535749, 0.9971176598270473, 0.9988230371705322, 0.992733719535749, 0.9998469491455174, 0.9872736032254924, 0.968979639299488, 0.01400699541421447, 0.9843042784322722, 0.9844836281622147, 0.9735133846764342, 0.9996125510486614, 0.9998469491455174, 0.9970251787211155, 0.996365145537997, 0.9993391113427557, 0.9996125510486614, 0.9949349694078116, 0.9985613250400391, 0.9971176598270473, 0.9993313556787133, 0.9996125510486614, 0.9998469491455174, 0.9998469491455174, 0.9993313556787133, 0.8211338985373726, 0.9996125510486614, 0.9996125510486614, 0.992733719535749, 0.992733719535749, 0.9782322879448585, 0.9983282576910243, 0.9971176598270473, 0.9985613250400391, 0.9983282576910243, 0.9983086595288196, 0.9844836281622147, 0.9355487261425962, 0.9996125510486614, 0.9971176598270473, 0.9996125510486614, 0.9993391113427557, 0.9996125510486614, 0.9996125510486614, 0.9988230371705322, 0.9996125510486614, 0.9996125510486614, 0.9844836281622147, 0.9844836281622147, 0.9996125510486614]",38,train,9
1.0,100,0,0,0,100,11,1,1,1,0,0,0,11,1,1,1,0,0,0,"(array([0.84215391, 0.6931206 , 0.50316095, 0.76937759, 0.35487026,
       0.91597408, 0.88362628, 0.50772321]), array([0.68256611, 0.77540869, 0.80895919, 0.7427237 , 0.81873655,
       0.5386349 , 0.61868107, 0.80801713]), array([0.31155866, 0.22035395, 0.18601619, 0.25339469, 0.17577663,
       0.45194951, 0.37380648, 0.18697773]), array([0.16659538, 0.31684485, 0.50648856, 0.2395982 , 0.65278792,
       0.09108132, 0.12450992, 0.501966  ]))","['DeepSeekQwen (32B)', 'EurusPRMStage2_avg_scores (7.62B)', 'QwenPRM_min_scores (7.63B)', 'GPM (8B)', 'Qwen72B_scores (72B)', 'QwenPRM_max_scores (7.63B)', 'DeepSeekLlama (70B)', 'QwenPRM_avg_scores (7.63B)']","[0.992733719535749, 0.9983086595288196, 0.992733719535749, 0.9355487261425962, 0.992733719535749, 0.992733719535749, 0.8906696965342954, 0.9996125510486614, 0.992733719535749, 0.9970251787211155, 0.9983086595288196, 0.9998469491455174, 0.9957257894686811, 0.9996125510486614, 0.9996125510486614, 0.9998469491455174, 0.9996125510486614, 0.996365145537997, 0.9726842978340645, 0.9996125510486614, 0.996365145537997, 0.996365145537997, 0.9996125510486614, 0.9998469491455174, 0.992733719535749, 0.995375888154235, 0.9983282576910243, 0.992733719535749, 0.9996125510486614, 0.9996125510486614, 0.9993391113427557, 0.996365145537997, 0.992733719535749, 0.9996125510486614, 0.996365145537997, 0.9996125510486614, 0.996365145537997, 0.9998469491455174, 0.9996125510486614, 0.9996125510486614, 0.9983086595288196, 0.9983282576910243, 0.996365145537997, 0.992733719535749, 0.996365145537997, 0.9996125510486614, 0.9993391113427557, 0.9996125510486614, 0.9355487261425962, 0.9996125510486614, 0.9998469491455174, 0.992733719535749, 0.9998469491455174, 0.9996125510486614, 0.9970251787211155, 0.6534585947657102, 0.9998469491455174, 0.996365145537997, 0.9985613250400391, 0.9993391113427557, 0.9871260803866049, 0.9993313556787133, 0.9983086595288196, 0.995375888154235, 0.996365145537997, 0.9983282576910243, 0.9844836281622147, 0.9996125510486614, 0.996365145537997, 0.9355487261425962, 0.9988230371705322, 0.996365145537997, 0.9983282576910243, 0.9872736032254924, 0.992733719535749, 0.9843042784322722, 0.9996125510486614, 0.9996125510486614, 0.6781706840942073, 0.9996125510486614, 0.9844836281622147, 0.9466608879664208, 0.9983086595288196, 0.9985613250400391, 0.992733719535749, 0.996365145537997, 0.9726842978340645, 0.992733719535749, 0.9996125510486614, 0.996365145537997, 0.9996125510486614, 0.9466608879664208, 0.9983086595288196, 0.980324567806471, 0.9996125510486614, 0.9844836281622147, 0.9983282576910243, 0.9466608879664208, 0.9844836281622147, 0.992733719535749]",39,train,9
0.99,95,4,0,1,100,27,1,1,1,0,0,0,27,1,1,1,0,0,0,"(array([0.84215391, 0.6931206 , 0.50316095, 0.76937759, 0.35487026,
       0.91597408, 0.88362628, 0.50772321]), array([0.68256611, 0.77540869, 0.80895919, 0.7427237 , 0.81873655,
       0.5386349 , 0.61868107, 0.80801713]), array([0.31155866, 0.22035395, 0.18601619, 0.25339469, 0.17577663,
       0.45194951, 0.37380648, 0.18697773]), array([0.16659538, 0.31684485, 0.50648856, 0.2395982 , 0.65278792,
       0.09108132, 0.12450992, 0.501966  ]))","['DeepSeekQwen (32B)', 'EurusPRMStage2_avg_scores (7.62B)', 'QwenPRM_min_scores (7.63B)', 'GPM (8B)', 'Qwen72B_scores (72B)', 'QwenPRM_max_scores (7.63B)', 'DeepSeekLlama (70B)', 'QwenPRM_avg_scores (7.63B)']","[0.9983282576910243, 0.9983086595288196, 0.9890309306801571, 0.9983282576910243, 0.9996125510486614, 0.9996125510486614, 0.9996125510486614, 0.01428876062778934, 0.01428876062778934, 0.996365145537997, 0.9996125510486614, 0.9996125510486614, 0.995375888154235, 0.9957257894686811, 0.996365145537997, 0.996365145537997, 0.9355487261425962, 0.9996125510486614, 0.9970251787211155, 0.996365145537997, 0.996365145537997, 0.9996125510486614, 0.9983086595288196, 0.9996125510486614, 0.992733719535749, 0.9996125510486614, 0.14549388830343796, 0.9998469491455174, 0.1383307721055558, 0.9993313556787133, 0.9654734247706841, 0.992733719535749, 0.9996125510486614, 0.996365145537997, 0.9996125510486614, 0.996365145537997, 0.992733719535749, 0.7481735953132531, 0.992733719535749, 0.9996125510486614, 0.996365145537997, 0.9996125510486614, 0.9996125510486614, 0.996365145537997, 0.9983282576910243, 0.9996125510486614, 0.9970251787211155, 0.6534585947657102, 0.01428876062778934, 0.996365145537997, 0.9996125510486614, 0.996365145537997, 0.9996125510486614, 0.9970251787211155, 0.996365145537997, 0.9983086595288196, 0.996365145537997, 0.9996125510486614, 0.9996125510486614, 0.9996125510486614, 0.9996125510486614, 0.9998469491455174, 0.9983282576910243, 0.9996125510486614, 0.9983086595288196, 0.9983086595288196, 0.9993313556787133, 0.9970251787211155, 0.9843042784322722, 0.992733719535749, 0.996365145537997, 0.9996125510486614, 0.9996125510486614, 0.9983282576910243, 0.996365145537997, 0.9970251787211155, 0.9844836281622147, 0.9983086595288196, 0.9466608879664208, 0.9996125510486614, 0.9998469491455174, 0.9996125510486614, 0.9996125510486614, 0.9996125510486614, 0.9581070484593951, 0.9996125510486614, 0.992733719535749, 0.9996125510486614, 0.9957257894686811, 0.996365145537997, 0.9970251787211155, 0.9983282576910243, 0.9996125510486614, 0.9983282576910243, 0.8906696965342954, 0.9996125510486614, 0.9996125510486614, 0.9981686784948819, 0.9355487261425962, 0.9996125510486614]",40,train,9
0.88,22,66,0,12,100,6,1,1,1,0,0,0,39,0,1,0,1,0,0,"(array([0.84215391, 0.6931206 , 0.50316095, 0.76937759, 0.35487026,
       0.91597408, 0.88362628, 0.50772321]), array([0.68256611, 0.77540869, 0.80895919, 0.7427237 , 0.81873655,
       0.5386349 , 0.61868107, 0.80801713]), array([0.31155866, 0.22035395, 0.18601619, 0.25339469, 0.17577663,
       0.45194951, 0.37380648, 0.18697773]), array([0.16659538, 0.31684485, 0.50648856, 0.2395982 , 0.65278792,
       0.09108132, 0.12450992, 0.501966  ]))","['DeepSeekQwen (32B)', 'EurusPRMStage2_avg_scores (7.62B)', 'QwenPRM_min_scores (7.63B)', 'GPM (8B)', 'Qwen72B_scores (72B)', 'QwenPRM_max_scores (7.63B)', 'DeepSeekLlama (70B)', 'QwenPRM_avg_scores (7.63B)']","[0.9466608879664208, 0.01428876062778934, 0.01428876062778934, 0.01428876062778934, 0.6157634799755194, 0.01428876062778934, 0.9983086595288196, 0.01428876062778934, 0.01428876062778934, 0.01428876062778934, 0.01428876062778934, 0.12005642021910211, 0.01428876062778934, 0.1179385310913096, 0.9466608879664208, 0.01428876062778934, 0.01428876062778934, 0.011255280308711223, 0.01428876062778934, 0.6157634799755194, 0.6157634799755194, 0.6157634799755194, 0.01428876062778934, 0.1383307721055558, 0.9466608879664208, 0.6157634799755194, 0.12005642021910211, 0.01428876062778934, 0.12005642021910211, 0.12005642021910211, 0.01428876062778934, 0.01428876062778934, 0.01428876062778934, 0.01428876062778934, 0.12005642021910211, 0.01428876062778934, 0.12005642021910211, 0.01428876062778934, 0.01428876062778934, 0.0012079848552845895, 0.9466608879664208, 0.6157634799755194, 0.01428876062778934, 0.12005642021910211, 0.12005642021910211, 0.6534585947657102, 0.01428876062778934, 0.01428876062778934, 0.01428876062778934, 0.12005642021910211, 0.9193475557777834, 0.01428876062778934, 0.0012079848552845895, 0.01428876062778934, 0.01428876062778934, 0.01428876062778934, 0.01400699541421447, 0.12005642021910211, 0.01428876062778934, 0.9981686784948819, 0.01428876062778934, 0.0012079848552845895, 0.01428876062778934, 0.01428876062778934, 0.12005642021910211, 0.01428876062778934, 0.01428876062778934, 0.6157634799755194, 0.8268299769161617, 0.01428876062778934, 0.12005642021910211, 0.01428876062778934, 0.6157634799755194, 0.12005642021910211, 0.01428876062778934, 0.1359403118627483, 0.992733719535749, 0.6534585947657102, 0.1383307721055558, 0.01428876062778934, 0.0012079848552845895, 0.011255280308711223, 0.01428876062778934, 0.9466608879664208, 0.12005642021910211, 0.01428876062778934, 0.01428876062778934, 0.01428876062778934, 0.01428876062778934, 0.0012079848552845895, 0.12005642021910211, 0.14549388830343796, 0.14549388830343796, 0.6157634799755194, 0.0012079848552845895, 0.996365145537997, 0.0012079848552845895, 0.12005642021910211, 0.01428876062778934, 0.12005642021910211]",41,train,3
0.85,16,69,5,10,100,50,1,1,1,0,0,0,7,0,1,0,1,0,0,"(array([0.84215391, 0.6931206 , 0.50316095, 0.76937759, 0.35487026,
       0.91597408, 0.88362628, 0.50772321]), array([0.68256611, 0.77540869, 0.80895919, 0.7427237 , 0.81873655,
       0.5386349 , 0.61868107, 0.80801713]), array([0.31155866, 0.22035395, 0.18601619, 0.25339469, 0.17577663,
       0.45194951, 0.37380648, 0.18697773]), array([0.16659538, 0.31684485, 0.50648856, 0.2395982 , 0.65278792,
       0.09108132, 0.12450992, 0.501966  ]))","['DeepSeekQwen (32B)', 'EurusPRMStage2_avg_scores (7.62B)', 'QwenPRM_min_scores (7.63B)', 'GPM (8B)', 'Qwen72B_scores (72B)', 'QwenPRM_max_scores (7.63B)', 'DeepSeekLlama (70B)', 'QwenPRM_avg_scores (7.63B)']","[0.12005642021910211, 0.968979639299488, 0.01428876062778934, 0.6157634799755194, 0.12005642021910211, 0.12005642021910211, 0.6157634799755194, 0.0012079848552845895, 0.01428876062778934, 0.11195430921121478, 0.01428876062778934, 0.01428876062778934, 0.0012079848552845895, 0.01428876062778934, 0.5969008020051405, 0.01428876062778934, 0.01428876062778934, 0.14549388830343796, 0.6157634799755194, 0.01428876062778934, 0.01428876062778934, 0.01428876062778934, 0.0012079848552845895, 0.14549388830343796, 0.12005642021910211, 0.9355487261425962, 0.6157634799755194, 0.01428876062778934, 0.01428876062778934, 0.14549388830343796, 0.0012079848552845895, 0.01428876062778934, 0.6157634799755194, 0.22030411719302567, 0.25292929189800234, 0.01428876062778934, 0.14549388830343796, 0.01428876062778934, 0.14549388830343796, 0.01428876062778934, 0.01428876062778934, 0.01428876062778934, 0.01428876062778934, 0.9250170558130487, 0.01428876062778934, 0.01428876062778934, 0.01428876062778934, 0.01428876062778934, 0.1383307721055558, 0.0012079848552845895, 0.9971176598270473, 0.0012079848552845895, 0.6157634799755194, 0.01428876062778934, 0.12005642021910211, 0.01428876062778934, 0.6017519938786162, 0.01428876062778934, 0.01428876062778934, 0.0012079848552845895, 0.01428876062778934, 0.011255280308711223, 0.01428876062778934, 0.01428876062778934, 0.12005642021910211, 0.2567656363049018, 0.6017519938786162, 0.6017519938786162, 0.12005642021910211, 0.01428876062778934, 0.6017519938786162, 0.0012079848552845895, 0.6157634799755194, 0.01428876062778934, 0.0012079848552845895, 0.01428876062778934, 0.01428876062778934, 0.01400699541421447, 0.01428876062778934, 0.0132172571253816, 0.12005642021910211, 0.6534585947657102, 0.01428876062778934, 0.567229715469185, 0.14549388830343796, 0.01428876062778934, 0.9466608879664208, 0.6157634799755194, 0.14549388830343796, 0.01428876062778934, 0.01428876062778934, 0.1383307721055558, 0.1383307721055558, 0.01428876062778934, 0.01400699541421447, 0.0012079848552845895, 0.0012079848552845895, 0.6157634799755194, 0.01428876062778934, 0.01428876062778934]",42,train,2
0.99,98,1,1,0,100,7,1,1,1,0,0,0,7,1,1,1,0,0,0,"(array([0.84215391, 0.6931206 , 0.50316095, 0.76937759, 0.35487026,
       0.91597408, 0.88362628, 0.50772321]), array([0.68256611, 0.77540869, 0.80895919, 0.7427237 , 0.81873655,
       0.5386349 , 0.61868107, 0.80801713]), array([0.31155866, 0.22035395, 0.18601619, 0.25339469, 0.17577663,
       0.45194951, 0.37380648, 0.18697773]), array([0.16659538, 0.31684485, 0.50648856, 0.2395982 , 0.65278792,
       0.09108132, 0.12450992, 0.501966  ]))","['DeepSeekQwen (32B)', 'EurusPRMStage2_avg_scores (7.62B)', 'QwenPRM_min_scores (7.63B)', 'GPM (8B)', 'Qwen72B_scores (72B)', 'QwenPRM_max_scores (7.63B)', 'DeepSeekLlama (70B)', 'QwenPRM_avg_scores (7.63B)']","[0.992733719535749, 0.9970251787211155, 0.9971176598270473, 0.996365145537997, 0.996365145537997, 0.993814052112889, 0.9996125510486614, 0.9998469491455174, 0.9782322879448585, 0.9985613250400391, 0.9998469491455174, 0.9971176598270473, 0.9998469491455174, 0.9993391113427557, 0.9998469491455174, 0.9985613250400391, 0.9998469491455174, 0.9988230371705322, 0.992733719535749, 0.9998469491455174, 0.9998469491455174, 0.9993313556787133, 0.9971176598270473, 0.9466608879664208, 0.9993313556787133, 0.9996125510486614, 0.9985613250400391, 0.9466608879664208, 0.9998469491455174, 0.996365145537997, 0.9998469491455174, 0.9983076118316113, 0.8826681811832059, 0.9998469491455174, 0.992733719535749, 0.7894505364028515, 0.9970251787211155, 0.9983282576910243, 0.9996125510486614, 0.9998469491455174, 0.9996125510486614, 0.996365145537997, 0.9981686784948819, 0.9996125510486614, 0.9996125510486614, 0.9998469491455174, 0.9948757952462264, 0.9985613250400391, 0.9985613250400391, 0.992733719535749, 0.9996125510486614, 0.993814052112889, 0.9983086595288196, 0.9996125510486614, 0.6017519938786162, 0.9998469491455174, 0.9996125510486614, 0.996365145537997, 0.9996125510486614, 0.9654734247706841, 0.9996125510486614, 0.9996125510486614, 0.9996125510486614, 0.9970251787211155, 0.9466608879664208, 0.9782322879448585, 0.9993391113427557, 0.9971176598270473, 0.9985613250400391, 0.995375888154235, 0.9998469491455174, 0.9988230371705322, 0.9998469491455174, 0.9993391113427557, 0.996365145537997, 0.01428876062778934, 0.9996125510486614, 0.9983086595288196, 0.9996125510486614, 0.9872736032254924, 0.5969008020051405, 0.9890309306801571, 0.9937418647762084, 0.9466608879664208, 0.9998469491455174, 0.9985613250400391, 0.9988230371705322, 0.9988230371705322, 0.9971176598270473, 0.9988230371705322, 0.9985613250400391, 0.9988230371705322, 0.9998469491455174, 0.9466608879664208, 0.9996125510486614, 0.9998469491455174, 0.9998469491455174, 0.9998469491455174, 0.9998469491455174, 0.9890309306801571]",43,train,9
1.0,100,0,0,0,100,1,1,1,1,0,0,0,1,1,1,1,0,0,0,"(array([0.84215391, 0.6931206 , 0.50316095, 0.76937759, 0.35487026,
       0.91597408, 0.88362628, 0.50772321]), array([0.68256611, 0.77540869, 0.80895919, 0.7427237 , 0.81873655,
       0.5386349 , 0.61868107, 0.80801713]), array([0.31155866, 0.22035395, 0.18601619, 0.25339469, 0.17577663,
       0.45194951, 0.37380648, 0.18697773]), array([0.16659538, 0.31684485, 0.50648856, 0.2395982 , 0.65278792,
       0.09108132, 0.12450992, 0.501966  ]))","['DeepSeekQwen (32B)', 'EurusPRMStage2_avg_scores (7.62B)', 'QwenPRM_min_scores (7.63B)', 'GPM (8B)', 'Qwen72B_scores (72B)', 'QwenPRM_max_scores (7.63B)', 'DeepSeekLlama (70B)', 'QwenPRM_avg_scores (7.63B)']","[0.9971176598270473, 0.9998469491455174, 0.9466608879664208, 0.9996125510486614, 0.992733719535749, 0.9996125510486614, 0.9971176598270473, 0.9996125510486614, 0.9998469491455174, 0.9993391113427557, 0.9937418647762084, 0.9998469491455174, 0.9466608879664208, 0.9985613250400391, 0.9998469491455174, 0.9466608879664208, 0.9843042784322722, 0.995375888154235, 0.9996125510486614, 0.9981686784948819, 0.9985613250400391, 0.9996125510486614, 0.9993313556787133, 0.9985613250400391, 0.9466608879664208, 0.9920443592658181, 0.9970251787211155, 0.9996125510486614, 0.993814052112889, 0.9983086595288196, 0.9998469491455174, 0.9996125510486614, 0.9466608879664208, 0.996365145537997, 0.9993391113427557, 0.9998469491455174, 0.9985613250400391, 0.8411111274771964, 0.9871260803866049, 0.996365145537997, 0.9996125510486614, 0.9844836281622147, 0.9998469491455174, 0.9970251787211155, 0.9983282576910243, 0.9983086595288196, 0.9844836281622147, 0.9983086595288196, 0.996365145537997, 0.9954679489218352, 0.9996125510486614, 0.9843042784322722, 0.9996125510486614, 0.9983282576910243, 0.9993391113427557, 0.9998469491455174, 0.9735133846764342, 0.9985613250400391, 0.9996125510486614, 0.9844836281622147, 0.9993313556787133, 0.9983086595288196, 0.9996125510486614, 0.9998469491455174, 0.9949349694078116, 0.9970251787211155, 0.9971176598270473, 0.9985613250400391, 0.9985613250400391, 0.9466608879664208, 0.9782322879448585, 0.9985613250400391, 0.992733719535749, 0.9985613250400391, 0.9996125510486614, 0.9998469491455174, 0.992733719535749, 0.9998469491455174, 0.9996125510486614, 0.995375888154235, 0.9998469491455174, 0.9937418647762084, 0.9998469491455174, 0.9998469491455174, 0.9970251787211155, 0.9998469491455174, 0.9998469491455174, 0.9983086595288196, 0.9981686784948819, 0.9998469491455174, 0.9735133846764342, 0.9996125510486614, 0.9993313556787133, 0.9998469491455174, 0.9665138414525071, 0.9993391113427557, 0.9996125510486614, 0.9993391113427557, 0.9872736032254924, 0.6534585947657102]",44,train,9
1.0,100,0,0,0,100,1,1,1,1,0,0,0,1,1,1,1,0,0,0,"(array([0.84215391, 0.6931206 , 0.50316095, 0.76937759, 0.35487026,
       0.91597408, 0.88362628, 0.50772321]), array([0.68256611, 0.77540869, 0.80895919, 0.7427237 , 0.81873655,
       0.5386349 , 0.61868107, 0.80801713]), array([0.31155866, 0.22035395, 0.18601619, 0.25339469, 0.17577663,
       0.45194951, 0.37380648, 0.18697773]), array([0.16659538, 0.31684485, 0.50648856, 0.2395982 , 0.65278792,
       0.09108132, 0.12450992, 0.501966  ]))","['DeepSeekQwen (32B)', 'EurusPRMStage2_avg_scores (7.62B)', 'QwenPRM_min_scores (7.63B)', 'GPM (8B)', 'Qwen72B_scores (72B)', 'QwenPRM_max_scores (7.63B)', 'DeepSeekLlama (70B)', 'QwenPRM_avg_scores (7.63B)']","[0.9993391113427557, 0.9998469491455174, 0.9355487261425962, 0.9993391113427557, 0.9996125510486614, 0.6534585947657102, 0.9937418647762084, 0.9844836281622147, 0.9996125510486614, 0.9983282576910243, 0.9996125510486614, 0.9355487261425962, 0.996365145537997, 0.9983282576910243, 0.996365145537997, 0.9983282576910243, 0.9937418647762084, 0.9971176598270473, 0.9993391113427557, 0.9983086595288196, 0.9985613250400391, 0.9844836281622147, 0.996365145537997, 0.9996125510486614, 0.9998469491455174, 0.9466608879664208, 0.9998469491455174, 0.9993391113427557, 0.9993391113427557, 0.9998469491455174, 0.9996125510486614, 0.996365145537997, 0.9971176598270473, 0.9937418647762084, 0.9993313556787133, 0.9993313556787133, 0.9970251787211155, 0.9983086595288196, 0.9735133846764342, 0.9843042784322722, 0.9872736032254924, 0.992733719535749, 0.9996125510486614, 0.9971176598270473, 0.9993313556787133, 0.996365145537997, 0.9970251787211155, 0.9996125510486614, 0.9996125510486614, 0.9971176598270473, 0.9970251787211155, 0.9844836281622147, 0.980324567806471, 0.9983282576910243, 0.992733719535749, 0.9998469491455174, 0.9993313556787133, 0.9998469491455174, 0.9993313556787133, 0.9937418647762084, 0.992733719535749, 0.9971176598270473, 0.9983282576910243, 0.9993391113427557, 0.8918013660822919, 0.9985613250400391, 0.9998469491455174, 0.9993391113427557, 0.9983086595288196, 0.9993313556787133, 0.9996125510486614, 0.9983282576910243, 0.9735133846764342, 0.9872736032254924, 0.9993391113427557, 0.9996125510486614, 0.9996125510486614, 0.9983086595288196, 0.9800981164058823, 0.9996125510486614, 0.992733719535749, 0.9996125510486614, 0.9993313556787133, 0.9996125510486614, 0.996365145537997, 0.9844836281622147, 0.9985613250400391, 0.9998469491455174, 0.9971176598270473, 0.992733719535749, 0.9800981164058823, 0.996365145537997, 0.9998469491455174, 0.9996125510486614, 0.8268299769161617, 0.9983282576910243, 0.9996125510486614, 0.9996125510486614, 0.993814052112889, 0.9355487261425962]",45,train,9
1.0,100,0,0,0,100,0,1,1,1,0,0,0,0,1,1,1,0,0,0,"(array([0.84215391, 0.6931206 , 0.50316095, 0.76937759, 0.35487026,
       0.91597408, 0.88362628, 0.50772321]), array([0.68256611, 0.77540869, 0.80895919, 0.7427237 , 0.81873655,
       0.5386349 , 0.61868107, 0.80801713]), array([0.31155866, 0.22035395, 0.18601619, 0.25339469, 0.17577663,
       0.45194951, 0.37380648, 0.18697773]), array([0.16659538, 0.31684485, 0.50648856, 0.2395982 , 0.65278792,
       0.09108132, 0.12450992, 0.501966  ]))","['DeepSeekQwen (32B)', 'EurusPRMStage2_avg_scores (7.62B)', 'QwenPRM_min_scores (7.63B)', 'GPM (8B)', 'Qwen72B_scores (72B)', 'QwenPRM_max_scores (7.63B)', 'DeepSeekLlama (70B)', 'QwenPRM_avg_scores (7.63B)']","[0.9998469491455174, 0.9971176598270473, 0.992733719535749, 0.9466608879664208, 0.996365145537997, 0.996365145537997, 0.9996125510486614, 0.9996125510486614, 0.9983086595288196, 0.9996125510486614, 0.9800981164058823, 0.9998469491455174, 0.992733719535749, 0.992733719535749, 0.9355487261425962, 0.9355487261425962, 0.9993313556787133, 0.9843042784322722, 0.9983086595288196, 0.9996125510486614, 0.9993313556787133, 0.9971176598270473, 0.9871260803866049, 0.9971176598270473, 0.9466608879664208, 0.9996125510486614, 0.9971176598270473, 0.992733719535749, 0.6534585947657102, 0.9983086595288196, 0.9355487261425962, 0.9193475557777834, 0.9843042784322722, 0.9843042784322722, 0.9998469491455174, 0.8648173421176005, 0.9193475557777834, 0.9996125510486614, 0.9996125510486614, 0.9996125510486614, 0.9983086595288196, 0.996365145537997, 0.9983086595288196, 0.992733719535749, 0.995375888154235, 0.9193475557777834, 0.9983086595288196, 0.9890309306801571, 0.9996125510486614, 0.9996125510486614, 0.992733719535749, 0.996365145537997, 0.996365145537997, 0.9996125510486614, 0.9993391113427557, 0.9735133846764342, 0.9970251787211155, 0.9996125510486614, 0.9983086595288196, 0.9983086595288196, 0.9993313556787133, 0.9998469491455174, 0.9996125510486614, 0.9983086595288196, 0.9983086595288196, 0.9971176598270473, 0.9983282576910243, 0.9996125510486614, 0.9983086595288196, 0.5477344116728323, 0.9970251787211155, 0.9970251787211155, 0.9983086595288196, 0.9996125510486614, 0.9735133846764342, 0.6157634799755194, 0.9466608879664208, 0.9735133846764342, 0.9983086595288196, 0.9993313556787133, 0.9948757952462264, 0.996365145537997, 0.9971176598270473, 0.995375888154235, 0.9843042784322722, 0.992733719535749, 0.9843042784322722, 0.9983086595288196, 0.9983086595288196, 0.9993313556787133, 0.9735133846764342, 0.9983086595288196, 0.9871260803866049, 0.9996125510486614, 0.9193475557777834, 0.9355487261425962, 0.996365145537997, 0.9996125510486614, 0.992733719535749, 0.9996125510486614]",46,train,9
1.0,100,0,0,0,100,11,1,1,1,0,0,0,11,1,1,1,0,0,0,"(array([0.84215391, 0.6931206 , 0.50316095, 0.76937759, 0.35487026,
       0.91597408, 0.88362628, 0.50772321]), array([0.68256611, 0.77540869, 0.80895919, 0.7427237 , 0.81873655,
       0.5386349 , 0.61868107, 0.80801713]), array([0.31155866, 0.22035395, 0.18601619, 0.25339469, 0.17577663,
       0.45194951, 0.37380648, 0.18697773]), array([0.16659538, 0.31684485, 0.50648856, 0.2395982 , 0.65278792,
       0.09108132, 0.12450992, 0.501966  ]))","['DeepSeekQwen (32B)', 'EurusPRMStage2_avg_scores (7.62B)', 'QwenPRM_min_scores (7.63B)', 'GPM (8B)', 'Qwen72B_scores (72B)', 'QwenPRM_max_scores (7.63B)', 'DeepSeekLlama (70B)', 'QwenPRM_avg_scores (7.63B)']","[0.9949349694078116, 0.9466608879664208, 0.9985613250400391, 0.9996125510486614, 0.6534585947657102, 0.9872736032254924, 0.8268299769161617, 0.9871260803866049, 0.9983086595288196, 0.9782322879448585, 0.9983282576910243, 0.9998469491455174, 0.9983086595288196, 0.992733719535749, 0.995375888154235, 0.9872736032254924, 0.9800981164058823, 0.9466608879664208, 0.9844836281622147, 0.992733719535749, 0.9782322879448585, 0.9355487261425962, 0.9466608879664208, 0.9466608879664208, 0.992733719535749, 0.9983282576910243, 0.9355487261425962, 0.992733719535749, 0.9355487261425962, 0.992733719535749, 0.992733719535749, 0.9782322879448585, 0.992733719535749, 0.9971176598270473, 0.9983282576910243, 0.8268299769161617, 0.6534585947657102, 0.992733719535749, 0.9971176598270473, 0.9355487261425962, 0.9998469491455174, 0.992733719535749, 0.9782322879448585, 0.993814052112889, 0.992733719535749, 0.6534585947657102, 0.992733719535749, 0.9735133846764342, 0.9872736032254924, 0.9466608879664208, 0.9782322879448585, 0.992733719535749, 0.992733719535749, 0.9466608879664208, 0.9542757113336006, 0.9988230371705322, 0.9355487261425962, 0.9998469491455174, 0.9466608879664208, 0.9998469491455174, 0.9993391113427557, 0.9466608879664208, 0.9193475557777834, 0.9466608879664208, 0.9996125510486614, 0.9872736032254924, 0.992733719535749, 0.9983282576910243, 0.9996125510486614, 0.9466608879664208, 0.9971176598270473, 0.9466608879664208, 0.9466608879664208, 0.9466608879664208, 0.996365145537997, 0.9998469491455174, 0.9872736032254924, 0.9782322879448585, 0.9996125510486614, 0.9355487261425962, 0.996365145537997, 0.6534585947657102, 0.9983282576910243, 0.567229715469185, 0.9971176598270473, 0.6157634799755194, 0.8661764009928143, 0.9983282576910243, 0.9872736032254924, 0.9871260803866049, 0.9466608879664208, 0.9970251787211155, 0.9466608879664208, 0.9971176598270473, 0.5969008020051405, 0.9782322879448585, 0.9983282576910243, 0.9996125510486614, 0.9998469491455174, 0.6534585947657102]",47,train,9
0.99,99,0,0,1,100,0,1,1,1,0,0,0,0,1,1,1,0,0,0,"(array([0.84215391, 0.6931206 , 0.50316095, 0.76937759, 0.35487026,
       0.91597408, 0.88362628, 0.50772321]), array([0.68256611, 0.77540869, 0.80895919, 0.7427237 , 0.81873655,
       0.5386349 , 0.61868107, 0.80801713]), array([0.31155866, 0.22035395, 0.18601619, 0.25339469, 0.17577663,
       0.45194951, 0.37380648, 0.18697773]), array([0.16659538, 0.31684485, 0.50648856, 0.2395982 , 0.65278792,
       0.09108132, 0.12450992, 0.501966  ]))","['DeepSeekQwen (32B)', 'EurusPRMStage2_avg_scores (7.62B)', 'QwenPRM_min_scores (7.63B)', 'GPM (8B)', 'Qwen72B_scores (72B)', 'QwenPRM_max_scores (7.63B)', 'DeepSeekLlama (70B)', 'QwenPRM_avg_scores (7.63B)']","[0.9998469491455174, 0.9996125510486614, 0.9993391113427557, 0.9993313556787133, 0.9998469491455174, 0.9998469491455174, 0.9466608879664208, 0.9983282576910243, 0.992733719535749, 0.9993391113427557, 0.9996125510486614, 0.9782322879448585, 0.9998469491455174, 0.9466608879664208, 0.9998469491455174, 0.9985613250400391, 0.9654734247706841, 0.9998469491455174, 0.9466608879664208, 0.9996125510486614, 0.9983086595288196, 0.9996125510486614, 0.8268299769161617, 0.9782322879448585, 0.9581070484593951, 0.9985613250400391, 0.992733719535749, 0.992733719535749, 0.9993391113427557, 0.9466608879664208, 0.9680132996009523, 0.9998469491455174, 0.9998469491455174, 0.9581070484593951, 0.9996125510486614, 0.9985613250400391, 0.9993391113427557, 0.9985613250400391, 0.9996125510486614, 0.9998469491455174, 0.9983282576910243, 0.996365145537997, 0.9971176598270473, 0.9996125510486614, 0.9996125510486614, 0.9466608879664208, 0.9983282576910243, 0.9844836281622147, 0.996365145537997, 0.6534585947657102, 0.9998469491455174, 0.996365145537997, 0.9983282576910243, 0.9985613250400391, 0.9807104760674921, 0.9983282576910243, 0.9998469491455174, 0.9993313556787133, 0.9983086595288196, 0.9871260803866049, 0.9998469491455174, 0.9844836281622147, 0.9996125510486614, 0.9971176598270473, 0.9996125510486614, 0.992733719535749, 0.9466608879664208, 0.993814052112889, 0.9993313556787133, 0.996365145537997, 0.9871260803866049, 0.9983282576910243, 0.9782322879448585, 0.9996125510486614, 0.9998469491455174, 0.993814052112889, 0.9998469491455174, 0.9983282576910243, 0.9983086595288196, 0.9998469491455174, 0.9782322879448585, 0.9998469491455174, 0.9871260803866049, 0.9844836281622147, 0.9993391113427557, 0.9983282576910243, 0.9872736032254924, 0.9466608879664208, 0.1179385310913096, 0.9466608879664208, 0.9872736032254924, 0.9993313556787133, 0.9948757952462264, 0.9466608879664208, 0.993814052112889, 0.8906696965342954, 0.9988230371705322, 0.9844836281622147, 0.9466608879664208, 0.9844836281622147]",48,train,9
0.56,1,55,44,0,100,51,0,1,0,0,0,1,51,1,0,0,0,1,0,"(array([0.84215391, 0.6931206 , 0.50316095, 0.76937759, 0.35487026,
       0.91597408, 0.88362628, 0.50772321]), array([0.68256611, 0.77540869, 0.80895919, 0.7427237 , 0.81873655,
       0.5386349 , 0.61868107, 0.80801713]), array([0.31155866, 0.22035395, 0.18601619, 0.25339469, 0.17577663,
       0.45194951, 0.37380648, 0.18697773]), array([0.16659538, 0.31684485, 0.50648856, 0.2395982 , 0.65278792,
       0.09108132, 0.12450992, 0.501966  ]))","['DeepSeekQwen (32B)', 'EurusPRMStage2_avg_scores (7.62B)', 'QwenPRM_min_scores (7.63B)', 'GPM (8B)', 'Qwen72B_scores (72B)', 'QwenPRM_max_scores (7.63B)', 'DeepSeekLlama (70B)', 'QwenPRM_avg_scores (7.63B)']","[0.1383307721055558, 0.996365145537997, 0.2115226845930494, 0.1383307721055558, 0.21491165797536935, 0.7627709067368467, 0.059586402463386465, 0.058935557613589096, 0.21491165797536935, 0.32784555742865895, 0.21491165797536935, 0.567229715469185, 0.8437924440680393, 0.567229715469185, 0.14549388830343796, 0.42383095885808647, 0.059586402463386465, 0.01428876062778934, 0.42668439145347625, 0.1383307721055558, 0.0132172571253816, 0.6534585947657102, 0.6534585947657102, 0.059586402463386465, 0.14549388830343796, 0.8513912946459381, 0.751960770800218, 0.1383307721055558, 0.21491165797536935, 0.14549388830343796, 0.751960770800218, 0.9611670194421109, 0.751960770800218, 0.9680132996009523, 0.14549388830343796, 0.14549388830343796, 0.6157634799755194, 0.8022874802883211, 0.7481735953132531, 0.2115226845930494, 0.14549388830343796, 0.41235801917602405, 0.5969008020051405, 0.8437924440680393, 0.9466608879664208, 0.9680132996009523, 0.14549388830343796, 0.058935557613589096, 0.058935557613589096, 0.8685008602508026, 0.41235801917602405, 0.9970251787211155, 0.40465583095715973, 0.01428876062778934, 0.058935557613589096, 0.9661405583424376, 0.8918013660822919, 0.41235801917602405, 0.1383307721055558, 0.9661405583424376, 0.7627709067368467, 0.21491165797536935, 0.8750757003940338, 0.14549388830343796, 0.6157634799755194, 0.751960770800218, 0.751960770800218, 0.9589104598696505, 0.058935557613589096, 0.7627709067368467, 0.42383095885808647, 0.42383095885808647, 0.6157634799755194, 0.005197999796068696, 0.35260476790401535, 0.058935557613589096, 0.21491165797536935, 0.8499081025720336, 0.01428876062778934, 0.6157634799755194, 0.9726842978340645, 0.7203956493620088, 0.6157634799755194, 0.32784555742865895, 0.01428876062778934, 0.8906696965342954, 0.058935557613589096, 0.42668439145347625, 0.1383307721055558, 0.6737456739434379, 0.058935557613589096, 0.3735778303362609, 0.992733719535749, 0.7627709067368467, 0.058935557613589096, 0.751960770800218, 0.01428876062778934, 0.751960770800218, 0.6157634799755194, 0.14549388830343796]",49,train,0
