sample_accuracy,sample_tp,sample_tn,sample_fp,sample_fn,num_samples,top1_idx,top1_positive,has_positive,top1_tp,top1_fp,top1_tn,top1_fn,prediction_idx,prediction_class,prediction_accuracy,prediction_tp,prediction_tn,prediction_fp,prediction_fn,model_params,verifier_subset,weaver_sample_scores,problem,set,difficulty
0.96,96,0,0,4,100,12,1,1,1,0,0,0,12,1,1,1,0,0,0,"(array([0.4842608 , 0.78537959, 0.69591141, 0.95471394, 0.86651713,
       0.31664634, 0.61104804, 0.20421523, 0.24129789, 0.91774744,
       0.91476518]), array([0.81229675, 0.73510861, 0.77405161, 0.52456635, 0.675143  ,
       0.83322155, 0.7761569 , 0.84907001, 0.84833074, 0.58853304,
       0.60889697]), array([0.18406767, 0.26189566, 0.22273631, 0.4670378 , 0.31986395,
       0.16290057, 0.22058889, 0.14691298, 0.14767213, 0.40455851,
       0.38451594]), array([0.52742267, 0.22597538, 0.31609204, 0.05591486, 0.14502594,
       0.69363707, 0.40091789, 0.80461591, 0.7680335 , 0.09335384,
       0.0965331 ]))","['QwenPRM_avg_scores (7.63B)', 'GPM (8B)', 'EurusPRMStage2_avg_scores (7.62B)', 'QwenPRM_max_scores (7.63B)', 'DeepSeekQwen (32B)', 'Qwen72B_scores (72B)', 'EurusPRMStage1_min_scores (7.62B)', 'ArmorRM (8B)', 'Skyworks (8B)', 'SkyT1 (32B)', 'DeepSeekLlama (70B)']","[0.9689712252788395, 0.9993692516506245, 0.9435235071168018, 0.9689712252788395, 0.999698503075321, 0.9992201523013549, 0.9689712252788395, 0.9982107268746903, 0.9689712252788395, 0.7619693298746574, 0.7532432568312738, 0.9786355410735843, 0.9999175149929194, 0.9982107268746903, 0.9931772051837354, 0.9940641580997277, 0.9940641580997277, 0.9982107268746903, 0.9924439248149891, 0.9607719739404093, 0.14304370962491883, 0.9982107268746903, 0.917764032527004, 0.9924439248149891, 0.9940641580997277, 0.9957029722107007, 0.9689712252788395, 0.9689712252788395, 0.9985284648866826, 0.8380494202061093, 0.9989681220167042, 0.11435368269525453, 0.9689712252788395, 0.9689712252788395, 0.9689712252788395, 0.6377769257858874, 0.6858865261209656, 0.0011813697692475535, 0.9607719739404093, 0.9958320686768302, 0.9940641580997277, 0.9900238253137609, 0.9958320686768302, 0.9786355410735843, 0.7123288914966642, 0.9607719739404093, 0.6195353476043246, 0.6195353476043246, 0.9924439248149891, 0.9931772051837354, 0.7123288914966642, 0.9958320686768302, 0.9959456548333111, 0.9958320686768302, 0.8819995288441159, 0.9618043844487361, 0.9689712252788395, 0.9958320686768302, 0.9449546594157953, 0.14304370962491883, 0.9958320686768302, 0.9998074217496087, 0.9689712252788395, 0.7619693298746574, 0.9689712252788395, 0.9607719739404093, 0.9864712356535609, 0.7123288914966642, 0.9805753954348351, 0.9957029722107007, 0.9284214549541341, 0.7619693298746574, 0.9958320686768302, 0.704888651189136, 0.9958320686768302, 0.9940641580997277, 0.99812449909308, 0.9864712356535609, 0.9958320686768302, 0.6858865261209656, 0.9689712252788395, 0.9992201523013549, 0.9940641580997277, 0.9689712252788395, 0.6858865261209656, 0.99812449909308, 0.9982107268746903, 0.9987794904257052, 0.9996658638743201, 0.9689712252788395, 0.9689712252788395, 0.9982107268746903, 0.9959456548333111, 0.9689712252788395, 0.6195353476043246, 0.9689712252788395, 0.99812449909308, 0.9689712252788395, 0.8244246424511621, 0.9958320686768302]",0,train,9
0.99,99,0,0,1,100,88,1,1,1,0,0,0,88,1,1,1,0,0,0,"(array([0.4842608 , 0.78537959, 0.69591141, 0.95471394, 0.86651713,
       0.31664634, 0.61104804, 0.20421523, 0.24129789, 0.91774744,
       0.91476518]), array([0.81229675, 0.73510861, 0.77405161, 0.52456635, 0.675143  ,
       0.83322155, 0.7761569 , 0.84907001, 0.84833074, 0.58853304,
       0.60889697]), array([0.18406767, 0.26189566, 0.22273631, 0.4670378 , 0.31986395,
       0.16290057, 0.22058889, 0.14691298, 0.14767213, 0.40455851,
       0.38451594]), array([0.52742267, 0.22597538, 0.31609204, 0.05591486, 0.14502594,
       0.69363707, 0.40091789, 0.80461591, 0.7680335 , 0.09335384,
       0.0965331 ]))","['QwenPRM_avg_scores (7.63B)', 'GPM (8B)', 'EurusPRMStage2_avg_scores (7.62B)', 'QwenPRM_max_scores (7.63B)', 'DeepSeekQwen (32B)', 'Qwen72B_scores (72B)', 'EurusPRMStage1_min_scores (7.62B)', 'ArmorRM (8B)', 'Skyworks (8B)', 'SkyT1 (32B)', 'DeepSeekLlama (70B)']","[0.99812449909308, 0.9992201523013549, 0.9449546594157953, 0.9998074217496087, 0.9989681220167042, 0.9982596021643145, 0.9864712356535609, 0.9992201523013549, 0.9998074217496087, 0.9999175149929194, 0.8819995288441159, 0.9957029722107007, 0.9900238253137609, 0.9864712356535609, 0.9998074217496087, 0.9998074217496087, 0.9756595910656567, 0.9998687041424302, 0.9900238253137609, 0.99464105173738, 0.9989681220167042, 0.9940641580997277, 0.9959456548333111, 0.9999175149929194, 0.9921588954184459, 0.9449546594157953, 0.9974491868316757, 0.9998687041424302, 0.9998074217496087, 0.9998687041424302, 0.9900238253137609, 0.9921588954184459, 0.9992962990068426, 0.9998074217496087, 0.9940641580997277, 0.9900238253137609, 0.9931772051837354, 0.9689712252788395, 0.9998074217496087, 0.9998074217496087, 0.9958320686768302, 0.9989681220167042, 0.9992201523013549, 0.9995578144003865, 0.9989681220167042, 0.9992962990068426, 0.9924439248149891, 0.9989681220167042, 0.9963196927845032, 0.9998687041424302, 0.8819995288441159, 0.9948363226819932, 0.21002256333232974, 0.99812449909308, 0.9974491868316757, 0.9998074217496087, 0.9998074217496087, 0.9998074217496087, 0.9982107268746903, 0.9989681220167042, 0.9989681220167042, 0.9607719739404093, 0.9989681220167042, 0.9900238253137609, 0.9689712252788395, 0.9989681220167042, 0.9900238253137609, 0.9985284648866826, 0.9924439248149891, 0.9989681220167042, 0.9989681220167042, 0.9998074217496087, 0.9213209003206595, 0.9989963293121484, 0.99812449909308, 0.9998074217496087, 0.9989681220167042, 0.9998074217496087, 0.9998074217496087, 0.9992201523013549, 0.9998074217496087, 0.9992201523013549, 0.9992962990068426, 0.9989681220167042, 0.9998074217496087, 0.9921588954184459, 0.99812449909308, 0.99812449909308, 0.9999437654031859, 0.9299678009948686, 0.5455279682577622, 0.9998074217496087, 0.8236864937871503, 0.99812449909308, 0.9689712252788395, 0.9998687041424302, 0.9989681220167042, 0.9985284648866826, 0.9985284648866826, 0.9958320686768302]",1,train,9
0.97,97,0,0,3,100,6,1,1,1,0,0,0,6,1,1,1,0,0,0,"(array([0.4842608 , 0.78537959, 0.69591141, 0.95471394, 0.86651713,
       0.31664634, 0.61104804, 0.20421523, 0.24129789, 0.91774744,
       0.91476518]), array([0.81229675, 0.73510861, 0.77405161, 0.52456635, 0.675143  ,
       0.83322155, 0.7761569 , 0.84907001, 0.84833074, 0.58853304,
       0.60889697]), array([0.18406767, 0.26189566, 0.22273631, 0.4670378 , 0.31986395,
       0.16290057, 0.22058889, 0.14691298, 0.14767213, 0.40455851,
       0.38451594]), array([0.52742267, 0.22597538, 0.31609204, 0.05591486, 0.14502594,
       0.69363707, 0.40091789, 0.80461591, 0.7680335 , 0.09335384,
       0.0965331 ]))","['QwenPRM_avg_scores (7.63B)', 'GPM (8B)', 'EurusPRMStage2_avg_scores (7.62B)', 'QwenPRM_max_scores (7.63B)', 'DeepSeekQwen (32B)', 'Qwen72B_scores (72B)', 'EurusPRMStage1_min_scores (7.62B)', 'ArmorRM (8B)', 'Skyworks (8B)', 'SkyT1 (32B)', 'DeepSeekLlama (70B)']","[0.9607719739404093, 0.8244246424511621, 0.9996658638743201, 0.982814287187736, 0.9889615381576459, 0.9992201523013549, 0.999814839566539, 0.9924439248149891, 0.9992201523013549, 0.9992201523013549, 0.4814666981679841, 0.999007836282382, 0.7619693298746574, 0.9974880543957518, 0.9992201523013549, 0.9996658638743201, 0.9924481362130905, 0.4814666981679841, 0.9924439248149891, 0.9995677640429822, 0.9992201523013549, 0.9748132424514325, 0.999814839566539, 0.9689712252788395, 0.9992201523013549, 0.9996658638743201, 0.9996658638743201, 0.8766056272208299, 0.9992201523013549, 0.9852534290790584, 0.9992201523013549, 0.9974491868316757, 0.6858865261209656, 0.9992201523013549, 0.9992201523013549, 0.9982107268746903, 0.9996658638743201, 0.996749902014427, 0.9940641580997277, 0.9991959127576603, 0.9996658638743201, 0.9974491868316757, 0.9689712252788395, 0.9607719739404093, 0.9982107268746903, 0.9992201523013549, 0.9992201523013549, 0.9940641580997277, 0.9924439248149891, 0.999814839566539, 0.9982107268746903, 0.9996504266347962, 0.9996658638743201, 0.9940641580997277, 0.999814839566539, 0.9958320686768302, 0.9958320686768302, 0.6296824298496954, 0.9996658638743201, 0.9958320686768302, 0.9689712252788395, 0.9992201523013549, 0.9958320686768302, 0.9992201523013549, 0.9974491868316757, 0.9996658638743201, 0.9957992953483049, 0.9992201523013549, 0.9689712252788395, 0.9952425083366081, 0.9996658638743201, 0.9689712252788395, 0.14758865798986118, 0.9996658638743201, 0.8974653092336954, 0.996749902014427, 0.645652107690224, 0.6858865261209656, 0.9992201523013549, 0.9996658638743201, 0.9924439248149891, 0.9958320686768302, 0.9992201523013549, 0.9992201523013549, 0.9985284648866826, 0.9996658638743201, 0.9940641580997277, 0.9864712356535609, 0.6601017364719609, 0.9251555550231596, 0.9213209003206595, 0.9750056365223174, 0.9996658638743201, 0.7999496593893828, 0.9996658638743201, 0.9996658638743201, 0.9924439248149891, 0.9974491868316757, 0.9607719739404093, 0.9982107268746903]",2,train,9
1.0,100,0,0,0,100,65,1,1,1,0,0,0,65,1,1,1,0,0,0,"(array([0.4842608 , 0.78537959, 0.69591141, 0.95471394, 0.86651713,
       0.31664634, 0.61104804, 0.20421523, 0.24129789, 0.91774744,
       0.91476518]), array([0.81229675, 0.73510861, 0.77405161, 0.52456635, 0.675143  ,
       0.83322155, 0.7761569 , 0.84907001, 0.84833074, 0.58853304,
       0.60889697]), array([0.18406767, 0.26189566, 0.22273631, 0.4670378 , 0.31986395,
       0.16290057, 0.22058889, 0.14691298, 0.14767213, 0.40455851,
       0.38451594]), array([0.52742267, 0.22597538, 0.31609204, 0.05591486, 0.14502594,
       0.69363707, 0.40091789, 0.80461591, 0.7680335 , 0.09335384,
       0.0965331 ]))","['QwenPRM_avg_scores (7.63B)', 'GPM (8B)', 'EurusPRMStage2_avg_scores (7.62B)', 'QwenPRM_max_scores (7.63B)', 'DeepSeekQwen (32B)', 'Qwen72B_scores (72B)', 'EurusPRMStage1_min_scores (7.62B)', 'ArmorRM (8B)', 'Skyworks (8B)', 'SkyT1 (32B)', 'DeepSeekLlama (70B)']","[0.9989681220167042, 0.9989681220167042, 0.9989681220167042, 0.9998074217496087, 0.99812449909308, 0.9900238253137609, 0.99812449909308, 0.9989681220167042, 0.9958320686768302, 0.9998074217496087, 0.9989681220167042, 0.9900238253137609, 0.9998074217496087, 0.9998074217496087, 0.9998074217496087, 0.9900238253137609, 0.9921588954184459, 0.9989681220167042, 0.9900238253137609, 0.9805753954348351, 0.9998074217496087, 0.9805753954348351, 0.9998074217496087, 0.9992962990068426, 0.9998074217496087, 0.9900238253137609, 0.99464105173738, 0.9989681220167042, 0.9989681220167042, 0.9607719739404093, 0.9900238253137609, 0.9998074217496087, 0.99812449909308, 0.9989681220167042, 0.99812449909308, 0.9900238253137609, 0.9998074217496087, 0.9989681220167042, 0.99812449909308, 0.9900238253137609, 0.9989681220167042, 0.9900238253137609, 0.9940641580997277, 0.99812449909308, 0.99812449909308, 0.99812449909308, 0.9998074217496087, 0.9989681220167042, 0.9995578144003865, 0.9998074217496087, 0.9998074217496087, 0.9989681220167042, 0.99812449909308, 0.9998074217496087, 0.9989681220167042, 0.9998074217496087, 0.9998074217496087, 0.9989681220167042, 0.9998074217496087, 0.9989681220167042, 0.9900238253137609, 0.9989681220167042, 0.9989681220167042, 0.9992201523013549, 0.9998074217496087, 0.9998687041424302, 0.9998074217496087, 0.9989681220167042, 0.9989681220167042, 0.9900238253137609, 0.9998074217496087, 0.9989681220167042, 0.9998074217496087, 0.9900238253137609, 0.9992201523013549, 0.9989681220167042, 0.9989681220167042, 0.9998074217496087, 0.9998074217496087, 0.9931772051837354, 0.9958320686768302, 0.9998074217496087, 0.9998074217496087, 0.99812449909308, 0.9992201523013549, 0.99812449909308, 0.965218162124911, 0.9989681220167042, 0.9989681220167042, 0.99812449909308, 0.9998074217496087, 0.9958320686768302, 0.9921588954184459, 0.9921588954184459, 0.9985284648866826, 0.9998074217496087, 0.8683856792279647, 0.9985284648866826, 0.965218162124911, 0.9989681220167042]",3,train,9
0.92,41,51,2,6,100,1,1,1,1,0,0,0,22,0,1,0,1,0,0,"(array([0.4842608 , 0.78537959, 0.69591141, 0.95471394, 0.86651713,
       0.31664634, 0.61104804, 0.20421523, 0.24129789, 0.91774744,
       0.91476518]), array([0.81229675, 0.73510861, 0.77405161, 0.52456635, 0.675143  ,
       0.83322155, 0.7761569 , 0.84907001, 0.84833074, 0.58853304,
       0.60889697]), array([0.18406767, 0.26189566, 0.22273631, 0.4670378 , 0.31986395,
       0.16290057, 0.22058889, 0.14691298, 0.14767213, 0.40455851,
       0.38451594]), array([0.52742267, 0.22597538, 0.31609204, 0.05591486, 0.14502594,
       0.69363707, 0.40091789, 0.80461591, 0.7680335 , 0.09335384,
       0.0965331 ]))","['QwenPRM_avg_scores (7.63B)', 'GPM (8B)', 'EurusPRMStage2_avg_scores (7.62B)', 'QwenPRM_max_scores (7.63B)', 'DeepSeekQwen (32B)', 'Qwen72B_scores (72B)', 'EurusPRMStage1_min_scores (7.62B)', 'ArmorRM (8B)', 'Skyworks (8B)', 'SkyT1 (32B)', 'DeepSeekLlama (70B)']","[0.017439001022665317, 0.9998074217496087, 0.9498631079940475, 0.2024435935824228, 0.9989681220167042, 0.9689712252788395, 0.10222111511659389, 0.0006012916971596231, 0.10222111511659389, 0.011406662210014629, 0.04618077263652076, 0.6754357648584021, 0.008947586576676764, 0.011406662210014629, 0.9924439248149891, 0.6195353476043246, 0.00048491181131383185, 0.9998074217496087, 0.9958320686768302, 0.011406662210014629, 0.9607719739404093, 0.011406662210014629, 6.167056917929335e-05, 0.011406662210014629, 0.011406662210014629, 0.011406662210014629, 0.9958320686768302, 0.011406662210014629, 6.167056917929335e-05, 0.016633934413660737, 0.9924439248149891, 0.8429551573914562, 0.9902533166312844, 0.26092718775505136, 0.9998074217496087, 0.9992201523013549, 0.9607719739404093, 0.011406662210014629, 0.011406662210014629, 0.0006012916971596231, 0.6858865261209656, 0.9958320686768302, 0.9900238253137609, 0.003216127532180629, 0.9854424420392667, 0.011406662210014629, 0.008531120156250757, 0.9958320686768302, 0.9940641580997277, 0.9689712252788395, 0.006302880683025754, 0.011406662210014629, 0.3213066081019536, 0.011406662210014629, 0.9958320686768302, 0.011406662210014629, 0.0582710266294641, 0.9607719739404093, 0.6195353476043246, 0.14758865798986118, 0.0006012916971596231, 0.7123288914966642, 0.011406662210014629, 0.9958320686768302, 0.9958320686768302, 0.9852534290790584, 0.013070085549600255, 0.99812449909308, 0.4694753838500919, 0.011406662210014629, 0.0006012916971596231, 0.0011813697692475535, 0.0006012916971596231, 0.7123288914966642, 0.9958320686768302, 0.9689712252788395, 0.9958320686768302, 0.4814666981679841, 0.08111846521543177, 0.4694753838500919, 0.9958320686768302, 0.14164140052785326, 0.0582710266294641, 0.9998074217496087, 6.167056917929335e-05, 0.011406662210014629, 0.4694753838500919, 0.9992201523013549, 0.14164140052785326, 0.011406662210014629, 0.0006012916971596231, 0.0582710266294641, 0.9435235071168018, 0.18289502006061525, 0.9449546594157953, 0.9992201523013549, 0.5608474794842632, 0.006302880683025754, 6.167056917929335e-05, 0.011406662210014629]",4,train,4
0.87,84,3,13,0,100,59,1,1,1,0,0,0,59,1,1,1,0,0,0,"(array([0.4842608 , 0.78537959, 0.69591141, 0.95471394, 0.86651713,
       0.31664634, 0.61104804, 0.20421523, 0.24129789, 0.91774744,
       0.91476518]), array([0.81229675, 0.73510861, 0.77405161, 0.52456635, 0.675143  ,
       0.83322155, 0.7761569 , 0.84907001, 0.84833074, 0.58853304,
       0.60889697]), array([0.18406767, 0.26189566, 0.22273631, 0.4670378 , 0.31986395,
       0.16290057, 0.22058889, 0.14691298, 0.14767213, 0.40455851,
       0.38451594]), array([0.52742267, 0.22597538, 0.31609204, 0.05591486, 0.14502594,
       0.69363707, 0.40091789, 0.80461591, 0.7680335 , 0.09335384,
       0.0965331 ]))","['QwenPRM_avg_scores (7.63B)', 'GPM (8B)', 'EurusPRMStage2_avg_scores (7.62B)', 'QwenPRM_max_scores (7.63B)', 'DeepSeekQwen (32B)', 'Qwen72B_scores (72B)', 'EurusPRMStage1_min_scores (7.62B)', 'ArmorRM (8B)', 'Skyworks (8B)', 'SkyT1 (32B)', 'DeepSeekLlama (70B)']","[0.9998074217496087, 0.9966267501059514, 0.9852534290790584, 0.9992201523013549, 0.9864712356535609, 0.9982596021643145, 0.9924439248149891, 0.9992201523013549, 0.9907370508707435, 0.9689712252788395, 0.9864712356535609, 0.9532492256055151, 0.9992201523013549, 0.9864712356535609, 0.9992201523013549, 0.9299678009948686, 0.9940641580997277, 0.9864712356535609, 0.8360263007671278, 0.8293277982483112, 0.9991959127576603, 0.9532492256055151, 0.9299678009948686, 0.7917609164121655, 0.9532492256055151, 0.9974491868316757, 0.9864712356535609, 0.9974491868316757, 0.7123288914966642, 0.9974491868316757, 0.9864712356535609, 0.8465202283718727, 0.9998687041424302, 0.27131112429098164, 0.7540523417164224, 0.9864712356535609, 0.9689712252788395, 0.9940641580997277, 0.9974491868316757, 0.9607719739404093, 0.9924439248149891, 0.9689712252788395, 0.9864712356535609, 0.9940641580997277, 0.9449546594157953, 0.9998074217496087, 0.9958320686768302, 0.9299678009948686, 0.9998074217496087, 0.9931772051837354, 0.9940641580997277, 0.8465202283718727, 0.9987206370913099, 0.9989681220167042, 0.9989681220167042, 0.9689712252788395, 0.8465202283718727, 0.9940641580997277, 0.9998074217496087, 0.9999175149929194, 0.9992201523013549, 0.9940641580997277, 0.9974491868316757, 0.99812449909308, 0.8899936217458121, 0.9974491868316757, 0.9687561681379507, 0.9974491868316757, 0.2024435935824228, 0.9998074217496087, 0.9864712356535609, 0.9974491868316757, 0.9998074217496087, 0.9864712356535609, 0.9864712356535609, 0.9998074217496087, 0.7619693298746574, 0.9921588954184459, 0.9998687041424302, 0.9992201523013549, 0.576490200804567, 0.9689712252788395, 0.9974491868316757, 0.9992962990068426, 0.7619693298746574, 0.8972512684634638, 0.9974491868316757, 0.06627546143954444, 0.9940641580997277, 0.9864712356535609, 0.9998687041424302, 0.9974491868316757, 0.99464105173738, 0.9940641580997277, 0.9940641580997277, 0.985827296503856, 0.9123938520391015, 0.9689712252788395, 0.8819995288441159, 0.9864712356535609]",5,train,8
0.73,28,45,27,0,100,9,1,1,1,0,0,0,9,1,1,1,0,0,0,"(array([0.4842608 , 0.78537959, 0.69591141, 0.95471394, 0.86651713,
       0.31664634, 0.61104804, 0.20421523, 0.24129789, 0.91774744,
       0.91476518]), array([0.81229675, 0.73510861, 0.77405161, 0.52456635, 0.675143  ,
       0.83322155, 0.7761569 , 0.84907001, 0.84833074, 0.58853304,
       0.60889697]), array([0.18406767, 0.26189566, 0.22273631, 0.4670378 , 0.31986395,
       0.16290057, 0.22058889, 0.14691298, 0.14767213, 0.40455851,
       0.38451594]), array([0.52742267, 0.22597538, 0.31609204, 0.05591486, 0.14502594,
       0.69363707, 0.40091789, 0.80461591, 0.7680335 , 0.09335384,
       0.0965331 ]))","['QwenPRM_avg_scores (7.63B)', 'GPM (8B)', 'EurusPRMStage2_avg_scores (7.62B)', 'QwenPRM_max_scores (7.63B)', 'DeepSeekQwen (32B)', 'Qwen72B_scores (72B)', 'EurusPRMStage1_min_scores (7.62B)', 'ArmorRM (8B)', 'Skyworks (8B)', 'SkyT1 (32B)', 'DeepSeekLlama (70B)']","[0.11743442326917591, 0.5580163666096215, 0.7123288914966642, 0.14164140052785326, 0.011406662210014629, 0.14164140052785326, 0.14164140052785326, 0.9999175149929194, 0.04410841442157144, 0.9999542963346586, 0.9998074217496087, 0.7123288914966642, 0.061767062285864274, 0.14164140052785326, 0.09789205000301877, 0.9864712356535609, 0.14164140052785326, 0.4694753838500919, 0.9689712252788395, 0.017439001022665317, 0.9991959127576603, 0.11435368269525453, 0.993334644720031, 0.9940641580997277, 0.917764032527004, 0.9938806393034116, 0.9998687041424302, 0.19487914214135177, 0.9995578144003865, 0.9995578144003865, 0.14164140052785326, 0.9996658638743201, 0.9906179189206851, 0.7841188393114793, 0.9999175149929194, 0.14164140052785326, 0.11435368269525453, 0.2024435935824228, 0.9920790925494203, 0.9864712356535609, 0.14164140052785326, 0.9299678009948686, 0.9689712252788395, 0.14758865798986118, 0.9786355410735843, 0.016633934413660737, 0.14164140052785326, 0.0075305296181191, 0.9756729279483431, 0.9993692516506245, 0.9511680279141996, 0.8972512684634638, 0.14164140052785326, 0.7123288914966642, 0.9996658638743201, 0.6754357648584021, 0.14164140052785326, 0.999814839566539, 0.12702894394702083, 0.9996658638743201, 0.013070085549600255, 0.016633934413660737, 0.14304370962491883, 0.7123288914966642, 0.14758865798986118, 0.9689712252788395, 0.017439001022665317, 0.917764032527004, 0.9995578144003865, 0.9996658638743201, 0.4814666981679841, 0.14164140052785326, 0.7841188393114793, 0.012464150193214622, 0.14164140052785326, 0.7123288914966642, 0.14164140052785326, 0.9998074217496087, 0.14164140052785326, 0.4694753838500919, 0.925698356925509, 0.9996658638743201, 0.7123288914966642, 0.14164140052785326, 0.9605024051111358, 0.9989681220167042, 0.9999175149929194, 0.9817537058996947, 0.11435368269525453, 0.011406662210014629, 0.9299678009948686, 0.40913349828494444, 0.14164140052785326, 0.3141870455018796, 0.9957029722107007, 0.7123288914966642, 0.9975767448827166, 0.6754357648584021, 0.7123288914966642, 0.011406662210014629]",6,train,2
0.98,98,0,0,2,100,13,1,1,1,0,0,0,13,1,1,1,0,0,0,"(array([0.4842608 , 0.78537959, 0.69591141, 0.95471394, 0.86651713,
       0.31664634, 0.61104804, 0.20421523, 0.24129789, 0.91774744,
       0.91476518]), array([0.81229675, 0.73510861, 0.77405161, 0.52456635, 0.675143  ,
       0.83322155, 0.7761569 , 0.84907001, 0.84833074, 0.58853304,
       0.60889697]), array([0.18406767, 0.26189566, 0.22273631, 0.4670378 , 0.31986395,
       0.16290057, 0.22058889, 0.14691298, 0.14767213, 0.40455851,
       0.38451594]), array([0.52742267, 0.22597538, 0.31609204, 0.05591486, 0.14502594,
       0.69363707, 0.40091789, 0.80461591, 0.7680335 , 0.09335384,
       0.0965331 ]))","['QwenPRM_avg_scores (7.63B)', 'GPM (8B)', 'EurusPRMStage2_avg_scores (7.62B)', 'QwenPRM_max_scores (7.63B)', 'DeepSeekQwen (32B)', 'Qwen72B_scores (72B)', 'EurusPRMStage1_min_scores (7.62B)', 'ArmorRM (8B)', 'Skyworks (8B)', 'SkyT1 (32B)', 'DeepSeekLlama (70B)']","[0.9998074217496087, 0.9996658638743201, 0.9996658638743201, 0.9992201523013549, 0.9982107268746903, 0.9996658638743201, 0.9982107268746903, 0.996749902014427, 0.9956490259779673, 0.9936307532638827, 0.9940641580997277, 0.9992201523013549, 0.9996658638743201, 0.9999175149929194, 0.9948363226819932, 0.9999175149929194, 0.9910544263914546, 0.9756595910656567, 0.9999175149929194, 0.9982107268746903, 0.9996658638743201, 0.9952425083366081, 0.9999175149929194, 0.9996658638743201, 0.9985284648866826, 0.2804479865226813, 0.9982107268746903, 0.9756595910656567, 0.9999175149929194, 0.9995578144003865, 0.9999175149929194, 0.9958023746926651, 0.9991959127576603, 0.9996658638743201, 0.9852534290790584, 0.9992201523013549, 0.9999175149929194, 0.9999175149929194, 0.9996658638743201, 0.9996658638743201, 0.9160248386367282, 0.9996658638743201, 0.9390466444511797, 0.996749902014427, 0.9999175149929194, 0.9957029722107007, 0.9989681220167042, 0.9864712356535609, 0.9996658638743201, 0.9974491868316757, 0.9996658638743201, 0.9982107268746903, 0.9999175149929194, 0.9992201523013549, 0.982814287187736, 0.9607719739404093, 0.9996658638743201, 0.9411478178214264, 0.9936307532638827, 0.9996658638743201, 0.9999175149929194, 0.9982107268746903, 0.996749902014427, 0.9996658638743201, 0.9999175149929194, 0.9982107268746903, 0.9963196927845032, 0.9996658638743201, 0.9991959127576603, 0.982814287187736, 0.9924439248149891, 0.9996658638743201, 0.9848016731949736, 0.9982107268746903, 0.9996658638743201, 0.9957029722107007, 0.9991959127576603, 0.9996658638743201, 0.9982107268746903, 0.9998074217496087, 0.9991959127576603, 0.9999175149929194, 0.9957029722107007, 0.996749902014427, 0.9999175149929194, 0.982814287187736, 0.9982107268746903, 0.9996658638743201, 0.2804479865226813, 0.9992201523013549, 0.9996658638743201, 0.9966267501059514, 0.9991959127576603, 0.9996658638743201, 0.9974491868316757, 0.9991959127576603, 0.9750056365223174, 0.9940641580997277, 0.9449546594157953, 0.9996658638743201]",7,train,9
1.0,100,0,0,0,100,22,1,1,1,0,0,0,22,1,1,1,0,0,0,"(array([0.4842608 , 0.78537959, 0.69591141, 0.95471394, 0.86651713,
       0.31664634, 0.61104804, 0.20421523, 0.24129789, 0.91774744,
       0.91476518]), array([0.81229675, 0.73510861, 0.77405161, 0.52456635, 0.675143  ,
       0.83322155, 0.7761569 , 0.84907001, 0.84833074, 0.58853304,
       0.60889697]), array([0.18406767, 0.26189566, 0.22273631, 0.4670378 , 0.31986395,
       0.16290057, 0.22058889, 0.14691298, 0.14767213, 0.40455851,
       0.38451594]), array([0.52742267, 0.22597538, 0.31609204, 0.05591486, 0.14502594,
       0.69363707, 0.40091789, 0.80461591, 0.7680335 , 0.09335384,
       0.0965331 ]))","['QwenPRM_avg_scores (7.63B)', 'GPM (8B)', 'EurusPRMStage2_avg_scores (7.62B)', 'QwenPRM_max_scores (7.63B)', 'DeepSeekQwen (32B)', 'Qwen72B_scores (72B)', 'EurusPRMStage1_min_scores (7.62B)', 'ArmorRM (8B)', 'Skyworks (8B)', 'SkyT1 (32B)', 'DeepSeekLlama (70B)']","[0.9976863986013396, 0.9940641580997277, 0.9999272494145367, 0.9940641580997277, 0.9998932901340063, 0.9998074217496087, 0.9974491868316757, 0.9976863986013396, 0.9999175149929194, 0.9976146001079947, 0.9997549524975378, 0.9995578144003865, 0.9689712252788395, 0.9974491868316757, 0.9915216906188277, 0.9997549524975378, 0.9958320686768302, 0.9997549524975378, 0.9974491868316757, 0.9889615381576459, 0.9940641580997277, 0.9976146001079947, 0.9999542963346586, 0.9618043844487361, 0.9974491868316757, 0.9992201523013549, 0.7619693298746574, 0.9864712356535609, 0.9944478593897712, 0.9999542963346586, 0.9997549524975378, 0.9998932901340063, 0.9864712356535609, 0.9992201523013549, 0.9936637463240391, 0.9997549524975378, 0.9998932901340063, 0.9974491868316757, 0.9966267501059514, 0.9985284648866826, 0.9940641580997277, 0.9738304378706171, 0.9999175149929194, 0.9974491868316757, 0.9962081974126538, 0.9999175149929194, 0.9996658638743201, 0.9999542963346586, 0.9689712252788395, 0.985827296503856, 0.9998932901340063, 0.999007836282382, 0.988219420838288, 0.9974491868316757, 0.9962081974126538, 0.9996658638743201, 0.9998932901340063, 0.9756595910656567, 0.9985284648866826, 0.9689712252788395, 0.9999542963346586, 0.9284214549541341, 0.9864712356535609, 0.9974491868316757, 0.9997549524975378, 0.9974491868316757, 0.9989681220167042, 0.9974491868316757, 0.9880488588589107, 0.9993692516506245, 0.9958320686768302, 0.9940641580997277, 0.9880488588589107, 0.9864712356535609, 0.9982107268746903, 0.8360263007671278, 0.9864712356535609, 0.9992201523013549, 0.9995677640429822, 0.9940641580997277, 0.9996658638743201, 0.9998932901340063, 0.9999175149929194, 0.9944478593897712, 0.9998074217496087, 0.9999542963346586, 0.9998074217496087, 0.9921588954184459, 0.9989681220167042, 0.9957992953483049, 0.9921588954184459, 0.9998932901340063, 0.9995543242898653, 0.9996099821271136, 0.9607719739404093, 0.9959456548333111, 0.9689712252788395, 0.9689712252788395, 0.7619693298746574, 0.9992907462556735]",8,train,9
0.66,16,50,34,0,100,24,1,1,1,0,0,0,95,0,1,0,1,0,0,"(array([0.4842608 , 0.78537959, 0.69591141, 0.95471394, 0.86651713,
       0.31664634, 0.61104804, 0.20421523, 0.24129789, 0.91774744,
       0.91476518]), array([0.81229675, 0.73510861, 0.77405161, 0.52456635, 0.675143  ,
       0.83322155, 0.7761569 , 0.84907001, 0.84833074, 0.58853304,
       0.60889697]), array([0.18406767, 0.26189566, 0.22273631, 0.4670378 , 0.31986395,
       0.16290057, 0.22058889, 0.14691298, 0.14767213, 0.40455851,
       0.38451594]), array([0.52742267, 0.22597538, 0.31609204, 0.05591486, 0.14502594,
       0.69363707, 0.40091789, 0.80461591, 0.7680335 , 0.09335384,
       0.0965331 ]))","['QwenPRM_avg_scores (7.63B)', 'GPM (8B)', 'EurusPRMStage2_avg_scores (7.62B)', 'QwenPRM_max_scores (7.63B)', 'DeepSeekQwen (32B)', 'Qwen72B_scores (72B)', 'EurusPRMStage1_min_scores (7.62B)', 'ArmorRM (8B)', 'Skyworks (8B)', 'SkyT1 (32B)', 'DeepSeekLlama (70B)']","[0.00670322219118841, 0.016633934413660737, 0.9607719739404093, 0.9902533166312844, 0.6601017364719609, 0.0011813697692475535, 0.40913349828494444, 0.016633934413660737, 0.8872477430550938, 0.0011813697692475535, 0.6601017364719609, 0.576490200804567, 0.4969543701637697, 0.091954898831949, 0.6601017364719609, 0.8725921792204024, 0.8725921792204024, 0.11458924540764123, 0.9768514896988386, 0.9123938520391015, 0.9607719739404093, 0.016633934413660737, 0.9607719739404093, 0.008968216855155114, 0.9992201523013549, 0.0008812566262891841, 0.0011813697692475535, 0.6601017364719609, 0.17581850010036307, 0.9607719739404093, 0.2024435935824228, 0.9924439248149891, 0.26092718775505136, 0.008968216855155114, 0.11435368269525453, 0.008968216855155114, 0.925698356925509, 0.9902533166312844, 0.9958320686768302, 0.4096953902375555, 0.08197879964628876, 0.9123938520391015, 0.11458924540764123, 0.35193993379294314, 0.12788559144105655, 0.9924439248149891, 0.925698356925509, 0.6200829514267926, 0.6737091269360075, 0.5608474794842632, 0.9607719739404093, 0.6195353476043246, 0.07843210429556591, 0.10243457601199707, 0.9924439248149891, 0.11458924540764123, 0.11458924540764123, 0.9409059795985345, 0.4096953902375555, 0.927650501622936, 0.11458924540764123, 0.7376826856491956, 0.11458924540764123, 0.7619693298746574, 0.9607719739404093, 0.6601017364719609, 0.6601017364719609, 0.2024435935824228, 0.925698356925509, 0.7619693298746574, 0.03492616999606236, 0.11458924540764123, 0.8725921792204024, 0.11458924540764123, 0.9409059795985345, 0.14304370962491883, 0.9123938520391015, 0.08197879964628876, 0.9409059795985345, 0.6200829514267926, 0.2024435935824228, 0.35193993379294314, 0.9992201523013549, 0.04628324156784688, 0.00670322219118841, 0.091954898831949, 0.9992201523013549, 0.091954898831949, 0.14304370962491883, 0.14304370962491883, 0.35193993379294314, 0.07843210429556591, 0.011406662210014629, 0.8412142110716954, 0.2024435935824228, 6.167056917929335e-05, 0.9852534290790584, 0.5608474794842632, 0.6601017364719609, 0.6601017364719609]",9,train,1
0.98,88,10,1,1,100,4,1,1,1,0,0,0,4,1,1,1,0,0,0,"(array([0.4842608 , 0.78537959, 0.69591141, 0.95471394, 0.86651713,
       0.31664634, 0.61104804, 0.20421523, 0.24129789, 0.91774744,
       0.91476518]), array([0.81229675, 0.73510861, 0.77405161, 0.52456635, 0.675143  ,
       0.83322155, 0.7761569 , 0.84907001, 0.84833074, 0.58853304,
       0.60889697]), array([0.18406767, 0.26189566, 0.22273631, 0.4670378 , 0.31986395,
       0.16290057, 0.22058889, 0.14691298, 0.14767213, 0.40455851,
       0.38451594]), array([0.52742267, 0.22597538, 0.31609204, 0.05591486, 0.14502594,
       0.69363707, 0.40091789, 0.80461591, 0.7680335 , 0.09335384,
       0.0965331 ]))","['QwenPRM_avg_scores (7.63B)', 'GPM (8B)', 'EurusPRMStage2_avg_scores (7.62B)', 'QwenPRM_max_scores (7.63B)', 'DeepSeekQwen (32B)', 'Qwen72B_scores (72B)', 'EurusPRMStage1_min_scores (7.62B)', 'ArmorRM (8B)', 'Skyworks (8B)', 'SkyT1 (32B)', 'DeepSeekLlama (70B)']","[0.14164140052785326, 0.9998074217496087, 0.7619693298746574, 0.9958320686768302, 0.9999175149929194, 0.9689712252788395, 0.9974491868316757, 0.8819995288441159, 0.6754357648584021, 0.9982107268746903, 0.9921588954184459, 0.9944519238904612, 0.0008812566262891841, 0.6195353476043246, 0.99812449909308, 0.9921588954184459, 0.9958320686768302, 0.9689712252788395, 0.9998074217496087, 0.9974491868316757, 0.9944519238904612, 0.9999175149929194, 0.9921588954184459, 0.9864712356535609, 0.9989681220167042, 0.9993692516506245, 0.9915875553045611, 0.0011813697692475535, 0.9680368517780158, 0.6122887426719655, 0.9974491868316757, 0.9957029722107007, 0.9689712252788395, 0.9900238253137609, 0.006302880683025754, 0.996749902014427, 0.8819995288441159, 0.9957029722107007, 0.9995578144003865, 0.9998074217496087, 0.9940641580997277, 0.9938806393034116, 0.9864712356535609, 0.9958320686768302, 0.9957029722107007, 0.9940641580997277, 0.9982107268746903, 0.7619693298746574, 0.9957029722107007, 0.9900238253137609, 0.9999175149929194, 0.9974491868316757, 0.9500646578883134, 0.9996658638743201, 0.9966267501059514, 0.9921588954184459, 0.997117958161895, 0.9982107268746903, 0.2024435935824228, 0.9999175149929194, 0.006302880683025754, 0.9999175149929194, 0.9995578144003865, 0.9982107268746903, 0.9805753954348351, 0.17581850010036307, 0.9996658638743201, 0.9864712356535609, 0.9689712252788395, 0.00670322219118841, 0.9982107268746903, 0.9985284648866826, 0.9864712356535609, 0.9689712252788395, 0.9992201523013549, 0.9995578144003865, 0.9940641580997277, 0.9989681220167042, 0.9993692516506245, 0.9921588954184459, 0.9864712356535609, 0.9982107268746903, 0.982814287187736, 0.9864712356535609, 0.9998074217496087, 0.9995578144003865, 0.9449546594157953, 0.9756595910656567, 0.9778941013557416, 0.9689712252788395, 0.7619693298746574, 0.9689712252788395, 0.0008812566262891841, 0.9974491868316757, 0.9689712252788395, 0.9921588954184459, 0.8193194870345609, 0.18289502006061525, 0.0008812566262891841, 0.7123288914966642]",10,train,8
1.0,98,2,0,0,100,3,1,1,1,0,0,0,3,1,1,1,0,0,0,"(array([0.4842608 , 0.78537959, 0.69591141, 0.95471394, 0.86651713,
       0.31664634, 0.61104804, 0.20421523, 0.24129789, 0.91774744,
       0.91476518]), array([0.81229675, 0.73510861, 0.77405161, 0.52456635, 0.675143  ,
       0.83322155, 0.7761569 , 0.84907001, 0.84833074, 0.58853304,
       0.60889697]), array([0.18406767, 0.26189566, 0.22273631, 0.4670378 , 0.31986395,
       0.16290057, 0.22058889, 0.14691298, 0.14767213, 0.40455851,
       0.38451594]), array([0.52742267, 0.22597538, 0.31609204, 0.05591486, 0.14502594,
       0.69363707, 0.40091789, 0.80461591, 0.7680335 , 0.09335384,
       0.0965331 ]))","['QwenPRM_avg_scores (7.63B)', 'GPM (8B)', 'EurusPRMStage2_avg_scores (7.62B)', 'QwenPRM_max_scores (7.63B)', 'DeepSeekQwen (32B)', 'Qwen72B_scores (72B)', 'EurusPRMStage1_min_scores (7.62B)', 'ArmorRM (8B)', 'Skyworks (8B)', 'SkyT1 (32B)', 'DeepSeekLlama (70B)']","[0.9937130757267212, 0.9989681220167042, 0.99812449909308, 0.9999175149929194, 0.9998074217496087, 0.9999175149929194, 0.9999175149929194, 0.9900238253137609, 0.9820093887218583, 0.9995578144003865, 0.7556902856856155, 0.9991959127576603, 0.9998074217496087, 0.7123288914966642, 0.9996658638743201, 0.9999175149929194, 0.9900238253137609, 0.9235636942025109, 0.9999175149929194, 0.9940641580997277, 0.9999175149929194, 0.9998074217496087, 0.9999175149929194, 0.9999175149929194, 0.9999175149929194, 0.9689712252788395, 0.9999175149929194, 0.9958320686768302, 0.9998074217496087, 0.9999175149929194, 0.8972512684634638, 0.9689712252788395, 0.9989681220167042, 0.9993692516506245, 0.99812449909308, 0.9999175149929194, 0.9996658638743201, 0.99812449909308, 0.9991959127576603, 0.9900238253137609, 0.9998074217496087, 0.9931772051837354, 0.9995578144003865, 0.9999175149929194, 0.9958320686768302, 0.9984205029855744, 0.9989681220167042, 0.9999175149929194, 0.9996658638743201, 0.9018062017976046, 0.016633934413660737, 0.9991959127576603, 0.9999175149929194, 0.9982107268746903, 0.9995578144003865, 0.9957029722107007, 0.9999175149929194, 0.9689712252788395, 0.9993692516506245, 0.9998074217496087, 0.9999175149929194, 0.9974491868316757, 0.9991959127576603, 0.9900238253137609, 0.996749902014427, 0.9996658638743201, 0.9999175149929194, 0.9998074217496087, 0.9667669145797386, 0.9995578144003865, 0.9957029722107007, 0.9991959127576603, 0.9999175149929194, 0.9957029722107007, 0.9689712252788395, 0.9989681220167042, 0.9995578144003865, 0.9995578144003865, 0.99812449909308, 0.9999175149929194, 0.9944519238904612, 0.9864712356535609, 0.9900238253137609, 0.9938806393034116, 0.9998074217496087, 0.9995578144003865, 0.9953214147989543, 0.9993692516506245, 0.9952425083366081, 0.9995578144003865, 0.9921588954184459, 0.9995578144003865, 0.9995578144003865, 0.011406662210014629, 0.9989681220167042, 0.9985284648866826, 0.9985284648866826, 0.9989681220167042, 0.9738304378706171, 0.9992201523013549]",11,train,9
1.0,100,0,0,0,100,41,1,1,1,0,0,0,41,1,1,1,0,0,0,"(array([0.4842608 , 0.78537959, 0.69591141, 0.95471394, 0.86651713,
       0.31664634, 0.61104804, 0.20421523, 0.24129789, 0.91774744,
       0.91476518]), array([0.81229675, 0.73510861, 0.77405161, 0.52456635, 0.675143  ,
       0.83322155, 0.7761569 , 0.84907001, 0.84833074, 0.58853304,
       0.60889697]), array([0.18406767, 0.26189566, 0.22273631, 0.4670378 , 0.31986395,
       0.16290057, 0.22058889, 0.14691298, 0.14767213, 0.40455851,
       0.38451594]), array([0.52742267, 0.22597538, 0.31609204, 0.05591486, 0.14502594,
       0.69363707, 0.40091789, 0.80461591, 0.7680335 , 0.09335384,
       0.0965331 ]))","['QwenPRM_avg_scores (7.63B)', 'GPM (8B)', 'EurusPRMStage2_avg_scores (7.62B)', 'QwenPRM_max_scores (7.63B)', 'DeepSeekQwen (32B)', 'Qwen72B_scores (72B)', 'EurusPRMStage1_min_scores (7.62B)', 'ArmorRM (8B)', 'Skyworks (8B)', 'SkyT1 (32B)', 'DeepSeekLlama (70B)']","[0.9900238253137609, 0.8380494202061093, 0.9607719739404093, 0.9921588954184459, 0.9900238253137609, 0.9993692516506245, 0.9989681220167042, 0.99464105173738, 0.99464105173738, 0.9998074217496087, 0.9989681220167042, 0.9992962990068426, 0.9864712356535609, 0.985827296503856, 0.99464105173738, 0.9989681220167042, 0.9985284648866826, 0.9689712252788395, 0.9921588954184459, 0.9989681220167042, 0.9998074217496087, 0.9998074217496087, 0.9921588954184459, 0.8380494202061093, 0.9931772051837354, 0.9989681220167042, 0.9854424420392667, 0.9992201523013549, 0.9989681220167042, 0.9786355410735843, 0.9998074217496087, 0.9998074217496087, 0.9931772051837354, 0.9989681220167042, 0.9921588954184459, 0.9998074217496087, 0.9998074217496087, 0.9998074217496087, 0.9284214549541341, 0.9854424420392667, 0.9805753954348351, 0.9998687041424302, 0.9989681220167042, 0.9921588954184459, 0.9989681220167042, 0.9689712252788395, 0.9284214549541341, 0.9998074217496087, 0.99464105173738, 0.6858865261209656, 0.99464105173738, 0.9989681220167042, 0.9793589109503135, 0.9481189315196534, 0.9689712252788395, 0.9985284648866826, 0.9900238253137609, 0.9793589109503135, 0.9998074217496087, 0.9689712252788395, 0.9989681220167042, 0.9921588954184459, 0.9989681220167042, 0.6013762993253534, 0.9985284648866826, 0.9985284648866826, 0.9284214549541341, 0.9989681220167042, 0.9989963293121484, 0.9989681220167042, 0.9998074217496087, 0.9985284648866826, 0.9989681220167042, 0.7619693298746574, 0.9900238253137609, 0.9959456548333111, 0.9921588954184459, 0.9993692516506245, 0.9284214549541341, 0.9985284648866826, 0.9915875553045611, 0.9998687041424302, 0.9989681220167042, 0.9998074217496087, 0.9284214549541341, 0.9500646578883134, 0.9989681220167042, 0.9738304378706171, 0.9725146783962431, 0.9921588954184459, 0.99464105173738, 0.9992201523013549, 0.9998074217496087, 0.99464105173738, 0.9989681220167042, 0.9940641580997277, 0.9900238253137609, 0.9689712252788395, 0.9738304378706171, 0.9989681220167042]",12,train,9
0.92,61,31,8,0,100,45,1,1,1,0,0,0,45,1,1,1,0,0,0,"(array([0.4842608 , 0.78537959, 0.69591141, 0.95471394, 0.86651713,
       0.31664634, 0.61104804, 0.20421523, 0.24129789, 0.91774744,
       0.91476518]), array([0.81229675, 0.73510861, 0.77405161, 0.52456635, 0.675143  ,
       0.83322155, 0.7761569 , 0.84907001, 0.84833074, 0.58853304,
       0.60889697]), array([0.18406767, 0.26189566, 0.22273631, 0.4670378 , 0.31986395,
       0.16290057, 0.22058889, 0.14691298, 0.14767213, 0.40455851,
       0.38451594]), array([0.52742267, 0.22597538, 0.31609204, 0.05591486, 0.14502594,
       0.69363707, 0.40091789, 0.80461591, 0.7680335 , 0.09335384,
       0.0965331 ]))","['QwenPRM_avg_scores (7.63B)', 'GPM (8B)', 'EurusPRMStage2_avg_scores (7.62B)', 'QwenPRM_max_scores (7.63B)', 'DeepSeekQwen (32B)', 'Qwen72B_scores (72B)', 'EurusPRMStage1_min_scores (7.62B)', 'ArmorRM (8B)', 'Skyworks (8B)', 'SkyT1 (32B)', 'DeepSeekLlama (70B)']","[0.20045886973665517, 0.9995677640429822, 0.9607719739404093, 0.9607719739404093, 0.9995677640429822, 0.9431029209425341, 0.9992201523013549, 0.9756595910656567, 0.006302880683025754, 0.003216127532180629, 0.9687338708752369, 0.9993692516506245, 0.7376826856491956, 0.9678999647654278, 0.525034672344399, 0.037995899539793966, 0.7619693298746574, 0.9989681220167042, 0.08316784348478898, 0.9778781764928224, 0.99812449909308, 0.576490200804567, 0.9972528856938351, 0.9995677640429822, 0.9966002041927673, 0.26876843557774516, 0.9976863986013396, 0.016633934413660737, 0.9995677640429822, 0.9976863986013396, 0.9976863986013396, 0.9982596021643145, 0.025056602735274457, 0.9995677640429822, 0.9995699088741679, 0.9995677640429822, 0.999007836282382, 0.9997549524975378, 0.5335829608801403, 0.9999175149929194, 0.08690849328544217, 0.8225496545137726, 0.9982107268746903, 0.9965068474510349, 0.9924439248149891, 0.9999542963346586, 0.9999542963346586, 0.42137255516159466, 0.006302880683025754, 0.9928340239898293, 0.9852534290790584, 0.9995677640429822, 0.9924439248149891, 0.9991959127576603, 0.14758865798986118, 0.8171560041913648, 0.9938537294862259, 0.9938537294862259, 0.06414268518015077, 0.6858865261209656, 0.379660671465415, 0.9945761380454783, 0.9889615381576459, 0.9952425083366081, 0.08316784348478898, 0.006302880683025754, 0.43078529938006743, 0.99812449909308, 0.9889615381576459, 0.6184020800369217, 0.9995677640429822, 0.2783227295214251, 0.9995677640429822, 0.0025241332231082385, 0.025056602735274457, 0.9992201523013549, 0.0008812566262891841, 0.025056602735274457, 0.9995677640429822, 0.9995677640429822, 0.9973584403252603, 0.004769584956967528, 0.013062841354522767, 0.9972286828175233, 0.9995677640429822, 0.9998932901340063, 0.0013383406943299426, 0.04628324156784688, 0.9435235071168018, 0.9605024051111358, 0.6313432344700952, 0.9910544263914546, 0.4096953902375555, 0.16432368888641613, 0.9995677640429822, 0.9957992953483049, 0.3692506772851028, 0.9989681220167042, 0.006302880683025754, 0.08316784348478898]",13,train,6
0.97,51,46,3,0,100,58,1,1,1,0,0,0,91,0,1,0,1,0,0,"(array([0.4842608 , 0.78537959, 0.69591141, 0.95471394, 0.86651713,
       0.31664634, 0.61104804, 0.20421523, 0.24129789, 0.91774744,
       0.91476518]), array([0.81229675, 0.73510861, 0.77405161, 0.52456635, 0.675143  ,
       0.83322155, 0.7761569 , 0.84907001, 0.84833074, 0.58853304,
       0.60889697]), array([0.18406767, 0.26189566, 0.22273631, 0.4670378 , 0.31986395,
       0.16290057, 0.22058889, 0.14691298, 0.14767213, 0.40455851,
       0.38451594]), array([0.52742267, 0.22597538, 0.31609204, 0.05591486, 0.14502594,
       0.69363707, 0.40091789, 0.80461591, 0.7680335 , 0.09335384,
       0.0965331 ]))","['QwenPRM_avg_scores (7.63B)', 'GPM (8B)', 'EurusPRMStage2_avg_scores (7.62B)', 'QwenPRM_max_scores (7.63B)', 'DeepSeekQwen (32B)', 'Qwen72B_scores (72B)', 'EurusPRMStage1_min_scores (7.62B)', 'ArmorRM (8B)', 'Skyworks (8B)', 'SkyT1 (32B)', 'DeepSeekLlama (70B)']","[0.9996658638743201, 0.996749902014427, 0.9750056365223174, 0.016633934413660737, 0.0011813697692475535, 0.11458924540764123, 0.9974491868316757, 0.982814287187736, 0.011406662210014629, 0.011406662210014629, 0.8766056272208299, 0.011406662210014629, 0.9996658638743201, 0.9996658638743201, 0.011406662210014629, 0.9958023746926651, 0.9723416697546019, 0.0582710266294641, 0.0011813697692475535, 0.9936307532638827, 0.9160248386367282, 0.9996658638743201, 0.9554449955558719, 0.0006012916971596231, 0.011406662210014629, 0.011406662210014629, 0.0582710266294641, 0.9678999647654278, 0.011406662210014629, 0.9982107268746903, 0.9936307532638827, 0.0011813697692475535, 0.0582710266294641, 0.14164140052785326, 0.0011813697692475535, 0.5698400877830821, 0.17581850010036307, 0.2024435935824228, 0.8360263007671278, 0.9958320686768302, 0.9992201523013549, 0.9996658638743201, 0.011406662210014629, 0.011406662210014629, 0.0582710266294641, 0.14164140052785326, 0.9981966235690455, 0.8819995288441159, 0.996749902014427, 0.14164140052785326, 0.011406662210014629, 0.9996658638743201, 0.9738067111466625, 0.0006012916971596231, 0.9996658638743201, 0.14758865798986118, 0.9950093330613164, 0.004707840148325058, 0.999814839566539, 0.9936307532638827, 0.996749902014427, 0.011406662210014629, 0.0582710266294641, 0.0009246254814453276, 0.011406662210014629, 0.4694753838500919, 0.0011813697692475535, 0.852546894368092, 0.9982107268746903, 0.9996658638743201, 0.7123288914966642, 0.016633934413660737, 0.0011813697692475535, 0.9974491868316757, 0.04618077263652076, 0.0011813697692475535, 0.982814287187736, 0.0582710266294641, 0.0006012916971596231, 0.9996658638743201, 0.9996658638743201, 0.00033063358084964095, 0.0006012916971596231, 0.9996658638743201, 0.996749902014427, 0.8676464246820309, 0.9982107268746903, 0.9982107268746903, 0.0582710266294641, 0.9996658638743201, 0.996749902014427, 6.167056917929335e-05, 0.7917609164121655, 0.9982107268746903, 0.9982107268746903, 0.4694753838500919, 0.9996658638743201, 0.996749902014427, 0.9952425083366081, 0.9952425083366081]",14,train,5
0.98,94,4,0,2,100,38,1,1,1,0,0,0,38,1,1,1,0,0,0,"(array([0.4842608 , 0.78537959, 0.69591141, 0.95471394, 0.86651713,
       0.31664634, 0.61104804, 0.20421523, 0.24129789, 0.91774744,
       0.91476518]), array([0.81229675, 0.73510861, 0.77405161, 0.52456635, 0.675143  ,
       0.83322155, 0.7761569 , 0.84907001, 0.84833074, 0.58853304,
       0.60889697]), array([0.18406767, 0.26189566, 0.22273631, 0.4670378 , 0.31986395,
       0.16290057, 0.22058889, 0.14691298, 0.14767213, 0.40455851,
       0.38451594]), array([0.52742267, 0.22597538, 0.31609204, 0.05591486, 0.14502594,
       0.69363707, 0.40091789, 0.80461591, 0.7680335 , 0.09335384,
       0.0965331 ]))","['QwenPRM_avg_scores (7.63B)', 'GPM (8B)', 'EurusPRMStage2_avg_scores (7.62B)', 'QwenPRM_max_scores (7.63B)', 'DeepSeekQwen (32B)', 'Qwen72B_scores (72B)', 'EurusPRMStage1_min_scores (7.62B)', 'ArmorRM (8B)', 'Skyworks (8B)', 'SkyT1 (32B)', 'DeepSeekLlama (70B)']","[0.9992907462556735, 0.9924439248149891, 0.5698400877830821, 0.9689712252788395, 0.9994682166114535, 0.9997549524975378, 0.9991841397922518, 0.9997052880076388, 0.9998074217496087, 0.9902533166312844, 0.9999272494145367, 0.9987206370913099, 0.9998687041424302, 0.9998932901340063, 0.9977495640075719, 0.9971323884256271, 0.9958320686768302, 0.9998074217496087, 0.9998932901340063, 0.9992201523013549, 0.9996961230637034, 0.9999272494145367, 0.9992201523013549, 0.9999272494145367, 0.9689712252788395, 0.9940641580997277, 0.9997052880076388, 0.9958320686768302, 0.9972528856938351, 0.9590332598302966, 0.9996961230637034, 0.9995677640429822, 0.9999272494145367, 0.9999542963346586, 0.0011813697692475535, 0.9994280102143102, 0.9999542963346586, 0.9924439248149891, 0.9999688416453159, 0.9940641580997277, 0.9999542963346586, 0.99812449909308, 0.9889615381576459, 0.9998932901340063, 0.99812449909308, 0.9992201523013549, 0.9852534290790584, 0.9976863986013396, 0.9992201523013549, 0.9996961230637034, 0.9689712252788395, 0.9995677640429822, 0.9998074217496087, 0.9998687041424302, 0.9689712252788395, 0.9213209003206595, 0.9998074217496087, 0.013062841354522767, 0.9997549524975378, 0.0011813697692475535, 0.9999272494145367, 0.9999542963346586, 0.9992201523013549, 0.9607719739404093, 0.9998074217496087, 0.9998687041424302, 0.9971323884256271, 0.14758865798986118, 0.9944478593897712, 0.9999272494145367, 0.9971323884256271, 0.9900238253137609, 0.9924439248149891, 0.9483754296987174, 0.9998074217496087, 0.9689712252788395, 0.9284214549541341, 0.8725921792204024, 0.9998074217496087, 0.9991841397922518, 0.017439001022665317, 6.167056917929335e-05, 0.9992201523013549, 0.9998687041424302, 0.9940641580997277, 0.9997616562190664, 0.9963196927845032, 0.9449546594157953, 0.9940641580997277, 0.9921588954184459, 0.99812449909308, 0.9889615381576459, 0.9940641580997277, 0.9997052880076388, 0.8640888169658436, 0.9992201523013549, 0.9998687041424302, 0.9989599823875285, 0.9989681220167042, 0.9992201523013549]",15,train,9
1.0,100,0,0,0,100,2,1,1,1,0,0,0,2,1,1,1,0,0,0,"(array([0.4842608 , 0.78537959, 0.69591141, 0.95471394, 0.86651713,
       0.31664634, 0.61104804, 0.20421523, 0.24129789, 0.91774744,
       0.91476518]), array([0.81229675, 0.73510861, 0.77405161, 0.52456635, 0.675143  ,
       0.83322155, 0.7761569 , 0.84907001, 0.84833074, 0.58853304,
       0.60889697]), array([0.18406767, 0.26189566, 0.22273631, 0.4670378 , 0.31986395,
       0.16290057, 0.22058889, 0.14691298, 0.14767213, 0.40455851,
       0.38451594]), array([0.52742267, 0.22597538, 0.31609204, 0.05591486, 0.14502594,
       0.69363707, 0.40091789, 0.80461591, 0.7680335 , 0.09335384,
       0.0965331 ]))","['QwenPRM_avg_scores (7.63B)', 'GPM (8B)', 'EurusPRMStage2_avg_scores (7.62B)', 'QwenPRM_max_scores (7.63B)', 'DeepSeekQwen (32B)', 'Qwen72B_scores (72B)', 'EurusPRMStage1_min_scores (7.62B)', 'ArmorRM (8B)', 'Skyworks (8B)', 'SkyT1 (32B)', 'DeepSeekLlama (70B)']","[0.9931772051837354, 0.9998074217496087, 0.9999542963346586, 0.9864712356535609, 0.9989226561166852, 0.9998932901340063, 0.9989681220167042, 0.9999542963346586, 0.9989681220167042, 0.9989681220167042, 0.9991959127576603, 0.9998074217496087, 0.99812449909308, 0.9998687041424302, 0.9987206370913099, 0.9982107268746903, 0.9991959127576603, 0.9900238253137609, 0.9999175149929194, 0.9989681220167042, 0.9992962990068426, 0.9987206370913099, 0.9957029722107007, 0.9689712252788395, 0.9647167770137443, 0.9998687041424302, 0.9995578144003865, 0.9996658638743201, 0.9996658638743201, 0.999814839566539, 0.9987206370913099, 0.9998074217496087, 0.9998074217496087, 0.9999437654031859, 0.999698503075321, 0.9972528856938351, 0.9998074217496087, 0.9999175149929194, 0.9999175149929194, 0.9998687041424302, 0.9998074217496087, 0.9995578144003865, 0.9984205029855744, 0.9989681220167042, 0.9998074217496087, 0.9998074217496087, 0.9989681220167042, 0.9864712356535609, 0.9989681220167042, 0.9948363226819932, 0.9982107268746903, 0.9999175149929194, 0.9957029722107007, 0.9991959127576603, 0.9940641580997277, 0.9998074217496087, 0.9989681220167042, 0.9998687041424302, 0.9972528856938351, 0.99812449909308, 0.9999542963346586, 0.9999542963346586, 0.9987206370913099, 0.9998932901340063, 0.9996658638743201, 0.9864712356535609, 0.982814287187736, 0.9998074217496087, 0.9991959127576603, 0.99812449909308, 0.9987206370913099, 0.9987206370913099, 0.9985284648866826, 0.9940641580997277, 0.9992962990068426, 0.9998687041424302, 0.9854424420392667, 0.9989681220167042, 0.9987206370913099, 0.9786355410735843, 0.9998074217496087, 0.9992962990068426, 0.9738304378706171, 0.9999175149929194, 0.9998074217496087, 0.9999175149929194, 0.9998687041424302, 0.9998687041424302, 0.9992962990068426, 0.9998687041424302, 0.9987206370913099, 0.9900238253137609, 0.9998687041424302, 0.9689712252788395, 0.9998074217496087, 0.9999542963346586, 0.9959456548333111, 0.9940641580997277, 0.9976146001079947, 0.9998074217496087]",16,train,9
1.0,100,0,0,0,100,29,1,1,1,0,0,0,29,1,1,1,0,0,0,"(array([0.4842608 , 0.78537959, 0.69591141, 0.95471394, 0.86651713,
       0.31664634, 0.61104804, 0.20421523, 0.24129789, 0.91774744,
       0.91476518]), array([0.81229675, 0.73510861, 0.77405161, 0.52456635, 0.675143  ,
       0.83322155, 0.7761569 , 0.84907001, 0.84833074, 0.58853304,
       0.60889697]), array([0.18406767, 0.26189566, 0.22273631, 0.4670378 , 0.31986395,
       0.16290057, 0.22058889, 0.14691298, 0.14767213, 0.40455851,
       0.38451594]), array([0.52742267, 0.22597538, 0.31609204, 0.05591486, 0.14502594,
       0.69363707, 0.40091789, 0.80461591, 0.7680335 , 0.09335384,
       0.0965331 ]))","['QwenPRM_avg_scores (7.63B)', 'GPM (8B)', 'EurusPRMStage2_avg_scores (7.62B)', 'QwenPRM_max_scores (7.63B)', 'DeepSeekQwen (32B)', 'Qwen72B_scores (72B)', 'EurusPRMStage1_min_scores (7.62B)', 'ArmorRM (8B)', 'Skyworks (8B)', 'SkyT1 (32B)', 'DeepSeekLlama (70B)']","[0.9998074217496087, 0.9998074217496087, 0.9984760555961234, 0.9989599823875285, 0.9998074217496087, 0.9998932901340063, 0.9989599823875285, 0.9998074217496087, 0.9989599823875285, 0.9998932901340063, 0.9989599823875285, 0.9985284648866826, 0.965218162124911, 0.9449546594157953, 0.9998074217496087, 0.99812449909308, 0.99812449909308, 0.9998074217496087, 0.9998932901340063, 0.9998932901340063, 0.9992907462556735, 0.9998074217496087, 0.9998074217496087, 0.9998074217496087, 0.9963196927845032, 0.99812449909308, 0.9998074217496087, 0.9924439248149891, 0.9963196927845032, 0.9999272494145367, 0.99812449909308, 0.9999272494145367, 0.9981255503882214, 0.9994682166114535, 0.9987206370913099, 0.9998074217496087, 0.9987206370913099, 0.9992962990068426, 0.9998932901340063, 0.99812449909308, 0.9998074217496087, 0.9924439248149891, 0.9998074217496087, 0.9992907462556735, 0.9994682166114535, 0.9998932901340063, 0.9998074217496087, 0.9972528856938351, 0.9998687041424302, 0.9998932901340063, 0.99812449909308, 0.9957992953483049, 0.9902941573219514, 0.99812449909308, 0.9998932901340063, 0.9987206370913099, 0.9987206370913099, 0.9999272494145367, 0.9998074217496087, 0.9989681220167042, 0.9974880543957518, 0.9998074217496087, 0.9998074217496087, 0.9998074217496087, 0.9998074217496087, 0.9989599823875285, 0.9998074217496087, 0.9976863986013396, 0.9998932901340063, 0.9998687041424302, 0.9999272494145367, 0.9998074217496087, 0.9989599823875285, 0.99812449909308, 0.9999272494145367, 0.9998074217496087, 0.99812449909308, 0.9998074217496087, 0.9999272494145367, 0.9999272494145367, 0.9924439248149891, 0.9985284648866826, 0.9998074217496087, 0.9998687041424302, 0.99812449909308, 0.9984760555961234, 0.9989963293121484, 0.9998074217496087, 0.9998074217496087, 0.9998074217496087, 0.9998932901340063, 0.9998687041424302, 0.9998074217496087, 0.9845824002691044, 0.9998687041424302, 0.9998932901340063, 0.9998074217496087, 0.99812449909308, 0.9998687041424302, 0.9998932901340063]",17,train,9
0.8,0,80,19,1,100,3,0,1,0,0,0,1,14,0,1,0,1,0,0,"(array([0.4842608 , 0.78537959, 0.69591141, 0.95471394, 0.86651713,
       0.31664634, 0.61104804, 0.20421523, 0.24129789, 0.91774744,
       0.91476518]), array([0.81229675, 0.73510861, 0.77405161, 0.52456635, 0.675143  ,
       0.83322155, 0.7761569 , 0.84907001, 0.84833074, 0.58853304,
       0.60889697]), array([0.18406767, 0.26189566, 0.22273631, 0.4670378 , 0.31986395,
       0.16290057, 0.22058889, 0.14691298, 0.14767213, 0.40455851,
       0.38451594]), array([0.52742267, 0.22597538, 0.31609204, 0.05591486, 0.14502594,
       0.69363707, 0.40091789, 0.80461591, 0.7680335 , 0.09335384,
       0.0965331 ]))","['QwenPRM_avg_scores (7.63B)', 'GPM (8B)', 'EurusPRMStage2_avg_scores (7.62B)', 'QwenPRM_max_scores (7.63B)', 'DeepSeekQwen (32B)', 'Qwen72B_scores (72B)', 'EurusPRMStage1_min_scores (7.62B)', 'ArmorRM (8B)', 'Skyworks (8B)', 'SkyT1 (32B)', 'DeepSeekLlama (70B)']","[0.14217204854913515, 0.04410841442157144, 0.9647167770137443, 0.9992201523013549, 0.4694753838500919, 0.11435368269525453, 0.40913349828494444, 0.5580163666096215, 0.0009246254814453276, 0.00033063358084964095, 0.006302880683025754, 0.00048491181131383185, 0.9498631079940475, 0.0011813697692475535, 6.167056917929335e-05, 0.5847880465743358, 0.0006012916971596231, 0.4694753838500919, 0.02421131492300916, 0.008531120156250757, 0.0075305296181191, 0.0582710266294641, 0.0008817513758966458, 0.004938593967817696, 0.19487914214135177, 0.2878920340934399, 0.00033063358084964095, 0.0006012916971596231, 0.9902533166312844, 0.11435368269525453, 6.167056917929335e-05, 0.40068856326007035, 0.11435368269525453, 0.0006012916971596231, 0.0075305296181191, 0.003216127532180629, 0.0006012916971596231, 0.003216127532180629, 0.004938593967817696, 0.0582710266294641, 0.14164140052785326, 0.9299678009948686, 0.0006012916971596231, 0.008531120156250757, 0.0006012916971596231, 0.0075305296181191, 0.006302880683025754, 0.04410841442157144, 0.917764032527004, 0.6754357648584021, 0.016643125615733827, 0.8713096611731962, 0.816594483909879, 0.0006012916971596231, 0.14758865798986118, 0.0582710266294641, 0.04410841442157144, 0.4694753838500919, 0.003216127532180629, 0.04410841442157144, 0.5580163666096215, 6.167056917929335e-05, 0.14068782856878606, 0.008531120156250757, 0.8293277982483112, 0.003216127532180629, 0.003216127532180629, 0.09789205000301877, 0.6754357648584021, 0.006302880683025754, 0.4096953902375555, 0.6754357648584021, 0.08690849328544217, 0.0006012916971596231, 0.04410841442157144, 0.008947586576676764, 0.08316784348478898, 0.37212877334000255, 0.011406662210014629, 0.14164140052785326, 0.0582710266294641, 0.0582710266294641, 0.4694753838500919, 0.4694753838500919, 6.167056917929335e-05, 0.27131112429098164, 0.011406662210014629, 0.3213066081019536, 0.7123288914966642, 6.167056917929335e-05, 0.9783641689522015, 0.04410841442157144, 0.04410841442157144, 0.0582710266294641, 0.4694753838500919, 0.5580163666096215, 0.4694753838500919, 0.008531120156250757, 0.07406728497664258, 0.917764032527004]",18,train,0
1.0,100,0,0,0,100,62,1,1,1,0,0,0,62,1,1,1,0,0,0,"(array([0.4842608 , 0.78537959, 0.69591141, 0.95471394, 0.86651713,
       0.31664634, 0.61104804, 0.20421523, 0.24129789, 0.91774744,
       0.91476518]), array([0.81229675, 0.73510861, 0.77405161, 0.52456635, 0.675143  ,
       0.83322155, 0.7761569 , 0.84907001, 0.84833074, 0.58853304,
       0.60889697]), array([0.18406767, 0.26189566, 0.22273631, 0.4670378 , 0.31986395,
       0.16290057, 0.22058889, 0.14691298, 0.14767213, 0.40455851,
       0.38451594]), array([0.52742267, 0.22597538, 0.31609204, 0.05591486, 0.14502594,
       0.69363707, 0.40091789, 0.80461591, 0.7680335 , 0.09335384,
       0.0965331 ]))","['QwenPRM_avg_scores (7.63B)', 'GPM (8B)', 'EurusPRMStage2_avg_scores (7.62B)', 'QwenPRM_max_scores (7.63B)', 'DeepSeekQwen (32B)', 'Qwen72B_scores (72B)', 'EurusPRMStage1_min_scores (7.62B)', 'ArmorRM (8B)', 'Skyworks (8B)', 'SkyT1 (32B)', 'DeepSeekLlama (70B)']","[0.9994436530612718, 0.9983725479633909, 0.9976978575989142, 0.995820061789123, 0.6858865261209656, 0.9989605658477395, 0.9999272494145367, 0.9995578144003865, 0.9900293720093328, 0.9998687041424302, 0.9689712252788395, 0.9989681220167042, 0.9989681220167042, 0.9992907462556735, 0.9989963293121484, 0.99464105173738, 0.9962081974126538, 0.9984215689713362, 0.9989963293121484, 0.9992962990068426, 0.9999272494145367, 0.986675143195263, 0.9971323884256271, 0.9931772051837354, 0.9989963293121484, 0.9997052880076388, 0.99464105173738, 0.9998329289043466, 0.995820061789123, 0.9999437654031859, 0.9992962990068426, 0.9931772051837354, 0.9902941573219514, 0.9996099821271136, 0.9970236863209733, 0.9500646578883134, 0.9987206370913099, 0.9989681220167042, 0.9962081974126538, 0.9756595910656567, 0.9989681220167042, 0.8192936292015973, 0.5708791609466165, 0.9992962990068426, 0.9786355410735843, 0.9996099821271136, 0.9992962990068426, 0.9992907462556735, 0.9998074217496087, 0.9977495640075719, 0.9998687041424302, 0.9996099821271136, 0.995820061789123, 0.9983725479633909, 0.9971547908593346, 0.9991959127576603, 0.9996099821271136, 0.9590553244920454, 0.9992962990068426, 0.9974491868316757, 0.9998687041424302, 0.9992907462556735, 0.9999688416453159, 0.9998687041424302, 0.9987206370913099, 0.9931772051837354, 0.9994436530612718, 0.9998329289043466, 0.9971323884256271, 0.9971547908593346, 0.9931772051837354, 0.9971547908593346, 0.9992907462556735, 0.9999688416453159, 0.9848117905655704, 0.9970236863209733, 0.9994682166114535, 0.9998074217496087, 0.9998687041424302, 0.9998329289043466, 0.9997721826541971, 0.9984215689713362, 0.9984215689713362, 0.99464105173738, 0.9992907462556735, 0.9998932901340063, 0.9786355410735843, 0.9984215689713362, 0.9977495640075719, 0.9590553244920454, 0.9483754296987174, 0.9998687041424302, 0.9999688416453159, 0.986675143195263, 0.9944509601346394, 0.9999272494145367, 0.999698503075321, 0.9999272494145367, 0.9999272494145367, 0.999698503075321]",19,train,9
1.0,100,0,0,0,100,49,1,1,1,0,0,0,49,1,1,1,0,0,0,"(array([0.4842608 , 0.78537959, 0.69591141, 0.95471394, 0.86651713,
       0.31664634, 0.61104804, 0.20421523, 0.24129789, 0.91774744,
       0.91476518]), array([0.81229675, 0.73510861, 0.77405161, 0.52456635, 0.675143  ,
       0.83322155, 0.7761569 , 0.84907001, 0.84833074, 0.58853304,
       0.60889697]), array([0.18406767, 0.26189566, 0.22273631, 0.4670378 , 0.31986395,
       0.16290057, 0.22058889, 0.14691298, 0.14767213, 0.40455851,
       0.38451594]), array([0.52742267, 0.22597538, 0.31609204, 0.05591486, 0.14502594,
       0.69363707, 0.40091789, 0.80461591, 0.7680335 , 0.09335384,
       0.0965331 ]))","['QwenPRM_avg_scores (7.63B)', 'GPM (8B)', 'EurusPRMStage2_avg_scores (7.62B)', 'QwenPRM_max_scores (7.63B)', 'DeepSeekQwen (32B)', 'Qwen72B_scores (72B)', 'EurusPRMStage1_min_scores (7.62B)', 'ArmorRM (8B)', 'Skyworks (8B)', 'SkyT1 (32B)', 'DeepSeekLlama (70B)']","[0.9995677640429822, 0.9944478593897712, 0.9920974683527175, 0.9995677640429822, 0.9958320686768302, 0.9976863986013396, 0.9995677640429822, 0.9998074217496087, 0.999814839566539, 0.9996099821271136, 0.9891434827043374, 0.9825668489454696, 0.9976863986013396, 0.9958320686768302, 0.9989681220167042, 0.9957992953483049, 0.9995677640429822, 0.9995677640429822, 0.9994280102143102, 0.9992201523013549, 0.9992201523013549, 0.9995677640429822, 0.9915875553045611, 0.9995677640429822, 0.9957992953483049, 0.9957992953483049, 0.9976863986013396, 0.9998074217496087, 0.9994280102143102, 0.9976863986013396, 0.9957992953483049, 0.9989599823875285, 0.9607719739404093, 0.9976863986013396, 0.9924439248149891, 0.99812449909308, 0.9995677640429822, 0.9678999647654278, 0.9997549524975378, 0.9989681220167042, 0.999007836282382, 0.9945761380454783, 0.999814839566539, 0.9921588954184459, 0.9995677640429822, 0.9995677640429822, 0.9984215689713362, 0.9995677640429822, 0.9944478593897712, 0.9998932901340063, 0.9987698646707122, 0.9998932901340063, 0.9958320686768302, 0.9989599823875285, 0.9958320686768302, 0.9957992953483049, 0.9994280102143102, 0.9992201523013549, 0.9989599823875285, 0.9998932901340063, 0.9994280102143102, 0.9920974683527175, 0.6176796560363406, 0.9957992953483049, 0.9957992953483049, 0.9995677640429822, 0.9995677640429822, 0.9994436530612718, 0.9989599823875285, 0.9976863986013396, 0.9995677640429822, 0.9989599823875285, 0.9998687041424302, 0.9976863986013396, 0.9995677640429822, 0.9957992953483049, 0.9994280102143102, 0.9994280102143102, 0.9989599823875285, 0.9998687041424302, 0.99812449909308, 0.9989599823875285, 0.9998932901340063, 0.9998932901340063, 0.9607719739404093, 0.9998932901340063, 0.9984215689713362, 0.9998687041424302, 0.9924439248149891, 0.9998074217496087, 0.903284219620329, 0.9998074217496087, 0.8944564197092454, 0.9989681220167042, 0.9989599823875285, 0.9994280102143102, 0.9992907462556735, 0.9957992953483049, 0.9998932901340063, 0.9989599823875285]",20,train,9
0.85,85,0,0,15,100,2,1,1,1,0,0,0,2,1,1,1,0,0,0,"(array([0.4842608 , 0.78537959, 0.69591141, 0.95471394, 0.86651713,
       0.31664634, 0.61104804, 0.20421523, 0.24129789, 0.91774744,
       0.91476518]), array([0.81229675, 0.73510861, 0.77405161, 0.52456635, 0.675143  ,
       0.83322155, 0.7761569 , 0.84907001, 0.84833074, 0.58853304,
       0.60889697]), array([0.18406767, 0.26189566, 0.22273631, 0.4670378 , 0.31986395,
       0.16290057, 0.22058889, 0.14691298, 0.14767213, 0.40455851,
       0.38451594]), array([0.52742267, 0.22597538, 0.31609204, 0.05591486, 0.14502594,
       0.69363707, 0.40091789, 0.80461591, 0.7680335 , 0.09335384,
       0.0965331 ]))","['QwenPRM_avg_scores (7.63B)', 'GPM (8B)', 'EurusPRMStage2_avg_scores (7.62B)', 'QwenPRM_max_scores (7.63B)', 'DeepSeekQwen (32B)', 'Qwen72B_scores (72B)', 'EurusPRMStage1_min_scores (7.62B)', 'ArmorRM (8B)', 'Skyworks (8B)', 'SkyT1 (32B)', 'DeepSeekLlama (70B)']","[0.9607719739404093, 0.7917609164121655, 0.9992201523013549, 0.18289502006061525, 0.9435235071168018, 0.18289502006061525, 0.9689712252788395, 0.9958320686768302, 0.46556791916810764, 0.7123288914966642, 0.011536923057731319, 0.9958320686768302, 0.6858865261209656, 0.925698356925509, 0.925698356925509, 0.5268121181138317, 0.09789205000301877, 0.925698356925509, 0.9864712356535609, 0.925698356925509, 0.9864712356535609, 0.8360263007671278, 0.925698356925509, 0.6313432344700952, 0.925698356925509, 0.9959456548333111, 0.7917609164121655, 0.9689712252788395, 0.925698356925509, 0.9958320686768302, 0.4536261704160516, 0.925698356925509, 0.9958320686768302, 0.925698356925509, 0.9435235071168018, 0.9958320686768302, 0.9989681220167042, 0.6858865261209656, 0.9974491868316757, 0.9607719739404093, 0.7619693298746574, 0.9689712252788395, 0.09789205000301877, 0.9989681220167042, 0.9689712252788395, 0.21040837919884708, 0.46556791916810764, 0.9435235071168018, 0.925698356925509, 0.6195353476043246, 0.4969543701637697, 0.9689712252788395, 0.9992201523013549, 0.4536261704160516, 0.925698356925509, 0.8974653092336954, 0.9958320686768302, 0.99812449909308, 0.5608474794842632, 0.8360263007671278, 0.7619693298746574, 0.9689712252788395, 0.9854424420392667, 0.9435235071168018, 0.9958320686768302, 0.9689712252788395, 0.9689712252788395, 0.9689712252788395, 0.9607719739404093, 0.9992201523013549, 0.9989681220167042, 0.5608474794842632, 0.6195353476043246, 0.925698356925509, 0.5608474794842632, 0.704888651189136, 0.7619693298746574, 0.21002256333232974, 0.46556791916810764, 0.6754357648584021, 0.9689712252788395, 0.9689712252788395, 0.9889615381576459, 0.8412142110716954, 0.6195353476043246, 0.9889615381576459, 0.5608474794842632, 0.925698356925509, 0.6195353476043246, 0.9435235071168018, 0.9689712252788395, 0.9435235071168018, 0.9689712252788395, 0.46556791916810764, 0.925698356925509, 0.5268121181138317, 0.9689712252788395, 0.8360263007671278, 0.6858865261209656, 0.08197879964628876]",21,train,9
0.95,94,1,0,5,100,56,1,1,1,0,0,0,56,1,1,1,0,0,0,"(array([0.4842608 , 0.78537959, 0.69591141, 0.95471394, 0.86651713,
       0.31664634, 0.61104804, 0.20421523, 0.24129789, 0.91774744,
       0.91476518]), array([0.81229675, 0.73510861, 0.77405161, 0.52456635, 0.675143  ,
       0.83322155, 0.7761569 , 0.84907001, 0.84833074, 0.58853304,
       0.60889697]), array([0.18406767, 0.26189566, 0.22273631, 0.4670378 , 0.31986395,
       0.16290057, 0.22058889, 0.14691298, 0.14767213, 0.40455851,
       0.38451594]), array([0.52742267, 0.22597538, 0.31609204, 0.05591486, 0.14502594,
       0.69363707, 0.40091789, 0.80461591, 0.7680335 , 0.09335384,
       0.0965331 ]))","['QwenPRM_avg_scores (7.63B)', 'GPM (8B)', 'EurusPRMStage2_avg_scores (7.62B)', 'QwenPRM_max_scores (7.63B)', 'DeepSeekQwen (32B)', 'Qwen72B_scores (72B)', 'EurusPRMStage1_min_scores (7.62B)', 'ArmorRM (8B)', 'Skyworks (8B)', 'SkyT1 (32B)', 'DeepSeekLlama (70B)']","[0.8364843450674756, 0.9998074217496087, 0.9999175149929194, 0.9989681220167042, 0.9998074217496087, 0.9900238253137609, 0.9985284648866826, 0.9689712252788395, 0.9989607471949096, 0.9902533166312844, 0.9958320686768302, 0.96483045980456, 0.9284214549541341, 0.9975767448827166, 0.9991959127576603, 0.14164140052785326, 0.576490200804567, 0.9989607471949096, 0.9975767448827166, 0.9989681220167042, 0.9871406886558195, 0.9989681220167042, 0.9975767448827166, 0.7606739229680014, 0.9992962990068426, 0.9768514896988386, 0.8364843450674756, 0.9989681220167042, 0.7123288914966642, 0.9689712252788395, 0.9871406886558195, 0.9689712252788395, 0.8819995288441159, 0.997117958161895, 0.997117958161895, 0.9607719739404093, 0.9998687041424302, 0.9998074217496087, 0.9871406886558195, 0.9975767448827166, 0.9998074217496087, 0.989953168596522, 0.7900151013953912, 0.35493171163461446, 0.9871406886558195, 0.8766056272208299, 0.9299678009948686, 0.948383980484702, 0.9498631079940475, 0.9972528856938351, 0.9689712252788395, 0.9871406886558195, 0.9991959127576603, 0.9975767448827166, 0.9921588954184459, 0.9999175149929194, 0.9999437654031859, 0.909364951942945, 0.9871406886558195, 0.9847363102104241, 0.9992201523013549, 0.9975767448827166, 0.9998074217496087, 0.7123288914966642, 0.9975767448827166, 0.9985284648866826, 0.9975767448827166, 0.9940641580997277, 0.9805753954348351, 6.167056917929335e-05, 0.9871406886558195, 0.9871406886558195, 0.9975767448827166, 0.9689712252788395, 0.49514285612788217, 0.9409059795985345, 0.909364951942945, 0.9940641580997277, 0.9992201523013549, 0.9975767448827166, 0.9409059795985345, 0.852546894368092, 0.9607719739404093, 0.9999175149929194, 0.9871406886558195, 0.18289502006061525, 0.9982107268746903, 0.9902533166312844, 0.9921588954184459, 0.9921032398176957, 0.9989681220167042, 0.9989681220167042, 0.9975767448827166, 0.8766056272208299, 0.9988216363685519, 0.9989681220167042, 0.9817537058996947, 0.9989681220167042, 0.9992201523013549, 0.14758865798986118]",22,train,9
0.63,11,52,37,0,100,84,1,1,1,0,0,0,84,1,1,1,0,0,0,"(array([0.4842608 , 0.78537959, 0.69591141, 0.95471394, 0.86651713,
       0.31664634, 0.61104804, 0.20421523, 0.24129789, 0.91774744,
       0.91476518]), array([0.81229675, 0.73510861, 0.77405161, 0.52456635, 0.675143  ,
       0.83322155, 0.7761569 , 0.84907001, 0.84833074, 0.58853304,
       0.60889697]), array([0.18406767, 0.26189566, 0.22273631, 0.4670378 , 0.31986395,
       0.16290057, 0.22058889, 0.14691298, 0.14767213, 0.40455851,
       0.38451594]), array([0.52742267, 0.22597538, 0.31609204, 0.05591486, 0.14502594,
       0.69363707, 0.40091789, 0.80461591, 0.7680335 , 0.09335384,
       0.0965331 ]))","['QwenPRM_avg_scores (7.63B)', 'GPM (8B)', 'EurusPRMStage2_avg_scores (7.62B)', 'QwenPRM_max_scores (7.63B)', 'DeepSeekQwen (32B)', 'Qwen72B_scores (72B)', 'EurusPRMStage1_min_scores (7.62B)', 'ArmorRM (8B)', 'Skyworks (8B)', 'SkyT1 (32B)', 'DeepSeekLlama (70B)']","[0.7819272766129928, 0.26876843557774516, 0.9768514896988386, 0.011406662210014629, 0.917764032527004, 0.016633934413660737, 0.4694753838500919, 0.6754357648584021, 0.9299678009948686, 0.016633934413660737, 0.08316784348478898, 0.9409059795985345, 0.14164140052785326, 0.008531120156250757, 0.02421131492300916, 0.17581850010036307, 0.008531120156250757, 0.9498631079940475, 0.5580163666096215, 0.9992201523013549, 0.7619693298746574, 0.9299678009948686, 0.0336900123447486, 0.26876843557774516, 0.016633934413660737, 0.5580163666096215, 0.576490200804567, 0.576490200804567, 0.8713096611731962, 0.9989681220167042, 0.7123288914966642, 0.5580163666096215, 0.6754357648584021, 0.9299678009948686, 0.09789205000301877, 0.9989681220167042, 0.9989681220167042, 0.2024435935824228, 0.9607719739404093, 0.7123288914966642, 0.3054060517099533, 0.17581850010036307, 0.008531120156250757, 0.9900238253137609, 0.997117958161895, 0.8713096611731962, 0.942429898311437, 0.6754357648584021, 0.6754357648584021, 0.08316784348478898, 0.4694753838500919, 0.11458924540764123, 0.4694753838500919, 0.10243457601199707, 0.011406662210014629, 0.917764032527004, 0.5580163666096215, 0.016633934413660737, 0.4605110951360229, 0.14164140052785326, 0.14164140052785326, 0.9992201523013549, 0.4694753838500919, 0.9284214549541341, 0.8725921792204024, 0.08111846521543177, 0.8713096611731962, 0.14164140052785326, 0.9992201523013549, 0.14164140052785326, 0.5335829608801403, 0.14164140052785326, 0.14164140052785326, 0.26092718775505136, 0.19487914214135177, 0.9299678009948686, 0.9498631079940475, 0.011406662210014629, 0.11435368269525453, 0.06414268518015077, 0.8713096611731962, 0.14164140052785326, 0.26876843557774516, 0.0008812566262891841, 0.9998074217496087, 0.14164140052785326, 0.4694753838500919, 0.4694753838500919, 0.9989681220167042, 0.016633934413660737, 0.011406662210014629, 0.0011813697692475535, 0.9689712252788395, 0.9992201523013549, 0.04410841442157144, 0.011406662210014629, 0.14164140052785326, 0.9783641689522015, 0.99812449909308, 0.9884240991382194]",23,train,1
1.0,100,0,0,0,100,10,1,1,1,0,0,0,10,1,1,1,0,0,0,"(array([0.4842608 , 0.78537959, 0.69591141, 0.95471394, 0.86651713,
       0.31664634, 0.61104804, 0.20421523, 0.24129789, 0.91774744,
       0.91476518]), array([0.81229675, 0.73510861, 0.77405161, 0.52456635, 0.675143  ,
       0.83322155, 0.7761569 , 0.84907001, 0.84833074, 0.58853304,
       0.60889697]), array([0.18406767, 0.26189566, 0.22273631, 0.4670378 , 0.31986395,
       0.16290057, 0.22058889, 0.14691298, 0.14767213, 0.40455851,
       0.38451594]), array([0.52742267, 0.22597538, 0.31609204, 0.05591486, 0.14502594,
       0.69363707, 0.40091789, 0.80461591, 0.7680335 , 0.09335384,
       0.0965331 ]))","['QwenPRM_avg_scores (7.63B)', 'GPM (8B)', 'EurusPRMStage2_avg_scores (7.62B)', 'QwenPRM_max_scores (7.63B)', 'DeepSeekQwen (32B)', 'Qwen72B_scores (72B)', 'EurusPRMStage1_min_scores (7.62B)', 'ArmorRM (8B)', 'Skyworks (8B)', 'SkyT1 (32B)', 'DeepSeekLlama (70B)']","[0.9607719739404093, 0.9989681220167042, 0.9924439248149891, 0.9958320686768302, 0.99812449909308, 0.9924439248149891, 0.8117103260186346, 0.9435235071168018, 0.9889615381576459, 0.9994682166114535, 0.9999175149929194, 0.9689712252788395, 0.9940641580997277, 0.9971547908593346, 0.9994682166114535, 0.9998074217496087, 0.9998074217496087, 0.9984215689713362, 0.9940641580997277, 0.9992201523013549, 0.9982107268746903, 0.9667669145797386, 0.9921588954184459, 0.9992201523013549, 0.9607719739404093, 0.9989681220167042, 0.9998074217496087, 0.9825668489454696, 0.9998074217496087, 0.9992201523013549, 0.9958320686768302, 0.972918679360229, 0.9989963293121484, 0.9992201523013549, 0.9995699088741679, 0.985827296503856, 0.9992962990068426, 0.9995578144003865, 0.9958320686768302, 0.9971547908593346, 0.9940641580997277, 0.9959456548333111, 0.9449838718108705, 0.9998074217496087, 0.9992201523013549, 0.9924439248149891, 0.9689712252788395, 0.9992201523013549, 0.9924439248149891, 0.9958320686768302, 0.9940641580997277, 0.9985284648866826, 0.9998687041424302, 0.9992201523013549, 0.9998074217496087, 0.9992201523013549, 0.9992962990068426, 0.9607719739404093, 0.9958320686768302, 0.9971547908593346, 0.9449546594157953, 0.9852534290790584, 0.9607719739404093, 0.9989681220167042, 0.9948363226819932, 0.9985284648866826, 0.9971547908593346, 0.9900238253137609, 0.9958320686768302, 0.9689712252788395, 0.9989963293121484, 0.9689712252788395, 0.972918679360229, 0.9971547908593346, 0.9992201523013549, 0.9924439248149891, 0.9992201523013549, 0.9924439248149891, 0.9956490259779673, 0.9902941573219514, 0.9998074217496087, 0.9940641580997277, 0.9992962990068426, 0.9994682166114535, 0.9948363226819932, 0.9989963293121484, 0.9989681220167042, 0.9924439248149891, 0.9924481362130905, 0.9971547908593346, 0.9924439248149891, 0.925698356925509, 0.9958320686768302, 0.9987206370913099, 0.9992201523013549, 0.9931772051837354, 0.9607719739404093, 0.9864712356535609, 0.9689712252788395, 0.9998687041424302]",24,train,9
0.44,22,22,3,53,100,0,1,1,1,0,0,0,46,0,1,0,1,0,0,"(array([0.4842608 , 0.78537959, 0.69591141, 0.95471394, 0.86651713,
       0.31664634, 0.61104804, 0.20421523, 0.24129789, 0.91774744,
       0.91476518]), array([0.81229675, 0.73510861, 0.77405161, 0.52456635, 0.675143  ,
       0.83322155, 0.7761569 , 0.84907001, 0.84833074, 0.58853304,
       0.60889697]), array([0.18406767, 0.26189566, 0.22273631, 0.4670378 , 0.31986395,
       0.16290057, 0.22058889, 0.14691298, 0.14767213, 0.40455851,
       0.38451594]), array([0.52742267, 0.22597538, 0.31609204, 0.05591486, 0.14502594,
       0.69363707, 0.40091789, 0.80461591, 0.7680335 , 0.09335384,
       0.0965331 ]))","['QwenPRM_avg_scores (7.63B)', 'GPM (8B)', 'EurusPRMStage2_avg_scores (7.62B)', 'QwenPRM_max_scores (7.63B)', 'DeepSeekQwen (32B)', 'Qwen72B_scores (72B)', 'EurusPRMStage1_min_scores (7.62B)', 'ArmorRM (8B)', 'Skyworks (8B)', 'SkyT1 (32B)', 'DeepSeekLlama (70B)']","[0.9940641580997277, 0.04628324156784688, 0.9607719739404093, 0.004938593967817696, 0.8766056272208299, 0.004707840148325058, 0.08111846521543177, 0.10222111511659389, 0.11458924540764123, 0.5698400877830821, 0.004938593967817696, 0.004707840148325058, 0.008947586576676764, 0.9213209003206595, 0.008947586576676764, 0.008531120156250757, 0.4814666981679841, 0.3791135167043352, 0.0011813697692475535, 0.0009246254814453276, 0.576490200804567, 0.004938593967817696, 0.26092718775505136, 0.03492616999606236, 0.0009246254814453276, 0.004707840148325058, 0.04410841442157144, 0.0582710266294641, 0.5698400877830821, 0.42137255516159466, 0.9902533166312844, 0.10222111511659389, 0.2703057777221444, 0.04618077263652076, 0.04618077263652076, 0.0011813697692475535, 0.42137255516159466, 0.4814666981679841, 0.06461300126071781, 0.14758865798986118, 0.017439001022665317, 0.8766056272208299, 0.006302880683025754, 0.4814666981679841, 0.006302880683025754, 0.5698400877830821, 6.167056917929335e-05, 0.016633934413660737, 0.11435368269525453, 0.016633934413660737, 0.006302880683025754, 0.11955884618095514, 0.08316784348478898, 0.42137255516159466, 0.40913349828494444, 0.11955884618095514, 0.08316784348478898, 6.167056917929335e-05, 0.5698400877830821, 0.04618077263652076, 0.4383122629337493, 0.008947586576676764, 0.4814666981679841, 0.04628324156784688, 0.42137255516159466, 0.0011813697692475535, 0.8412142110716954, 0.9889615381576459, 0.8766056272208299, 0.06461300126071781, 0.006302880683025754, 0.011536923057731319, 0.9123938520391015, 0.4969543701637697, 0.14758865798986118, 0.003216127532180629, 0.5580163666096215, 0.4814666981679841, 0.9449546594157953, 0.5698400877830821, 0.9902533166312844, 0.4694753838500919, 0.04618077263652076, 0.008947586576676764, 0.5580163666096215, 0.0582710266294641, 0.04618077263652076, 0.9299678009948686, 0.4814666981679841, 0.011406662210014629, 0.42137255516159466, 0.9902533166312844, 0.0009246254814453276, 0.3213066081019536, 0.04618077263652076, 0.0008812566262891841, 0.8766056272208299, 0.0009246254814453276, 0.8766056272208299, 0.9902533166312844]",25,train,7
0.89,60,29,11,0,100,69,1,1,1,0,0,0,69,1,1,1,0,0,0,"(array([0.4842608 , 0.78537959, 0.69591141, 0.95471394, 0.86651713,
       0.31664634, 0.61104804, 0.20421523, 0.24129789, 0.91774744,
       0.91476518]), array([0.81229675, 0.73510861, 0.77405161, 0.52456635, 0.675143  ,
       0.83322155, 0.7761569 , 0.84907001, 0.84833074, 0.58853304,
       0.60889697]), array([0.18406767, 0.26189566, 0.22273631, 0.4670378 , 0.31986395,
       0.16290057, 0.22058889, 0.14691298, 0.14767213, 0.40455851,
       0.38451594]), array([0.52742267, 0.22597538, 0.31609204, 0.05591486, 0.14502594,
       0.69363707, 0.40091789, 0.80461591, 0.7680335 , 0.09335384,
       0.0965331 ]))","['QwenPRM_avg_scores (7.63B)', 'GPM (8B)', 'EurusPRMStage2_avg_scores (7.62B)', 'QwenPRM_max_scores (7.63B)', 'DeepSeekQwen (32B)', 'Qwen72B_scores (72B)', 'EurusPRMStage1_min_scores (7.62B)', 'ArmorRM (8B)', 'Skyworks (8B)', 'SkyT1 (32B)', 'DeepSeekLlama (70B)']","[0.09789205000301877, 0.9982107268746903, 0.14164140052785326, 0.7123288914966642, 0.9924439248149891, 0.9647167770137443, 0.7123288914966642, 0.6754357648584021, 0.4694753838500919, 0.9607719739404093, 0.9607719739404093, 0.9992201523013549, 0.8972512684634638, 0.9992201523013549, 0.14164140052785326, 0.016633934413660737, 0.14164140052785326, 0.5580163666096215, 0.9992201523013549, 0.008531120156250757, 0.9647167770137443, 0.09789205000301877, 0.9992201523013549, 0.9974491868316757, 0.9924439248149891, 0.9864712356535609, 0.039099622537352406, 0.9992201523013549, 0.9864712356535609, 0.14164140052785326, 0.14164140052785326, 0.8360263007671278, 0.4694753838500919, 0.9992201523013549, 0.14164140052785326, 0.9689712252788395, 0.016633934413660737, 0.9864712356535609, 0.9924439248149891, 0.9992201523013549, 0.9992201523013549, 0.14164140052785326, 0.6754357648584021, 0.9974491868316757, 0.8819995288441159, 0.9992201523013549, 0.9958320686768302, 0.011001273535057489, 0.9689712252788395, 0.9689712252788395, 0.9756595910656567, 0.008531120156250757, 0.9958320686768302, 0.6754357648584021, 0.9689712252788395, 0.9974491868316757, 0.14164140052785326, 0.9864712356535609, 0.14164140052785326, 0.008531120156250757, 0.996749902014427, 0.9992201523013549, 0.016633934413660737, 0.6754357648584021, 0.0006012916971596231, 0.9952425083366081, 0.9992201523013549, 0.008531120156250757, 0.4969543701637697, 0.9996658638743201, 0.9689712252788395, 0.14164140052785326, 0.9940641580997277, 0.6754357648584021, 0.9852534290790584, 0.9994682166114535, 0.14164140052785326, 0.9992201523013549, 0.6754357648584021, 0.9974491868316757, 0.9994682166114535, 0.9974491868316757, 0.9992201523013549, 0.9992201523013549, 0.9924439248149891, 0.9996658638743201, 0.9958320686768302, 0.9940641580997277, 0.0008812566262891841, 0.9607719739404093, 0.8819995288441159, 0.9647167770137443, 0.6754357648584021, 0.9924439248149891, 0.9889615381576459, 0.12702894394702083, 0.14164140052785326, 0.9958320686768302, 0.6858865261209656, 0.9992201523013549]",26,train,5
1.0,100,0,0,0,100,6,1,1,1,0,0,0,6,1,1,1,0,0,0,"(array([0.4842608 , 0.78537959, 0.69591141, 0.95471394, 0.86651713,
       0.31664634, 0.61104804, 0.20421523, 0.24129789, 0.91774744,
       0.91476518]), array([0.81229675, 0.73510861, 0.77405161, 0.52456635, 0.675143  ,
       0.83322155, 0.7761569 , 0.84907001, 0.84833074, 0.58853304,
       0.60889697]), array([0.18406767, 0.26189566, 0.22273631, 0.4670378 , 0.31986395,
       0.16290057, 0.22058889, 0.14691298, 0.14767213, 0.40455851,
       0.38451594]), array([0.52742267, 0.22597538, 0.31609204, 0.05591486, 0.14502594,
       0.69363707, 0.40091789, 0.80461591, 0.7680335 , 0.09335384,
       0.0965331 ]))","['QwenPRM_avg_scores (7.63B)', 'GPM (8B)', 'EurusPRMStage2_avg_scores (7.62B)', 'QwenPRM_max_scores (7.63B)', 'DeepSeekQwen (32B)', 'Qwen72B_scores (72B)', 'EurusPRMStage1_min_scores (7.62B)', 'ArmorRM (8B)', 'Skyworks (8B)', 'SkyT1 (32B)', 'DeepSeekLlama (70B)']","[0.9984760555961234, 0.9989681220167042, 0.9956402808371115, 0.9921588954184459, 0.9989599823875285, 0.9891434827043374, 0.9998932901340063, 0.9957992953483049, 0.9995677640429822, 0.9435235071168018, 0.9998074217496087, 0.9891434827043374, 0.9995677640429822, 0.9995677640429822, 0.9994280102143102, 0.9998932901340063, 0.9778781764928224, 0.9689712252788395, 0.9998932901340063, 0.9778781764928224, 0.9607719739404093, 0.9994280102143102, 0.9998074217496087, 0.9986559087989746, 0.9998932901340063, 0.9998074217496087, 0.9967024342106996, 0.9998932901340063, 0.9958320686768302, 0.9944478593897712, 0.9924439248149891, 0.9998932901340063, 0.9995677640429822, 0.9778781764928224, 0.903284219620329, 0.9958320686768302, 0.9998932901340063, 0.9957992953483049, 0.9995677640429822, 0.9998932901340063, 0.9900238253137609, 0.9998932901340063, 0.9921588954184459, 0.9998932901340063, 0.9778781764928224, 0.9989963293121484, 0.9998074217496087, 0.9976863986013396, 0.9989599823875285, 0.9992201523013549, 0.925698356925509, 0.9998932901340063, 0.9995677640429822, 0.9998932901340063, 0.9998932901340063, 0.9998932901340063, 0.9994280102143102, 0.9994280102143102, 0.9940641580997277, 0.9995677640429822, 0.9998932901340063, 0.9989599823875285, 0.9998074217496087, 0.9998074217496087, 0.9994280102143102, 0.9991841397922518, 0.9992201523013549, 0.9574213326300064, 0.9976863986013396, 0.9998932901340063, 0.9985284648866826, 0.99812449909308, 0.9998932901340063, 0.9995677640429822, 0.9449546594157953, 0.9995677640429822, 0.9998932901340063, 0.9998932901340063, 0.9900238253137609, 0.9989599823875285, 0.9981966235690455, 0.9991841397922518, 0.9991841397922518, 0.9992201523013549, 0.9998074217496087, 0.99812449909308, 0.9804250138172704, 0.9995677640429822, 0.9998932901340063, 0.9989681220167042, 0.9998074217496087, 0.9918814758941367, 0.9995543242898653, 0.9967024342106996, 0.9998932901340063, 0.9992201523013549, 0.9984760555961234, 0.9991841397922518, 0.9998074217496087, 0.9992201523013549]",27,train,9
0.9,41,49,9,1,100,23,1,1,1,0,0,0,23,1,1,1,0,0,0,"(array([0.4842608 , 0.78537959, 0.69591141, 0.95471394, 0.86651713,
       0.31664634, 0.61104804, 0.20421523, 0.24129789, 0.91774744,
       0.91476518]), array([0.81229675, 0.73510861, 0.77405161, 0.52456635, 0.675143  ,
       0.83322155, 0.7761569 , 0.84907001, 0.84833074, 0.58853304,
       0.60889697]), array([0.18406767, 0.26189566, 0.22273631, 0.4670378 , 0.31986395,
       0.16290057, 0.22058889, 0.14691298, 0.14767213, 0.40455851,
       0.38451594]), array([0.52742267, 0.22597538, 0.31609204, 0.05591486, 0.14502594,
       0.69363707, 0.40091789, 0.80461591, 0.7680335 , 0.09335384,
       0.0965331 ]))","['QwenPRM_avg_scores (7.63B)', 'GPM (8B)', 'EurusPRMStage2_avg_scores (7.62B)', 'QwenPRM_max_scores (7.63B)', 'DeepSeekQwen (32B)', 'Qwen72B_scores (72B)', 'EurusPRMStage1_min_scores (7.62B)', 'ArmorRM (8B)', 'Skyworks (8B)', 'SkyT1 (32B)', 'DeepSeekLlama (70B)']","[0.996749902014427, 0.9958320686768302, 0.982814287187736, 0.6200829514267926, 0.9435235071168018, 0.4694753838500919, 0.016633934413660737, 0.008968216855155114, 0.4096953902375555, 0.016633934413660737, 0.014697075738039305, 0.5580163666096215, 0.6858865261209656, 0.08111846521543177, 0.0008812566262891841, 0.11458924540764123, 0.08316784348478898, 0.9940641580997277, 0.08316784348478898, 0.982814287187736, 0.008968216855155114, 0.14304370962491883, 0.9958320686768302, 0.9999175149929194, 0.016633934413660737, 0.8713096611731962, 0.11458924540764123, 0.4096953902375555, 0.016633934413660737, 0.6754357648584021, 0.7620712008994122, 0.11458924540764123, 0.9974491868316757, 0.14164140052785326, 0.016633934413660737, 0.9992201523013549, 0.0008812566262891841, 0.10243457601199707, 0.982814287187736, 0.11458924540764123, 0.9864712356535609, 0.6858865261209656, 0.008968216855155114, 0.6195353476043246, 0.4096953902375555, 0.4694753838500919, 0.016633934413660737, 0.9958320686768302, 0.016633934413660737, 0.9974491868316757, 0.016633934413660737, 0.14304370962491883, 0.5580163666096215, 0.9982107268746903, 0.9805753954348351, 0.9999175149929194, 0.8713096611731962, 0.917764032527004, 0.9689712252788395, 0.11458924540764123, 0.9667669145797386, 0.011406662210014629, 0.4096953902375555, 0.9992201523013549, 0.4694753838500919, 0.0008812566262891841, 0.9966267501059514, 0.996749902014427, 0.4096953902375555, 0.9991959127576603, 0.9435235071168018, 0.0011813697692475535, 0.016633934413660737, 0.9213209003206595, 0.9864712356535609, 0.9982107268746903, 0.4096953902375555, 0.0008812566262891841, 0.016633934413660737, 0.0008812566262891841, 0.9958320686768302, 0.9944519238904612, 0.9982107268746903, 0.016633934413660737, 0.11458924540764123, 0.5268121181138317, 0.9992201523013549, 0.7619693298746574, 0.016633934413660737, 0.9924439248149891, 0.9992201523013549, 0.04410841442157144, 0.9996658638743201, 0.9992201523013549, 0.9989681220167042, 0.016633934413660737, 0.008531120156250757, 0.7619693298746574, 0.26876843557774516, 0.11458924540764123]",28,train,4
0.98,98,0,2,0,100,4,1,1,1,0,0,0,4,1,1,1,0,0,0,"(array([0.4842608 , 0.78537959, 0.69591141, 0.95471394, 0.86651713,
       0.31664634, 0.61104804, 0.20421523, 0.24129789, 0.91774744,
       0.91476518]), array([0.81229675, 0.73510861, 0.77405161, 0.52456635, 0.675143  ,
       0.83322155, 0.7761569 , 0.84907001, 0.84833074, 0.58853304,
       0.60889697]), array([0.18406767, 0.26189566, 0.22273631, 0.4670378 , 0.31986395,
       0.16290057, 0.22058889, 0.14691298, 0.14767213, 0.40455851,
       0.38451594]), array([0.52742267, 0.22597538, 0.31609204, 0.05591486, 0.14502594,
       0.69363707, 0.40091789, 0.80461591, 0.7680335 , 0.09335384,
       0.0965331 ]))","['QwenPRM_avg_scores (7.63B)', 'GPM (8B)', 'EurusPRMStage2_avg_scores (7.62B)', 'QwenPRM_max_scores (7.63B)', 'DeepSeekQwen (32B)', 'Qwen72B_scores (72B)', 'EurusPRMStage1_min_scores (7.62B)', 'ArmorRM (8B)', 'Skyworks (8B)', 'SkyT1 (32B)', 'DeepSeekLlama (70B)']","[0.9998932901340063, 0.9996961230637034, 0.999814839566539, 0.9995543242898653, 0.9999542963346586, 0.9981966235690455, 0.9985850764302675, 0.9995677640429822, 0.999814839566539, 0.9902533166312844, 0.9999542963346586, 0.9973584403252603, 0.9996071928694011, 0.9982596021643145, 0.999814839566539, 0.9958320686768302, 0.9904044754022139, 0.9997549524975378, 0.9995543242898653, 0.9995543242898653, 0.999814839566539, 0.9995543242898653, 0.9999542963346586, 0.9999542963346586, 0.9936637463240391, 0.5335829608801403, 0.9996658638743201, 0.9996658638743201, 0.9907370508707435, 0.9160248386367282, 0.9976863986013396, 0.9995543242898653, 0.9996504266347962, 0.9995543242898653, 0.999814839566539, 0.9936637463240391, 0.9993692516506245, 0.9667669145797386, 0.9996658638743201, 0.9995677640429822, 0.999814839566539, 0.9995543242898653, 0.9994027954788328, 0.9999542963346586, 0.9996658638743201, 0.9999542963346586, 0.9997549524975378, 0.9993467677150814, 0.6858865261209656, 0.9998932901340063, 0.9942043802764123, 0.9995543242898653, 0.999814839566539, 0.99812449909308, 0.9999542963346586, 0.9404671303674915, 0.999007836282382, 0.6754357648584021, 0.9859954262409139, 0.9998932901340063, 0.9915216906188277, 0.9996658638743201, 0.9999542963346586, 0.9995677640429822, 0.8819995288441159, 0.9982596021643145, 0.9999542963346586, 0.9995543242898653, 0.9994239203135152, 0.9997549524975378, 0.9985284648866826, 0.9999542963346586, 0.9999175149929194, 0.9996961230637034, 0.9689712252788395, 0.9996658638743201, 0.996749902014427, 0.9998932901340063, 0.9991242405055732, 0.9689712252788395, 0.9915216906188277, 0.9995543242898653, 0.9995543242898653, 0.9933383492500082, 0.9999542963346586, 0.8984519853509497, 0.999814839566539, 0.9997549524975378, 0.576490200804567, 0.9996658638743201, 0.9981966235690455, 0.9904044754022139, 0.9996504266347962, 0.999814839566539, 0.9999175149929194, 0.9999542963346586, 0.9999542963346586, 0.9999542963346586, 0.9921588954184459, 0.999814839566539]",29,train,9
0.85,80,5,0,15,100,59,1,1,1,0,0,0,52,0,1,0,1,0,0,"(array([0.4842608 , 0.78537959, 0.69591141, 0.95471394, 0.86651713,
       0.31664634, 0.61104804, 0.20421523, 0.24129789, 0.91774744,
       0.91476518]), array([0.81229675, 0.73510861, 0.77405161, 0.52456635, 0.675143  ,
       0.83322155, 0.7761569 , 0.84907001, 0.84833074, 0.58853304,
       0.60889697]), array([0.18406767, 0.26189566, 0.22273631, 0.4670378 , 0.31986395,
       0.16290057, 0.22058889, 0.14691298, 0.14767213, 0.40455851,
       0.38451594]), array([0.52742267, 0.22597538, 0.31609204, 0.05591486, 0.14502594,
       0.69363707, 0.40091789, 0.80461591, 0.7680335 , 0.09335384,
       0.0965331 ]))","['QwenPRM_avg_scores (7.63B)', 'GPM (8B)', 'EurusPRMStage2_avg_scores (7.62B)', 'QwenPRM_max_scores (7.63B)', 'DeepSeekQwen (32B)', 'Qwen72B_scores (72B)', 'EurusPRMStage1_min_scores (7.62B)', 'ArmorRM (8B)', 'Skyworks (8B)', 'SkyT1 (32B)', 'DeepSeekLlama (70B)']","[0.9992201523013549, 0.6858865261209656, 0.9689712252788395, 0.017439001022665317, 0.9989681220167042, 0.9689712252788395, 0.6858865261209656, 0.9992201523013549, 0.9940641580997277, 0.9689712252788395, 0.6858865261209656, 0.9992201523013549, 0.011536923057731319, 0.9958320686768302, 0.6858865261209656, 0.2024435935824228, 0.9213209003206595, 0.14758865798986118, 0.14758865798986118, 0.9299678009948686, 0.14758865798986118, 0.7123288914966642, 0.9992201523013549, 0.7123288914966642, 0.9213209003206595, 0.9689712252788395, 0.3791135167043352, 0.9689712252788395, 0.9889615381576459, 0.14758865798986118, 0.017439001022665317, 0.9958320686768302, 0.9435235071168018, 0.14758865798986118, 0.14758865798986118, 0.4814666981679841, 0.9689712252788395, 0.9689712252788395, 0.9972528856938351, 0.9940641580997277, 0.5698400877830821, 0.9213209003206595, 0.6858865261209656, 0.9958320686768302, 0.9449546594157953, 0.9992201523013549, 0.9213209003206595, 0.9940641580997277, 0.9982107268746903, 0.9689712252788395, 0.9689712252788395, 0.7619693298746574, 6.167056917929335e-05, 0.9689712252788395, 0.9689712252788395, 0.9213209003206595, 0.9989681220167042, 0.8972512684634638, 0.9689712252788395, 0.9994682166114535, 0.9689712252788395, 0.6858865261209656, 0.9940641580997277, 0.9889615381576459, 0.6601017364719609, 0.9924439248149891, 0.9213209003206595, 0.6858865261209656, 0.9213209003206595, 0.9299678009948686, 0.9689712252788395, 0.576490200804567, 0.9299678009948686, 0.9689712252788395, 0.6313432344700952, 0.9992201523013549, 0.9992201523013549, 0.17581850010036307, 0.9689712252788395, 0.9958320686768302, 0.6858865261209656, 0.7123288914966642, 0.7123288914966642, 0.4814666981679841, 0.2024435935824228, 0.2025343092324537, 0.9607931404162301, 0.4383122629337493, 0.9689712252788395, 0.9902533166312844, 0.9689712252788395, 0.4694753838500919, 0.9689712252788395, 0.7123288914966642, 0.9889615381576459, 0.6858865261209656, 0.9689712252788395, 0.9940641580997277, 0.0011813697692475535, 0.9992201523013549]",30,train,9
1.0,99,1,0,0,100,4,1,1,1,0,0,0,4,1,1,1,0,0,0,"(array([0.4842608 , 0.78537959, 0.69591141, 0.95471394, 0.86651713,
       0.31664634, 0.61104804, 0.20421523, 0.24129789, 0.91774744,
       0.91476518]), array([0.81229675, 0.73510861, 0.77405161, 0.52456635, 0.675143  ,
       0.83322155, 0.7761569 , 0.84907001, 0.84833074, 0.58853304,
       0.60889697]), array([0.18406767, 0.26189566, 0.22273631, 0.4670378 , 0.31986395,
       0.16290057, 0.22058889, 0.14691298, 0.14767213, 0.40455851,
       0.38451594]), array([0.52742267, 0.22597538, 0.31609204, 0.05591486, 0.14502594,
       0.69363707, 0.40091789, 0.80461591, 0.7680335 , 0.09335384,
       0.0965331 ]))","['QwenPRM_avg_scores (7.63B)', 'GPM (8B)', 'EurusPRMStage2_avg_scores (7.62B)', 'QwenPRM_max_scores (7.63B)', 'DeepSeekQwen (32B)', 'Qwen72B_scores (72B)', 'EurusPRMStage1_min_scores (7.62B)', 'ArmorRM (8B)', 'Skyworks (8B)', 'SkyT1 (32B)', 'DeepSeekLlama (70B)']","[0.9607719739404093, 0.9989681220167042, 0.9992201523013549, 0.9940641580997277, 0.9998074217496087, 0.9689712252788395, 0.9985284648866826, 0.985827296503856, 0.9793589109503135, 0.9989681220167042, 0.965218162124911, 0.9940641580997277, 0.9957029722107007, 0.9989681220167042, 0.9992201523013549, 0.9998074217496087, 0.9607719739404093, 0.0011813697692475535, 0.9998074217496087, 0.9987794904257052, 0.9689712252788395, 0.6858865261209656, 0.9900238253137609, 0.9992962990068426, 0.9871406886558195, 0.9689712252788395, 0.9213209003206595, 0.9864712356535609, 0.9993692516506245, 0.9940641580997277, 0.9940641580997277, 0.9989681220167042, 0.9213209003206595, 0.9958320686768302, 0.9689712252788395, 0.996749902014427, 0.9900238253137609, 0.9998074217496087, 0.9989681220167042, 0.9992201523013549, 0.9689712252788395, 0.9449546594157953, 0.9449546594157953, 0.7619693298746574, 0.9940641580997277, 0.9998074217496087, 0.9940641580997277, 0.9940641580997277, 0.9985284648866826, 0.9989681220167042, 0.9952425083366081, 0.9924439248149891, 0.9992201523013549, 0.9864712356535609, 0.9689712252788395, 0.9449546594157953, 0.9985284648866826, 0.9940641580997277, 0.9989681220167042, 0.9993692516506245, 0.8819995288441159, 0.9864712356535609, 0.9992201523013549, 0.9989681220167042, 0.9689712252788395, 0.9958320686768302, 0.9985284648866826, 0.9449546594157953, 0.9992201523013549, 0.9940641580997277, 0.9689712252788395, 0.9864712356535609, 0.9786355410735843, 0.9974491868316757, 0.9996658638743201, 0.9998074217496087, 0.7619693298746574, 0.9992201523013549, 0.9958320686768302, 0.9689712252788395, 0.9959456548333111, 0.9985284648866826, 0.9992201523013549, 0.9991959127576603, 0.9995578144003865, 0.9900238253137609, 0.9689712252788395, 0.9900238253137609, 0.9864712356535609, 0.9786355410735843, 0.9958320686768302, 0.9957029722107007, 0.6195353476043246, 0.9940641580997277, 0.9958320686768302, 0.9940641580997277, 0.9689712252788395, 0.9991959127576603, 0.9921588954184459, 0.9992201523013549]",31,train,9
1.0,100,0,0,0,100,53,1,1,1,0,0,0,53,1,1,1,0,0,0,"(array([0.4842608 , 0.78537959, 0.69591141, 0.95471394, 0.86651713,
       0.31664634, 0.61104804, 0.20421523, 0.24129789, 0.91774744,
       0.91476518]), array([0.81229675, 0.73510861, 0.77405161, 0.52456635, 0.675143  ,
       0.83322155, 0.7761569 , 0.84907001, 0.84833074, 0.58853304,
       0.60889697]), array([0.18406767, 0.26189566, 0.22273631, 0.4670378 , 0.31986395,
       0.16290057, 0.22058889, 0.14691298, 0.14767213, 0.40455851,
       0.38451594]), array([0.52742267, 0.22597538, 0.31609204, 0.05591486, 0.14502594,
       0.69363707, 0.40091789, 0.80461591, 0.7680335 , 0.09335384,
       0.0965331 ]))","['QwenPRM_avg_scores (7.63B)', 'GPM (8B)', 'EurusPRMStage2_avg_scores (7.62B)', 'QwenPRM_max_scores (7.63B)', 'DeepSeekQwen (32B)', 'Qwen72B_scores (72B)', 'EurusPRMStage1_min_scores (7.62B)', 'ArmorRM (8B)', 'Skyworks (8B)', 'SkyT1 (32B)', 'DeepSeekLlama (70B)']","[0.9982596021643145, 0.9974491868316757, 0.9538292265646245, 0.9689712252788395, 0.9275842670857245, 0.6858865261209656, 0.9940641580997277, 0.9689712252788395, 0.996749902014427, 0.8360263007671278, 0.9996658638743201, 0.9940641580997277, 0.9936307532638827, 0.8819995288441159, 0.9667669145797386, 0.9998074217496087, 0.9996658638743201, 0.9992201523013549, 0.9532492256055151, 0.9665132810460172, 0.9813097530408688, 0.8972512684634638, 0.9940641580997277, 0.5278983122477208, 0.986365863865831, 0.9981966235690455, 0.9864712356535609, 0.9889615381576459, 0.9915875553045611, 0.9756595910656567, 0.8820579813428742, 0.8524542950472359, 0.9689712252788395, 0.9667669145797386, 0.9864712356535609, 0.7917609164121655, 0.9940641580997277, 0.9936307532638827, 0.9647167770137443, 0.9985850764302675, 0.9938840548796366, 0.8725921792204024, 0.9665132810460172, 0.9982107268746903, 0.9958320686768302, 0.9996658638743201, 0.9992201523013549, 0.9940641580997277, 0.9904044754022139, 0.9924439248149891, 0.9974491868316757, 0.7123288914966642, 0.965218162124911, 0.9999175149929194, 0.965218162124911, 0.925698356925509, 0.9964609770065346, 0.9996658638743201, 0.9411478178214264, 0.9667669145797386, 0.9964609770065346, 0.9689712252788395, 0.8360263007671278, 0.9940641580997277, 0.9991959127576603, 0.9974491868316757, 0.9974491868316757, 0.9974491868316757, 0.9974491868316757, 0.925698356925509, 0.9813097530408688, 0.6858865261209656, 0.9992201523013549, 0.9665132810460172, 0.9944478593897712, 0.9750056365223174, 0.9689712252788395, 0.999814839566539, 0.9992201523013549, 0.8819995288441159, 0.9940641580997277, 0.9936307532638827, 0.9974491868316757, 0.9940641580997277, 0.9449546594157953, 0.9251555550231596, 0.9817537058996947, 0.9813097530408688, 0.99812449909308, 0.9667669145797386, 0.9994682166114535, 0.9864712356535609, 0.9940641580997277, 0.9992201523013549, 0.9940641580997277, 0.9864712356535609, 0.9936307532638827, 0.9904044754022139, 0.9982107268746903, 0.8972512684634638]",32,train,9
1.0,100,0,0,0,100,5,1,1,1,0,0,0,5,1,1,1,0,0,0,"(array([0.4842608 , 0.78537959, 0.69591141, 0.95471394, 0.86651713,
       0.31664634, 0.61104804, 0.20421523, 0.24129789, 0.91774744,
       0.91476518]), array([0.81229675, 0.73510861, 0.77405161, 0.52456635, 0.675143  ,
       0.83322155, 0.7761569 , 0.84907001, 0.84833074, 0.58853304,
       0.60889697]), array([0.18406767, 0.26189566, 0.22273631, 0.4670378 , 0.31986395,
       0.16290057, 0.22058889, 0.14691298, 0.14767213, 0.40455851,
       0.38451594]), array([0.52742267, 0.22597538, 0.31609204, 0.05591486, 0.14502594,
       0.69363707, 0.40091789, 0.80461591, 0.7680335 , 0.09335384,
       0.0965331 ]))","['QwenPRM_avg_scores (7.63B)', 'GPM (8B)', 'EurusPRMStage2_avg_scores (7.62B)', 'QwenPRM_max_scores (7.63B)', 'DeepSeekQwen (32B)', 'Qwen72B_scores (72B)', 'EurusPRMStage1_min_scores (7.62B)', 'ArmorRM (8B)', 'Skyworks (8B)', 'SkyT1 (32B)', 'DeepSeekLlama (70B)']","[0.9689712252788395, 0.9756595910656567, 0.9992201523013549, 0.9998074217496087, 0.9689712252788395, 0.9999542963346586, 0.9793589109503135, 0.9689712252788395, 0.9998932901340063, 0.9921588954184459, 0.9998074217496087, 0.9607719739404093, 0.9940641580997277, 0.9999175149929194, 0.9994280102143102, 0.9618043844487361, 0.9940641580997277, 0.9959456548333111, 0.9889615381576459, 0.9998932901340063, 0.9900238253137609, 0.9992201523013549, 0.9991841397922518, 0.9994280102143102, 0.9958320686768302, 0.996749902014427, 0.9998074217496087, 0.99812449909308, 0.9999175149929194, 0.9958320686768302, 0.9959456548333111, 0.9998932901340063, 0.9864712356535609, 0.9998932901340063, 0.9940641580997277, 0.9940641580997277, 0.9966267501059514, 0.9994280102143102, 0.9902941573219514, 0.9995543242898653, 0.9992201523013549, 0.9998074217496087, 0.8972512684634638, 0.9985284648866826, 0.9989599823875285, 0.9989599823875285, 0.9924439248149891, 0.9998074217496087, 0.9992201523013549, 0.99812449909308, 0.9992201523013549, 0.9900238253137609, 0.9992201523013549, 0.9998932901340063, 0.9998074217496087, 0.9982596021643145, 0.9992201523013549, 0.982814287187736, 0.9864712356535609, 0.9864712356535609, 0.9998932901340063, 0.9940641580997277, 0.9998932901340063, 0.9994280102143102, 0.9689712252788395, 0.9989599823875285, 0.99812449909308, 0.9956402808371115, 0.9992201523013549, 0.9123938520391015, 0.9966002041927673, 0.9989599823875285, 0.9786355410735843, 0.9213209003206595, 0.9998074217496087, 0.9985284648866826, 0.9998932901340063, 0.9940641580997277, 0.9994280102143102, 0.9998074217496087, 0.9940641580997277, 0.9689712252788395, 0.9992201523013549, 0.9995543242898653, 0.9989681220167042, 0.9786355410735843, 0.9989681220167042, 0.9940641580997277, 0.9940641580997277, 0.9998074217496087, 0.9992201523013549, 0.9999542963346586, 0.9999175149929194, 0.9992201523013549, 0.985827296503856, 0.9989681220167042, 0.9999175149929194, 0.9991841397922518, 0.9998932901340063, 0.9992201523013549]",33,train,9
0.98,0,98,2,0,100,3,0,0,0,0,1,0,14,0,1,0,1,0,0,"(array([0.4842608 , 0.78537959, 0.69591141, 0.95471394, 0.86651713,
       0.31664634, 0.61104804, 0.20421523, 0.24129789, 0.91774744,
       0.91476518]), array([0.81229675, 0.73510861, 0.77405161, 0.52456635, 0.675143  ,
       0.83322155, 0.7761569 , 0.84907001, 0.84833074, 0.58853304,
       0.60889697]), array([0.18406767, 0.26189566, 0.22273631, 0.4670378 , 0.31986395,
       0.16290057, 0.22058889, 0.14691298, 0.14767213, 0.40455851,
       0.38451594]), array([0.52742267, 0.22597538, 0.31609204, 0.05591486, 0.14502594,
       0.69363707, 0.40091789, 0.80461591, 0.7680335 , 0.09335384,
       0.0965331 ]))","['QwenPRM_avg_scores (7.63B)', 'GPM (8B)', 'EurusPRMStage2_avg_scores (7.62B)', 'QwenPRM_max_scores (7.63B)', 'DeepSeekQwen (32B)', 'Qwen72B_scores (72B)', 'EurusPRMStage1_min_scores (7.62B)', 'ArmorRM (8B)', 'Skyworks (8B)', 'SkyT1 (32B)', 'DeepSeekLlama (70B)']","[0.08316784348478898, 0.016633934413660737, 0.016633934413660737, 0.8713096611731962, 0.2024435935824228, 0.004707840148325058, 0.013062841354522767, 0.2024435935824228, 0.08316784348478898, 0.006302880683025754, 0.08316784348478898, 0.00033063358084964095, 0.0011813697692475535, 0.016633934413660737, 6.167056917929335e-05, 0.011406662210014629, 0.7123288914966642, 0.011406662210014629, 0.016633934413660737, 0.0011813697692475535, 0.016633934413660737, 0.006302880683025754, 0.0011813697692475535, 0.016633934413660737, 0.14164140052785326, 0.14164140052785326, 0.08316784348478898, 0.0011813697692475535, 0.006302880683025754, 0.006302880683025754, 6.167056917929335e-05, 0.016633934413660737, 6.167056917929335e-05, 0.011001273535057489, 0.004938593967817696, 0.016633934413660737, 0.0008812566262891841, 0.003216127532180629, 0.08316784348478898, 6.167056917929335e-05, 6.167056917929335e-05, 0.0582710266294641, 0.004938593967817696, 0.004582169375421975, 6.167056917929335e-05, 0.0008812566262891841, 0.0009246254814453276, 0.006302880683025754, 6.167056917929335e-05, 6.167056917929335e-05, 0.006302880683025754, 0.0582710266294641, 0.003216127532180629, 0.004707840148325058, 0.006302880683025754, 0.03492616999606236, 0.00670322219118841, 0.016633934413660737, 0.004707840148325058, 0.013062841354522767, 0.0006012916971596231, 0.08316784348478898, 0.08690849328544217, 0.11458924540764123, 0.006302880683025754, 0.00033063358084964095, 0.14164140052785326, 0.40913349828494444, 0.00033063358084964095, 6.167056917929335e-05, 0.0008812566262891841, 0.011406662210014629, 0.016633934413660737, 0.011406662210014629, 0.006302880683025754, 0.00033063358084964095, 0.0017319256036231587, 6.167056917929335e-05, 0.4694753838500919, 0.006302880683025754, 0.06627546143954444, 0.006302880683025754, 0.016633934413660737, 0.016633934413660737, 0.4694753838500919, 0.08690849328544217, 0.0011813697692475535, 0.14164140052785326, 0.14164140052785326, 0.013062841354522767, 0.4694753838500919, 0.14164140052785326, 0.08316784348478898, 0.0582710266294641, 0.003216127532180629, 0.011406662210014629, 0.011406662210014629, 0.004707840148325058, 6.167056917929335e-05, 0.0582710266294641]",34,train,0
0.99,93,6,1,0,100,6,1,1,1,0,0,0,6,1,1,1,0,0,0,"(array([0.4842608 , 0.78537959, 0.69591141, 0.95471394, 0.86651713,
       0.31664634, 0.61104804, 0.20421523, 0.24129789, 0.91774744,
       0.91476518]), array([0.81229675, 0.73510861, 0.77405161, 0.52456635, 0.675143  ,
       0.83322155, 0.7761569 , 0.84907001, 0.84833074, 0.58853304,
       0.60889697]), array([0.18406767, 0.26189566, 0.22273631, 0.4670378 , 0.31986395,
       0.16290057, 0.22058889, 0.14691298, 0.14767213, 0.40455851,
       0.38451594]), array([0.52742267, 0.22597538, 0.31609204, 0.05591486, 0.14502594,
       0.69363707, 0.40091789, 0.80461591, 0.7680335 , 0.09335384,
       0.0965331 ]))","['QwenPRM_avg_scores (7.63B)', 'GPM (8B)', 'EurusPRMStage2_avg_scores (7.62B)', 'QwenPRM_max_scores (7.63B)', 'DeepSeekQwen (32B)', 'Qwen72B_scores (72B)', 'EurusPRMStage1_min_scores (7.62B)', 'ArmorRM (8B)', 'Skyworks (8B)', 'SkyT1 (32B)', 'DeepSeekLlama (70B)']","[0.011406662210014629, 0.9958320686768302, 0.9958320686768302, 0.9985284648866826, 0.9989681220167042, 0.9989681220167042, 0.9998074217496087, 0.9989681220167042, 0.9989681220167042, 0.9989681220167042, 0.9982107268746903, 0.9989681220167042, 0.9689712252788395, 0.9900238253137609, 0.9989681220167042, 0.99812449909308, 0.9989681220167042, 0.99812449909308, 0.9607719739404093, 0.5698400877830821, 0.9900238253137609, 0.9924439248149891, 0.9607719739404093, 0.9994682166114535, 0.9989681220167042, 0.9992962990068426, 0.9900238253137609, 0.9607719739404093, 0.9989681220167042, 0.9900238253137609, 0.9998074217496087, 0.9989681220167042, 0.9994682166114535, 0.9998074217496087, 0.9998074217496087, 0.9900238253137609, 0.9989681220167042, 0.9998074217496087, 0.8740406074304173, 0.9989681220167042, 0.9864712356535609, 0.9989681220167042, 0.9989681220167042, 0.9989681220167042, 0.9989681220167042, 0.99812449909308, 0.9900238253137609, 0.9998074217496087, 0.9998074217496087, 0.9971547908593346, 0.9989681220167042, 0.0006012916971596231, 0.9992201523013549, 0.9992962990068426, 0.9989681220167042, 0.9921588954184459, 0.9972528856938351, 0.9958320686768302, 0.9805753954348351, 0.011406662210014629, 0.9958320686768302, 0.9921588954184459, 0.9989681220167042, 0.99812449909308, 0.9900238253137609, 0.9985284648866826, 0.99812449909308, 0.9958320686768302, 0.9958320686768302, 0.99812449909308, 0.9958320686768302, 0.9607719739404093, 0.9921588954184459, 0.9989681220167042, 0.9992201523013549, 0.0006012916971596231, 0.011406662210014629, 0.9924439248149891, 0.9958320686768302, 0.9992962990068426, 0.9989681220167042, 0.9958320686768302, 0.99812449909308, 0.9989681220167042, 0.9992201523013549, 0.9989681220167042, 0.972918679360229, 0.9921588954184459, 0.9989681220167042, 0.9940641580997277, 0.9992962990068426, 0.9900238253137609, 0.9498631079940475, 0.9989681220167042, 0.9998074217496087, 0.011406662210014629, 0.9900238253137609, 0.9958320686768302, 0.9607719739404093, 0.9989681220167042]",35,train,9
0.99,86,13,1,0,100,7,1,1,1,0,0,0,10,0,1,0,1,0,0,"(array([0.4842608 , 0.78537959, 0.69591141, 0.95471394, 0.86651713,
       0.31664634, 0.61104804, 0.20421523, 0.24129789, 0.91774744,
       0.91476518]), array([0.81229675, 0.73510861, 0.77405161, 0.52456635, 0.675143  ,
       0.83322155, 0.7761569 , 0.84907001, 0.84833074, 0.58853304,
       0.60889697]), array([0.18406767, 0.26189566, 0.22273631, 0.4670378 , 0.31986395,
       0.16290057, 0.22058889, 0.14691298, 0.14767213, 0.40455851,
       0.38451594]), array([0.52742267, 0.22597538, 0.31609204, 0.05591486, 0.14502594,
       0.69363707, 0.40091789, 0.80461591, 0.7680335 , 0.09335384,
       0.0965331 ]))","['QwenPRM_avg_scores (7.63B)', 'GPM (8B)', 'EurusPRMStage2_avg_scores (7.62B)', 'QwenPRM_max_scores (7.63B)', 'DeepSeekQwen (32B)', 'Qwen72B_scores (72B)', 'EurusPRMStage1_min_scores (7.62B)', 'ArmorRM (8B)', 'Skyworks (8B)', 'SkyT1 (32B)', 'DeepSeekLlama (70B)']","[0.996749902014427, 0.9982107268746903, 0.999814839566539, 0.9647167770137443, 0.9996658638743201, 0.9998074217496087, 0.9689712252788395, 0.9999175149929194, 0.9996658638743201, 0.9976863986013396, 6.167056917929335e-05, 0.9981966235690455, 0.9982107268746903, 0.9996658638743201, 0.9966267501059514, 0.0011813697692475535, 0.999814839566539, 0.9952425083366081, 0.6601017364719609, 0.9996658638743201, 0.9996658638743201, 0.9160248386367282, 0.9689712252788395, 0.7620712008994122, 0.9689712252788395, 0.9952425083366081, 0.9687561681379507, 0.9689712252788395, 0.9996658638743201, 0.9958320686768302, 0.9554449955558719, 0.0011813697692475535, 0.9936307532638827, 0.9999175149929194, 0.9992201523013549, 0.9974491868316757, 0.9996658638743201, 0.9952425083366081, 0.6686718375258094, 0.9992201523013549, 0.999814839566539, 0.9940641580997277, 0.014697075738039305, 0.9952425083366081, 0.7619693298746574, 0.9435235071168018, 0.9864712356535609, 0.999814839566539, 0.9981966235690455, 0.9952425083366081, 0.0011813697692475535, 0.9992201523013549, 0.917764032527004, 0.9750056365223174, 0.996749902014427, 0.9750056365223174, 0.9123938520391015, 0.7123288914966642, 0.999814839566539, 0.9992201523013549, 0.9974491868316757, 0.9924439248149891, 0.9607719739404093, 0.9689712252788395, 0.9999175149929194, 0.999814839566539, 0.008947586576676764, 0.9952425083366081, 0.999814839566539, 0.9904044754022139, 0.014697075738039305, 0.9924587004970797, 0.0011813697692475535, 0.9985850764302675, 0.014697075738039305, 0.9996658638743201, 0.999814839566539, 0.9756595910656567, 0.9982107268746903, 0.008947586576676764, 0.9996658638743201, 0.9981966235690455, 0.9889615381576459, 0.12702894394702083, 0.9985850764302675, 0.0009246254814453276, 0.9904044754022139, 0.9936307532638827, 0.9996658638743201, 0.9992201523013549, 0.0011813697692475535, 0.999814839566539, 0.982814287187736, 0.9999175149929194, 0.9982107268746903, 0.9996658638743201, 0.999814839566539, 0.9940641580997277, 0.9974491868316757, 0.8725921792204024]",36,train,8
0.75,13,62,14,11,100,19,1,1,1,0,0,0,8,0,1,0,1,0,0,"(array([0.4842608 , 0.78537959, 0.69591141, 0.95471394, 0.86651713,
       0.31664634, 0.61104804, 0.20421523, 0.24129789, 0.91774744,
       0.91476518]), array([0.81229675, 0.73510861, 0.77405161, 0.52456635, 0.675143  ,
       0.83322155, 0.7761569 , 0.84907001, 0.84833074, 0.58853304,
       0.60889697]), array([0.18406767, 0.26189566, 0.22273631, 0.4670378 , 0.31986395,
       0.16290057, 0.22058889, 0.14691298, 0.14767213, 0.40455851,
       0.38451594]), array([0.52742267, 0.22597538, 0.31609204, 0.05591486, 0.14502594,
       0.69363707, 0.40091789, 0.80461591, 0.7680335 , 0.09335384,
       0.0965331 ]))","['QwenPRM_avg_scores (7.63B)', 'GPM (8B)', 'EurusPRMStage2_avg_scores (7.62B)', 'QwenPRM_max_scores (7.63B)', 'DeepSeekQwen (32B)', 'Qwen72B_scores (72B)', 'EurusPRMStage1_min_scores (7.62B)', 'ArmorRM (8B)', 'Skyworks (8B)', 'SkyT1 (32B)', 'DeepSeekLlama (70B)']","[0.020645678963529885, 0.576490200804567, 0.058904577072412506, 0.9418687962264889, 0.35193993379294314, 0.2024435935824228, 0.0017319256036231587, 0.9864712356535609, 6.167056917929335e-05, 0.11435368269525453, 0.972918679360229, 0.4814666981679841, 0.016633934413660737, 0.016633934413660737, 0.17581850010036307, 0.0011813697692475535, 0.27131112429098164, 0.017439001022665317, 0.11435368269525453, 0.9985284648866826, 0.016633934413660737, 6.167056917929335e-05, 0.7123288914966642, 0.017439001022665317, 0.0011813697692475535, 0.6313432344700952, 0.006302880683025754, 0.2024435935824228, 0.2024435935824228, 0.9902533166312844, 0.06461300126071781, 0.029978476798747003, 0.2316486334330349, 0.9284214549541341, 0.7123288914966642, 0.7123288914966642, 0.7123288914966642, 0.016633934413660737, 0.0008812566262891841, 0.2024435935824228, 0.0011813697692475535, 0.9299678009948686, 0.0009246254814453276, 0.9435235071168018, 0.004707840148325058, 0.0011813697692475535, 0.14758865798986118, 0.576490200804567, 0.4723373470843962, 0.5455279682577622, 0.016633934413660737, 0.013062841354522767, 0.9974491868316757, 0.00670322219118841, 0.5268121181138317, 0.5335829608801403, 0.0008812566262891841, 0.008947586576676764, 0.08690849328544217, 0.9952425083366081, 0.18289502006061525, 0.11435368269525453, 0.039099622537352406, 0.0011813697692475535, 0.8360263007671278, 0.6601017364719609, 0.14164140052785326, 0.18289502006061525, 0.9687561681379507, 0.0011813697692475535, 0.016633934413660737, 0.06627546143954444, 0.016633934413660737, 0.9449546594157953, 0.2024435935824228, 0.17581850010036307, 0.576490200804567, 0.2024435935824228, 0.14164140052785326, 0.0008812566262891841, 0.9299678009948686, 0.025373656654133638, 0.008531120156250757, 0.0011813697692475535, 0.0011813697692475535, 0.011455908188299082, 0.0011813697692475535, 0.14304370962491883, 0.016633934413660737, 9.045827150561308e-05, 0.11435368269525453, 0.4814666981679841, 0.9449546594157953, 0.0009246254814453276, 0.011406662210014629, 0.0011813697692475535, 0.0009246254814453276, 0.14164140052785326, 0.0011813697692475535, 0.14164140052785326]",37,train,2
0.99,96,3,1,0,100,4,1,1,1,0,0,0,4,1,1,1,0,0,0,"(array([0.4842608 , 0.78537959, 0.69591141, 0.95471394, 0.86651713,
       0.31664634, 0.61104804, 0.20421523, 0.24129789, 0.91774744,
       0.91476518]), array([0.81229675, 0.73510861, 0.77405161, 0.52456635, 0.675143  ,
       0.83322155, 0.7761569 , 0.84907001, 0.84833074, 0.58853304,
       0.60889697]), array([0.18406767, 0.26189566, 0.22273631, 0.4670378 , 0.31986395,
       0.16290057, 0.22058889, 0.14691298, 0.14767213, 0.40455851,
       0.38451594]), array([0.52742267, 0.22597538, 0.31609204, 0.05591486, 0.14502594,
       0.69363707, 0.40091789, 0.80461591, 0.7680335 , 0.09335384,
       0.0965331 ]))","['QwenPRM_avg_scores (7.63B)', 'GPM (8B)', 'EurusPRMStage2_avg_scores (7.62B)', 'QwenPRM_max_scores (7.63B)', 'DeepSeekQwen (32B)', 'Qwen72B_scores (72B)', 'EurusPRMStage1_min_scores (7.62B)', 'ArmorRM (8B)', 'Skyworks (8B)', 'SkyT1 (32B)', 'DeepSeekLlama (70B)']","[0.9998074217496087, 0.9996658638743201, 0.9958320686768302, 0.9997549524975378, 0.9999542963346586, 0.9998074217496087, 0.9998074217496087, 0.9944478593897712, 0.9989681220167042, 0.016633934413660737, 0.9999542963346586, 0.9999175149929194, 0.999814839566539, 0.9998932901340063, 0.9994280102143102, 0.9999175149929194, 0.755554301253378, 0.9998074217496087, 0.9999175149929194, 0.9999175149929194, 0.9944478593897712, 0.9982107268746903, 0.9994280102143102, 0.9991959127576603, 0.9995543242898653, 0.9999542963346586, 0.9995578144003865, 0.9999542963346586, 0.9982107268746903, 0.982814287187736, 0.99812449909308, 0.9989599823875285, 0.9995578144003865, 0.9996658638743201, 0.9997549524975378, 0.6858865261209656, 0.9997549524975378, 0.9994280102143102, 0.9958320686768302, 0.9992201523013549, 0.9992201523013549, 0.2024435935824228, 0.9982107268746903, 0.9924587004970797, 0.6601017364719609, 0.9996658638743201, 0.9997549524975378, 0.9994280102143102, 0.9999542963346586, 0.9864712356535609, 0.9992201523013549, 0.9982107268746903, 0.9993692516506245, 0.9435235071168018, 0.9999175149929194, 0.9991841397922518, 0.9958023746926651, 0.013062841354522767, 0.9924439248149891, 0.9944478593897712, 0.9981966235690455, 0.9989681220167042, 0.9997549524975378, 0.9921588954184459, 0.99812449909308, 0.9999542963346586, 0.9994280102143102, 0.9993692516506245, 0.9957029722107007, 0.9996658638743201, 0.999814839566539, 0.9994280102143102, 0.9999175149929194, 0.9999175149929194, 0.999814839566539, 0.8364843450674756, 0.9998932901340063, 0.9994280102143102, 0.9958320686768302, 0.9976863986013396, 0.9974491868316757, 0.9998932901340063, 0.9996658638743201, 0.9995543242898653, 0.9854424420392667, 0.9992201523013549, 0.99812449909308, 0.9607719739404093, 0.9994280102143102, 0.9982107268746903, 0.9998932901340063, 0.9993467677150814, 0.9998074217496087, 0.9989681220167042, 0.9966267501059514, 0.9998074217496087, 0.9998074217496087, 0.99812449909308, 0.99812449909308, 0.9989681220167042]",38,train,9
1.0,100,0,0,0,100,11,1,1,1,0,0,0,11,1,1,1,0,0,0,"(array([0.4842608 , 0.78537959, 0.69591141, 0.95471394, 0.86651713,
       0.31664634, 0.61104804, 0.20421523, 0.24129789, 0.91774744,
       0.91476518]), array([0.81229675, 0.73510861, 0.77405161, 0.52456635, 0.675143  ,
       0.83322155, 0.7761569 , 0.84907001, 0.84833074, 0.58853304,
       0.60889697]), array([0.18406767, 0.26189566, 0.22273631, 0.4670378 , 0.31986395,
       0.16290057, 0.22058889, 0.14691298, 0.14767213, 0.40455851,
       0.38451594]), array([0.52742267, 0.22597538, 0.31609204, 0.05591486, 0.14502594,
       0.69363707, 0.40091789, 0.80461591, 0.7680335 , 0.09335384,
       0.0965331 ]))","['QwenPRM_avg_scores (7.63B)', 'GPM (8B)', 'EurusPRMStage2_avg_scores (7.62B)', 'QwenPRM_max_scores (7.63B)', 'DeepSeekQwen (32B)', 'Qwen72B_scores (72B)', 'EurusPRMStage1_min_scores (7.62B)', 'ArmorRM (8B)', 'Skyworks (8B)', 'SkyT1 (32B)', 'DeepSeekLlama (70B)']","[0.9976863986013396, 0.9976863986013396, 0.9995677640429822, 0.9607719739404093, 0.9958320686768302, 0.9995677640429822, 0.8524542950472359, 0.9989681220167042, 0.9976863986013396, 0.9921588954184459, 0.9958320686768302, 0.9999542963346586, 0.9811151562775475, 0.9998932901340063, 0.9998074217496087, 0.9999542963346586, 0.9994280102143102, 0.9944478593897712, 0.9920974683527175, 0.9998932901340063, 0.9944478593897712, 0.9944478593897712, 0.9989681220167042, 0.9999175149929194, 0.9992201523013549, 0.9891434827043374, 0.9998932901340063, 0.9976863986013396, 0.9994280102143102, 0.9989681220167042, 0.9993467677150814, 0.9944478593897712, 0.9995677640429822, 0.9989681220167042, 0.9989599823875285, 0.9994280102143102, 0.9944478593897712, 0.9997549524975378, 0.9998074217496087, 0.9998932901340063, 0.9958320686768302, 0.9918814758941367, 0.9989599823875285, 0.9992201523013549, 0.9944478593897712, 0.9989681220167042, 0.9999542963346586, 0.9998932901340063, 0.9957992953483049, 0.9998932901340063, 0.9999542963346586, 0.9976863986013396, 0.9999542963346586, 0.9998074217496087, 0.9991841397922518, 0.9687338708752369, 0.9997549524975378, 0.9944478593897712, 0.9995543242898653, 0.9995578144003865, 0.9825668489454696, 0.999007836282382, 0.9995677640429822, 0.9979575216840301, 0.9738304378706171, 0.9998074217496087, 0.9944478593897712, 0.9994280102143102, 0.9944478593897712, 0.9924439248149891, 0.998128187530533, 0.9944478593897712, 0.9972528856938351, 0.9956402808371115, 0.9992201523013549, 0.9778781764928224, 0.9998932901340063, 0.9989681220167042, 0.7376826856491956, 0.9994280102143102, 0.9900238253137609, 0.9689712252788395, 0.9976863986013396, 0.9976146001079947, 0.9976863986013396, 0.9944478593897712, 0.9920974683527175, 0.9995677640429822, 0.9998932901340063, 0.9944478593897712, 0.9918814758941367, 0.9940641580997277, 0.9995677640429822, 0.9979575216840301, 0.9998074217496087, 0.9989599823875285, 0.9989681220167042, 0.9689712252788395, 0.9989599823875285, 0.9976863986013396]",39,train,9
0.98,94,4,0,2,100,80,1,1,1,0,0,0,80,1,1,1,0,0,0,"(array([0.4842608 , 0.78537959, 0.69591141, 0.95471394, 0.86651713,
       0.31664634, 0.61104804, 0.20421523, 0.24129789, 0.91774744,
       0.91476518]), array([0.81229675, 0.73510861, 0.77405161, 0.52456635, 0.675143  ,
       0.83322155, 0.7761569 , 0.84907001, 0.84833074, 0.58853304,
       0.60889697]), array([0.18406767, 0.26189566, 0.22273631, 0.4670378 , 0.31986395,
       0.16290057, 0.22058889, 0.14691298, 0.14767213, 0.40455851,
       0.38451594]), array([0.52742267, 0.22597538, 0.31609204, 0.05591486, 0.14502594,
       0.69363707, 0.40091789, 0.80461591, 0.7680335 , 0.09335384,
       0.0965331 ]))","['QwenPRM_avg_scores (7.63B)', 'GPM (8B)', 'EurusPRMStage2_avg_scores (7.62B)', 'QwenPRM_max_scores (7.63B)', 'DeepSeekQwen (32B)', 'Qwen72B_scores (72B)', 'EurusPRMStage1_min_scores (7.62B)', 'ArmorRM (8B)', 'Skyworks (8B)', 'SkyT1 (32B)', 'DeepSeekLlama (70B)']","[0.9992962990068426, 0.9971547908593346, 0.977985578506368, 0.9998687041424302, 0.9998687041424302, 0.9996099821271136, 0.9999272494145367, 0.0011813697692475535, 0.0011813697692475535, 0.9962081974126538, 0.9998687041424302, 0.9999272494145367, 0.986675143195263, 0.9990832905125036, 0.9931772051837354, 0.9992907462556735, 0.9924439248149891, 0.9998074217496087, 0.9921588954184459, 0.9962081974126538, 0.9962081974126538, 0.9998687041424302, 0.9992201523013549, 0.9999272494145367, 0.9994682166114535, 0.9998687041424302, 0.025373656654133638, 0.999698503075321, 0.02141135557878962, 0.9982107268746903, 0.9063508169610421, 0.9995677640429822, 0.9994280102143102, 0.9987206370913099, 0.9999272494145367, 0.9992907462556735, 0.9997052880076388, 0.8417797755462901, 0.9971547908593346, 0.9944509601346394, 0.9987206370913099, 0.9999272494145367, 0.9999272494145367, 0.9992907462556735, 0.9998932901340063, 0.9999272494145367, 0.9994436530612718, 0.18289502006061525, 0.0011813697692475535, 0.9962081974126538, 0.9996099821271136, 0.9962081974126538, 0.9998687041424302, 0.9989963293121484, 0.9962081974126538, 0.9997052880076388, 0.9931772051837354, 0.9999272494145367, 0.9996099821271136, 0.9999272494145367, 0.9992962990068426, 0.999698503075321, 0.9992962990068426, 0.9996099821271136, 0.9984215689713362, 0.9994682166114535, 0.9997721826541971, 0.9921588954184459, 0.972918679360229, 0.9971547908593346, 0.9992907462556735, 0.9998687041424302, 0.9998687041424302, 0.9998687041424302, 0.9931772051837354, 0.9994436530612718, 0.99812449909308, 0.9984215689713362, 0.6858865261209656, 0.9999272494145367, 0.9999437654031859, 0.9996099821271136, 0.9999272494145367, 0.9999272494145367, 0.976022492484323, 0.9999272494145367, 0.9971547908593346, 0.9992962990068426, 0.9986559087989746, 0.9987206370913099, 0.9994436530612718, 0.9999272494145367, 0.9996099821271136, 0.9999272494145367, 0.9449546594157953, 0.9999272494145367, 0.9996099821271136, 0.9942495250594292, 0.9848117905655704, 0.9998687041424302]",40,train,9
0.8,14,66,0,20,100,76,1,1,1,0,0,0,96,0,1,0,1,0,0,"(array([0.4842608 , 0.78537959, 0.69591141, 0.95471394, 0.86651713,
       0.31664634, 0.61104804, 0.20421523, 0.24129789, 0.91774744,
       0.91476518]), array([0.81229675, 0.73510861, 0.77405161, 0.52456635, 0.675143  ,
       0.83322155, 0.7761569 , 0.84907001, 0.84833074, 0.58853304,
       0.60889697]), array([0.18406767, 0.26189566, 0.22273631, 0.4670378 , 0.31986395,
       0.16290057, 0.22058889, 0.14691298, 0.14767213, 0.40455851,
       0.38451594]), array([0.52742267, 0.22597538, 0.31609204, 0.05591486, 0.14502594,
       0.69363707, 0.40091789, 0.80461591, 0.7680335 , 0.09335384,
       0.0965331 ]))","['QwenPRM_avg_scores (7.63B)', 'GPM (8B)', 'EurusPRMStage2_avg_scores (7.62B)', 'QwenPRM_max_scores (7.63B)', 'DeepSeekQwen (32B)', 'Qwen72B_scores (72B)', 'EurusPRMStage1_min_scores (7.62B)', 'ArmorRM (8B)', 'Skyworks (8B)', 'SkyT1 (32B)', 'DeepSeekLlama (70B)']","[0.9940641580997277, 0.0011813697692475535, 0.006302880683025754, 0.0011813697692475535, 0.4814666981679841, 0.0011813697692475535, 0.9938537294862259, 0.08316784348478898, 0.006302880683025754, 0.0011813697692475535, 0.0011813697692475535, 0.011406662210014629, 0.016633934413660737, 0.04618077263652076, 0.9940641580997277, 0.006302880683025754, 0.0011813697692475535, 0.003216127532180629, 0.0011813697692475535, 0.7123288914966642, 0.14758865798986118, 0.4814666981679841, 0.11743442326917591, 0.07406728497664258, 0.9689712252788395, 0.9299678009948686, 0.0582710266294641, 0.006302880683025754, 0.19487914214135177, 0.4694753838500919, 0.006302880683025754, 0.016633934413660737, 0.0011813697692475535, 0.016633934413660737, 0.016643125615733827, 0.006302880683025754, 0.0582710266294641, 0.0011813697692475535, 0.006302880683025754, 0.0008812566262891841, 0.9689712252788395, 0.14758865798986118, 0.006302880683025754, 0.0582710266294641, 0.0582710266294641, 0.7619693298746574, 0.006302880683025754, 0.006302880683025754, 0.016633934413660737, 0.0832106875975621, 0.46556791916810764, 0.0011813697692475535, 0.00033063358084964095, 0.0011813697692475535, 0.006302880683025754, 0.0011813697692475535, 0.0009246254814453276, 0.0582710266294641, 0.02421131492300916, 0.9991242405055732, 0.006302880683025754, 0.004707840148325058, 0.006302880683025754, 0.006302880683025754, 0.0582710266294641, 0.006302880683025754, 0.0011813697692475535, 0.4814666981679841, 0.343246677368075, 0.0011813697692475535, 0.0582710266294641, 0.0011813697692475535, 0.4814666981679841, 0.0582710266294641, 0.006302880683025754, 0.14304370962491883, 0.9992201523013549, 0.7619693298746574, 0.07406728497664258, 0.006302880683025754, 0.00033063358084964095, 0.0006012916971596231, 0.0011813697692475535, 0.9689712252788395, 0.011406662210014629, 0.006302880683025754, 0.0011813697692475535, 0.006302880683025754, 0.006302880683025754, 0.00033063358084964095, 0.0582710266294641, 0.08690849328544217, 0.017439001022665317, 0.9299678009948686, 0.00033063358084964095, 0.9989599823875285, 6.167056917929335e-05, 0.011406662210014629, 0.0011813697692475535, 0.011406662210014629]",41,train,3
0.81,9,72,2,17,100,50,1,1,1,0,0,0,7,0,1,0,1,0,0,"(array([0.4842608 , 0.78537959, 0.69591141, 0.95471394, 0.86651713,
       0.31664634, 0.61104804, 0.20421523, 0.24129789, 0.91774744,
       0.91476518]), array([0.81229675, 0.73510861, 0.77405161, 0.52456635, 0.675143  ,
       0.83322155, 0.7761569 , 0.84907001, 0.84833074, 0.58853304,
       0.60889697]), array([0.18406767, 0.26189566, 0.22273631, 0.4670378 , 0.31986395,
       0.16290057, 0.22058889, 0.14691298, 0.14767213, 0.40455851,
       0.38451594]), array([0.52742267, 0.22597538, 0.31609204, 0.05591486, 0.14502594,
       0.69363707, 0.40091789, 0.80461591, 0.7680335 , 0.09335384,
       0.0965331 ]))","['QwenPRM_avg_scores (7.63B)', 'GPM (8B)', 'EurusPRMStage2_avg_scores (7.62B)', 'QwenPRM_max_scores (7.63B)', 'DeepSeekQwen (32B)', 'Qwen72B_scores (72B)', 'EurusPRMStage1_min_scores (7.62B)', 'ArmorRM (8B)', 'Skyworks (8B)', 'SkyT1 (32B)', 'DeepSeekLlama (70B)']","[0.0582710266294641, 0.9958023746926651, 0.006302880683025754, 0.4814666981679841, 0.011406662210014629, 0.011406662210014629, 0.4814666981679841, 6.167056917929335e-05, 0.006302880683025754, 0.3678629207527954, 0.08316784348478898, 0.016633934413660737, 0.00033063358084964095, 0.08316784348478898, 0.8972512684634638, 0.006302880683025754, 0.016633934413660737, 0.017439001022665317, 0.4814666981679841, 0.0011813697692475535, 0.0011813697692475535, 0.006302880683025754, 0.0008812566262891841, 0.017439001022665317, 0.14164140052785326, 0.6313432344700952, 0.4814666981679841, 0.0011813697692475535, 0.006302880683025754, 0.08690849328544217, 0.00033063358084964095, 0.016633934413660737, 0.14758865798986118, 0.1017809828268314, 0.2316486334330349, 0.006302880683025754, 0.576490200804567, 0.0011813697692475535, 0.2024435935824228, 0.006302880683025754, 0.0011813697692475535, 0.016633934413660737, 0.016633934413660737, 0.9902533166312844, 0.016633934413660737, 0.016633934413660737, 0.016633934413660737, 0.0011813697692475535, 0.17581850010036307, 0.00033063358084964095, 0.9982107268746903, 6.167056917929335e-05, 0.4814666981679841, 0.006302880683025754, 0.0582710266294641, 0.0011813697692475535, 0.12702894394702083, 0.006302880683025754, 0.016633934413660737, 6.167056917929335e-05, 0.016633934413660737, 0.008531120156250757, 0.006302880683025754, 0.08316784348478898, 0.011406662210014629, 0.026234649045280087, 0.12702894394702083, 0.4383122629337493, 0.011406662210014629, 0.016633934413660737, 0.12702894394702083, 6.167056917929335e-05, 0.14758865798986118, 0.0011813697692475535, 0.004707840148325058, 0.016633934413660737, 0.08316784348478898, 0.004938593967817696, 0.08316784348478898, 0.011001273535057489, 0.011406662210014629, 0.7619693298746574, 0.0011813697692475535, 0.6601017364719609, 0.08690849328544217, 0.006302880683025754, 0.9689712252788395, 0.7123288914966642, 0.017439001022665317, 0.08316784348478898, 0.08316784348478898, 0.07406728497664258, 0.02141135557878962, 0.0011813697692475535, 0.0009246254814453276, 6.167056917929335e-05, 0.0008812566262891841, 0.9299678009948686, 0.0011813697692475535, 0.016633934413660737]",42,train,2
0.99,98,1,1,0,100,16,1,1,1,0,0,0,16,1,1,1,0,0,0,"(array([0.4842608 , 0.78537959, 0.69591141, 0.95471394, 0.86651713,
       0.31664634, 0.61104804, 0.20421523, 0.24129789, 0.91774744,
       0.91476518]), array([0.81229675, 0.73510861, 0.77405161, 0.52456635, 0.675143  ,
       0.83322155, 0.7761569 , 0.84907001, 0.84833074, 0.58853304,
       0.60889697]), array([0.18406767, 0.26189566, 0.22273631, 0.4670378 , 0.31986395,
       0.16290057, 0.22058889, 0.14691298, 0.14767213, 0.40455851,
       0.38451594]), array([0.52742267, 0.22597538, 0.31609204, 0.05591486, 0.14502594,
       0.69363707, 0.40091789, 0.80461591, 0.7680335 , 0.09335384,
       0.0965331 ]))","['QwenPRM_avg_scores (7.63B)', 'GPM (8B)', 'EurusPRMStage2_avg_scores (7.62B)', 'QwenPRM_max_scores (7.63B)', 'DeepSeekQwen (32B)', 'Qwen72B_scores (72B)', 'EurusPRMStage1_min_scores (7.62B)', 'ArmorRM (8B)', 'Skyworks (8B)', 'SkyT1 (32B)', 'DeepSeekLlama (70B)']","[0.9992201523013549, 0.9989963293121484, 0.999007836282382, 0.9738304378706171, 0.9987206370913099, 0.9995543242898653, 0.9999272494145367, 0.9999437654031859, 0.9974491868316757, 0.9976146001079947, 0.9999175149929194, 0.9993233911594159, 0.9999542963346586, 0.9999542963346586, 0.9995578144003865, 0.9996961230637034, 0.9999688416453159, 0.998128187530533, 0.9995677640429822, 0.9999542963346586, 0.9999542963346586, 0.9996658638743201, 0.999814839566539, 0.9689712252788395, 0.9993233911594159, 0.9972528856938351, 0.9995543242898653, 0.9689712252788395, 0.999698503075321, 0.9989599823875285, 0.9999175149929194, 0.9994239203135152, 0.9573034171842042, 0.9999437654031859, 0.9976863986013396, 0.7917609164121655, 0.9921588954184459, 0.9998074217496087, 0.9998074217496087, 0.9999175149929194, 0.9998932901340063, 0.9944478593897712, 0.9991242405055732, 0.9989681220167042, 0.9944509601346394, 0.9937130757267212, 0.9948464443938924, 0.9995543242898653, 0.9991959127576603, 0.9995677640429822, 0.9998932901340063, 0.9996961230637034, 0.9971547908593346, 0.9994280102143102, 0.6754357648584021, 0.9999437654031859, 0.9992962990068426, 0.99812449909308, 0.9998687041424302, 0.9725146783962431, 0.9992962990068426, 0.9992962990068426, 0.9998074217496087, 0.9921588954184459, 0.9940641580997277, 0.9948464443938924, 0.9999542963346586, 0.9982107268746903, 0.9996961230637034, 0.986675143195263, 0.9997549524975378, 0.9993692516506245, 0.9999542963346586, 0.9995578144003865, 0.9944478593897712, 0.016633934413660737, 0.9989681220167042, 0.9992201523013549, 0.9998932901340063, 0.9921588954184459, 0.8972512684634638, 0.9966002041927673, 0.982814287187736, 0.9940641580997277, 0.9999542963346586, 0.9996961230637034, 0.9995699088741679, 0.9996504266347962, 0.9982107268746903, 0.9976978575989142, 0.9991959127576603, 0.9993692516506245, 0.9999542963346586, 0.9689712252788395, 0.9854424420392667, 0.9999542963346586, 0.9995578144003865, 0.9999542963346586, 0.999698503075321, 0.9938806393034116]",43,train,9
1.0,100,0,0,0,100,1,1,1,1,0,0,0,1,1,1,1,0,0,0,"(array([0.4842608 , 0.78537959, 0.69591141, 0.95471394, 0.86651713,
       0.31664634, 0.61104804, 0.20421523, 0.24129789, 0.91774744,
       0.91476518]), array([0.81229675, 0.73510861, 0.77405161, 0.52456635, 0.675143  ,
       0.83322155, 0.7761569 , 0.84907001, 0.84833074, 0.58853304,
       0.60889697]), array([0.18406767, 0.26189566, 0.22273631, 0.4670378 , 0.31986395,
       0.16290057, 0.22058889, 0.14691298, 0.14767213, 0.40455851,
       0.38451594]), array([0.52742267, 0.22597538, 0.31609204, 0.05591486, 0.14502594,
       0.69363707, 0.40091789, 0.80461591, 0.7680335 , 0.09335384,
       0.0965331 ]))","['QwenPRM_avg_scores (7.63B)', 'GPM (8B)', 'EurusPRMStage2_avg_scores (7.62B)', 'QwenPRM_max_scores (7.63B)', 'DeepSeekQwen (32B)', 'Qwen72B_scores (72B)', 'EurusPRMStage1_min_scores (7.62B)', 'ArmorRM (8B)', 'Skyworks (8B)', 'SkyT1 (32B)', 'DeepSeekLlama (70B)']","[0.999007836282382, 0.9999688416453159, 0.9880488588589107, 0.9996099821271136, 0.9958320686768302, 0.9992962990068426, 0.9998737617542313, 0.9996099821271136, 0.9998329289043466, 0.9999688416453159, 0.9987698646707122, 0.9999688416453159, 0.9786355410735843, 0.9996961230637034, 0.9999688416453159, 0.9940641580997277, 0.9848117905655704, 0.9986066602551548, 0.9999272494145367, 0.9994027954788328, 0.9983725479633909, 0.9996099821271136, 0.9993233911594159, 0.9983725479633909, 0.9689712252788395, 0.9871819110221872, 0.9994436530612718, 0.9999272494145367, 0.9995543242898653, 0.9984215689713362, 0.9998329289043466, 0.9999272494145367, 0.9977495640075719, 0.9962081974126538, 0.9998329289043466, 0.9998329289043466, 0.9983725479633909, 0.9319712339612695, 0.9825668489454696, 0.9962081974126538, 0.9999272494145367, 0.9962081974126538, 0.9999688416453159, 0.9985284648866826, 0.9999272494145367, 0.9984215689713362, 0.9962081974126538, 0.9995677640429822, 0.9962081974126538, 0.994179216216812, 0.9998074217496087, 0.9848117905655704, 0.9999272494145367, 0.9999272494145367, 0.9999688416453159, 0.9998329289043466, 0.9934383326291627, 0.9983725479633909, 0.9999272494145367, 0.9962081974126538, 0.9998737617542313, 0.9984215689713362, 0.9999272494145367, 0.9999688416453159, 0.9987231546389563, 0.9994436530612718, 0.9993233911594159, 0.9996961230637034, 0.9983725479633909, 0.9689712252788395, 0.9948464443938924, 0.9996961230637034, 0.9976863986013396, 0.9996961230637034, 0.9996099821271136, 0.9976159365397281, 0.9997052880076388, 0.9999688416453159, 0.9999272494145367, 0.9986066602551548, 0.9998329289043466, 0.9934383326291627, 0.9998329289043466, 0.9998329289043466, 0.9994436530612718, 0.9998329289043466, 0.9998329289043466, 0.9997052880076388, 0.9994027954788328, 0.9999688416453159, 0.9987698646707122, 0.9999272494145367, 0.9998737617542313, 0.9999688416453159, 0.9871819110221872, 0.9999542963346586, 0.9996099821271136, 0.9999688416453159, 0.99464105173738, 0.9784704712052938]",44,train,9
1.0,100,0,0,0,100,1,1,1,1,0,0,0,1,1,1,1,0,0,0,"(array([0.4842608 , 0.78537959, 0.69591141, 0.95471394, 0.86651713,
       0.31664634, 0.61104804, 0.20421523, 0.24129789, 0.91774744,
       0.91476518]), array([0.81229675, 0.73510861, 0.77405161, 0.52456635, 0.675143  ,
       0.83322155, 0.7761569 , 0.84907001, 0.84833074, 0.58853304,
       0.60889697]), array([0.18406767, 0.26189566, 0.22273631, 0.4670378 , 0.31986395,
       0.16290057, 0.22058889, 0.14691298, 0.14767213, 0.40455851,
       0.38451594]), array([0.52742267, 0.22597538, 0.31609204, 0.05591486, 0.14502594,
       0.69363707, 0.40091789, 0.80461591, 0.7680335 , 0.09335384,
       0.0965331 ]))","['QwenPRM_avg_scores (7.63B)', 'GPM (8B)', 'EurusPRMStage2_avg_scores (7.62B)', 'QwenPRM_max_scores (7.63B)', 'DeepSeekQwen (32B)', 'Qwen72B_scores (72B)', 'EurusPRMStage1_min_scores (7.62B)', 'ArmorRM (8B)', 'Skyworks (8B)', 'SkyT1 (32B)', 'DeepSeekLlama (70B)']","[0.9995578144003865, 0.9999175149929194, 0.9924439248149891, 0.9999175149929194, 0.9998074217496087, 0.7619693298746574, 0.996749902014427, 0.99812449909308, 0.9989681220167042, 0.9998074217496087, 0.9989681220167042, 0.9924439248149891, 0.99812449909308, 0.9998074217496087, 0.99812449909308, 0.9998074217496087, 0.996749902014427, 0.9996658638743201, 0.9995578144003865, 0.9958320686768302, 0.9991959127576603, 0.99812449909308, 0.9900238253137609, 0.9998074217496087, 0.9995578144003865, 0.9786355410735843, 0.9995578144003865, 0.9999175149929194, 0.9999175149929194, 0.9999175149929194, 0.9998074217496087, 0.9900238253137609, 0.9996658638743201, 0.996749902014427, 0.9982107268746903, 0.9996658638743201, 0.9985284648866826, 0.9992201523013549, 0.996749902014427, 0.9924439248149891, 0.9985284648866826, 0.9958320686768302, 0.9998074217496087, 0.9996658638743201, 0.999814839566539, 0.9931772051837354, 0.9985284648866826, 0.9998074217496087, 0.9998074217496087, 0.9982107268746903, 0.9921588954184459, 0.99812449909308, 0.9963196927845032, 0.9998074217496087, 0.9992201523013549, 0.9999175149929194, 0.9996658638743201, 0.9999175149929194, 0.9996658638743201, 0.996749902014427, 0.9958320686768302, 0.9982107268746903, 0.9998074217496087, 0.9999175149929194, 0.985827296503856, 0.9957029722107007, 0.9999175149929194, 0.9999175149929194, 0.9992201523013549, 0.9996658638743201, 0.9998074217496087, 0.9998074217496087, 0.996749902014427, 0.9985284648866826, 0.9999175149929194, 0.9989681220167042, 0.9998074217496087, 0.9992201523013549, 0.9852534290790584, 0.9998074217496087, 0.9992201523013549, 0.9998074217496087, 0.9996658638743201, 0.9998074217496087, 0.99812449909308, 0.99812449909308, 0.9991959127576603, 0.9999175149929194, 0.9996658638743201, 0.9992201523013549, 0.9852534290790584, 0.9900238253137609, 0.9999175149929194, 0.9972528856938351, 0.9756595910656567, 0.9998074217496087, 0.9972528856938351, 0.9989681220167042, 0.9991959127576603, 0.9924439248149891]",45,train,9
0.99,99,0,0,1,100,0,1,1,1,0,0,0,0,1,1,1,0,0,0,"(array([0.4842608 , 0.78537959, 0.69591141, 0.95471394, 0.86651713,
       0.31664634, 0.61104804, 0.20421523, 0.24129789, 0.91774744,
       0.91476518]), array([0.81229675, 0.73510861, 0.77405161, 0.52456635, 0.675143  ,
       0.83322155, 0.7761569 , 0.84907001, 0.84833074, 0.58853304,
       0.60889697]), array([0.18406767, 0.26189566, 0.22273631, 0.4670378 , 0.31986395,
       0.16290057, 0.22058889, 0.14691298, 0.14767213, 0.40455851,
       0.38451594]), array([0.52742267, 0.22597538, 0.31609204, 0.05591486, 0.14502594,
       0.69363707, 0.40091789, 0.80461591, 0.7680335 , 0.09335384,
       0.0965331 ]))","['QwenPRM_avg_scores (7.63B)', 'GPM (8B)', 'EurusPRMStage2_avg_scores (7.62B)', 'QwenPRM_max_scores (7.63B)', 'DeepSeekQwen (32B)', 'Qwen72B_scores (72B)', 'EurusPRMStage1_min_scores (7.62B)', 'ArmorRM (8B)', 'Skyworks (8B)', 'SkyT1 (32B)', 'DeepSeekLlama (70B)']","[0.9999437654031859, 0.9996658638743201, 0.9992201523013549, 0.9689712252788395, 0.9987206370913099, 0.99812449909308, 0.9998074217496087, 0.9998074217496087, 0.9992201523013549, 0.9998074217496087, 0.9852534290790584, 0.9997549524975378, 0.9992201523013549, 0.9958320686768302, 0.9924439248149891, 0.9607719739404093, 0.9996658638743201, 0.9924439248149891, 0.9992201523013549, 0.9998687041424302, 0.9996658638743201, 0.9996658638743201, 0.9689712252788395, 0.9996658638743201, 0.9689712252788395, 0.9998687041424302, 0.9996658638743201, 0.9958320686768302, 0.9618043844487361, 0.9435235071168018, 0.9924439248149891, 0.9852534290790584, 0.9948363226819932, 0.9948363226819932, 0.9999437654031859, 0.3791135167043352, 0.925698356925509, 0.9998074217496087, 0.9998074217496087, 0.9998074217496087, 0.9992201523013549, 0.9900238253137609, 0.9958320686768302, 0.9958320686768302, 0.9963196927845032, 0.925698356925509, 0.9994682166114535, 0.9190714693902493, 0.9998687041424302, 0.9998687041424302, 0.9992201523013549, 0.99812449909308, 0.99812449909308, 0.9989681220167042, 0.9999175149929194, 0.996749902014427, 0.9989963293121484, 0.9992962990068426, 0.9889615381576459, 0.9992201523013549, 0.9997721826541971, 0.9937130757267212, 0.9989681220167042, 0.9992201523013549, 0.9992201523013549, 0.9996658638743201, 0.9998074217496087, 0.9998074217496087, 0.9992201523013549, 0.8725921792204024, 0.9921588954184459, 0.9985284648866826, 0.9994682166114535, 0.9998687041424302, 0.996749902014427, 0.7123288914966642, 0.9689712252788395, 0.996749902014427, 0.9992201523013549, 0.9996658638743201, 0.9864712356535609, 0.9987206370913099, 0.9996658638743201, 0.9805753954348351, 0.9924439248149891, 0.9971547908593346, 0.9924439248149891, 0.9992201523013549, 0.9958320686768302, 0.9996658638743201, 0.996749902014427, 0.9992201523013549, 0.9940641580997277, 0.9998687041424302, 0.9852534290790584, 0.9924439248149891, 0.9931772051837354, 0.9998074217496087, 0.9992201523013549, 0.9998074217496087]",46,train,9
0.99,99,0,0,1,100,59,1,1,1,0,0,0,59,1,1,1,0,0,0,"(array([0.4842608 , 0.78537959, 0.69591141, 0.95471394, 0.86651713,
       0.31664634, 0.61104804, 0.20421523, 0.24129789, 0.91774744,
       0.91476518]), array([0.81229675, 0.73510861, 0.77405161, 0.52456635, 0.675143  ,
       0.83322155, 0.7761569 , 0.84907001, 0.84833074, 0.58853304,
       0.60889697]), array([0.18406767, 0.26189566, 0.22273631, 0.4670378 , 0.31986395,
       0.16290057, 0.22058889, 0.14691298, 0.14767213, 0.40455851,
       0.38451594]), array([0.52742267, 0.22597538, 0.31609204, 0.05591486, 0.14502594,
       0.69363707, 0.40091789, 0.80461591, 0.7680335 , 0.09335384,
       0.0965331 ]))","['QwenPRM_avg_scores (7.63B)', 'GPM (8B)', 'EurusPRMStage2_avg_scores (7.62B)', 'QwenPRM_max_scores (7.63B)', 'DeepSeekQwen (32B)', 'Qwen72B_scores (72B)', 'EurusPRMStage1_min_scores (7.62B)', 'ArmorRM (8B)', 'Skyworks (8B)', 'SkyT1 (32B)', 'DeepSeekLlama (70B)']","[0.9966267501059514, 0.9689712252788395, 0.9976146001079947, 0.9989681220167042, 0.7619693298746574, 0.9921588954184459, 0.9756595910656567, 0.9689712252788395, 0.9958320686768302, 0.9864712356535609, 0.9998074217496087, 0.9995578144003865, 0.9958320686768302, 0.9958320686768302, 0.9963196927845032, 0.9921588954184459, 0.925698356925509, 0.9689712252788395, 0.8740406074304173, 0.9958320686768302, 0.9907370508707435, 0.9607719739404093, 0.9689712252788395, 0.9689712252788395, 0.9971547908593346, 0.9989681220167042, 0.9924439248149891, 0.9958320686768302, 0.9607719739404093, 0.9958320686768302, 0.9958320686768302, 0.9864712356535609, 0.9958320686768302, 0.9982107268746903, 0.9989681220167042, 0.8819995288441159, 0.18289502006061525, 0.9435235071168018, 0.9982107268746903, 0.9948363226819932, 0.9999175149929194, 0.9976863986013396, 0.9864712356535609, 0.9957029722107007, 0.9976863986013396, 0.7619693298746574, 0.9958320686768302, 0.996749902014427, 0.9985284648866826, 0.9689712252788395, 0.9907370508707435, 0.9889615381576459, 0.9958320686768302, 0.9689712252788395, 0.9680368517780158, 0.9966267501059514, 0.9607719739404093, 0.9999175149929194, 0.9786355410735843, 0.9999542963346586, 0.9995578144003865, 0.9689712252788395, 0.9898993045572669, 0.9940641580997277, 0.9989681220167042, 0.9985284648866826, 0.9992201523013549, 0.9989681220167042, 0.9998074217496087, 0.6858865261209656, 0.9982107268746903, 0.9689712252788395, 0.9689712252788395, 0.9689712252788395, 0.9900238253137609, 0.9999175149929194, 0.99464105173738, 0.9864712356535609, 0.9989681220167042, 0.9924439248149891, 0.9900238253137609, 0.7619693298746574, 0.9992962990068426, 0.6601017364719609, 0.9973584403252603, 0.7123288914966642, 0.8683856792279647, 0.9989681220167042, 0.8984519853509497, 0.9689712252788395, 0.9689712252788395, 0.8984519853509497, 0.9786355410735843, 0.9996658638743201, 0.6195353476043246, 0.9907370508707435, 0.9998074217496087, 0.9989681220167042, 0.9995578144003865, 0.7619693298746574]",47,train,9
0.99,99,0,0,1,100,14,1,1,1,0,0,0,14,1,1,1,0,0,0,"(array([0.4842608 , 0.78537959, 0.69591141, 0.95471394, 0.86651713,
       0.31664634, 0.61104804, 0.20421523, 0.24129789, 0.91774744,
       0.91476518]), array([0.81229675, 0.73510861, 0.77405161, 0.52456635, 0.675143  ,
       0.83322155, 0.7761569 , 0.84907001, 0.84833074, 0.58853304,
       0.60889697]), array([0.18406767, 0.26189566, 0.22273631, 0.4670378 , 0.31986395,
       0.16290057, 0.22058889, 0.14691298, 0.14767213, 0.40455851,
       0.38451594]), array([0.52742267, 0.22597538, 0.31609204, 0.05591486, 0.14502594,
       0.69363707, 0.40091789, 0.80461591, 0.7680335 , 0.09335384,
       0.0965331 ]))","['QwenPRM_avg_scores (7.63B)', 'GPM (8B)', 'EurusPRMStage2_avg_scores (7.62B)', 'QwenPRM_max_scores (7.63B)', 'DeepSeekQwen (32B)', 'Qwen72B_scores (72B)', 'EurusPRMStage1_min_scores (7.62B)', 'ArmorRM (8B)', 'Skyworks (8B)', 'SkyT1 (32B)', 'DeepSeekLlama (70B)']","[0.9999175149929194, 0.9998074217496087, 0.9991963639650695, 0.9982107268746903, 0.9995578144003865, 0.9999175149929194, 0.9689712252788395, 0.9998074217496087, 0.9994682166114535, 0.9999175149929194, 0.9998074217496087, 0.8360263007671278, 0.9999175149929194, 0.9786355410735843, 0.9999437654031859, 0.9994516832725874, 0.9725146783962431, 0.9999175149929194, 0.9689712252788395, 0.9998074217496087, 0.9994682166114535, 0.9998687041424302, 0.9756595910656567, 0.9974491868316757, 0.8835922384639883, 0.9957029722107007, 0.9992201523013549, 0.9994682166114535, 0.9995578144003865, 0.9786355410735843, 0.909364951942945, 0.9999175149929194, 0.9999437654031859, 0.976022492484323, 0.9998687041424302, 0.9991959127576603, 0.9999175149929194, 0.9991959127576603, 0.9998074217496087, 0.9999175149929194, 0.9992962990068426, 0.9987206370913099, 0.9996658638743201, 0.9998687041424302, 0.9998687041424302, 0.9689712252788395, 0.9998074217496087, 0.99812449909308, 0.9987206370913099, 0.7619693298746574, 0.9999175149929194, 0.9987206370913099, 0.9989681220167042, 0.9991959127576603, 0.997117958161895, 0.9998687041424302, 0.9995578144003865, 0.9996658638743201, 0.9994682166114535, 0.9786355410735843, 0.9995578144003865, 0.9900238253137609, 0.9998687041424302, 0.9996658638743201, 0.9998687041424302, 0.9992201523013549, 0.9940641580997277, 0.9991959127576603, 0.9996658638743201, 0.9987206370913099, 0.9689712252788395, 0.9998687041424302, 0.9647167770137443, 0.9998074217496087, 0.9999437654031859, 0.9991959127576603, 0.9999175149929194, 0.9998074217496087, 0.9992201523013549, 0.9999437654031859, 0.9974491868316757, 0.9999175149929194, 0.9689712252788395, 0.99812449909308, 0.9995578144003865, 0.9998074217496087, 0.9921588954184459, 0.9940641580997277, 0.11435368269525453, 0.9959456548333111, 0.9989963293121484, 0.9996658638743201, 0.9864712356535609, 0.9689712252788395, 0.9994516832725874, 0.9449546594157953, 0.9993692516506245, 0.9900238253137609, 0.9940641580997277, 0.99812449909308]",48,train,9
0.52,1,51,48,0,100,51,0,1,0,0,0,1,51,1,0,0,0,1,0,"(array([0.4842608 , 0.78537959, 0.69591141, 0.95471394, 0.86651713,
       0.31664634, 0.61104804, 0.20421523, 0.24129789, 0.91774744,
       0.91476518]), array([0.81229675, 0.73510861, 0.77405161, 0.52456635, 0.675143  ,
       0.83322155, 0.7761569 , 0.84907001, 0.84833074, 0.58853304,
       0.60889697]), array([0.18406767, 0.26189566, 0.22273631, 0.4670378 , 0.31986395,
       0.16290057, 0.22058889, 0.14691298, 0.14767213, 0.40455851,
       0.38451594]), array([0.52742267, 0.22597538, 0.31609204, 0.05591486, 0.14502594,
       0.69363707, 0.40091789, 0.80461591, 0.7680335 , 0.09335384,
       0.0965331 ]))","['QwenPRM_avg_scores (7.63B)', 'GPM (8B)', 'EurusPRMStage2_avg_scores (7.62B)', 'QwenPRM_max_scores (7.63B)', 'DeepSeekQwen (32B)', 'Qwen72B_scores (72B)', 'EurusPRMStage1_min_scores (7.62B)', 'ArmorRM (8B)', 'Skyworks (8B)', 'SkyT1 (32B)', 'DeepSeekLlama (70B)']","[0.07406728497664258, 0.99812449909308, 0.22336242519745028, 0.17581850010036307, 0.06414268518015077, 0.8465202283718727, 0.06414268518015077, 0.016633934413660737, 0.06414268518015077, 0.7376826856491956, 0.06414268518015077, 0.9123938520391015, 0.9725767262925256, 0.6601017364719609, 0.08690849328544217, 0.2024435935824228, 0.26876843557774516, 0.016633934413660737, 0.5070226299794827, 0.014697075738039305, 0.011001273535057489, 0.7619693298746574, 0.7619693298746574, 0.26876843557774516, 0.2024435935824228, 0.9768514896988386, 0.4636256414439414, 0.5335829608801403, 0.06414268518015077, 0.2024435935824228, 0.4636256414439414, 0.9768514896988386, 0.4636256414439414, 0.9817537058996947, 0.2024435935824228, 0.08690849328544217, 0.7123288914966642, 0.852546894368092, 0.40346382895980937, 0.22336242519745028, 0.576490200804567, 0.8225496545137726, 0.8972512684634638, 0.8686510486391777, 0.9959456548333111, 0.909364951942945, 0.2024435935824228, 0.08316784348478898, 0.016633934413660737, 0.9783641689522015, 0.4636256414439414, 0.9985284648866826, 0.4723373470843962, 0.016633934413660737, 0.08316784348478898, 0.8939802440960362, 0.985827296503856, 0.8225496545137726, 0.5335829608801403, 0.9783641689522015, 0.8465202283718727, 0.06414268518015077, 0.909364951942945, 0.2024435935824228, 0.7123288914966642, 0.4636256414439414, 0.8225496545137726, 0.9725767262925256, 0.08316784348478898, 0.8465202283718727, 0.2024435935824228, 0.576490200804567, 0.7123288914966642, 0.004707840148325058, 0.0075305296181191, 0.08316784348478898, 0.06414268518015077, 0.6601017364719609, 0.08316784348478898, 0.7123288914966642, 0.985827296503856, 0.7819272766129928, 0.7123288914966642, 0.344001139821737, 0.016633934413660737, 0.7619693298746574, 0.016633934413660737, 0.8465202283718727, 0.5335829608801403, 0.2909422482551117, 0.08316784348478898, 0.7819272766129928, 0.9889615381576459, 0.8465202283718727, 0.016633934413660737, 0.8225496545137726, 0.016633934413660737, 0.4636256414439414, 0.9299678009948686, 0.2024435935824228]",49,train,0
