sample_accuracy,sample_tp,sample_tn,sample_fp,sample_fn,num_samples,top1_idx,top1_positive,has_positive,top1_tp,top1_fp,top1_tn,top1_fn,prediction_idx,prediction_class,prediction_accuracy,prediction_tp,prediction_tn,prediction_fp,prediction_fn,model_params,verifier_subset,weaver_sample_scores,problem,set,difficulty
0.84,84,0,0,16,100,12,1,1,1,0,0,0,12,1,1,1,0,0,0,"(array([0.48026466, 0.69982678, 0.8693468 , 0.78845745, 0.96165514,
       0.47549641, 0.23084129, 0.3074674 , 0.19208278, 0.91956729,
       0.71196687, 0.31223804, 0.61102295]), array([0.83184016, 0.78492832, 0.67328042, 0.72682285, 0.51132321,
       0.83359182, 0.86965436, 0.8471396 , 0.86911929, 0.60337991,
       0.78323138, 0.85749668, 0.77951676]), array([0.16659702, 0.21381859, 0.32369462, 0.27210149, 0.48229972,
       0.16483316, 0.12854609, 0.15114653, 0.12908763, 0.39202103,
       0.21554571, 0.14078219, 0.21922612]), array([0.52849644, 0.3092491 , 0.13941333, 0.22006688, 0.04653534,
       0.53324127, 0.77593899, 0.70009732, 0.81428331, 0.08909271,
       0.2970663 , 0.69539708, 0.39798465]))","['QwenPRM_avg_scores (7.63B)', 'EurusPRMStage2_avg_scores (7.62B)', 'DeepSeekQwen (32B)', 'GPM (8B)', 'QwenPRM_max_scores (7.63B)', 'QwenPRM_min_scores (7.63B)', 'Skyworks (8B)', 'Qwen72B_scores (72B)', 'ArmorRM (8B)', 'DeepSeekLlama (70B)', 'EurusPRMStage2_min_scores (7.62B)', 'QRM (8B)', 'EurusPRMStage1_min_scores (7.62B)']","[0.6925205997448499, 0.9983878063792139, 0.9882870205268813, 0.6925205997448499, 0.9999719481828723, 0.9988770839664708, 0.9514900864800502, 0.9975129718390608, 0.6925205997448499, 0.1905061445490519, 0.18378363058162583, 0.7815183963102489, 0.9999776804985068, 0.9975129718390608, 0.999339603212603, 0.9247857532916045, 0.9247857532916045, 0.9975129718390608, 0.989355898181456, 0.9445253657170934, 0.08554594837853682, 0.9975129718390608, 0.43628926174186583, 0.989355898181456, 0.9247857532916045, 0.9947688839708486, 0.6925205997448499, 0.6925205997448499, 0.9823911023112089, 0.9408349011382167, 0.999700162652511, 0.007863642900347394, 0.6925205997448499, 0.6925205997448499, 0.6925205997448499, 0.671102070815405, 0.6925205997448499, 0.0011408475090512933, 0.9445253657170934, 0.9939003847563478, 0.9247857532916045, 0.9971378498981338, 0.9939003847563478, 0.7815183963102489, 0.601950935079924, 0.9445253657170934, 0.09321893624333454, 0.09321893624333454, 0.9143322054698112, 0.9970287996013731, 0.1479550798666693, 0.9977610292092607, 0.9512850787246561, 0.9492653900912407, 0.7231690790430133, 0.671102070815405, 0.6925205997448499, 0.9939003847563478, 0.5623160058654886, 0.010627722301217899, 0.9939003847563478, 0.9997523054689915, 0.6925205997448499, 0.1905061445490519, 0.6925205997448499, 0.9871433255349147, 0.8471855457602165, 0.1479550798666693, 0.9934719041158018, 0.9899466991135378, 0.9767099999860454, 0.1905061445490519, 0.9939003847563478, 0.14035517024922822, 0.9939003847563478, 0.9247857532916045, 0.9994744856651006, 0.8471855457602165, 0.9939003847563478, 0.6925205997448499, 0.6925205997448499, 0.9988770839664708, 0.9822840805388116, 0.6925205997448499, 0.6925205997448499, 0.9994744856651006, 0.9975129718390608, 0.9984326237755698, 0.9995435013457998, 0.6925205997448499, 0.9514900864800502, 0.9975129718390608, 0.9512850787246561, 0.6925205997448499, 0.09321893624333454, 0.6925205997448499, 0.9998077830522745, 0.6925205997448499, 0.2720754961324583, 0.9986409464684439]",0,train,9
0.96,96,0,0,4,100,88,1,1,1,0,0,0,88,1,1,1,0,0,0,"(array([0.48026466, 0.69982678, 0.8693468 , 0.78845745, 0.96165514,
       0.47549641, 0.23084129, 0.3074674 , 0.19208278, 0.91956729,
       0.71196687, 0.31223804, 0.61102295]), array([0.83184016, 0.78492832, 0.67328042, 0.72682285, 0.51132321,
       0.83359182, 0.86965436, 0.8471396 , 0.86911929, 0.60337991,
       0.78323138, 0.85749668, 0.77951676]), array([0.16659702, 0.21381859, 0.32369462, 0.27210149, 0.48229972,
       0.16483316, 0.12854609, 0.15114653, 0.12908763, 0.39202103,
       0.21554571, 0.14078219, 0.21922612]), array([0.52849644, 0.3092491 , 0.13941333, 0.22006688, 0.04653534,
       0.53324127, 0.77593899, 0.70009732, 0.81428331, 0.08909271,
       0.2970663 , 0.69539708, 0.39798465]))","['QwenPRM_avg_scores (7.63B)', 'EurusPRMStage2_avg_scores (7.62B)', 'DeepSeekQwen (32B)', 'GPM (8B)', 'QwenPRM_max_scores (7.63B)', 'QwenPRM_min_scores (7.63B)', 'Skyworks (8B)', 'Qwen72B_scores (72B)', 'ArmorRM (8B)', 'DeepSeekLlama (70B)', 'EurusPRMStage2_min_scores (7.62B)', 'QRM (8B)', 'EurusPRMStage1_min_scores (7.62B)']","[0.9994744856651006, 0.9903047018198521, 0.5623160058654886, 0.9997523054689915, 0.9998903444424588, 0.9796196620121657, 0.9615390135171729, 0.9995891161605475, 0.9998250817808382, 0.9999776804985068, 0.3668023756016427, 0.9995737965667351, 0.998951559131075, 0.8471855457602165, 0.9999450626438006, 0.999979911606855, 0.7597541607147331, 0.9999654085367993, 0.998951559131075, 0.9865215905273437, 0.999700162652511, 0.9979333305317741, 0.9512850787246561, 0.9999631978749332, 0.9975145681363659, 0.5623160058654886, 0.9680151939104894, 0.9999873514491491, 0.9999450626438006, 0.9999873514491491, 0.998951559131075, 0.9975145681363659, 0.9999309536657983, 0.9997523054689915, 0.9247857532916045, 0.998951559131075, 0.999339603212603, 0.6925205997448499, 0.999979911606855, 0.999979911606855, 0.9492653900912407, 0.999700162652511, 0.9903047018198521, 0.9998781668092773, 0.9998903444424588, 0.999811189432305, 0.9991284190979699, 0.999700162652511, 0.9987977794311059, 0.9998440272962302, 0.3668023756016427, 0.9985000922987779, 0.2019445732869457, 0.9998077830522745, 0.9680151939104894, 0.9999094169436248, 0.9999450626438006, 0.999979911606855, 0.9952081767045637, 0.999700162652511, 0.9957115406494106, 0.9871433255349147, 0.9998903444424588, 0.9971378498981338, 0.6925205997448499, 0.999700162652511, 0.998951559131075, 0.9960409357539493, 0.9976199328898929, 0.999700162652511, 0.999700162652511, 0.999979911606855, 0.9247857532916045, 0.9995263696119807, 0.9998077830522745, 0.999979911606855, 0.9986492923762617, 0.9999094169436248, 0.999979911606855, 0.9988770839664708, 0.9999450626438006, 0.9903047018198521, 0.9999309536657983, 0.9998903444424588, 0.9999450626438006, 0.9975145681363659, 0.9994744856651006, 0.9994744856651006, 0.999994861378838, 0.48664342910772396, 0.5623160058654886, 0.9999450626438006, 0.8233908043732187, 0.9994744856651006, 0.6925205997448499, 0.9998898573494279, 0.9957115406494106, 0.999543794945197, 0.9998331415895029, 0.9995026370309377]",1,train,9
0.93,93,0,0,7,100,6,1,1,1,0,0,0,6,1,1,1,0,0,0,"(array([0.48026466, 0.69982678, 0.8693468 , 0.78845745, 0.96165514,
       0.47549641, 0.23084129, 0.3074674 , 0.19208278, 0.91956729,
       0.71196687, 0.31223804, 0.61102295]), array([0.83184016, 0.78492832, 0.67328042, 0.72682285, 0.51132321,
       0.83359182, 0.86965436, 0.8471396 , 0.86911929, 0.60337991,
       0.78323138, 0.85749668, 0.77951676]), array([0.16659702, 0.21381859, 0.32369462, 0.27210149, 0.48229972,
       0.16483316, 0.12854609, 0.15114653, 0.12908763, 0.39202103,
       0.21554571, 0.14078219, 0.21922612]), array([0.52849644, 0.3092491 , 0.13941333, 0.22006688, 0.04653534,
       0.53324127, 0.77593899, 0.70009732, 0.81428331, 0.08909271,
       0.2970663 , 0.69539708, 0.39798465]))","['QwenPRM_avg_scores (7.63B)', 'EurusPRMStage2_avg_scores (7.62B)', 'DeepSeekQwen (32B)', 'GPM (8B)', 'QwenPRM_max_scores (7.63B)', 'QwenPRM_min_scores (7.63B)', 'Skyworks (8B)', 'Qwen72B_scores (72B)', 'ArmorRM (8B)', 'DeepSeekLlama (70B)', 'EurusPRMStage2_min_scores (7.62B)', 'QRM (8B)', 'EurusPRMStage1_min_scores (7.62B)']","[0.9445253657170934, 0.2720754961324583, 0.9995435013457998, 0.9766953538866475, 0.9988770839664708, 0.9988770839664708, 0.9997731359982472, 0.989355898181456, 0.9988770839664708, 0.9988770839664708, 0.48664342910772396, 0.9987627689252386, 0.1905061445490519, 0.9965939613952725, 0.9988770839664708, 0.9995435013457998, 0.9992926729336904, 0.48664342910772396, 0.989355898181456, 0.9994417624451432, 0.9903047018198521, 0.9992065803372097, 0.9997731359982472, 0.9103670911464292, 0.9988770839664708, 0.9995435013457998, 0.9995435013457998, 0.9856286412657581, 0.9988770839664708, 0.975962822083814, 0.9988770839664708, 0.9680151939104894, 0.6925205997448499, 0.9988770839664708, 0.9988770839664708, 0.9975129718390608, 0.9995435013457998, 0.9956482396419866, 0.9965968296166834, 0.9916808902790648, 0.9995435013457998, 0.9962202782519546, 0.6925205997448499, 0.9445253657170934, 0.9975129718390608, 0.9988770839664708, 0.9988770839664708, 0.9247857532916045, 0.989355898181456, 0.9997731359982472, 0.97874846326021, 0.9995847217790144, 0.9995435013457998, 0.9907473781069629, 0.9997731359982472, 0.9939003847563478, 0.9939003847563478, 0.9463511242059185, 0.9995435013457998, 0.9939003847563478, 0.9514900864800502, 0.9903047018198521, 0.9939003847563478, 0.9988770839664708, 0.9680151939104894, 0.9995435013457998, 0.9946829898671408, 0.9988770839664708, 0.6925205997448499, 0.9995435013457998, 0.9995435013457998, 0.6925205997448499, 0.1479550798666693, 0.9995435013457998, 0.40185540233573314, 0.9956482396419866, 0.6557766633322297, 0.6925205997448499, 0.9988770839664708, 0.9995435013457998, 0.989355898181456, 0.9939003847563478, 0.9988770839664708, 0.9903047018198521, 0.9823911023112089, 0.9995435013457998, 0.9907473781069629, 0.8471855457602165, 0.5676074564172131, 0.4950755838223508, 0.9247857532916045, 0.97874846326021, 0.9960383967580668, 0.9766953538866475, 0.9995435013457998, 0.9995435013457998, 0.989355898181456, 0.9962202782519546, 0.9445253657170934, 0.9975129718390608]",2,train,9
1.0,100,0,0,0,100,12,1,1,1,0,0,0,12,1,1,1,0,0,0,"(array([0.48026466, 0.69982678, 0.8693468 , 0.78845745, 0.96165514,
       0.47549641, 0.23084129, 0.3074674 , 0.19208278, 0.91956729,
       0.71196687, 0.31223804, 0.61102295]), array([0.83184016, 0.78492832, 0.67328042, 0.72682285, 0.51132321,
       0.83359182, 0.86965436, 0.8471396 , 0.86911929, 0.60337991,
       0.78323138, 0.85749668, 0.77951676]), array([0.16659702, 0.21381859, 0.32369462, 0.27210149, 0.48229972,
       0.16483316, 0.12854609, 0.15114653, 0.12908763, 0.39202103,
       0.21554571, 0.14078219, 0.21922612]), array([0.52849644, 0.3092491 , 0.13941333, 0.22006688, 0.04653534,
       0.53324127, 0.77593899, 0.70009732, 0.81428331, 0.08909271,
       0.2970663 , 0.69539708, 0.39798465]))","['QwenPRM_avg_scores (7.63B)', 'EurusPRMStage2_avg_scores (7.62B)', 'DeepSeekQwen (32B)', 'GPM (8B)', 'QwenPRM_max_scores (7.63B)', 'QwenPRM_min_scores (7.63B)', 'Skyworks (8B)', 'Qwen72B_scores (72B)', 'ArmorRM (8B)', 'DeepSeekLlama (70B)', 'EurusPRMStage2_min_scores (7.62B)', 'QRM (8B)', 'EurusPRMStage1_min_scores (7.62B)']","[0.999700162652511, 0.999700162652511, 0.999700162652511, 0.9997523054689915, 0.9994744856651006, 0.9971378498981338, 0.9998077830522745, 0.9998903444424588, 0.9986409464684439, 0.9995217654294185, 0.999700162652511, 0.9756122603622259, 0.999979911606855, 0.9999450626438006, 0.999979911606855, 0.9971378498981338, 0.9975145681363659, 0.999700162652511, 0.998951559131075, 0.9976030938440057, 0.9999450626438006, 0.9934719041158018, 0.999979911606855, 0.9999309536657983, 0.9999450626438006, 0.9971378498981338, 0.9974198339773196, 0.999700162652511, 0.9998903444424588, 0.9952603372614711, 0.998951559131075, 0.9999450626438006, 0.9994744856651006, 0.999700162652511, 0.9994744856651006, 0.9909425677628845, 0.9999450626438006, 0.999700162652511, 0.9994744856651006, 0.9971378498981338, 0.9998903444424588, 0.9971378498981338, 0.9247857532916045, 0.9994744856651006, 0.9994744856651006, 0.9998077830522745, 0.9999450626438006, 0.999700162652511, 0.9998781668092773, 0.999979911606855, 0.999979911606855, 0.999700162652511, 0.9994744856651006, 0.999979911606855, 0.999700162652511, 0.999979911606855, 0.999979911606855, 0.999700162652511, 0.999979911606855, 0.999700162652511, 0.998951559131075, 0.9998903444424588, 0.999700162652511, 0.9999088565279828, 0.999979911606855, 0.9996988310211425, 0.9999450626438006, 0.999700162652511, 0.999700162652511, 0.998951559131075, 0.999979911606855, 0.999700162652511, 0.9999450626438006, 0.998951559131075, 0.9999088565279828, 0.999700162652511, 0.999700162652511, 0.999979911606855, 0.9995217654294185, 0.999339603212603, 0.9995026370309377, 0.9999450626438006, 0.9999450626438006, 0.9998077830522745, 0.9997507732846148, 0.9994744856651006, 0.9506182624323403, 0.9998903444424588, 0.999700162652511, 0.9998077830522745, 0.9997523054689915, 0.9986409464684439, 0.9654564401568071, 0.9990897735806934, 0.999543794945197, 0.9999450626438006, 0.9482375600957194, 0.9998331415895029, 0.9886118381080009, 0.999700162652511]",3,train,9
0.89,37,52,1,10,100,17,1,1,1,0,0,0,22,0,1,0,1,0,0,"(array([0.48026466, 0.69982678, 0.8693468 , 0.78845745, 0.96165514,
       0.47549641, 0.23084129, 0.3074674 , 0.19208278, 0.91956729,
       0.71196687, 0.31223804, 0.61102295]), array([0.83184016, 0.78492832, 0.67328042, 0.72682285, 0.51132321,
       0.83359182, 0.86965436, 0.8471396 , 0.86911929, 0.60337991,
       0.78323138, 0.85749668, 0.77951676]), array([0.16659702, 0.21381859, 0.32369462, 0.27210149, 0.48229972,
       0.16483316, 0.12854609, 0.15114653, 0.12908763, 0.39202103,
       0.21554571, 0.14078219, 0.21922612]), array([0.52849644, 0.3092491 , 0.13941333, 0.22006688, 0.04653534,
       0.53324127, 0.77593899, 0.70009732, 0.81428331, 0.08909271,
       0.2970663 , 0.69539708, 0.39798465]))","['QwenPRM_avg_scores (7.63B)', 'EurusPRMStage2_avg_scores (7.62B)', 'DeepSeekQwen (32B)', 'GPM (8B)', 'QwenPRM_max_scores (7.63B)', 'QwenPRM_min_scores (7.63B)', 'Skyworks (8B)', 'Qwen72B_scores (72B)', 'ArmorRM (8B)', 'DeepSeekLlama (70B)', 'EurusPRMStage2_min_scores (7.62B)', 'QRM (8B)', 'EurusPRMStage1_min_scores (7.62B)']","[0.0178211903692777, 0.9997523054689915, 0.9262696495145347, 0.0178211903692777, 0.999700162652511, 0.6925205997448499, 0.472373425789863, 0.0004986697117040355, 0.09321893624333454, 0.08691831760012601, 0.04147443407046248, 0.12416924948983209, 0.007863642900347394, 0.010812428190477086, 0.989355898181456, 0.09321893624333454, 0.00045179781403775586, 0.9999450626438006, 0.9939003847563478, 0.010812428190477086, 0.9445253657170934, 0.010812428190477086, 5.2129761045555014e-05, 0.010812428190477086, 0.010812428190477086, 0.010812428190477086, 0.9939003847563478, 0.010812428190477086, 0.00045380402270120613, 0.0011408475090512933, 0.989355898181456, 0.996124934411569, 0.9856286412657581, 0.022126030131138792, 0.9999094169436248, 0.9988770839664708, 0.9445253657170934, 0.010812428190477086, 0.010812428190477086, 0.004326172197102894, 0.9816993281079628, 0.9939003847563478, 0.9971378498981338, 0.0027162685047538294, 0.999700162652511, 0.010812428190477086, 0.0004986697117040355, 0.9492653900912407, 0.9979333305317741, 0.6925205997448499, 0.051503925182458096, 0.010812428190477086, 0.331425230834735, 0.010812428190477086, 0.9939003847563478, 0.010812428190477086, 0.3419615624865037, 0.9445253657170934, 0.09321893624333454, 0.601950935079924, 0.0004986697117040355, 0.1479550798666693, 0.010812428190477086, 0.9939003847563478, 0.9939003847563478, 0.975962822083814, 0.012431606645883725, 0.997634533960416, 0.0563115612730027, 0.010812428190477086, 0.0004986697117040355, 0.0011408475090512933, 0.004326172197102894, 0.1479550798666693, 0.9939003847563478, 0.6925205997448499, 0.9939003847563478, 0.48664342910772396, 0.08324611845196667, 0.0563115612730027, 0.9939003847563478, 0.010812428190477086, 0.0563115612730027, 0.9999450626438006, 5.2129761045555014e-05, 0.010812428190477086, 0.0563115612730027, 0.9988770839664708, 0.010812428190477086, 0.010812428190477086, 0.0004986697117040355, 0.0563115612730027, 0.9939003847563478, 0.1905061445490519, 0.5623160058654886, 0.9988770839664708, 0.4373009320187209, 0.006196524987016714, 5.2129761045555014e-05, 0.010812428190477086]",4,train,4
0.9,80,10,6,4,100,90,1,1,1,0,0,0,90,1,1,1,0,0,0,"(array([0.48026466, 0.69982678, 0.8693468 , 0.78845745, 0.96165514,
       0.47549641, 0.23084129, 0.3074674 , 0.19208278, 0.91956729,
       0.71196687, 0.31223804, 0.61102295]), array([0.83184016, 0.78492832, 0.67328042, 0.72682285, 0.51132321,
       0.83359182, 0.86965436, 0.8471396 , 0.86911929, 0.60337991,
       0.78323138, 0.85749668, 0.77951676]), array([0.16659702, 0.21381859, 0.32369462, 0.27210149, 0.48229972,
       0.16483316, 0.12854609, 0.15114653, 0.12908763, 0.39202103,
       0.21554571, 0.14078219, 0.21922612]), array([0.52849644, 0.3092491 , 0.13941333, 0.22006688, 0.04653534,
       0.53324127, 0.77593899, 0.70009732, 0.81428331, 0.08909271,
       0.2970663 , 0.69539708, 0.39798465]))","['QwenPRM_avg_scores (7.63B)', 'EurusPRMStage2_avg_scores (7.62B)', 'DeepSeekQwen (32B)', 'GPM (8B)', 'QwenPRM_max_scores (7.63B)', 'QwenPRM_min_scores (7.63B)', 'Skyworks (8B)', 'Qwen72B_scores (72B)', 'ArmorRM (8B)', 'DeepSeekLlama (70B)', 'EurusPRMStage2_min_scores (7.62B)', 'QRM (8B)', 'EurusPRMStage1_min_scores (7.62B)']","[0.9999450626438006, 0.9912616270992235, 0.9945680928452802, 0.9995891161605475, 0.8471855457602165, 0.9954077816223921, 0.9976199328898929, 0.9988770839664708, 0.8980096163778118, 0.6925205997448499, 0.8471855457602165, 0.5800812052712038, 0.9999088565279828, 0.8471855457602165, 0.9997507732846148, 0.48664342910772396, 0.9247857532916045, 0.8471855457602165, 0.8471855457602165, 0.25869508521532597, 0.9997864386462589, 0.5800812052712038, 0.8104222977613367, 0.2019445732869457, 0.5800812052712038, 0.9680151939104894, 0.8471855457602165, 0.9680151939104894, 0.1479550798666693, 0.9680151939104894, 0.8471855457602165, 0.8471669749620555, 0.9999429633669017, 0.4070049352808137, 0.18649602516060934, 0.8471855457602165, 0.6925205997448499, 0.9247857532916045, 0.9680151939104894, 0.9445253657170934, 0.9991284190979699, 0.6925205997448499, 0.8471855457602165, 0.9247857532916045, 0.5623160058654886, 0.999979911606855, 0.9939003847563478, 0.48664342910772396, 0.9995217654294185, 0.999339603212603, 0.9247857532916045, 0.9463837936504933, 0.9996690507184973, 0.9998903444424588, 0.999700162652511, 0.6925205997448499, 0.9463837936504933, 0.9247857532916045, 0.9999450626438006, 0.9999776804985068, 0.9997507732846148, 0.9247857532916045, 0.9680151939104894, 0.9991337740473124, 0.9655571475579073, 0.9680151939104894, 0.7000059884758246, 0.9680151939104894, 0.0178211903692777, 0.9999450626438006, 0.8471855457602165, 0.9680151939104894, 0.999979911606855, 0.8471855457602165, 0.8471855457602165, 0.999979911606855, 0.1905061445490519, 0.9108691417594164, 0.9996988310211425, 0.9999088565279828, 0.09012631290185788, 0.6925205997448499, 0.9680151939104894, 0.999811189432305, 0.1905061445490519, 0.9836807222248356, 0.9680151939104894, 0.004500869416841997, 0.9247857532916045, 0.8471855457602165, 0.9999873514491491, 0.9680151939104894, 0.9984336307218139, 0.9247857532916045, 0.9247857532916045, 0.9984054110882865, 0.45141790307689267, 0.6925205997448499, 0.3668023756016427, 0.8471855457602165]",5,train,8
0.91,28,63,9,0,100,9,1,1,1,0,0,0,9,1,1,1,0,0,0,"(array([0.48026466, 0.69982678, 0.8693468 , 0.78845745, 0.96165514,
       0.47549641, 0.23084129, 0.3074674 , 0.19208278, 0.91956729,
       0.71196687, 0.31223804, 0.61102295]), array([0.83184016, 0.78492832, 0.67328042, 0.72682285, 0.51132321,
       0.83359182, 0.86965436, 0.8471396 , 0.86911929, 0.60337991,
       0.78323138, 0.85749668, 0.77951676]), array([0.16659702, 0.21381859, 0.32369462, 0.27210149, 0.48229972,
       0.16483316, 0.12854609, 0.15114653, 0.12908763, 0.39202103,
       0.21554571, 0.14078219, 0.21922612]), array([0.52849644, 0.3092491 , 0.13941333, 0.22006688, 0.04653534,
       0.53324127, 0.77593899, 0.70009732, 0.81428331, 0.08909271,
       0.2970663 , 0.69539708, 0.39798465]))","['QwenPRM_avg_scores (7.63B)', 'EurusPRMStage2_avg_scores (7.62B)', 'DeepSeekQwen (32B)', 'GPM (8B)', 'QwenPRM_max_scores (7.63B)', 'QwenPRM_min_scores (7.63B)', 'Skyworks (8B)', 'Qwen72B_scores (72B)', 'ArmorRM (8B)', 'DeepSeekLlama (70B)', 'EurusPRMStage2_min_scores (7.62B)', 'QRM (8B)', 'EurusPRMStage1_min_scores (7.62B)']","[0.009805636808016249, 0.08324611845196667, 0.1479550798666693, 0.010812428190477086, 0.010812428190477086, 0.010812428190477086, 0.010812428190477086, 0.9999776804985068, 0.0027162685047538294, 0.9999889104048543, 0.9999450626438006, 0.1479550798666693, 0.004127622309697811, 0.010812428190477086, 0.006429505648580729, 0.8471855457602165, 0.010812428190477086, 0.0563115612730027, 0.6925205997448499, 0.0178211903692777, 0.9981431989556593, 0.007863642900347394, 0.9909027964971737, 0.9907473781069629, 0.43628926174186583, 0.9982286185579332, 0.9998440272962302, 0.017063870357391382, 0.9998781668092773, 0.9998781668092773, 0.010812428190477086, 0.9995435013457998, 0.896311179157356, 0.216170588130214, 0.9999776804985068, 0.010812428190477086, 0.007863642900347394, 0.0178211903692777, 0.9108064271492989, 0.979707972450833, 0.010812428190477086, 0.48664342910772396, 0.6925205997448499, 0.1479550798666693, 0.9883985312894845, 0.0011408475090512933, 0.010812428190477086, 0.006429505648580729, 0.9796196620121657, 0.9998146125572529, 0.9291364350216569, 0.35947152335083976, 0.010812428190477086, 0.1479550798666693, 0.9995435013457998, 0.12416924948983209, 0.010812428190477086, 0.9997731359982472, 0.12416924948983209, 0.9995435013457998, 0.012431606645883725, 0.0011408475090512933, 0.010627722301217899, 0.1479550798666693, 0.1479550798666693, 0.6925205997448499, 0.0178211903692777, 0.43628926174186583, 0.9989399776479112, 0.9998987345184366, 0.48664342910772396, 0.010812428190477086, 0.216170588130214, 0.0007917594956492937, 0.010812428190477086, 0.1479550798666693, 0.010812428190477086, 0.9999450626438006, 0.010812428190477086, 0.0563115612730027, 0.8814811130051957, 0.9995435013457998, 0.1479550798666693, 0.010812428190477086, 0.9463511242059185, 0.999700162652511, 0.9998056579095074, 0.8113681629435666, 0.007863642900347394, 0.010812428190477086, 0.48664342910772396, 0.2736886076351059, 0.010812428190477086, 0.2412956513301249, 0.998835247550737, 0.1479550798666693, 0.993832471348236, 0.12416924948983209, 0.1479550798666693, 0.010812428190477086]",6,train,2
0.98,98,0,0,2,100,18,1,1,1,0,0,0,18,1,1,1,0,0,0,"(array([0.48026466, 0.69982678, 0.8693468 , 0.78845745, 0.96165514,
       0.47549641, 0.23084129, 0.3074674 , 0.19208278, 0.91956729,
       0.71196687, 0.31223804, 0.61102295]), array([0.83184016, 0.78492832, 0.67328042, 0.72682285, 0.51132321,
       0.83359182, 0.86965436, 0.8471396 , 0.86911929, 0.60337991,
       0.78323138, 0.85749668, 0.77951676]), array([0.16659702, 0.21381859, 0.32369462, 0.27210149, 0.48229972,
       0.16483316, 0.12854609, 0.15114653, 0.12908763, 0.39202103,
       0.21554571, 0.14078219, 0.21922612]), array([0.52849644, 0.3092491 , 0.13941333, 0.22006688, 0.04653534,
       0.53324127, 0.77593899, 0.70009732, 0.81428331, 0.08909271,
       0.2970663 , 0.69539708, 0.39798465]))","['QwenPRM_avg_scores (7.63B)', 'EurusPRMStage2_avg_scores (7.62B)', 'DeepSeekQwen (32B)', 'GPM (8B)', 'QwenPRM_max_scores (7.63B)', 'QwenPRM_min_scores (7.63B)', 'Skyworks (8B)', 'Qwen72B_scores (72B)', 'ArmorRM (8B)', 'DeepSeekLlama (70B)', 'EurusPRMStage2_min_scores (7.62B)', 'QRM (8B)', 'EurusPRMStage1_min_scores (7.62B)']","[0.9999094169436248, 0.999962970176691, 0.9998330341735092, 0.9999088565279828, 0.9997978823297313, 0.9998987345184366, 0.998242540842537, 0.9984043860299389, 0.9977016925210946, 0.99635473530136, 0.9979333305317741, 0.9988770839664708, 0.9998330341735092, 0.9999289305880263, 0.9975292048423893, 0.9996795894543902, 0.9999322056191758, 0.9970645216941427, 0.9999918388201672, 0.9990891880535095, 0.9995435013457998, 0.9985478012256447, 0.9999918388201672, 0.999962970176691, 0.9960409357539493, 0.1871694648307276, 0.9990891880535095, 0.9970645216941427, 0.9999776804985068, 0.9999554485860098, 0.9999776804985068, 0.9986881487551008, 0.9999219012985793, 0.999962970176691, 0.9910747798579513, 0.9988770839664708, 0.9999918388201672, 0.9998993571652116, 0.9985478012256447, 0.9998330341735092, 0.9900933026587239, 0.999962970176691, 0.9919563158456416, 0.9984043860299389, 0.9999918388201672, 0.9995737965667351, 0.9990458409251395, 0.9983233980331244, 0.9995435013457998, 0.9680151939104894, 0.9998987345184366, 0.9994474269280554, 0.9999776804985068, 0.9999088565279828, 0.9980690372595934, 0.9952603372614711, 0.999962970176691, 0.9661709128309472, 0.9900933026587239, 0.9998330341735092, 0.9999918388201672, 0.9997978823297313, 0.9996457294294605, 0.9985478012256447, 0.9999918388201672, 0.9997978823297313, 0.9995600758580726, 0.9995435013457998, 0.9999219012985793, 0.9913508568456438, 0.9991284190979699, 0.999962970176691, 0.9982917548877938, 0.9990891880535095, 0.9998987345184366, 0.998835247550737, 0.9999219012985793, 0.9998330341735092, 0.9997978823297313, 0.9999094169436248, 0.9999219012985793, 0.9999918388201672, 0.9995737965667351, 0.9990317089309017, 0.9999918388201672, 0.9947366877163147, 0.9997978823297313, 0.9998987345184366, 0.386411417282985, 0.9999088565279828, 0.999962970176691, 0.9967870278200383, 0.9999219012985793, 0.999962970176691, 0.9991593662393395, 0.9999219012985793, 0.9994474269280554, 0.9907473781069629, 0.9928052269610999, 0.999962970176691]",7,train,9
0.98,98,0,0,2,100,47,1,1,1,0,0,0,47,1,1,1,0,0,0,"(array([0.48026466, 0.69982678, 0.8693468 , 0.78845745, 0.96165514,
       0.47549641, 0.23084129, 0.3074674 , 0.19208278, 0.91956729,
       0.71196687, 0.31223804, 0.61102295]), array([0.83184016, 0.78492832, 0.67328042, 0.72682285, 0.51132321,
       0.83359182, 0.86965436, 0.8471396 , 0.86911929, 0.60337991,
       0.78323138, 0.85749668, 0.77951676]), array([0.16659702, 0.21381859, 0.32369462, 0.27210149, 0.48229972,
       0.16483316, 0.12854609, 0.15114653, 0.12908763, 0.39202103,
       0.21554571, 0.14078219, 0.21922612]), array([0.52849644, 0.3092491 , 0.13941333, 0.22006688, 0.04653534,
       0.53324127, 0.77593899, 0.70009732, 0.81428331, 0.08909271,
       0.2970663 , 0.69539708, 0.39798465]))","['QwenPRM_avg_scores (7.63B)', 'EurusPRMStage2_avg_scores (7.62B)', 'DeepSeekQwen (32B)', 'GPM (8B)', 'QwenPRM_max_scores (7.63B)', 'QwenPRM_min_scores (7.63B)', 'Skyworks (8B)', 'Qwen72B_scores (72B)', 'ArmorRM (8B)', 'DeepSeekLlama (70B)', 'EurusPRMStage2_min_scores (7.62B)', 'QRM (8B)', 'EurusPRMStage1_min_scores (7.62B)']","[0.9997528227674202, 0.9247857532916045, 0.9999828128916243, 0.9822840805388116, 0.9999900189573189, 0.9997523054689915, 0.9680151939104894, 0.9997528227674202, 0.9991242036158899, 0.9994209520260161, 0.9997270653372646, 0.9999554485860098, 0.6925205997448499, 0.9680151939104894, 0.9976802131776791, 0.9997270653372646, 0.9939003847563478, 0.999939463324758, 0.9680151939104894, 0.9988770839664708, 0.9907473781069629, 0.9949796109451848, 0.9999499929567052, 0.901975443507604, 0.9680151939104894, 0.9997507732846148, 0.1905061445490519, 0.8471855457602165, 0.9994788059780079, 0.9999499929567052, 0.9999778640812789, 0.9998769173410356, 0.8471855457602165, 0.9988770839664708, 0.9998250312661054, 0.9999778640812789, 0.9999727035553367, 0.9680151939104894, 0.9617664782528622, 0.9823911023112089, 0.9247857532916045, 0.99544187890178, 0.9999776804985068, 0.9680151939104894, 0.9971487504959478, 0.9998056579095074, 0.9995435013457998, 0.9999959450915354, 0.6925205997448499, 0.8535763112571071, 0.9999549916503984, 0.9995472545299905, 0.8843002135350739, 0.9680151939104894, 0.9985215453572557, 0.9998987345184366, 0.9999727035553367, 0.7597541607147331, 0.9823911023112089, 0.6925205997448499, 0.9999889104048543, 0.5164038640592666, 0.8471855457602165, 0.9680151939104894, 0.999939463324758, 0.9680151939104894, 0.9986492923762617, 0.9680151939104894, 0.9987084431150027, 0.9927706500582216, 0.9939003847563478, 0.9247857532916045, 0.9987084431150027, 0.8471855457602165, 0.9994474269280554, 0.8471855457602165, 0.8471855457602165, 0.9988770839664708, 0.9994417624451432, 0.9247857532916045, 0.9998987345184366, 0.9999900189573189, 0.9998993571652116, 0.9936098390114615, 0.9995217654294185, 0.9999889104048543, 0.9999450626438006, 0.9108691417594164, 0.999700162652511, 0.9995667640130014, 0.9787618471145858, 0.9999900189573189, 0.9995216273616928, 0.9999061803341708, 0.6615984222266929, 0.9512850787246561, 0.6925205997448499, 0.6925205997448499, 0.1905061445490519, 0.999939859406662]",8,train,9
0.67,14,53,31,2,100,24,1,1,1,0,0,0,95,0,1,0,1,0,0,"(array([0.48026466, 0.69982678, 0.8693468 , 0.78845745, 0.96165514,
       0.47549641, 0.23084129, 0.3074674 , 0.19208278, 0.91956729,
       0.71196687, 0.31223804, 0.61102295]), array([0.83184016, 0.78492832, 0.67328042, 0.72682285, 0.51132321,
       0.83359182, 0.86965436, 0.8471396 , 0.86911929, 0.60337991,
       0.78323138, 0.85749668, 0.77951676]), array([0.16659702, 0.21381859, 0.32369462, 0.27210149, 0.48229972,
       0.16483316, 0.12854609, 0.15114653, 0.12908763, 0.39202103,
       0.21554571, 0.14078219, 0.21922612]), array([0.52849644, 0.3092491 , 0.13941333, 0.22006688, 0.04653534,
       0.53324127, 0.77593899, 0.70009732, 0.81428331, 0.08909271,
       0.2970663 , 0.69539708, 0.39798465]))","['QwenPRM_avg_scores (7.63B)', 'EurusPRMStage2_avg_scores (7.62B)', 'DeepSeekQwen (32B)', 'GPM (8B)', 'QwenPRM_max_scores (7.63B)', 'QwenPRM_min_scores (7.63B)', 'Skyworks (8B)', 'Qwen72B_scores (72B)', 'ArmorRM (8B)', 'DeepSeekLlama (70B)', 'EurusPRMStage2_min_scores (7.62B)', 'QRM (8B)', 'EurusPRMStage1_min_scores (7.62B)']","[0.003757484455414213, 0.009848769487716619, 0.6615984222266929, 0.8873257453399542, 0.8554858005051527, 0.0011408475090512933, 0.2736886076351059, 0.009848769487716619, 0.9641068435535806, 0.009848769487716619, 0.5676074564172131, 0.4631264602648189, 0.3644435644871205, 0.05653049552233973, 0.5676074564172131, 0.8092536946997172, 0.8092536946997172, 0.07632491361421184, 0.9932265418213662, 0.8775453393777785, 0.9445253657170934, 0.04292958790318393, 0.9871433255349147, 0.009399152382997152, 0.9988770839664708, 0.00045380402270120613, 0.009848769487716619, 0.8554858005051527, 0.11426973211325582, 0.9445253657170934, 0.1364546651099408, 0.989355898181456, 0.022126030131138792, 0.009399152382997152, 0.007863642900347394, 0.009399152382997152, 0.8814811130051957, 0.9856286412657581, 0.9939003847563478, 0.5523120607874417, 0.4373009320187209, 0.8775453393777785, 0.07632491361421184, 0.24647673827717462, 0.08544335798673998, 0.989355898181456, 0.46063166963531305, 0.10958064872913056, 0.5863521488961939, 0.08192652788989375, 0.9445253657170934, 0.472373425789863, 0.046637930606275024, 0.10958064872913056, 0.989355898181456, 0.07632491361421184, 0.07632491361421184, 0.9111658742827905, 0.6704290136026191, 0.9928075654769027, 0.07632491361421184, 0.902251001971876, 0.009399152382997152, 0.6720797265496486, 0.9445253657170934, 0.5676074564172131, 0.5676074564172131, 0.1364546651099408, 0.8814811130051957, 0.514863307569959, 0.02017461050535139, 0.07632491361421184, 0.9206531323180094, 0.009399152382997152, 0.9111658742827905, 0.08554594837853682, 0.9699849974828634, 0.4373009320187209, 0.9111658742827905, 0.5173179351486252, 0.4160867934616188, 0.24647673827717462, 0.9988770839664708, 0.3108669338082259, 0.003757484455414213, 0.05653049552233973, 0.9903047018198521, 0.0068331357772296476, 0.08554594837853682, 0.010627722301217899, 0.24647673827717462, 0.005585879838912429, 0.08691831760012601, 0.7578929850502595, 0.1364546651099408, 5.2129761045555014e-05, 0.8233908043732187, 0.4373009320187209, 0.5676074564172131, 0.13098985100797284]",9,train,1
0.96,85,11,0,4,100,18,1,1,1,0,0,0,18,1,1,1,0,0,0,"(array([0.48026466, 0.69982678, 0.8693468 , 0.78845745, 0.96165514,
       0.47549641, 0.23084129, 0.3074674 , 0.19208278, 0.91956729,
       0.71196687, 0.31223804, 0.61102295]), array([0.83184016, 0.78492832, 0.67328042, 0.72682285, 0.51132321,
       0.83359182, 0.86965436, 0.8471396 , 0.86911929, 0.60337991,
       0.78323138, 0.85749668, 0.77951676]), array([0.16659702, 0.21381859, 0.32369462, 0.27210149, 0.48229972,
       0.16483316, 0.12854609, 0.15114653, 0.12908763, 0.39202103,
       0.21554571, 0.14078219, 0.21922612]), array([0.52849644, 0.3092491 , 0.13941333, 0.22006688, 0.04653534,
       0.53324127, 0.77593899, 0.70009732, 0.81428331, 0.08909271,
       0.2970663 , 0.69539708, 0.39798465]))","['QwenPRM_avg_scores (7.63B)', 'EurusPRMStage2_avg_scores (7.62B)', 'DeepSeekQwen (32B)', 'GPM (8B)', 'QwenPRM_max_scores (7.63B)', 'QwenPRM_min_scores (7.63B)', 'Skyworks (8B)', 'Qwen72B_scores (72B)', 'ArmorRM (8B)', 'DeepSeekLlama (70B)', 'EurusPRMStage2_min_scores (7.62B)', 'QRM (8B)', 'EurusPRMStage1_min_scores (7.62B)']","[0.010812428190477086, 0.9999450626438006, 0.6720797265496486, 0.9939003847563478, 0.9998056579095074, 0.9103670911464292, 0.9680151939104894, 0.9578948247099379, 0.12416924948983209, 0.97874846326021, 0.9108691417594164, 0.9984220908432813, 5.2129761045555014e-05, 0.472373425789863, 0.997634533960416, 0.9975145681363659, 0.9939003847563478, 0.9816993281079628, 0.999979911606855, 0.9962202782519546, 0.9984220908432813, 0.9999776804985068, 0.9888887621494208, 0.8471855457602165, 0.9986492923762617, 0.9991645312099904, 0.9881048770724061, 0.0011408475090512933, 0.9904055630309755, 0.8249211011469667, 0.9680151939104894, 0.9947688839708486, 0.9514900864800502, 0.9872213745125938, 0.006196524987016714, 0.9956482396419866, 0.7231690790430133, 0.9947688839708486, 0.9998781668092773, 0.9999450626438006, 0.9247857532916045, 0.9982286185579332, 0.8471855457602165, 0.9939003847563478, 0.998835247550737, 0.9822840805388116, 0.9975129718390608, 0.1905061445490519, 0.998835247550737, 0.9971378498981338, 0.9999776804985068, 0.9680151939104894, 0.8843660518111809, 0.9995435013457998, 0.9989887796669559, 0.9975145681363659, 0.9991279617535461, 0.9975129718390608, 0.0178211903692777, 0.9999776804985068, 0.006196524987016714, 0.9999776804985068, 0.9998781668092773, 0.9975129718390608, 0.9934719041158018, 0.014597758444908154, 0.9995435013457998, 0.979707972450833, 0.6925205997448499, 0.00043289939432760544, 0.9975129718390608, 0.9979460129506321, 0.979707972450833, 0.9514900864800502, 0.9988770839664708, 0.9998781668092773, 0.9247857532916045, 0.999700162652511, 0.9927706500582216, 0.9888887621494208, 0.979707972450833, 0.9975129718390608, 0.9766953538866475, 0.8471855457602165, 0.9999450626438006, 0.9998781668092773, 0.5623160058654886, 0.9649622651061033, 0.9686751086783868, 0.9514900864800502, 0.6720797265496486, 0.9514900864800502, 5.2129761045555014e-05, 0.9962202782519546, 0.6925205997448499, 0.9108691417594164, 0.2706219052646953, 0.1905061445490519, 5.2129761045555014e-05, 0.601950935079924]",10,train,8
0.98,96,2,0,2,100,3,1,1,1,0,0,0,3,1,1,1,0,0,0,"(array([0.48026466, 0.69982678, 0.8693468 , 0.78845745, 0.96165514,
       0.47549641, 0.23084129, 0.3074674 , 0.19208278, 0.91956729,
       0.71196687, 0.31223804, 0.61102295]), array([0.83184016, 0.78492832, 0.67328042, 0.72682285, 0.51132321,
       0.83359182, 0.86965436, 0.8471396 , 0.86911929, 0.60337991,
       0.78323138, 0.85749668, 0.77951676]), array([0.16659702, 0.21381859, 0.32369462, 0.27210149, 0.48229972,
       0.16483316, 0.12854609, 0.15114653, 0.12908763, 0.39202103,
       0.21554571, 0.14078219, 0.21922612]), array([0.52849644, 0.3092491 , 0.13941333, 0.22006688, 0.04653534,
       0.53324127, 0.77593899, 0.70009732, 0.81428331, 0.08909271,
       0.2970663 , 0.69539708, 0.39798465]))","['QwenPRM_avg_scores (7.63B)', 'EurusPRMStage2_avg_scores (7.62B)', 'DeepSeekQwen (32B)', 'GPM (8B)', 'QwenPRM_max_scores (7.63B)', 'QwenPRM_min_scores (7.63B)', 'Skyworks (8B)', 'Qwen72B_scores (72B)', 'ArmorRM (8B)', 'DeepSeekLlama (70B)', 'EurusPRMStage2_min_scores (7.62B)', 'QRM (8B)', 'EurusPRMStage1_min_scores (7.62B)']","[0.9998781668092773, 0.999700162652511, 0.9998077830522745, 0.9999918388201672, 0.9999450626438006, 0.9999776804985068, 0.9999776804985068, 0.9971378498981338, 0.9996690507184973, 0.9998781668092773, 0.9883139253627078, 0.9981431989556593, 0.9999450626438006, 0.1479550798666693, 0.9998987345184366, 0.9999776804985068, 0.9971378498981338, 0.9907449468387205, 0.9999776804985068, 0.9907473781069629, 0.9999776804985068, 0.9995217654294185, 0.9999776804985068, 0.9999776804985068, 0.9999776804985068, 0.6925205997448499, 0.9999776804985068, 0.9939003847563478, 0.9999450626438006, 0.9999776804985068, 0.35947152335083976, 0.6925205997448499, 0.999700162652511, 0.9991645312099904, 0.997634533960416, 0.9999776804985068, 0.9998987345184366, 0.997634533960416, 0.9997864386462589, 0.9971378498981338, 0.9999450626438006, 0.999339603212603, 0.9999554485860098, 0.9999918388201672, 0.9939003847563478, 0.9991943362667005, 0.9986492923762617, 0.9999918388201672, 0.9995435013457998, 0.9976199328898929, 0.0011408475090512933, 0.9997864386462589, 0.9999776804985068, 0.9994474269280554, 0.9994508229866, 0.998835247550737, 0.9999776804985068, 0.6925205997448499, 0.9998146125572529, 0.999979911606855, 0.9999776804985068, 0.992726245084794, 0.9997864386462589, 0.9971378498981338, 0.9990317089309017, 0.999962970176691, 0.9999776804985068, 0.9999450626438006, 0.9880321589129242, 0.9998781668092773, 0.998835247550737, 0.9999219012985793, 0.9999776804985068, 0.998835247550737, 0.6925205997448499, 0.999700162652511, 0.9999554485860098, 0.9998781668092773, 0.9994744856651006, 0.9999776804985068, 0.9929235407479784, 0.9954279995390765, 0.9971378498981338, 0.9982286185579332, 0.9999450626438006, 0.9998781668092773, 0.9986754017395527, 0.9998146125572529, 0.9995435013457998, 0.9998781668092773, 0.9108691417594164, 0.9999554485860098, 0.9998781668092773, 0.010812428190477086, 0.999700162652511, 0.999543794945197, 0.999543794945197, 0.999700162652511, 0.9994744856651006, 0.9997507732846148]",11,train,9
0.99,99,0,0,1,100,41,1,1,1,0,0,0,41,1,1,1,0,0,0,"(array([0.48026466, 0.69982678, 0.8693468 , 0.78845745, 0.96165514,
       0.47549641, 0.23084129, 0.3074674 , 0.19208278, 0.91956729,
       0.71196687, 0.31223804, 0.61102295]), array([0.83184016, 0.78492832, 0.67328042, 0.72682285, 0.51132321,
       0.83359182, 0.86965436, 0.8471396 , 0.86911929, 0.60337991,
       0.78323138, 0.85749668, 0.77951676]), array([0.16659702, 0.21381859, 0.32369462, 0.27210149, 0.48229972,
       0.16483316, 0.12854609, 0.15114653, 0.12908763, 0.39202103,
       0.21554571, 0.14078219, 0.21922612]), array([0.52849644, 0.3092491 , 0.13941333, 0.22006688, 0.04653534,
       0.53324127, 0.77593899, 0.70009732, 0.81428331, 0.08909271,
       0.2970663 , 0.69539708, 0.39798465]))","['QwenPRM_avg_scores (7.63B)', 'EurusPRMStage2_avg_scores (7.62B)', 'DeepSeekQwen (32B)', 'GPM (8B)', 'QwenPRM_max_scores (7.63B)', 'QwenPRM_min_scores (7.63B)', 'Skyworks (8B)', 'Qwen72B_scores (72B)', 'ArmorRM (8B)', 'DeepSeekLlama (70B)', 'EurusPRMStage2_min_scores (7.62B)', 'QRM (8B)', 'EurusPRMStage1_min_scores (7.62B)']","[0.9971378498981338, 0.9408349011382167, 0.9445253657170934, 0.9787618471145858, 0.9971378498981338, 0.9998146125572529, 0.999700162652511, 0.9950291556293905, 0.9950291556293905, 0.999979911606855, 0.9998903444424588, 0.999811189432305, 0.8471855457602165, 0.9956510275981993, 0.9994266917284096, 0.999700162652511, 0.999543794945197, 0.6925205997448499, 0.9975145681363659, 0.999700162652511, 0.9999450626438006, 0.9998250817808382, 0.9990897735806934, 0.9408349011382167, 0.999339603212603, 0.9998903444424588, 0.999700162652511, 0.9997507732846148, 0.999700162652511, 0.7815183963102489, 0.9999450626438006, 0.9999450626438006, 0.999339603212603, 0.9973948054397075, 0.9975145681363659, 0.999979911606855, 0.9999450626438006, 0.9997523054689915, 0.9767099999860454, 0.999700162652511, 0.9934719041158018, 0.9999873514491491, 0.9998903444424588, 0.9975145681363659, 0.9998903444424588, 0.6925205997448499, 0.9767099999860454, 0.9999450626438006, 0.9994266917284096, 0.9514900864800502, 0.9984336307218139, 0.9998903444424588, 0.999543794945197, 0.9699745488914376, 0.9103670911464292, 0.9998331415895029, 0.9756122603622259, 0.9960409357539493, 0.9999450626438006, 0.6925205997448499, 0.9973948054397075, 0.9975145681363659, 0.9998903444424588, 0.6172441352277802, 0.999543794945197, 0.9998331415895029, 0.9913563740201291, 0.999700162652511, 0.9990857335813013, 0.999700162652511, 0.9995217654294185, 0.999543794945197, 0.9990458409251395, 0.1905061445490519, 0.9971378498981338, 0.9512850787246561, 0.9975145681363659, 0.9999322056191758, 0.9767099999860454, 0.9998331415895029, 0.9973375853788804, 0.9999873514491491, 0.9998903444424588, 0.9999450626438006, 0.9767099999860454, 0.9852080930574303, 0.999700162652511, 0.9994744856651006, 0.9963570722970324, 0.9990897735806934, 0.9984336307218139, 0.9999088565279828, 0.9995217654294185, 0.9984336307218139, 0.999700162652511, 0.9992433360131785, 0.9971378498981338, 0.6925205997448499, 0.9994744856651006, 0.9990458409251395]",12,train,9
0.86,61,25,14,0,100,46,1,1,1,0,0,0,46,1,1,1,0,0,0,"(array([0.48026466, 0.69982678, 0.8693468 , 0.78845745, 0.96165514,
       0.47549641, 0.23084129, 0.3074674 , 0.19208278, 0.91956729,
       0.71196687, 0.31223804, 0.61102295]), array([0.83184016, 0.78492832, 0.67328042, 0.72682285, 0.51132321,
       0.83359182, 0.86965436, 0.8471396 , 0.86911929, 0.60337991,
       0.78323138, 0.85749668, 0.77951676]), array([0.16659702, 0.21381859, 0.32369462, 0.27210149, 0.48229972,
       0.16483316, 0.12854609, 0.15114653, 0.12908763, 0.39202103,
       0.21554571, 0.14078219, 0.21922612]), array([0.52849644, 0.3092491 , 0.13941333, 0.22006688, 0.04653534,
       0.53324127, 0.77593899, 0.70009732, 0.81428331, 0.08909271,
       0.2970663 , 0.69539708, 0.39798465]))","['QwenPRM_avg_scores (7.63B)', 'EurusPRMStage2_avg_scores (7.62B)', 'DeepSeekQwen (32B)', 'GPM (8B)', 'QwenPRM_max_scores (7.63B)', 'QwenPRM_min_scores (7.63B)', 'Skyworks (8B)', 'Qwen72B_scores (72B)', 'ArmorRM (8B)', 'DeepSeekLlama (70B)', 'EurusPRMStage2_min_scores (7.62B)', 'QRM (8B)', 'EurusPRMStage1_min_scores (7.62B)']","[0.9140401543931098, 0.9994417624451432, 0.9445253657170934, 0.9445253657170934, 0.9997958096669111, 0.9980492703426959, 0.9988770839664708, 0.9649622651061033, 0.006196524987016714, 0.0027162685047538294, 0.9574813215321578, 0.9991645312099904, 0.7435009005086795, 0.9969600693905577, 0.549591264288381, 0.023898618700834304, 0.1905061445490519, 0.9986492923762617, 0.051503925182458096, 0.9716459442926416, 0.9797686036717466, 0.702310327465551, 0.9997523054689915, 0.9994417624451432, 0.9991191019271287, 0.027513294516225233, 0.9969600693905577, 0.0011408475090512933, 0.9994417624451432, 0.9969600693905577, 0.9988863101139013, 0.9796196620121657, 0.07181745528644413, 0.9994417624451432, 0.9954358915579126, 0.9994417624451432, 0.9987627689252386, 0.9997270653372646, 0.07482087796479521, 0.9999776804985068, 0.09012631290185788, 0.6233211320311374, 0.9975129718390608, 0.9976280638254699, 0.989355898181456, 0.9999499929567052, 0.9999889104048543, 0.9699849974828634, 0.02734873470719954, 0.9913591793577186, 0.975962822083814, 0.9994417624451432, 0.989355898181456, 0.9990376574903537, 0.601950935079924, 0.7527001551077976, 0.9994417624451432, 0.9994417624451432, 0.0431837367429166, 0.9514900864800502, 0.854033216057801, 0.9973580521202744, 0.9988770839664708, 0.9960383967580668, 0.19670385137660637, 0.016766486325955086, 0.8028865872996319, 0.997634533960416, 0.9988770839664708, 0.9319462716444259, 0.9994417624451432, 0.3100833042662847, 0.9994417624451432, 0.010549354777368935, 0.027513294516225233, 0.9988770839664708, 5.2129761045555014e-05, 0.11314697878805438, 0.9994417624451432, 0.9994417624451432, 0.9999170358627162, 0.1691094505669769, 0.0008275069467052176, 0.9986836324425963, 0.9994417624451432, 0.9998769173410356, 0.12180425453894199, 0.1240836773281262, 0.9939003847563478, 0.9463511242059185, 0.9445253657170934, 0.9998146125572529, 0.5523120607874417, 0.902251001971876, 0.9994417624451432, 0.9946829898671408, 0.7503403669912222, 0.999700162652511, 0.006196524987016714, 0.006196524987016714]",13,train,6
0.97,49,48,1,2,100,58,1,1,1,0,0,0,91,0,1,0,1,0,0,"(array([0.48026466, 0.69982678, 0.8693468 , 0.78845745, 0.96165514,
       0.47549641, 0.23084129, 0.3074674 , 0.19208278, 0.91956729,
       0.71196687, 0.31223804, 0.61102295]), array([0.83184016, 0.78492832, 0.67328042, 0.72682285, 0.51132321,
       0.83359182, 0.86965436, 0.8471396 , 0.86911929, 0.60337991,
       0.78323138, 0.85749668, 0.77951676]), array([0.16659702, 0.21381859, 0.32369462, 0.27210149, 0.48229972,
       0.16483316, 0.12854609, 0.15114653, 0.12908763, 0.39202103,
       0.21554571, 0.14078219, 0.21922612]), array([0.52849644, 0.3092491 , 0.13941333, 0.22006688, 0.04653534,
       0.53324127, 0.77593899, 0.70009732, 0.81428331, 0.08909271,
       0.2970663 , 0.69539708, 0.39798465]))","['QwenPRM_avg_scores (7.63B)', 'EurusPRMStage2_avg_scores (7.62B)', 'DeepSeekQwen (32B)', 'GPM (8B)', 'QwenPRM_max_scores (7.63B)', 'QwenPRM_min_scores (7.63B)', 'Skyworks (8B)', 'Qwen72B_scores (72B)', 'ArmorRM (8B)', 'DeepSeekLlama (70B)', 'EurusPRMStage2_min_scores (7.62B)', 'QRM (8B)', 'EurusPRMStage1_min_scores (7.62B)']","[0.9995435013457998, 0.9956482396419866, 0.97874846326021, 0.0011408475090512933, 0.0011408475090512933, 0.009399152382997152, 0.9962202782519546, 0.8279533060986497, 0.010812428190477086, 0.010812428190477086, 0.8873257453399542, 0.010812428190477086, 0.9995435013457998, 0.9995435013457998, 0.010812428190477086, 0.950943249252649, 0.8923255719583395, 0.0563115612730027, 0.0011408475090512933, 0.9198460352448666, 0.9900933026587239, 0.9995435013457998, 0.9956482396419866, 0.0004986697117040355, 0.010812428190477086, 0.010812428190477086, 0.0563115612730027, 0.9969600693905577, 0.010812428190477086, 0.97874846326021, 0.9900933026587239, 0.0011408475090512933, 0.0563115612730027, 0.010812428190477086, 0.0011408475090512933, 0.9262696495145347, 0.014597758444908154, 0.0178211903692777, 0.979707972450833, 0.9939003847563478, 0.9988770839664708, 0.9995435013457998, 0.010812428190477086, 0.010812428190477086, 0.0563115612730027, 0.010812428190477086, 0.9992065803372097, 0.9324191668449281, 0.9984043860299389, 0.010812428190477086, 0.010812428190477086, 0.9995435013457998, 0.9619008519382138, 0.0004986697117040355, 0.9995435013457998, 0.1479550798666693, 0.9927968740780286, 0.00028451760328162146, 0.9999170358627162, 0.9900933026587239, 0.9956482396419866, 0.010812428190477086, 0.0563115612730027, 0.0008275069467052176, 0.010812428190477086, 0.0563115612730027, 0.0011408475090512933, 0.29944016584865674, 0.97874846326021, 0.9995435013457998, 0.1479550798666693, 0.009848769487716619, 0.0011408475090512933, 0.9680151939104894, 0.04147443407046248, 0.0011408475090512933, 0.9766953538866475, 0.0563115612730027, 0.0004986697117040355, 0.9995435013457998, 0.9995435013457998, 0.00028451760328162146, 0.0004986697117040355, 0.9998330341735092, 0.9633316012991431, 0.356942643430432, 0.97874846326021, 0.9975129718390608, 0.0563115612730027, 0.9995435013457998, 0.9633316012991431, 5.2129761045555014e-05, 0.2019445732869457, 0.9975129718390608, 0.9975129718390608, 0.0563115612730027, 0.9960383967580668, 0.9956482396419866, 0.9995435013457998, 0.9995435013457998]",14,train,5
0.98,94,4,0,2,100,33,1,1,1,0,0,0,33,1,1,1,0,0,0,"(array([0.48026466, 0.69982678, 0.8693468 , 0.78845745, 0.96165514,
       0.47549641, 0.23084129, 0.3074674 , 0.19208278, 0.91956729,
       0.71196687, 0.31223804, 0.61102295]), array([0.83184016, 0.78492832, 0.67328042, 0.72682285, 0.51132321,
       0.83359182, 0.86965436, 0.8471396 , 0.86911929, 0.60337991,
       0.78323138, 0.85749668, 0.77951676]), array([0.16659702, 0.21381859, 0.32369462, 0.27210149, 0.48229972,
       0.16483316, 0.12854609, 0.15114653, 0.12908763, 0.39202103,
       0.21554571, 0.14078219, 0.21922612]), array([0.52849644, 0.3092491 , 0.13941333, 0.22006688, 0.04653534,
       0.53324127, 0.77593899, 0.70009732, 0.81428331, 0.08909271,
       0.2970663 , 0.69539708, 0.39798465]))","['QwenPRM_avg_scores (7.63B)', 'EurusPRMStage2_avg_scores (7.62B)', 'DeepSeekQwen (32B)', 'GPM (8B)', 'QwenPRM_max_scores (7.63B)', 'QwenPRM_min_scores (7.63B)', 'Skyworks (8B)', 'Qwen72B_scores (72B)', 'ArmorRM (8B)', 'DeepSeekLlama (70B)', 'EurusPRMStage2_min_scores (7.62B)', 'QRM (8B)', 'EurusPRMStage1_min_scores (7.62B)']","[0.999939859406662, 0.989355898181456, 0.5905935613124934, 0.6925205997448499, 0.9999426104830219, 0.9998072561429007, 0.9996262192556696, 0.9999714851275042, 0.9999450626438006, 0.9856286412657581, 0.9999716604683705, 0.9989469063196266, 0.9999873514491491, 0.9999900189573189, 0.9989328655059971, 0.9987708544690616, 0.9939003847563478, 0.9999094169436248, 0.9999900189573189, 0.9999088565279828, 0.9999755664942271, 0.9999452724614164, 0.9988770839664708, 0.9999224986962889, 0.6925205997448499, 0.9907473781069629, 0.9998714238662298, 0.9939003847563478, 0.9999094169436248, 0.9808388083017547, 0.9998898255392074, 0.9997958096669111, 0.9999716604683705, 0.9999959450915354, 0.0011408475090512933, 0.9999455145009293, 0.9999959450915354, 0.9960815556816819, 0.9999884866278042, 0.9247857532916045, 0.9999889104048543, 0.998328502504745, 0.9988770839664708, 0.9999900189573189, 0.9994744856651006, 0.9999088565279828, 0.975962822083814, 0.9997528227674202, 0.9988770839664708, 0.9999755664942271, 0.6925205997448499, 0.9999547131817652, 0.9999450626438006, 0.9999873514491491, 0.6925205997448499, 0.9907473781069629, 0.999979911606855, 0.0008275069467052176, 0.999939463324758, 0.0011408475090512933, 0.9999937155126146, 0.9999817144822156, 0.9988770839664708, 0.9445253657170934, 0.9999450626438006, 0.9998440272962302, 0.9997271734981225, 0.1479550798666693, 0.9994788059780079, 0.9999937155126146, 0.9987708544690616, 0.998951559131075, 0.9976199328898929, 0.9996717720153397, 0.9999450626438006, 0.6925205997448499, 0.5164038640592666, 0.8092536946997172, 0.9999450626438006, 0.9999170892414445, 0.0178211903692777, 5.2129761045555014e-05, 0.9997507732846148, 0.9999654085367993, 0.9247857532916045, 0.9999787903942623, 0.9995600758580726, 0.5623160058654886, 0.9247857532916045, 0.9108691417594164, 0.998328502504745, 0.9988770839664708, 0.9247857532916045, 0.9998714238662298, 0.8887560629905844, 0.9997507732846148, 0.9999429633669017, 0.999904487545725, 0.9995056939415594, 0.9999088565279828]",15,train,9
1.0,100,0,0,0,100,60,1,1,1,0,0,0,60,1,1,1,0,0,0,"(array([0.48026466, 0.69982678, 0.8693468 , 0.78845745, 0.96165514,
       0.47549641, 0.23084129, 0.3074674 , 0.19208278, 0.91956729,
       0.71196687, 0.31223804, 0.61102295]), array([0.83184016, 0.78492832, 0.67328042, 0.72682285, 0.51132321,
       0.83359182, 0.86965436, 0.8471396 , 0.86911929, 0.60337991,
       0.78323138, 0.85749668, 0.77951676]), array([0.16659702, 0.21381859, 0.32369462, 0.27210149, 0.48229972,
       0.16483316, 0.12854609, 0.15114653, 0.12908763, 0.39202103,
       0.21554571, 0.14078219, 0.21922612]), array([0.52849644, 0.3092491 , 0.13941333, 0.22006688, 0.04653534,
       0.53324127, 0.77593899, 0.70009732, 0.81428331, 0.08909271,
       0.2970663 , 0.69539708, 0.39798465]))","['QwenPRM_avg_scores (7.63B)', 'EurusPRMStage2_avg_scores (7.62B)', 'DeepSeekQwen (32B)', 'GPM (8B)', 'QwenPRM_max_scores (7.63B)', 'QwenPRM_min_scores (7.63B)', 'Skyworks (8B)', 'Qwen72B_scores (72B)', 'ArmorRM (8B)', 'DeepSeekLlama (70B)', 'EurusPRMStage2_min_scores (7.62B)', 'QRM (8B)', 'EurusPRMStage1_min_scores (7.62B)']","[0.9981959633581761, 0.997846994926185, 0.9999889104048543, 0.8471855457602165, 0.9998874320095948, 0.9999900189573189, 0.9998903444424588, 0.9999889104048543, 0.999700162652511, 0.999700162652511, 0.9999219012985793, 0.9995217654294185, 0.998328502504745, 0.9999873514491491, 0.9996690507184973, 0.9994474269280554, 0.9990376574903537, 0.9971378498981338, 0.9999918388201672, 0.999700162652511, 0.9999309536657983, 0.9998789638960552, 0.998835247550737, 0.6925205997448499, 0.9680151939104894, 0.9999873514491491, 0.9998781668092773, 0.9995435013457998, 0.9998330341735092, 0.999981601345873, 0.9996690507184973, 0.9999450626438006, 0.999979911606855, 0.999994861378838, 0.9999719481828723, 0.999979911606855, 0.999979911606855, 0.9999776804985068, 0.9999776804985068, 0.9999873514491491, 0.999979911606855, 0.9999554485860098, 0.9995112386719931, 0.9998903444424588, 0.999979911606855, 0.9999450626438006, 0.999700162652511, 0.8471855457602165, 0.9998903444424588, 0.9994510405590025, 0.97874846326021, 0.9999918388201672, 0.998835247550737, 0.9997864386462589, 0.9247857532916045, 0.9999450626438006, 0.999700162652511, 0.9999873514491491, 0.9999450626438006, 0.997634533960416, 0.9999959450915354, 0.9999959450915354, 0.9998789638960552, 0.9999727035553367, 0.9998330341735092, 0.8471855457602165, 0.9980690372595934, 0.9999450626438006, 0.9981431989556593, 0.9998077830522745, 0.9998789638960552, 0.9994544144206583, 0.9823911023112089, 0.9247857532916045, 0.9999309536657983, 0.9999873514491491, 0.9998903444424588, 0.9973948054397075, 0.9996690507184973, 0.7815183963102489, 0.999979911606855, 0.999811189432305, 0.9998077830522745, 0.9999918388201672, 0.9995217654294185, 0.9999776804985068, 0.9999873514491491, 0.9999873514491491, 0.9999309536657983, 0.9999873514491491, 0.9996690507184973, 0.9971378498981338, 0.9998898573494279, 0.6925205997448499, 0.999979911606855, 0.9999959450915354, 0.9512850787246561, 0.9247857532916045, 0.9997881949018336, 0.9995217654294185]",16,train,9
1.0,100,0,0,0,100,29,1,1,1,0,0,0,29,1,1,1,0,0,0,"(array([0.48026466, 0.69982678, 0.8693468 , 0.78845745, 0.96165514,
       0.47549641, 0.23084129, 0.3074674 , 0.19208278, 0.91956729,
       0.71196687, 0.31223804, 0.61102295]), array([0.83184016, 0.78492832, 0.67328042, 0.72682285, 0.51132321,
       0.83359182, 0.86965436, 0.8471396 , 0.86911929, 0.60337991,
       0.78323138, 0.85749668, 0.77951676]), array([0.16659702, 0.21381859, 0.32369462, 0.27210149, 0.48229972,
       0.16483316, 0.12854609, 0.15114653, 0.12908763, 0.39202103,
       0.21554571, 0.14078219, 0.21922612]), array([0.52849644, 0.3092491 , 0.13941333, 0.22006688, 0.04653534,
       0.53324127, 0.77593899, 0.70009732, 0.81428331, 0.08909271,
       0.2970663 , 0.69539708, 0.39798465]))","['QwenPRM_avg_scores (7.63B)', 'EurusPRMStage2_avg_scores (7.62B)', 'DeepSeekQwen (32B)', 'GPM (8B)', 'QwenPRM_max_scores (7.63B)', 'QwenPRM_min_scores (7.63B)', 'Skyworks (8B)', 'Qwen72B_scores (72B)', 'ArmorRM (8B)', 'DeepSeekLlama (70B)', 'EurusPRMStage2_min_scores (7.62B)', 'QRM (8B)', 'EurusPRMStage1_min_scores (7.62B)']","[0.999979911606855, 0.999979911606855, 0.9999900189573189, 0.999904487545725, 0.999979911606855, 0.9997623314016765, 0.999904487545725, 0.9998250817808382, 0.999904487545725, 0.9999900189573189, 0.9995694269537915, 0.9998331415895029, 0.9958056494945793, 0.9928052269610999, 0.999979911606855, 0.9998077830522745, 0.9998077830522745, 0.9999094169436248, 0.9999549916503984, 0.9999549916503984, 0.9997288507288162, 0.9998250817808382, 0.999979911606855, 0.9999450626438006, 0.9995600758580726, 0.9998077830522745, 0.999979911606855, 0.9976199328898929, 0.9995600758580726, 0.9999937155126146, 0.9994744856651006, 0.9999937155126146, 0.9999873514491491, 0.9999426104830219, 0.9998789638960552, 0.9999450626438006, 0.9996690507184973, 0.9999309536657983, 0.9999900189573189, 0.9994744856651006, 0.9999450626438006, 0.9991284190979699, 0.9999450626438006, 0.999939859406662, 0.9977511049123052, 0.9999727035553367, 0.9999094169436248, 0.999979911606855, 0.9999873514491491, 0.9999900189573189, 0.9994744856651006, 0.9995667640130014, 0.9989953896726396, 0.9994744856651006, 0.9999900189573189, 0.9998789638960552, 0.9998789638960552, 0.9999452724614164, 0.9999450626438006, 0.9998903444424588, 0.9987518946660086, 0.9998250817808382, 0.999979911606855, 0.9999450626438006, 0.997846994926185, 0.999904487545725, 0.999979911606855, 0.9993242905976126, 0.9999727035553367, 0.9999429633669017, 0.9999937155126146, 0.999979911606855, 0.999904487545725, 0.9998077830522745, 0.9999937155126146, 0.999979911606855, 0.99544187890178, 0.9999450626438006, 0.9999937155126146, 0.9999716604683705, 0.9991284190979699, 0.9992479854501767, 0.999979911606855, 0.9999873514491491, 0.9994744856651006, 0.9999900189573189, 0.9998949327701395, 0.999979911606855, 0.9995217654294185, 0.999979911606855, 0.9997623314016765, 0.9999873514491491, 0.9999450626438006, 0.9950563554422955, 0.9999873514491491, 0.9999900189573189, 0.9998250817808382, 0.9998077830522745, 0.9999873514491491, 0.9999549916503984]",17,train,9
0.91,0,91,8,1,100,3,0,1,0,0,0,1,14,0,1,0,1,0,0,"(array([0.48026466, 0.69982678, 0.8693468 , 0.78845745, 0.96165514,
       0.47549641, 0.23084129, 0.3074674 , 0.19208278, 0.91956729,
       0.71196687, 0.31223804, 0.61102295]), array([0.83184016, 0.78492832, 0.67328042, 0.72682285, 0.51132321,
       0.83359182, 0.86965436, 0.8471396 , 0.86911929, 0.60337991,
       0.78323138, 0.85749668, 0.77951676]), array([0.16659702, 0.21381859, 0.32369462, 0.27210149, 0.48229972,
       0.16483316, 0.12854609, 0.15114653, 0.12908763, 0.39202103,
       0.21554571, 0.14078219, 0.21922612]), array([0.52849644, 0.3092491 , 0.13941333, 0.22006688, 0.04653534,
       0.53324127, 0.77593899, 0.70009732, 0.81428331, 0.08909271,
       0.2970663 , 0.69539708, 0.39798465]))","['QwenPRM_avg_scores (7.63B)', 'EurusPRMStage2_avg_scores (7.62B)', 'DeepSeekQwen (32B)', 'GPM (8B)', 'QwenPRM_max_scores (7.63B)', 'QwenPRM_min_scores (7.63B)', 'Skyworks (8B)', 'Qwen72B_scores (72B)', 'ArmorRM (8B)', 'DeepSeekLlama (70B)', 'EurusPRMStage2_min_scores (7.62B)', 'QRM (8B)', 'EurusPRMStage1_min_scores (7.62B)']","[0.08835586778321033, 0.0027162685047538294, 0.9962202782519546, 0.9988770839664708, 0.3419615624865037, 0.007863642900347394, 0.04147443407046248, 0.4415912993123072, 0.0008275069467052176, 0.00028451760328162146, 0.006196524987016714, 0.00045179781403775586, 0.5905935613124934, 0.0011408475090512933, 5.2129761045555014e-05, 0.8098930166803248, 0.0004986697117040355, 0.0563115612730027, 0.001810689233614485, 0.004326172197102894, 0.05334895432497781, 0.0563115612730027, 0.0007917594956492937, 0.004500869416841997, 0.017063870357391382, 0.29944016584865674, 0.00028451760328162146, 0.0004986697117040355, 0.8873257453399542, 0.007863642900347394, 5.2129761045555014e-05, 0.8630228558970473, 0.02121664383632222, 0.0004986697117040355, 0.006429505648580729, 0.0027162685047538294, 0.0004986697117040355, 0.0027162685047538294, 0.037882676770007465, 0.0563115612730027, 0.010812428190477086, 0.48664342910772396, 0.0004986697117040355, 0.0004986697117040355, 0.0004986697117040355, 0.006429505648580729, 0.006196524987016714, 0.0027162685047538294, 0.43628926174186583, 0.12416924948983209, 0.017063870357391382, 0.5755031741063394, 0.22688831630311684, 0.0004986697117040355, 0.1479550798666693, 0.0563115612730027, 0.02317020923534681, 0.0563115612730027, 0.0027162685047538294, 0.0027162685047538294, 0.08324611845196667, 5.2129761045555014e-05, 0.09852207765039328, 0.0004986697117040355, 0.25869508521532597, 0.0027162685047538294, 0.0027162685047538294, 0.006429505648580729, 0.12416924948983209, 0.006196524987016714, 0.049247244674274764, 0.12416924948983209, 0.09012631290185788, 0.0004986697117040355, 0.0027162685047538294, 0.007863642900347394, 0.006196524987016714, 0.042753094241547475, 0.010812428190477086, 0.010812428190477086, 0.0563115612730027, 0.0563115612730027, 0.0563115612730027, 0.3419615624865037, 5.2129761045555014e-05, 0.028010156517350563, 0.010812428190477086, 0.331425230834735, 0.1479550798666693, 5.2129761045555014e-05, 0.778358839294363, 0.02317020923534681, 0.02317020923534681, 0.0563115612730027, 0.3419615624865037, 0.08324611845196667, 0.0563115612730027, 0.0004986697117040355, 0.07482087796479521, 0.43628926174186583]",18,train,0
1.0,100,0,0,0,100,62,1,1,1,0,0,0,62,1,1,1,0,0,0,"(array([0.48026466, 0.69982678, 0.8693468 , 0.78845745, 0.96165514,
       0.47549641, 0.23084129, 0.3074674 , 0.19208278, 0.91956729,
       0.71196687, 0.31223804, 0.61102295]), array([0.83184016, 0.78492832, 0.67328042, 0.72682285, 0.51132321,
       0.83359182, 0.86965436, 0.8471396 , 0.86911929, 0.60337991,
       0.78323138, 0.85749668, 0.77951676]), array([0.16659702, 0.21381859, 0.32369462, 0.27210149, 0.48229972,
       0.16483316, 0.12854609, 0.15114653, 0.12908763, 0.39202103,
       0.21554571, 0.14078219, 0.21922612]), array([0.52849644, 0.3092491 , 0.13941333, 0.22006688, 0.04653534,
       0.53324127, 0.77593899, 0.70009732, 0.81428331, 0.08909271,
       0.2970663 , 0.69539708, 0.39798465]))","['QwenPRM_avg_scores (7.63B)', 'EurusPRMStage2_avg_scores (7.62B)', 'DeepSeekQwen (32B)', 'GPM (8B)', 'QwenPRM_max_scores (7.63B)', 'QwenPRM_min_scores (7.63B)', 'Skyworks (8B)', 'Qwen72B_scores (72B)', 'ArmorRM (8B)', 'DeepSeekLlama (70B)', 'EurusPRMStage2_min_scores (7.62B)', 'QRM (8B)', 'EurusPRMStage1_min_scores (7.62B)']","[0.9998572372435868, 0.9996353300023678, 0.9993630566396975, 0.9988839351176596, 0.6925205997448499, 0.9999937155126146, 0.9999828128916243, 0.9989399776479112, 0.999811189432305, 0.9999654085367993, 0.9103670911464292, 0.9998903444424588, 0.999700162652511, 0.9997288507288162, 0.9997127064880225, 0.9984336307218139, 0.9996717720153397, 0.9995744398031902, 0.9990857335813013, 0.999811189432305, 0.9999937155126146, 0.9958796875532755, 0.9992542062585262, 0.9981959633581761, 0.9998949327701395, 0.9998714238662298, 0.9994266917284096, 0.9999860622248938, 0.9995916248269239, 0.9999366288789617, 0.9999309536657983, 0.9970287996013731, 0.9989953896726396, 0.999965693055672, 0.9992211337413209, 0.9852080930574303, 0.9996690507184973, 0.9990458409251395, 0.9991028479253917, 0.7597541607147331, 0.9998903444424588, 0.9819576850319582, 0.9945401485911751, 0.9999309536657983, 0.9883985312894845, 0.9999061803341708, 0.9999309536657983, 0.9998355400742961, 0.9999450626438006, 0.9943894971835452, 0.9999654085367993, 0.999965693055672, 0.9981610508087124, 0.9996353300023678, 0.9985890843658067, 0.9997864386462589, 0.999965693055672, 0.9997150689188593, 0.99263811992277, 0.9680151939104894, 0.9999873514491491, 0.9998355400742961, 0.9999974468634213, 0.9999873514491491, 0.9998789638960552, 0.999339603212603, 0.9999477944632574, 0.9999860622248938, 0.9992542062585262, 0.9996867826625317, 0.999339603212603, 0.9878448570487812, 0.9994764917768049, 0.9999974468634213, 0.9819576850319582, 0.9987163750606767, 0.9997412517061908, 0.999979911606855, 0.9999873514491491, 0.9999860622248938, 0.9998948651283659, 0.9980837805456474, 0.9995744398031902, 0.9994266917284096, 0.999939859406662, 0.9999727035553367, 0.9929318521101863, 0.9992984869005638, 0.9989328655059971, 0.9964972449357492, 0.9922405677733434, 0.9999873514491491, 0.9999974468634213, 0.9958796875532755, 0.9998453100357074, 0.9999937155126146, 0.9999719481828723, 0.9999937155126146, 0.9999937155126146, 0.9999719481828723]",19,train,9
1.0,100,0,0,0,100,59,1,1,1,0,0,0,59,1,1,1,0,0,0,"(array([0.48026466, 0.69982678, 0.8693468 , 0.78845745, 0.96165514,
       0.47549641, 0.23084129, 0.3074674 , 0.19208278, 0.91956729,
       0.71196687, 0.31223804, 0.61102295]), array([0.83184016, 0.78492832, 0.67328042, 0.72682285, 0.51132321,
       0.83359182, 0.86965436, 0.8471396 , 0.86911929, 0.60337991,
       0.78323138, 0.85749668, 0.77951676]), array([0.16659702, 0.21381859, 0.32369462, 0.27210149, 0.48229972,
       0.16483316, 0.12854609, 0.15114653, 0.12908763, 0.39202103,
       0.21554571, 0.14078219, 0.21922612]), array([0.52849644, 0.3092491 , 0.13941333, 0.22006688, 0.04653534,
       0.53324127, 0.77593899, 0.70009732, 0.81428331, 0.08909271,
       0.2970663 , 0.69539708, 0.39798465]))","['QwenPRM_avg_scores (7.63B)', 'EurusPRMStage2_avg_scores (7.62B)', 'DeepSeekQwen (32B)', 'GPM (8B)', 'QwenPRM_max_scores (7.63B)', 'QwenPRM_min_scores (7.63B)', 'Skyworks (8B)', 'Qwen72B_scores (72B)', 'ArmorRM (8B)', 'DeepSeekLlama (70B)', 'EurusPRMStage2_min_scores (7.62B)', 'QRM (8B)', 'EurusPRMStage1_min_scores (7.62B)']","[0.9997958096669111, 0.9976539452186792, 0.9992070904571461, 0.9994417624451432, 0.9977610292092607, 0.9993242905976126, 0.9997958096669111, 0.999979911606855, 0.9997731359982472, 0.9999061803341708, 0.9946454833883781, 0.9979502948722611, 0.9988863101139013, 0.9986409464684439, 0.9998903444424588, 0.9946829898671408, 0.9997958096669111, 0.9997958096669111, 0.9999455145009293, 0.9995891161605475, 0.9995891161605475, 0.9997958096669111, 0.999024848479269, 0.9994417624451432, 0.9946829898671408, 0.9988160430310452, 0.9993242905976126, 0.999979911606855, 0.999851002982583, 0.9997528227674202, 0.9980492703426959, 0.9997388285267986, 0.9445253657170934, 0.9903836826497759, 0.9976199328898929, 0.9994744856651006, 0.9997958096669111, 0.9741321183550268, 0.9999778640812789, 0.999700162652511, 0.9995472545299905, 0.9928075654769027, 0.9999170358627162, 0.9975145681363659, 0.9998761558830511, 0.998224546890961, 0.9998443530677406, 0.9997958096669111, 0.9985758865022942, 0.9996081683364213, 0.9995002843666272, 0.9999727035553367, 0.9939003847563478, 0.999904487545725, 0.9995026370309377, 0.9980492703426959, 0.9999455145009293, 0.9997507732846148, 0.9991688154642919, 0.9999900189573189, 0.9993284429311599, 0.9903081083082456, 0.7376072180328667, 0.9995667640130014, 0.9988160430310452, 0.9997958096669111, 0.9994417624451432, 0.9998572372435868, 0.999904487545725, 0.9903836826497759, 0.9999547131817652, 0.9995694269537915, 0.9999429633669017, 0.9988863101139013, 0.9997958096669111, 0.9988160430310452, 0.9941816809935966, 0.9995256972344796, 0.9988233149429828, 0.9999873514491491, 0.9991337740473124, 0.999904487545725, 0.9999549916503984, 0.9999549916503984, 0.9445253657170934, 0.9999900189573189, 0.9992984869005638, 0.9999429633669017, 0.9976199328898929, 0.9999450626438006, 0.9887044522202911, 0.9999450626438006, 0.9471382171720789, 0.9998903444424588, 0.999904487545725, 0.9999455145009293, 0.999939859406662, 0.9988160430310452, 0.9999727035553367, 0.9997388285267986]",20,train,9
0.77,77,0,0,23,100,36,1,1,1,0,0,0,36,1,1,1,0,0,0,"(array([0.48026466, 0.69982678, 0.8693468 , 0.78845745, 0.96165514,
       0.47549641, 0.23084129, 0.3074674 , 0.19208278, 0.91956729,
       0.71196687, 0.31223804, 0.61102295]), array([0.83184016, 0.78492832, 0.67328042, 0.72682285, 0.51132321,
       0.83359182, 0.86965436, 0.8471396 , 0.86911929, 0.60337991,
       0.78323138, 0.85749668, 0.77951676]), array([0.16659702, 0.21381859, 0.32369462, 0.27210149, 0.48229972,
       0.16483316, 0.12854609, 0.15114653, 0.12908763, 0.39202103,
       0.21554571, 0.14078219, 0.21922612]), array([0.52849644, 0.3092491 , 0.13941333, 0.22006688, 0.04653534,
       0.53324127, 0.77593899, 0.70009732, 0.81428331, 0.08909271,
       0.2970663 , 0.69539708, 0.39798465]))","['QwenPRM_avg_scores (7.63B)', 'EurusPRMStage2_avg_scores (7.62B)', 'DeepSeekQwen (32B)', 'GPM (8B)', 'QwenPRM_max_scores (7.63B)', 'QwenPRM_min_scores (7.63B)', 'Skyworks (8B)', 'Qwen72B_scores (72B)', 'ArmorRM (8B)', 'DeepSeekLlama (70B)', 'EurusPRMStage2_min_scores (7.62B)', 'QRM (8B)', 'EurusPRMStage1_min_scores (7.62B)']","[0.9445253657170934, 0.2019445732869457, 0.9995891161605475, 0.6720797265496486, 0.9939003847563478, 0.6720797265496486, 0.9514900864800502, 0.9808321379809171, 0.8814811130051957, 0.1479550798666693, 0.010627722301217899, 0.9939003847563478, 0.6925205997448499, 0.8814811130051957, 0.9531408975140736, 0.9655783094263529, 0.13354288556213442, 0.9531408975140736, 0.8471855457602165, 0.8814811130051957, 0.8471855457602165, 0.8471855457602165, 0.9531408975140736, 0.9789760081658864, 0.9531408975140736, 0.9512850787246561, 0.2019445732869457, 0.6925205997448499, 0.8814811130051957, 0.9939003847563478, 0.31887949697087475, 0.8814811130051957, 0.9939003847563478, 0.46063166963531305, 0.9977610292092607, 0.9977610292092607, 0.999700162652511, 0.6925205997448499, 0.9680151939104894, 0.9445253657170934, 0.1905061445490519, 0.9514900864800502, 0.006429505648580729, 0.999700162652511, 0.9816993281079628, 0.7251324206552625, 0.9531408975140736, 0.9977610292092607, 0.8814811130051957, 0.472373425789863, 0.3644435644871205, 0.6925205997448499, 0.9988770839664708, 0.31887949697087475, 0.9531408975140736, 0.854033216057801, 0.9939003847563478, 0.9994744856651006, 0.4373009320187209, 0.8471855457602165, 0.1905061445490519, 0.6925205997448499, 0.9883582083605669, 0.9939003847563478, 0.9492653900912407, 0.6925205997448499, 0.9514900864800502, 0.6925205997448499, 0.9445253657170934, 0.9988770839664708, 0.999700162652511, 0.4373009320187209, 0.7100171325916393, 0.9531408975140736, 0.4373009320187209, 0.14035517024922822, 0.1905061445490519, 0.2019445732869457, 0.8814811130051957, 0.12416924948983209, 0.9514900864800502, 0.6925205997448499, 0.9995891161605475, 0.7578929850502595, 0.7100171325916393, 0.9988770839664708, 0.08192652788989375, 0.8814811130051957, 0.09321893624333454, 0.9939003847563478, 0.8603279051615015, 0.9939003847563478, 0.9816993281079628, 0.9531408975140736, 0.9531408975140736, 0.9111658742827905, 0.9514900864800502, 0.8471855457602165, 0.9816993281079628, 0.4373009320187209]",21,train,9
0.87,86,1,0,13,100,56,1,1,1,0,0,0,56,1,1,1,0,0,0,"(array([0.48026466, 0.69982678, 0.8693468 , 0.78845745, 0.96165514,
       0.47549641, 0.23084129, 0.3074674 , 0.19208278, 0.91956729,
       0.71196687, 0.31223804, 0.61102295]), array([0.83184016, 0.78492832, 0.67328042, 0.72682285, 0.51132321,
       0.83359182, 0.86965436, 0.8471396 , 0.86911929, 0.60337991,
       0.78323138, 0.85749668, 0.77951676]), array([0.16659702, 0.21381859, 0.32369462, 0.27210149, 0.48229972,
       0.16483316, 0.12854609, 0.15114653, 0.12908763, 0.39202103,
       0.21554571, 0.14078219, 0.21922612]), array([0.52849644, 0.3092491 , 0.13941333, 0.22006688, 0.04653534,
       0.53324127, 0.77593899, 0.70009732, 0.81428331, 0.08909271,
       0.2970663 , 0.69539708, 0.39798465]))","['QwenPRM_avg_scores (7.63B)', 'EurusPRMStage2_avg_scores (7.62B)', 'DeepSeekQwen (32B)', 'GPM (8B)', 'QwenPRM_max_scores (7.63B)', 'QwenPRM_min_scores (7.63B)', 'Skyworks (8B)', 'Qwen72B_scores (72B)', 'ArmorRM (8B)', 'DeepSeekLlama (70B)', 'EurusPRMStage2_min_scores (7.62B)', 'QRM (8B)', 'EurusPRMStage1_min_scores (7.62B)']","[0.6501097575161933, 0.9999450626438006, 0.9998993571652116, 0.9986492923762617, 0.9999450626438006, 0.9756122603622259, 0.9979460129506321, 0.6925205997448499, 0.9986962051735053, 0.9967770752302323, 0.9492653900912407, 0.9888062678109044, 0.5164038640592666, 0.9992879154997285, 0.9997864386462589, 0.010812428190477086, 0.09012631290185788, 0.9997105871852359, 0.9992879154997285, 0.999700162652511, 0.996124934411569, 0.999700162652511, 0.9992879154997285, 0.1960246414508569, 0.9991491147385094, 0.9439387169674356, 0.94179700214203, 0.9986492923762617, 0.1479550798666693, 0.6925205997448499, 0.996124934411569, 0.6925205997448499, 0.3668023756016427, 0.9924563258626797, 0.9996809651319304, 0.8981303312913805, 0.9998440272962302, 0.9997523054689915, 0.9827596939603807, 0.9992879154997285, 0.9999450626438006, 0.997237112902819, 0.9941150308867791, 0.856246710798689, 0.9672317763929845, 0.9856286412657581, 0.48664342910772396, 0.9361491765647328, 0.9262696495145347, 0.9999450626438006, 0.6925205997448499, 0.9827596939603807, 0.9997864386462589, 0.9997395105962024, 0.9108691417594164, 0.9998993571652116, 0.9999859466319261, 0.4406888691847721, 0.996124934411569, 0.978965198880031, 0.9997507732846148, 0.9992879154997285, 0.9999450626438006, 0.1479550798666693, 0.993832471348236, 0.999543794945197, 0.9992879154997285, 0.9979333305317741, 0.7948747509730822, 5.2129761045555014e-05, 0.996124934411569, 0.996124934411569, 0.9992879154997285, 0.6925205997448499, 0.07301875465040536, 0.9788378039902185, 0.4406888691847721, 0.9907473781069629, 0.9988770839664708, 0.9992879154997285, 0.9788378039902185, 0.29944016584865674, 0.9445253657170934, 0.9999776804985068, 0.996124934411569, 0.1905061445490519, 0.9997978823297313, 0.9856286412657581, 0.9888887621494208, 0.9976007975092775, 0.999700162652511, 0.999700162652511, 0.9992879154997285, 0.9856286412657581, 0.9998056579095074, 0.999700162652511, 0.9941150308867791, 0.999700162652511, 0.9903047018198521, 0.1479550798666693]",22,train,9
0.84,11,73,16,0,100,84,1,1,1,0,0,0,83,0,1,0,1,0,0,"(array([0.48026466, 0.69982678, 0.8693468 , 0.78845745, 0.96165514,
       0.47549641, 0.23084129, 0.3074674 , 0.19208278, 0.91956729,
       0.71196687, 0.31223804, 0.61102295]), array([0.83184016, 0.78492832, 0.67328042, 0.72682285, 0.51132321,
       0.83359182, 0.86965436, 0.8471396 , 0.86911929, 0.60337991,
       0.78323138, 0.85749668, 0.77951676]), array([0.16659702, 0.21381859, 0.32369462, 0.27210149, 0.48229972,
       0.16483316, 0.12854609, 0.15114653, 0.12908763, 0.39202103,
       0.21554571, 0.14078219, 0.21922612]), array([0.52849644, 0.3092491 , 0.13941333, 0.22006688, 0.04653534,
       0.53324127, 0.77593899, 0.70009732, 0.81428331, 0.08909271,
       0.2970663 , 0.69539708, 0.39798465]))","['QwenPRM_avg_scores (7.63B)', 'EurusPRMStage2_avg_scores (7.62B)', 'DeepSeekQwen (32B)', 'GPM (8B)', 'QwenPRM_max_scores (7.63B)', 'QwenPRM_min_scores (7.63B)', 'Skyworks (8B)', 'Qwen72B_scores (72B)', 'ArmorRM (8B)', 'DeepSeekLlama (70B)', 'EurusPRMStage2_min_scores (7.62B)', 'QRM (8B)', 'EurusPRMStage1_min_scores (7.62B)']","[0.21306766820099868, 0.19768033095644355, 0.9439387169674356, 0.010812428190477086, 0.43628926174186583, 0.0011408475090512933, 0.3419615624865037, 0.12416924948983209, 0.8919573441771513, 0.0011408475090512933, 0.006196524987016714, 0.9111658742827905, 0.010812428190477086, 0.0004986697117040355, 0.015551810835115882, 0.014597758444908154, 0.0004986697117040355, 0.5905935613124934, 0.08324611845196667, 0.9903047018198521, 0.1905061445490519, 0.8919573441771513, 0.002258701254854484, 0.11314697878805438, 0.0011408475090512933, 0.08324611845196667, 0.4631264602648189, 0.09012631290185788, 0.331425230834735, 0.999700162652511, 0.1479550798666693, 0.2905236758811033, 0.12416924948983209, 0.48664342910772396, 0.006429505648580729, 0.999700162652511, 0.9986492923762617, 0.1364546651099408, 0.9445253657170934, 0.1479550798666693, 0.5355606264786712, 0.014597758444908154, 0.0004986697117040355, 0.9971378498981338, 0.9668588938074315, 0.6909254637560637, 0.551410470177685, 0.12416924948983209, 0.12416924948983209, 0.006196524987016714, 0.0563115612730027, 0.009399152382997152, 0.0563115612730027, 0.10958064872913056, 0.010812428190477086, 0.43628926174186583, 0.4415912993123072, 0.0011408475090512933, 0.05312553417738744, 0.010812428190477086, 0.010812428190477086, 0.9988770839664708, 0.0563115612730027, 0.9029087475933665, 0.8092536946997172, 0.08324611845196667, 0.331425230834735, 0.010812428190477086, 0.9988770839664708, 0.010812428190477086, 0.2672353355768693, 0.010812428190477086, 0.010812428190477086, 0.022126030131138792, 0.017063870357391382, 0.48664342910772396, 0.5905935613124934, 0.08691831760012601, 0.007863642900347394, 0.02283673924672644, 0.331425230834735, 0.010812428190477086, 0.027513294516225233, 5.2129761045555014e-05, 0.9999450626438006, 0.010812428190477086, 0.0563115612730027, 0.0563115612730027, 0.9883582083605669, 0.0011408475090512933, 0.010812428190477086, 0.0011408475090512933, 0.6925205997448499, 0.9988770839664708, 0.012133459019683565, 0.010812428190477086, 0.010812428190477086, 0.9406055708526542, 0.9994744856651006, 0.9666606754307725]",23,train,1
1.0,100,0,0,0,100,10,1,1,1,0,0,0,10,1,1,1,0,0,0,"(array([0.48026466, 0.69982678, 0.8693468 , 0.78845745, 0.96165514,
       0.47549641, 0.23084129, 0.3074674 , 0.19208278, 0.91956729,
       0.71196687, 0.31223804, 0.61102295]), array([0.83184016, 0.78492832, 0.67328042, 0.72682285, 0.51132321,
       0.83359182, 0.86965436, 0.8471396 , 0.86911929, 0.60337991,
       0.78323138, 0.85749668, 0.77951676]), array([0.16659702, 0.21381859, 0.32369462, 0.27210149, 0.48229972,
       0.16483316, 0.12854609, 0.15114653, 0.12908763, 0.39202103,
       0.21554571, 0.14078219, 0.21922612]), array([0.52849644, 0.3092491 , 0.13941333, 0.22006688, 0.04653534,
       0.53324127, 0.77593899, 0.70009732, 0.81428331, 0.08909271,
       0.2970663 , 0.69539708, 0.39798465]))","['QwenPRM_avg_scores (7.63B)', 'EurusPRMStage2_avg_scores (7.62B)', 'DeepSeekQwen (32B)', 'GPM (8B)', 'QwenPRM_max_scores (7.63B)', 'QwenPRM_min_scores (7.63B)', 'Skyworks (8B)', 'Qwen72B_scores (72B)', 'ArmorRM (8B)', 'DeepSeekLlama (70B)', 'EurusPRMStage2_min_scores (7.62B)', 'QRM (8B)', 'EurusPRMStage1_min_scores (7.62B)']","[0.9789760081658864, 0.9998903444424588, 0.9960815556816819, 0.9977610292092607, 0.9998077830522745, 0.9960815556816819, 0.8867071767090507, 0.9977610292092607, 0.9995891161605475, 0.9997412517061908, 0.9999918388201672, 0.9816993281079628, 0.9247857532916045, 0.9985890843658067, 0.9997412517061908, 0.999979911606855, 0.999979911606855, 0.9992984869005638, 0.9965968296166834, 0.9988770839664708, 0.9990891880535095, 0.9804182802797388, 0.9990897735806934, 0.9995891161605475, 0.9789760081658864, 0.9995056939415594, 0.999979911606855, 0.9908227861806697, 0.9999094169436248, 0.9995891161605475, 0.9977610292092607, 0.9866585705511732, 0.9995263696119807, 0.9964330030238999, 0.9954358915579126, 0.9928491532374808, 0.9999309536657983, 0.9999554485860098, 0.9977610292092607, 0.9985890843658067, 0.9965968296166834, 0.9941541461672533, 0.9512850787246561, 0.999979911606855, 0.9995891161605475, 0.9960815556816819, 0.9514900864800502, 0.9997507732846148, 0.9960815556816819, 0.9977610292092607, 0.9907473781069629, 0.9823911023112089, 0.9999429633669017, 0.9988770839664708, 0.999979911606855, 0.9995891161605475, 0.9999309536657983, 0.8424420678859426, 0.9977610292092607, 0.9985890843658067, 0.9683539464635155, 0.9272758649658158, 0.9789760081658864, 0.9998903444424588, 0.9975292048423893, 0.9992479854501767, 0.9985890843658067, 0.998951559131075, 0.9977610292092607, 0.9816993281079628, 0.9998949327701395, 0.9816993281079628, 0.9643382575280142, 0.9985890843658067, 0.9995891161605475, 0.9960815556816819, 0.9995891161605475, 0.9668757137378623, 0.9977016925210946, 0.9989953896726396, 0.999979911606855, 0.9711201938953463, 0.9996887081229782, 0.9997412517061908, 0.9975292048423893, 0.9995263696119807, 0.9995056939415594, 0.989355898181456, 0.9997412517061908, 0.9985890843658067, 0.9960815556816819, 0.9531408975140736, 0.9977610292092607, 0.9998789638960552, 0.9995891161605475, 0.999339603212603, 0.9789760081658864, 0.8471855457602165, 0.9816993281079628, 0.9999873514491491]",24,train,9
0.46,22,24,1,53,100,67,1,1,1,0,0,0,46,0,1,0,1,0,0,"(array([0.48026466, 0.69982678, 0.8693468 , 0.78845745, 0.96165514,
       0.47549641, 0.23084129, 0.3074674 , 0.19208278, 0.91956729,
       0.71196687, 0.31223804, 0.61102295]), array([0.83184016, 0.78492832, 0.67328042, 0.72682285, 0.51132321,
       0.83359182, 0.86965436, 0.8471396 , 0.86911929, 0.60337991,
       0.78323138, 0.85749668, 0.77951676]), array([0.16659702, 0.21381859, 0.32369462, 0.27210149, 0.48229972,
       0.16483316, 0.12854609, 0.15114653, 0.12908763, 0.39202103,
       0.21554571, 0.14078219, 0.21922612]), array([0.52849644, 0.3092491 , 0.13941333, 0.22006688, 0.04653534,
       0.53324127, 0.77593899, 0.70009732, 0.81428331, 0.08909271,
       0.2970663 , 0.69539708, 0.39798465]))","['QwenPRM_avg_scores (7.63B)', 'EurusPRMStage2_avg_scores (7.62B)', 'DeepSeekQwen (32B)', 'GPM (8B)', 'QwenPRM_max_scores (7.63B)', 'QwenPRM_min_scores (7.63B)', 'Skyworks (8B)', 'Qwen72B_scores (72B)', 'ArmorRM (8B)', 'DeepSeekLlama (70B)', 'EurusPRMStage2_min_scores (7.62B)', 'QRM (8B)', 'EurusPRMStage1_min_scores (7.62B)']","[0.9247857532916045, 0.049247244674274764, 0.9445253657170934, 0.004500869416841997, 0.8873257453399542, 0.00028451760328162146, 0.08324611845196667, 0.09321893624333454, 0.009399152382997152, 0.5905935613124934, 0.004500869416841997, 0.00028451760328162146, 0.007863642900347394, 0.9247857532916045, 0.007863642900347394, 0.0004986697117040355, 0.48664342910772396, 0.35947152335083976, 0.0011408475090512933, 0.0008275069467052176, 0.09012631290185788, 0.004500869416841997, 0.1646134093358537, 0.02017461050535139, 0.0008275069467052176, 0.0024723773169596144, 0.02317020923534681, 0.0563115612730027, 0.5905935613124934, 0.45141790307689267, 0.8873257453399542, 0.09321893624333454, 0.26441060836207597, 0.04147443407046248, 0.04147443407046248, 0.0011408475090512933, 0.45141790307689267, 0.48664342910772396, 0.06177677707891795, 0.1479550798666693, 0.0178211903692777, 0.8873257453399542, 0.006196524987016714, 0.48664342910772396, 0.006196524987016714, 0.5905935613124934, 5.2129761045555014e-05, 0.0011408475090512933, 0.007863642900347394, 0.0011408475090512933, 0.006196524987016714, 0.5676074564172131, 0.006196524987016714, 0.45141790307689267, 0.04147443407046248, 0.13098985100797284, 0.006196524987016714, 5.2129761045555014e-05, 0.5905935613124934, 0.04147443407046248, 0.43628926174186583, 0.06456861233907937, 0.48664342910772396, 0.049247244674274764, 0.45141790307689267, 0.0011408475090512933, 0.7578929850502595, 0.9903047018198521, 0.8873257453399542, 0.3644435644871205, 0.006196524987016714, 0.010627722301217899, 0.8775453393777785, 0.06177677707891795, 0.1479550798666693, 0.0027162685047538294, 0.08324611845196667, 0.48664342910772396, 0.5623160058654886, 0.5905935613124934, 0.8873257453399542, 0.0563115612730027, 0.04147443407046248, 0.06456861233907937, 0.08324611845196667, 0.0563115612730027, 0.04147443407046248, 0.48664342910772396, 0.48664342910772396, 0.010812428190477086, 0.8775453393777785, 0.9856286412657581, 0.0008275069467052176, 0.331425230834735, 0.04147443407046248, 5.2129761045555014e-05, 0.8873257453399542, 0.0008275069467052176, 0.8873257453399542, 0.9856286412657581]",25,train,7
0.96,57,39,1,3,100,82,1,1,1,0,0,0,88,0,1,0,1,0,0,"(array([0.48026466, 0.69982678, 0.8693468 , 0.78845745, 0.96165514,
       0.47549641, 0.23084129, 0.3074674 , 0.19208278, 0.91956729,
       0.71196687, 0.31223804, 0.61102295]), array([0.83184016, 0.78492832, 0.67328042, 0.72682285, 0.51132321,
       0.83359182, 0.86965436, 0.8471396 , 0.86911929, 0.60337991,
       0.78323138, 0.85749668, 0.77951676]), array([0.16659702, 0.21381859, 0.32369462, 0.27210149, 0.48229972,
       0.16483316, 0.12854609, 0.15114653, 0.12908763, 0.39202103,
       0.21554571, 0.14078219, 0.21922612]), array([0.52849644, 0.3092491 , 0.13941333, 0.22006688, 0.04653534,
       0.53324127, 0.77593899, 0.70009732, 0.81428331, 0.08909271,
       0.2970663 , 0.69539708, 0.39798465]))","['QwenPRM_avg_scores (7.63B)', 'EurusPRMStage2_avg_scores (7.62B)', 'DeepSeekQwen (32B)', 'GPM (8B)', 'QwenPRM_max_scores (7.63B)', 'QwenPRM_min_scores (7.63B)', 'Skyworks (8B)', 'Qwen72B_scores (72B)', 'ArmorRM (8B)', 'DeepSeekLlama (70B)', 'EurusPRMStage2_min_scores (7.62B)', 'QRM (8B)', 'EurusPRMStage1_min_scores (7.62B)']","[0.006429505648580729, 0.97874846326021, 0.010812428190477086, 0.1479550798666693, 0.989355898181456, 0.9680151939104894, 0.1479550798666693, 0.12416924948983209, 0.0563115612730027, 0.9445253657170934, 0.9445253657170934, 0.9988770839664708, 0.35947152335083976, 0.9988770839664708, 0.010812428190477086, 0.0011408475090512933, 0.010812428190477086, 0.08324611845196667, 0.9903047018198521, 0.0004986697117040355, 0.9680151939104894, 0.006429505648580729, 0.9988770839664708, 0.9680151939104894, 0.989355898181456, 0.8471855457602165, 0.03412132012366581, 0.9988770839664708, 0.8471855457602165, 0.010812428190477086, 0.010812428190477086, 0.8471855457602165, 0.0563115612730027, 0.9988770839664708, 0.010812428190477086, 0.6925205997448499, 0.0011408475090512933, 0.8471855457602165, 0.989355898181456, 0.9988770839664708, 0.9988770839664708, 0.010812428190477086, 0.12416924948983209, 0.9680151939104894, 0.3668023756016427, 0.9988770839664708, 0.9492653900912407, 0.0006757158366873464, 0.6925205997448499, 0.6925205997448499, 0.7597541607147331, 0.0004986697117040355, 0.9939003847563478, 0.12416924948983209, 0.6925205997448499, 0.9680151939104894, 0.010812428190477086, 0.8471855457602165, 0.010812428190477086, 0.0004986697117040355, 0.9956482396419866, 0.9988770839664708, 0.0031139136933152705, 0.12416924948983209, 0.0004986697117040355, 0.9960383967580668, 0.9988770839664708, 0.011743407258353725, 0.3644435644871205, 0.9995435013457998, 0.6925205997448499, 0.010812428190477086, 0.9247857532916045, 0.12416924948983209, 0.975962822083814, 0.9938734531264812, 0.010812428190477086, 0.9988770839664708, 0.12416924948983209, 0.9680151939104894, 0.9938734531264812, 0.9680151939104894, 0.9995891161605475, 0.9988770839664708, 0.989355898181456, 0.9995435013457998, 0.9939003847563478, 0.9247857532916045, 5.2129761045555014e-05, 0.9789760081658864, 0.3668023756016427, 0.9680151939104894, 0.12416924948983209, 0.989355898181456, 0.9988770839664708, 0.12416924948983209, 0.010812428190477086, 0.9939003847563478, 0.9514900864800502, 0.9988770839664708]",26,train,5
1.0,100,0,0,0,100,0,1,1,1,0,0,0,0,1,1,1,0,0,0,"(array([0.48026466, 0.69982678, 0.8693468 , 0.78845745, 0.96165514,
       0.47549641, 0.23084129, 0.3074674 , 0.19208278, 0.91956729,
       0.71196687, 0.31223804, 0.61102295]), array([0.83184016, 0.78492832, 0.67328042, 0.72682285, 0.51132321,
       0.83359182, 0.86965436, 0.8471396 , 0.86911929, 0.60337991,
       0.78323138, 0.85749668, 0.77951676]), array([0.16659702, 0.21381859, 0.32369462, 0.27210149, 0.48229972,
       0.16483316, 0.12854609, 0.15114653, 0.12908763, 0.39202103,
       0.21554571, 0.14078219, 0.21922612]), array([0.52849644, 0.3092491 , 0.13941333, 0.22006688, 0.04653534,
       0.53324127, 0.77593899, 0.70009732, 0.81428331, 0.08909271,
       0.2970663 , 0.69539708, 0.39798465]))","['QwenPRM_avg_scores (7.63B)', 'EurusPRMStage2_avg_scores (7.62B)', 'DeepSeekQwen (32B)', 'GPM (8B)', 'QwenPRM_max_scores (7.63B)', 'QwenPRM_min_scores (7.63B)', 'Skyworks (8B)', 'Qwen72B_scores (72B)', 'ArmorRM (8B)', 'DeepSeekLlama (70B)', 'EurusPRMStage2_min_scores (7.62B)', 'QRM (8B)', 'EurusPRMStage1_min_scores (7.62B)']","[0.9999900189573189, 0.999700162652511, 0.9995475457166011, 0.9108691417594164, 0.999904487545725, 0.9967458191752805, 0.9999549916503984, 0.9995667640130014, 0.9997958096669111, 0.9492653900912407, 0.9999450626438006, 0.9946454833883781, 0.9998761558830511, 0.9998761558830511, 0.9999455145009293, 0.9999900189573189, 0.9935705552219454, 0.6925205997448499, 0.9999900189573189, 0.9976394636825415, 0.9871433255349147, 0.999851002982583, 0.999979911606855, 0.9998705585676333, 0.9999727035553367, 0.9999450626438006, 0.9996239074228642, 0.9999900189573189, 0.9995026370309377, 0.9994788059780079, 0.9976199328898929, 0.9999900189573189, 0.9994417624451432, 0.9935705552219454, 0.9510045457975048, 0.9995026370309377, 0.9999900189573189, 0.9995667640130014, 0.9999547131817652, 0.9999900189573189, 0.998951559131075, 0.9999900189573189, 0.9975145681363659, 0.9999727035553367, 0.9149769457208649, 0.9888399511663797, 0.999979911606855, 0.9969600693905577, 0.999904487545725, 0.9988770839664708, 0.9710477220953427, 0.9999727035553367, 0.9999547131817652, 0.9999900189573189, 0.9999900189573189, 0.9999900189573189, 0.999754342355178, 0.999851002982583, 0.9992433360131785, 0.9999547131817652, 0.9999900189573189, 0.999904487545725, 0.999979911606855, 0.9999450626438006, 0.9999455145009293, 0.9997732819404663, 0.9997507732846148, 0.9946125317463946, 0.9997528227674202, 0.9999130840272898, 0.999543794945197, 0.9994744856651006, 0.9999900189573189, 0.9998761558830511, 0.9928052269610999, 0.9994417624451432, 0.9999900189573189, 0.9999900189573189, 0.9971378498981338, 0.999904487545725, 0.9998239488684378, 0.9999170892414445, 0.9997732819404663, 0.9997507732846148, 0.9999450626438006, 0.9998077830522745, 0.9979116247397976, 0.9999547131817652, 0.9999727035553367, 0.999700162652511, 0.9999450626438006, 0.9995256972344796, 0.9999611950433476, 0.9989721039904143, 0.9997623314016765, 0.9997507732846148, 0.9998769173410356, 0.9999170892414445, 0.999979911606855, 0.9995891161605475]",27,train,9
0.92,39,53,5,3,100,23,1,1,1,0,0,0,14,0,1,0,1,0,0,"(array([0.48026466, 0.69982678, 0.8693468 , 0.78845745, 0.96165514,
       0.47549641, 0.23084129, 0.3074674 , 0.19208278, 0.91956729,
       0.71196687, 0.31223804, 0.61102295]), array([0.83184016, 0.78492832, 0.67328042, 0.72682285, 0.51132321,
       0.83359182, 0.86965436, 0.8471396 , 0.86911929, 0.60337991,
       0.78323138, 0.85749668, 0.77951676]), array([0.16659702, 0.21381859, 0.32369462, 0.27210149, 0.48229972,
       0.16483316, 0.12854609, 0.15114653, 0.12908763, 0.39202103,
       0.21554571, 0.14078219, 0.21922612]), array([0.52849644, 0.3092491 , 0.13941333, 0.22006688, 0.04653534,
       0.53324127, 0.77593899, 0.70009732, 0.81428331, 0.08909271,
       0.2970663 , 0.69539708, 0.39798465]))","['QwenPRM_avg_scores (7.63B)', 'EurusPRMStage2_avg_scores (7.62B)', 'DeepSeekQwen (32B)', 'GPM (8B)', 'QwenPRM_max_scores (7.63B)', 'QwenPRM_min_scores (7.63B)', 'Skyworks (8B)', 'Qwen72B_scores (72B)', 'ArmorRM (8B)', 'DeepSeekLlama (70B)', 'EurusPRMStage2_min_scores (7.62B)', 'QRM (8B)', 'EurusPRMStage1_min_scores (7.62B)']","[0.9984043860299389, 0.9492653900912407, 0.9766953538866475, 0.10958064872913056, 0.9492653900912407, 0.0563115612730027, 0.0011408475090512933, 0.07632491361421184, 0.049247244674274764, 0.0011408475090512933, 0.11426973211325582, 0.4415912993123072, 0.6925205997448499, 0.4415912993123072, 5.2129761045555014e-05, 0.009399152382997152, 0.006196524987016714, 0.9907473781069629, 0.006196524987016714, 0.9766953538866475, 0.009399152382997152, 0.010627722301217899, 0.9492653900912407, 0.9998993571652116, 0.0011408475090512933, 0.8119277555886932, 0.07632491361421184, 0.3108669338082259, 0.0011408475090512933, 0.12416924948983209, 0.7815183963102489, 0.009399152382997152, 0.9962202782519546, 0.010812428190477086, 0.0011408475090512933, 0.9903047018198521, 5.2129761045555014e-05, 0.10958064872913056, 0.9766953538866475, 0.009399152382997152, 0.8471855457602165, 0.6925205997448499, 0.07632491361421184, 0.09321893624333454, 0.3108669338082259, 0.0563115612730027, 0.0011408475090512933, 0.9492653900912407, 0.0011408475090512933, 0.9962202782519546, 0.0011408475090512933, 0.010627722301217899, 0.4415912993123072, 0.9975129718390608, 0.971220633906909, 0.9998993571652116, 0.8119277555886932, 0.8708050270777107, 0.6925205997448499, 0.009399152382997152, 0.9482059583709778, 0.010812428190477086, 0.049247244674274764, 0.9988770839664708, 0.3419615624865037, 5.2129761045555014e-05, 0.9954559862814254, 0.9956482396419866, 0.3108669338082259, 0.9990376574903537, 0.9939003847563478, 0.0011408475090512933, 0.0011408475090512933, 0.9711201938953463, 0.8471855457602165, 0.9975129718390608, 0.049247244674274764, 5.2129761045555014e-05, 0.009848769487716619, 5.2129761045555014e-05, 0.9939003847563478, 0.9929235407479784, 0.9952081767045637, 0.009848769487716619, 0.009399152382997152, 0.5408147033489396, 0.9988770839664708, 0.6720797265496486, 0.0011408475090512933, 0.989355898181456, 0.9988770839664708, 0.0027162685047538294, 0.9995435013457998, 0.9988770839664708, 0.9986492923762617, 0.0011408475090512933, 0.0004986697117040355, 0.1905061445490519, 0.19768033095644355, 0.009399152382997152]",28,train,4
0.98,96,2,0,2,100,47,1,1,1,0,0,0,47,1,1,1,0,0,0,"(array([0.48026466, 0.69982678, 0.8693468 , 0.78845745, 0.96165514,
       0.47549641, 0.23084129, 0.3074674 , 0.19208278, 0.91956729,
       0.71196687, 0.31223804, 0.61102295]), array([0.83184016, 0.78492832, 0.67328042, 0.72682285, 0.51132321,
       0.83359182, 0.86965436, 0.8471396 , 0.86911929, 0.60337991,
       0.78323138, 0.85749668, 0.77951676]), array([0.16659702, 0.21381859, 0.32369462, 0.27210149, 0.48229972,
       0.16483316, 0.12854609, 0.15114653, 0.12908763, 0.39202103,
       0.21554571, 0.14078219, 0.21922612]), array([0.52849644, 0.3092491 , 0.13941333, 0.22006688, 0.04653534,
       0.53324127, 0.77593899, 0.70009732, 0.81428331, 0.08909271,
       0.2970663 , 0.69539708, 0.39798465]))","['QwenPRM_avg_scores (7.63B)', 'EurusPRMStage2_avg_scores (7.62B)', 'DeepSeekQwen (32B)', 'GPM (8B)', 'QwenPRM_max_scores (7.63B)', 'QwenPRM_min_scores (7.63B)', 'Skyworks (8B)', 'Qwen72B_scores (72B)', 'ArmorRM (8B)', 'DeepSeekLlama (70B)', 'EurusPRMStage2_min_scores (7.62B)', 'QRM (8B)', 'EurusPRMStage1_min_scores (7.62B)']","[0.9999727035553367, 0.9999755664942271, 0.999981601345873, 0.9998250312661054, 0.9999889104048543, 0.9992065803372097, 0.9940330690409681, 0.9994417624451432, 0.999981601345873, 0.9856286412657581, 0.9999499929567052, 0.999949683562491, 0.9999668861210275, 0.9796196620121657, 0.9999170358627162, 0.9939003847563478, 0.9990396658639565, 0.999939463324758, 0.9996621574052472, 0.9999611950433476, 0.9997731359982472, 0.9998938803869324, 0.9999889104048543, 0.9999889104048543, 0.9998250312661054, 0.07482087796479521, 0.9995435013457998, 0.9995435013457998, 0.8980096163778118, 0.9900933026587239, 0.9988863101139013, 0.9999611950433476, 0.9999663151330124, 0.9999611950433476, 0.9997731359982472, 0.9998938803869324, 0.9927706500582216, 0.9804182802797388, 0.9995435013457998, 0.9998761558830511, 0.9997731359982472, 0.9998938803869324, 0.9997478186411517, 0.9999499929567052, 0.9995435013457998, 0.9999646878162307, 0.9997270653372646, 0.9999959450915354, 0.6925205997448499, 0.9999727035553367, 0.9994649690026159, 0.9999611950433476, 0.9997731359982472, 0.997634533960416, 0.9999889104048543, 0.921727675949342, 0.9987627689252386, 0.12416924948983209, 0.9987627689252386, 0.9999130840272898, 0.9991505262797359, 0.9995435013457998, 0.9999959450915354, 0.9994417624451432, 0.3668023756016427, 0.9976167996907179, 0.9999646878162307, 0.9998938803869324, 0.9993517827722481, 0.999939463324758, 0.9823911023112089, 0.9999959450915354, 0.9998993571652116, 0.9999331802159628, 0.6925205997448499, 0.9995435013457998, 0.9956482396419866, 0.9998769173410356, 0.9997570986241885, 0.6925205997448499, 0.9976802131776791, 0.9998938803869324, 0.9999611950433476, 0.9979856893809481, 0.9999959450915354, 0.9108691417594164, 0.9997731359982472, 0.9999778640812789, 0.09012631290185788, 0.9995435013457998, 0.9995186689398204, 0.9882836769754166, 0.9995847217790144, 0.9997731359982472, 0.9999776804985068, 0.9999499929567052, 0.9999959450915354, 0.9999817144822156, 0.9108691417594164, 0.999949683562491]",29,train,9
0.75,70,5,0,25,100,38,1,1,1,0,0,0,52,0,1,0,1,0,0,"(array([0.48026466, 0.69982678, 0.8693468 , 0.78845745, 0.96165514,
       0.47549641, 0.23084129, 0.3074674 , 0.19208278, 0.91956729,
       0.71196687, 0.31223804, 0.61102295]), array([0.83184016, 0.78492832, 0.67328042, 0.72682285, 0.51132321,
       0.83359182, 0.86965436, 0.8471396 , 0.86911929, 0.60337991,
       0.78323138, 0.85749668, 0.77951676]), array([0.16659702, 0.21381859, 0.32369462, 0.27210149, 0.48229972,
       0.16483316, 0.12854609, 0.15114653, 0.12908763, 0.39202103,
       0.21554571, 0.14078219, 0.21922612]), array([0.52849644, 0.3092491 , 0.13941333, 0.22006688, 0.04653534,
       0.53324127, 0.77593899, 0.70009732, 0.81428331, 0.08909271,
       0.2970663 , 0.69539708, 0.39798465]))","['QwenPRM_avg_scores (7.63B)', 'EurusPRMStage2_avg_scores (7.62B)', 'DeepSeekQwen (32B)', 'GPM (8B)', 'QwenPRM_max_scores (7.63B)', 'QwenPRM_min_scores (7.63B)', 'Skyworks (8B)', 'Qwen72B_scores (72B)', 'ArmorRM (8B)', 'DeepSeekLlama (70B)', 'EurusPRMStage2_min_scores (7.62B)', 'QRM (8B)', 'EurusPRMStage1_min_scores (7.62B)']","[0.9903047018198521, 0.6925205997448499, 0.6925205997448499, 0.0178211903692777, 0.999700162652511, 0.6925205997448499, 0.6925205997448499, 0.9988770839664708, 0.9247857532916045, 0.6925205997448499, 0.6925205997448499, 0.9997507732846148, 0.010627722301217899, 0.9492653900912407, 0.6925205997448499, 0.0178211903692777, 0.9247857532916045, 0.1479550798666693, 0.1479550798666693, 0.48664342910772396, 0.1479550798666693, 0.1479550798666693, 0.9988770839664708, 0.1479550798666693, 0.9247857532916045, 0.6925205997448499, 0.35947152335083976, 0.6925205997448499, 0.9903047018198521, 0.1479550798666693, 0.0178211903692777, 0.9492653900912407, 0.9939003847563478, 0.1479550798666693, 0.1479550798666693, 0.48664342910772396, 0.6925205997448499, 0.6925205997448499, 0.9997523054689915, 0.9247857532916045, 0.9262696495145347, 0.9907473781069629, 0.6925205997448499, 0.9939003847563478, 0.5623160058654886, 0.9988770839664708, 0.9247857532916045, 0.9247857532916045, 0.9975129718390608, 0.6925205997448499, 0.6925205997448499, 0.1905061445490519, 5.2129761045555014e-05, 0.6925205997448499, 0.6925205997448499, 0.9247857532916045, 0.9973948054397075, 0.35947152335083976, 0.9514900864800502, 0.9992926729336904, 0.6925205997448499, 0.6925205997448499, 0.9247857532916045, 0.9903047018198521, 0.5676074564172131, 0.989355898181456, 0.9247857532916045, 0.6925205997448499, 0.9247857532916045, 0.48664342910772396, 0.6925205997448499, 0.09012631290185788, 0.48664342910772396, 0.6925205997448499, 0.9445253657170934, 0.9988770839664708, 0.9903047018198521, 0.014597758444908154, 0.6925205997448499, 0.9939003847563478, 0.6925205997448499, 0.1479550798666693, 0.1479550798666693, 0.8919573441771513, 0.0178211903692777, 0.216170588130214, 0.9961507423107425, 0.43628926174186583, 0.6925205997448499, 0.9856286412657581, 0.6925205997448499, 0.0563115612730027, 0.6925205997448499, 0.1479550798666693, 0.9903047018198521, 0.9514900864800502, 0.6925205997448499, 0.9247857532916045, 0.0011408475090512933, 0.9997507732846148]",30,train,9
0.97,96,1,0,3,100,45,1,1,1,0,0,0,45,1,1,1,0,0,0,"(array([0.48026466, 0.69982678, 0.8693468 , 0.78845745, 0.96165514,
       0.47549641, 0.23084129, 0.3074674 , 0.19208278, 0.91956729,
       0.71196687, 0.31223804, 0.61102295]), array([0.83184016, 0.78492832, 0.67328042, 0.72682285, 0.51132321,
       0.83359182, 0.86965436, 0.8471396 , 0.86911929, 0.60337991,
       0.78323138, 0.85749668, 0.77951676]), array([0.16659702, 0.21381859, 0.32369462, 0.27210149, 0.48229972,
       0.16483316, 0.12854609, 0.15114653, 0.12908763, 0.39202103,
       0.21554571, 0.14078219, 0.21922612]), array([0.52849644, 0.3092491 , 0.13941333, 0.22006688, 0.04653534,
       0.53324127, 0.77593899, 0.70009732, 0.81428331, 0.08909271,
       0.2970663 , 0.69539708, 0.39798465]))","['QwenPRM_avg_scores (7.63B)', 'EurusPRMStage2_avg_scores (7.62B)', 'DeepSeekQwen (32B)', 'GPM (8B)', 'QwenPRM_max_scores (7.63B)', 'QwenPRM_min_scores (7.63B)', 'Skyworks (8B)', 'Qwen72B_scores (72B)', 'ArmorRM (8B)', 'DeepSeekLlama (70B)', 'EurusPRMStage2_min_scores (7.62B)', 'QRM (8B)', 'EurusPRMStage1_min_scores (7.62B)']","[0.9445253657170934, 0.999700162652511, 0.9903047018198521, 0.9247857532916045, 0.9999450626438006, 0.6925205997448499, 0.9960409357539493, 0.8535763112571071, 0.9823911023112089, 0.999700162652511, 0.9958056494945793, 0.9822840805388116, 0.998835247550737, 0.9986492923762617, 0.9988770839664708, 0.9995217654294185, 0.6615984222266929, 0.0011408475090512933, 0.997846994926185, 0.9865130293234914, 0.6925205997448499, 0.6925205997448499, 0.9971378498981338, 0.99263811992277, 0.9827596939603807, 0.6925205997448499, 0.9247857532916045, 0.9615390135171729, 0.9998146125572529, 0.9247857532916045, 0.9247857532916045, 0.9998903444424588, 0.9247857532916045, 0.9977610292092607, 0.6925205997448499, 0.9956482396419866, 0.9971378498981338, 0.9997523054689915, 0.999700162652511, 0.9988770839664708, 0.6925205997448499, 0.5623160058654886, 0.5623160058654886, 0.1905061445490519, 0.9822840805388116, 0.999979911606855, 0.9822840805388116, 0.9247857532916045, 0.9823911023112089, 0.9998903444424588, 0.9995435013457998, 0.989355898181456, 0.9988770839664708, 0.8471855457602165, 0.6925205997448499, 0.5623160058654886, 0.999543794945197, 0.9247857532916045, 0.9986492923762617, 0.9983878063792139, 0.9841818635036054, 0.9954279995390765, 0.9988770839664708, 0.9986492923762617, 0.9103670911464292, 0.9939003847563478, 0.9823911023112089, 0.8528036959988828, 0.9988770839664708, 0.9247857532916045, 0.6925205997448499, 0.8471855457602165, 0.7815183963102489, 0.9680151939104894, 0.9991187895549787, 0.9997523054689915, 0.1905061445490519, 0.9988770839664708, 0.9986409464684439, 0.6925205997448499, 0.9512850787246561, 0.9823911023112089, 0.9988770839664708, 0.9997864386462589, 0.9998781668092773, 0.998951559131075, 0.6925205997448499, 0.9971378498981338, 0.9615390135171729, 0.7815183963102489, 0.9986409464684439, 0.998835247550737, 0.472373425789863, 0.9907473781069629, 0.9939003847563478, 0.9247857532916045, 0.9514900864800502, 0.9999219012985793, 0.9108691417594164, 0.9988770839664708]",31,train,9
0.93,93,0,0,7,100,77,1,1,1,0,0,0,77,1,1,1,0,0,0,"(array([0.48026466, 0.69982678, 0.8693468 , 0.78845745, 0.96165514,
       0.47549641, 0.23084129, 0.3074674 , 0.19208278, 0.91956729,
       0.71196687, 0.31223804, 0.61102295]), array([0.83184016, 0.78492832, 0.67328042, 0.72682285, 0.51132321,
       0.83359182, 0.86965436, 0.8471396 , 0.86911929, 0.60337991,
       0.78323138, 0.85749668, 0.77951676]), array([0.16659702, 0.21381859, 0.32369462, 0.27210149, 0.48229972,
       0.16483316, 0.12854609, 0.15114653, 0.12908763, 0.39202103,
       0.21554571, 0.14078219, 0.21922612]), array([0.52849644, 0.3092491 , 0.13941333, 0.22006688, 0.04653534,
       0.53324127, 0.77593899, 0.70009732, 0.81428331, 0.08909271,
       0.2970663 , 0.69539708, 0.39798465]))","['QwenPRM_avg_scores (7.63B)', 'EurusPRMStage2_avg_scores (7.62B)', 'DeepSeekQwen (32B)', 'GPM (8B)', 'QwenPRM_max_scores (7.63B)', 'QwenPRM_min_scores (7.63B)', 'Skyworks (8B)', 'Qwen72B_scores (72B)', 'ArmorRM (8B)', 'DeepSeekLlama (70B)', 'EurusPRMStage2_min_scores (7.62B)', 'QRM (8B)', 'EurusPRMStage1_min_scores (7.62B)']","[0.9796196620121657, 0.992726245084794, 0.9617664782528622, 0.6925205997448499, 0.4712687764603498, 0.6925205997448499, 0.9247857532916045, 0.6925205997448499, 0.9956482396419866, 0.8471855457602165, 0.9998987345184366, 0.9247857532916045, 0.99635473530136, 0.3668023756016427, 0.9804182802797388, 0.9999094169436248, 0.999962970176691, 0.9999088565279828, 0.9705029495796055, 0.9829009338671479, 0.9901739885228703, 0.35947152335083976, 0.9247857532916045, 0.7663274083173683, 0.9934467173044697, 0.9992065803372097, 0.8471855457602165, 0.9988770839664708, 0.9956175120881157, 0.7597541607147331, 0.8980096163778118, 0.9185762126284, 0.6925205997448499, 0.9880321589129242, 0.8471855457602165, 0.2019445732869457, 0.9247857532916045, 0.99635473530136, 0.9680151939104894, 0.9995821533917232, 0.9954358915579126, 0.9503278984732639, 0.9829009338671479, 0.998242540842537, 0.9995026370309377, 0.9998330341735092, 0.9995891161605475, 0.9247857532916045, 0.9956838801178429, 0.989355898181456, 0.9680151939104894, 0.1479550798666693, 0.9506182624323403, 0.9996795894543902, 0.9958056494945793, 0.8814811130051957, 0.998185517979578, 0.999962970176691, 0.9126104598179408, 0.9880321589129242, 0.998185517979578, 0.9514900864800502, 0.8471855457602165, 0.9247857532916045, 0.9990376574903537, 0.9986146334857721, 0.9680151939104894, 0.9680151939104894, 0.9680151939104894, 0.8814811130051957, 0.9978042710689774, 0.6925205997448499, 0.9995891161605475, 0.9829009338671479, 0.9976539452186792, 0.97874846326021, 0.6925205997448499, 0.999981601345873, 0.9997507732846148, 0.3668023756016427, 0.9247857532916045, 0.9991893554050769, 0.9680151939104894, 0.9247857532916045, 0.5623160058654886, 0.9905936050907073, 0.8113681629435666, 0.9901739885228703, 0.9998077830522745, 0.9804182802797388, 0.9938734531264812, 0.8471855457602165, 0.9247857532916045, 0.9995891161605475, 0.9247857532916045, 0.8471855457602165, 0.9991893554050769, 0.9956838801178429, 0.9990891880535095, 0.35947152335083976]",32,train,9
0.99,99,0,0,1,100,5,1,1,1,0,0,0,5,1,1,1,0,0,0,"(array([0.48026466, 0.69982678, 0.8693468 , 0.78845745, 0.96165514,
       0.47549641, 0.23084129, 0.3074674 , 0.19208278, 0.91956729,
       0.71196687, 0.31223804, 0.61102295]), array([0.83184016, 0.78492832, 0.67328042, 0.72682285, 0.51132321,
       0.83359182, 0.86965436, 0.8471396 , 0.86911929, 0.60337991,
       0.78323138, 0.85749668, 0.77951676]), array([0.16659702, 0.21381859, 0.32369462, 0.27210149, 0.48229972,
       0.16483316, 0.12854609, 0.15114653, 0.12908763, 0.39202103,
       0.21554571, 0.14078219, 0.21922612]), array([0.52849644, 0.3092491 , 0.13941333, 0.22006688, 0.04653534,
       0.53324127, 0.77593899, 0.70009732, 0.81428331, 0.08909271,
       0.2970663 , 0.69539708, 0.39798465]))","['QwenPRM_avg_scores (7.63B)', 'EurusPRMStage2_avg_scores (7.62B)', 'DeepSeekQwen (32B)', 'GPM (8B)', 'QwenPRM_max_scores (7.63B)', 'QwenPRM_min_scores (7.63B)', 'Skyworks (8B)', 'Qwen72B_scores (72B)', 'ArmorRM (8B)', 'DeepSeekLlama (70B)', 'EurusPRMStage2_min_scores (7.62B)', 'QRM (8B)', 'EurusPRMStage1_min_scores (7.62B)']","[0.6925205997448499, 0.7597541607147331, 0.9903047018198521, 0.9997523054689915, 0.6925205997448499, 0.9999959450915354, 0.9960409357539493, 0.6925205997448499, 0.9999900189573189, 0.9108691417594164, 0.9997523054689915, 0.9871433255349147, 0.9247857532916045, 0.9999918388201672, 0.9999455145009293, 0.671102070815405, 0.9247857532916045, 0.9512850787246561, 0.9988770839664708, 0.9999900189573189, 0.9872213745125938, 0.9988770839664708, 0.9999170892414445, 0.9999455145009293, 0.9492653900912407, 0.9956482396419866, 0.9999450626438006, 0.9998077830522745, 0.9999918388201672, 0.9492653900912407, 0.9512850787246561, 0.9999900189573189, 0.8471855457602165, 0.9999727035553367, 0.9247857532916045, 0.9247857532916045, 0.9617664782528622, 0.9999455145009293, 0.9766089539465359, 0.9999611950433476, 0.9988770839664708, 0.9998250817808382, 0.35947152335083976, 0.9823911023112089, 0.999904487545725, 0.999904487545725, 0.989355898181456, 0.9999450626438006, 0.9988770839664708, 0.9998077830522745, 0.9988770839664708, 0.998951559131075, 0.9988770839664708, 0.9999900189573189, 0.9995217654294185, 0.9796196620121657, 0.9988770839664708, 0.9766953538866475, 0.8471855457602165, 0.8471855457602165, 0.9999900189573189, 0.9247857532916045, 0.9999900189573189, 0.999754342355178, 0.6925205997448499, 0.999904487545725, 0.9998077830522745, 0.9995475457166011, 0.9988770839664708, 0.8775453393777785, 0.9996777219554439, 0.999904487545725, 0.7815183963102489, 0.9247857532916045, 0.9997523054689915, 0.9823911023112089, 0.9999900189573189, 0.9247857532916045, 0.9995256972344796, 0.9997523054689915, 0.9907473781069629, 0.6925205997448499, 0.9978337024440594, 0.9999611950433476, 0.9998903444424588, 0.7815183963102489, 0.9986492923762617, 0.9907473781069629, 0.9247857532916045, 0.9995217654294185, 0.9903047018198521, 0.9999646878162307, 0.9999918388201672, 0.9988770839664708, 0.9633543309010555, 0.9998903444424588, 0.9999776804985068, 0.9999170892414445, 0.9999900189573189, 0.9988770839664708]",33,train,9
1.0,0,100,0,0,100,3,0,0,0,0,1,0,14,0,1,0,1,0,0,"(array([0.48026466, 0.69982678, 0.8693468 , 0.78845745, 0.96165514,
       0.47549641, 0.23084129, 0.3074674 , 0.19208278, 0.91956729,
       0.71196687, 0.31223804, 0.61102295]), array([0.83184016, 0.78492832, 0.67328042, 0.72682285, 0.51132321,
       0.83359182, 0.86965436, 0.8471396 , 0.86911929, 0.60337991,
       0.78323138, 0.85749668, 0.77951676]), array([0.16659702, 0.21381859, 0.32369462, 0.27210149, 0.48229972,
       0.16483316, 0.12854609, 0.15114653, 0.12908763, 0.39202103,
       0.21554571, 0.14078219, 0.21922612]), array([0.52849644, 0.3092491 , 0.13941333, 0.22006688, 0.04653534,
       0.53324127, 0.77593899, 0.70009732, 0.81428331, 0.08909271,
       0.2970663 , 0.69539708, 0.39798465]))","['QwenPRM_avg_scores (7.63B)', 'EurusPRMStage2_avg_scores (7.62B)', 'DeepSeekQwen (32B)', 'GPM (8B)', 'QwenPRM_max_scores (7.63B)', 'QwenPRM_min_scores (7.63B)', 'Skyworks (8B)', 'Qwen72B_scores (72B)', 'ArmorRM (8B)', 'DeepSeekLlama (70B)', 'EurusPRMStage2_min_scores (7.62B)', 'QRM (8B)', 'EurusPRMStage1_min_scores (7.62B)']","[0.006196524987016714, 0.0011408475090512933, 0.0011408475090512933, 0.331425230834735, 0.0178211903692777, 0.00028451760328162146, 0.0008275069467052176, 0.0178211903692777, 0.006196524987016714, 0.006196524987016714, 0.006196524987016714, 0.00028451760328162146, 0.0011408475090512933, 0.0011408475090512933, 5.2129761045555014e-05, 0.010812428190477086, 0.1479550798666693, 0.010812428190477086, 0.0011408475090512933, 0.0011408475090512933, 0.0011408475090512933, 0.006196524987016714, 0.0011408475090512933, 0.0011408475090512933, 0.010812428190477086, 0.010812428190477086, 0.006196524987016714, 0.0011408475090512933, 0.006196524987016714, 0.051503925182458096, 5.2129761045555014e-05, 0.0011408475090512933, 5.2129761045555014e-05, 0.0006757158366873464, 0.004500869416841997, 0.009848769487716619, 5.2129761045555014e-05, 0.0027162685047538294, 0.006196524987016714, 5.2129761045555014e-05, 5.2129761045555014e-05, 0.0563115612730027, 0.004500869416841997, 0.004127622309697811, 5.2129761045555014e-05, 5.2129761045555014e-05, 0.0008275069467052176, 0.006196524987016714, 5.2129761045555014e-05, 5.2129761045555014e-05, 0.006196524987016714, 0.0563115612730027, 0.0027162685047538294, 0.00028451760328162146, 0.006196524987016714, 0.0023587058868004126, 0.00043289939432760544, 0.0011408475090512933, 0.00028451760328162146, 0.0008275069467052176, 0.0004986697117040355, 0.006196524987016714, 0.09012631290185788, 0.009399152382997152, 0.006196524987016714, 0.00028451760328162146, 0.010812428190477086, 0.04147443407046248, 0.00028451760328162146, 5.2129761045555014e-05, 5.2129761045555014e-05, 0.010812428190477086, 0.0011408475090512933, 0.010812428190477086, 0.006196524987016714, 0.00028451760328162146, 0.001810689233614485, 5.2129761045555014e-05, 0.0563115612730027, 0.006196524987016714, 0.004500869416841997, 0.006196524987016714, 0.0011408475090512933, 0.0011408475090512933, 0.0563115612730027, 0.09012631290185788, 0.0011408475090512933, 0.010812428190477086, 0.010812428190477086, 0.0008275069467052176, 0.0563115612730027, 0.010812428190477086, 0.006196524987016714, 0.0563115612730027, 0.0027162685047538294, 0.010812428190477086, 0.010812428190477086, 0.00028451760328162146, 5.2129761045555014e-05, 0.0563115612730027]",34,train,0
0.99,93,6,1,0,100,6,1,1,1,0,0,0,6,1,1,1,0,0,0,"(array([0.48026466, 0.69982678, 0.8693468 , 0.78845745, 0.96165514,
       0.47549641, 0.23084129, 0.3074674 , 0.19208278, 0.91956729,
       0.71196687, 0.31223804, 0.61102295]), array([0.83184016, 0.78492832, 0.67328042, 0.72682285, 0.51132321,
       0.83359182, 0.86965436, 0.8471396 , 0.86911929, 0.60337991,
       0.78323138, 0.85749668, 0.77951676]), array([0.16659702, 0.21381859, 0.32369462, 0.27210149, 0.48229972,
       0.16483316, 0.12854609, 0.15114653, 0.12908763, 0.39202103,
       0.21554571, 0.14078219, 0.21922612]), array([0.52849644, 0.3092491 , 0.13941333, 0.22006688, 0.04653534,
       0.53324127, 0.77593899, 0.70009732, 0.81428331, 0.08909271,
       0.2970663 , 0.69539708, 0.39798465]))","['QwenPRM_avg_scores (7.63B)', 'EurusPRMStage2_avg_scores (7.62B)', 'DeepSeekQwen (32B)', 'GPM (8B)', 'QwenPRM_max_scores (7.63B)', 'QwenPRM_min_scores (7.63B)', 'Skyworks (8B)', 'Qwen72B_scores (72B)', 'ArmorRM (8B)', 'DeepSeekLlama (70B)', 'EurusPRMStage2_min_scores (7.62B)', 'QRM (8B)', 'EurusPRMStage1_min_scores (7.62B)']","[0.010812428190477086, 0.9986409464684439, 0.9986409464684439, 0.999543794945197, 0.999700162652511, 0.999700162652511, 0.9999450626438006, 0.999700162652511, 0.999700162652511, 0.999700162652511, 0.9994474269280554, 0.999700162652511, 0.6925205997448499, 0.9971378498981338, 0.999700162652511, 0.9994744856651006, 0.9883582083605669, 0.9994744856651006, 0.9871433255349147, 0.9262696495145347, 0.998951559131075, 0.9976199328898929, 0.9871433255349147, 0.9986349170917769, 0.999700162652511, 0.9999309536657983, 0.9971378498981338, 0.9871433255349147, 0.999700162652511, 0.9971378498981338, 0.9999450626438006, 0.999700162652511, 0.9992926729336904, 0.9995217654294185, 0.9999450626438006, 0.9971378498981338, 0.999700162652511, 0.9999450626438006, 0.9971378498981338, 0.999700162652511, 0.8471855457602165, 0.999700162652511, 0.999700162652511, 0.999700162652511, 0.999700162652511, 0.99544187890178, 0.9971378498981338, 0.9999450626438006, 0.9999450626438006, 0.9991438545430033, 0.9973948054397075, 0.0004986697117040355, 0.9988770839664708, 0.999811189432305, 0.999700162652511, 0.9975145681363659, 0.9999450626438006, 0.9939003847563478, 0.9934719041158018, 0.010812428190477086, 0.9939003847563478, 0.9975145681363659, 0.999700162652511, 0.9994744856651006, 0.9971378498981338, 0.999543794945197, 0.99544187890178, 0.9986409464684439, 0.9939003847563478, 0.9994744856651006, 0.9986409464684439, 0.9445253657170934, 0.9975145681363659, 0.999700162652511, 0.9903047018198521, 0.0004986697117040355, 0.010812428190477086, 0.9960815556816819, 0.9939003847563478, 0.999811189432305, 0.999700162652511, 0.9882870205268813, 0.9994744856651006, 0.999700162652511, 0.9988770839664708, 0.9957115406494106, 0.9643382575280142, 0.9975145681363659, 0.999700162652511, 0.9907473781069629, 0.999811189432305, 0.9971378498981338, 0.5905935613124934, 0.9973948054397075, 0.9999450626438006, 0.010812428190477086, 0.9971378498981338, 0.9986409464684439, 0.9871433255349147, 0.999700162652511]",35,train,9
0.97,84,13,1,2,100,7,1,1,1,0,0,0,7,1,1,1,0,0,0,"(array([0.48026466, 0.69982678, 0.8693468 , 0.78845745, 0.96165514,
       0.47549641, 0.23084129, 0.3074674 , 0.19208278, 0.91956729,
       0.71196687, 0.31223804, 0.61102295]), array([0.83184016, 0.78492832, 0.67328042, 0.72682285, 0.51132321,
       0.83359182, 0.86965436, 0.8471396 , 0.86911929, 0.60337991,
       0.78323138, 0.85749668, 0.77951676]), array([0.16659702, 0.21381859, 0.32369462, 0.27210149, 0.48229972,
       0.16483316, 0.12854609, 0.15114653, 0.12908763, 0.39202103,
       0.21554571, 0.14078219, 0.21922612]), array([0.52849644, 0.3092491 , 0.13941333, 0.22006688, 0.04653534,
       0.53324127, 0.77593899, 0.70009732, 0.81428331, 0.08909271,
       0.2970663 , 0.69539708, 0.39798465]))","['QwenPRM_avg_scores (7.63B)', 'EurusPRMStage2_avg_scores (7.62B)', 'DeepSeekQwen (32B)', 'GPM (8B)', 'QwenPRM_max_scores (7.63B)', 'QwenPRM_min_scores (7.63B)', 'Skyworks (8B)', 'Qwen72B_scores (72B)', 'ArmorRM (8B)', 'DeepSeekLlama (70B)', 'EurusPRMStage2_min_scores (7.62B)', 'QRM (8B)', 'EurusPRMStage1_min_scores (7.62B)']","[0.9956482396419866, 0.9990891880535095, 0.9999170358627162, 0.9680151939104894, 0.9998330341735092, 0.9999450626438006, 0.6925205997448499, 0.9999918388201672, 0.9995435013457998, 0.9969600693905577, 0.00014255555676011904, 0.9978330780841426, 0.9990891880535095, 0.9998987345184366, 0.9989887796669559, 0.0011408475090512933, 0.9999170358627162, 0.9995435013457998, 0.5676074564172131, 0.9995435013457998, 0.9998330341735092, 0.9900933026587239, 0.9514900864800502, 0.7815183963102489, 0.6925205997448499, 0.9995435013457998, 0.7000059884758246, 0.6925205997448499, 0.9995435013457998, 0.9939003847563478, 0.9956482396419866, 0.0011408475090512933, 0.9900933026587239, 0.9999776804985068, 0.9903047018198521, 0.9680151939104894, 0.9998330341735092, 0.9998330341735092, 0.9545834404254501, 0.9903047018198521, 0.9980277415069448, 0.9247857532916045, 0.014597758444908154, 0.9998330341735092, 0.6720797265496486, 0.9977610292092607, 0.8471855457602165, 0.9997731359982472, 0.9992065803372097, 0.9995435013457998, 0.0011408475090512933, 0.9988770839664708, 0.43628926174186583, 0.9975129718390608, 0.9956482396419866, 0.9975129718390608, 0.8775453393777785, 0.1479550798666693, 0.9997731359982472, 0.9903047018198521, 0.9680151939104894, 0.989355898181456, 0.9445253657170934, 0.6925205997448499, 0.9999776804985068, 0.9997731359982472, 0.007863642900347394, 0.9995435013457998, 0.9997731359982472, 0.9956838801178429, 0.014597758444908154, 0.9962512514290451, 0.009848769487716619, 0.9940330690409681, 0.014597758444908154, 0.9995435013457998, 0.9997731359982472, 0.7597541607147331, 0.9975129718390608, 0.007863642900347394, 0.9995435013457998, 0.9978330780841426, 0.9988770839664708, 0.12416924948983209, 0.9993111988897082, 0.0008275069467052176, 0.9882836769754166, 0.9900933026587239, 0.9995435013457998, 0.9988770839664708, 0.0011408475090512933, 0.9992779457433683, 0.9766953538866475, 0.9999776804985068, 0.97874846326021, 0.9985478012256447, 0.9999170358627162, 0.9992433360131785, 0.9680151939104894, 0.8092536946997172]",36,train,8
0.83,12,71,5,12,100,19,1,1,1,0,0,0,8,0,1,0,1,0,0,"(array([0.48026466, 0.69982678, 0.8693468 , 0.78845745, 0.96165514,
       0.47549641, 0.23084129, 0.3074674 , 0.19208278, 0.91956729,
       0.71196687, 0.31223804, 0.61102295]), array([0.83184016, 0.78492832, 0.67328042, 0.72682285, 0.51132321,
       0.83359182, 0.86965436, 0.8471396 , 0.86911929, 0.60337991,
       0.78323138, 0.85749668, 0.77951676]), array([0.16659702, 0.21381859, 0.32369462, 0.27210149, 0.48229972,
       0.16483316, 0.12854609, 0.15114653, 0.12908763, 0.39202103,
       0.21554571, 0.14078219, 0.21922612]), array([0.52849644, 0.3092491 , 0.13941333, 0.22006688, 0.04653534,
       0.53324127, 0.77593899, 0.70009732, 0.81428331, 0.08909271,
       0.2970663 , 0.69539708, 0.39798465]))","['QwenPRM_avg_scores (7.63B)', 'EurusPRMStage2_avg_scores (7.62B)', 'DeepSeekQwen (32B)', 'GPM (8B)', 'QwenPRM_max_scores (7.63B)', 'QwenPRM_min_scores (7.63B)', 'Skyworks (8B)', 'Qwen72B_scores (72B)', 'ArmorRM (8B)', 'DeepSeekLlama (70B)', 'EurusPRMStage2_min_scores (7.62B)', 'QRM (8B)', 'EurusPRMStage1_min_scores (7.62B)']","[0.019136323411210906, 0.09012631290185788, 0.055393130476876086, 0.9947688839708486, 0.03620004254674596, 0.0178211903692777, 0.001810689233614485, 0.8471855457602165, 5.2129761045555014e-05, 0.007863642900347394, 0.7563980927662018, 0.48664342910772396, 0.0011408475090512933, 0.0011408475090512933, 0.014597758444908154, 0.0011408475090512933, 0.028010156517350563, 0.0178211903692777, 0.007863642900347394, 0.999543794945197, 0.0011408475090512933, 5.2129761045555014e-05, 0.1479550798666693, 0.0178211903692777, 0.0011408475090512933, 0.9445253657170934, 0.006196524987016714, 0.0178211903692777, 0.0178211903692777, 0.9856286412657581, 0.06177677707891795, 0.0020344366253030283, 0.019136323411210906, 0.5164038640592666, 0.601950935079924, 0.1479550798666693, 0.1479550798666693, 0.0011408475090512933, 5.2129761045555014e-05, 0.0178211903692777, 0.0011408475090512933, 0.48664342910772396, 0.0008275069467052176, 0.9492653900912407, 0.00028451760328162146, 0.0011408475090512933, 0.1479550798666693, 0.09012631290185788, 0.3380531700061959, 0.5623160058654886, 0.0011408475090512933, 0.0008275069467052176, 0.9680151939104894, 0.00043289939432760544, 0.5408147033489396, 0.07482087796479521, 5.2129761045555014e-05, 0.007863642900347394, 0.09012631290185788, 0.9960383967580668, 0.1905061445490519, 0.007863642900347394, 0.03412132012366581, 0.0011408475090512933, 0.8471855457602165, 0.13098985100797284, 0.010812428190477086, 0.1905061445490519, 0.7000059884758246, 0.0011408475090512933, 0.0011408475090512933, 0.004500869416841997, 0.0011408475090512933, 0.5623160058654886, 0.0178211903692777, 0.014597758444908154, 0.09012631290185788, 0.0178211903692777, 0.010812428190477086, 5.2129761045555014e-05, 0.48664342910772396, 0.028010156517350563, 0.0004986697117040355, 0.0011408475090512933, 0.0011408475090512933, 0.01100642878754786, 0.0011408475090512933, 0.010627722301217899, 0.0011408475090512933, 8.279041829516927e-05, 0.007863642900347394, 0.48664342910772396, 0.5623160058654886, 0.0008275069467052176, 0.010812428190477086, 0.0011408475090512933, 0.0008275069467052176, 0.010812428190477086, 0.0011408475090512933, 0.010812428190477086]",37,train,2
1.0,96,4,0,0,100,4,1,1,1,0,0,0,4,1,1,1,0,0,0,"(array([0.48026466, 0.69982678, 0.8693468 , 0.78845745, 0.96165514,
       0.47549641, 0.23084129, 0.3074674 , 0.19208278, 0.91956729,
       0.71196687, 0.31223804, 0.61102295]), array([0.83184016, 0.78492832, 0.67328042, 0.72682285, 0.51132321,
       0.83359182, 0.86965436, 0.8471396 , 0.86911929, 0.60337991,
       0.78323138, 0.85749668, 0.77951676]), array([0.16659702, 0.21381859, 0.32369462, 0.27210149, 0.48229972,
       0.16483316, 0.12854609, 0.15114653, 0.12908763, 0.39202103,
       0.21554571, 0.14078219, 0.21922612]), array([0.52849644, 0.3092491 , 0.13941333, 0.22006688, 0.04653534,
       0.53324127, 0.77593899, 0.70009732, 0.81428331, 0.08909271,
       0.2970663 , 0.69539708, 0.39798465]))","['QwenPRM_avg_scores (7.63B)', 'EurusPRMStage2_avg_scores (7.62B)', 'DeepSeekQwen (32B)', 'GPM (8B)', 'QwenPRM_max_scores (7.63B)', 'QwenPRM_min_scores (7.63B)', 'Skyworks (8B)', 'Qwen72B_scores (72B)', 'ArmorRM (8B)', 'DeepSeekLlama (70B)', 'EurusPRMStage2_min_scores (7.62B)', 'QRM (8B)', 'EurusPRMStage1_min_scores (7.62B)']","[0.9999450626438006, 0.9998987345184366, 0.9939003847563478, 0.999939463324758, 0.9999889104048543, 0.9999450626438006, 0.9999450626438006, 0.9936098390114615, 0.999700162652511, 0.0011408475090512933, 0.9999499929567052, 0.9998056579095074, 0.999949683562491, 0.9998769173410356, 0.9987039070944727, 0.9998993571652116, 0.9716459442926416, 0.9997523054689915, 0.9999776804985068, 0.9998993571652116, 0.9985758865022942, 0.9975129718390608, 0.999851002982583, 0.9997864386462589, 0.9998938803869324, 0.9999889104048543, 0.9998781668092773, 0.9999889104048543, 0.9975129718390608, 0.9766953538866475, 0.997634533960416, 0.9997388285267986, 0.9998781668092773, 0.9995435013457998, 0.9997270653372646, 0.9514900864800502, 0.9997270653372646, 0.999851002982583, 0.9939003847563478, 0.9988770839664708, 0.9988770839664708, 0.0178211903692777, 0.9994474269280554, 0.9898138828715114, 0.5676074564172131, 0.9995435013457998, 0.999939463324758, 0.999851002982583, 0.9999889104048543, 0.979707972450833, 0.9988770839664708, 0.9975129718390608, 0.9983878063792139, 0.9939003847563478, 0.9999776804985068, 0.9911727902787906, 0.9941112640868881, 0.0008275069467052176, 0.9976199328898929, 0.9936098390114615, 0.981438815333887, 0.999700162652511, 0.9994730455950538, 0.9975145681363659, 0.99544187890178, 0.9999499929567052, 0.999851002982583, 0.9991645312099904, 0.998835247550737, 0.9995435013457998, 0.999949683562491, 0.999851002982583, 0.9999776804985068, 0.9999776804985068, 0.999949683562491, 0.29179671670142765, 0.9999727035553367, 0.999851002982583, 0.9939003847563478, 0.9969600693905577, 0.9962202782519546, 0.9998769173410356, 0.9995435013457998, 0.9998938803869324, 0.9986492923762617, 0.9997507732846148, 0.997634533960416, 0.9445253657170934, 0.999851002982583, 0.9975129718390608, 0.9999727035553367, 0.9995646677031128, 0.9999450626438006, 0.999700162652511, 0.9989887796669559, 0.9999450626438006, 0.9999450626438006, 0.997634533960416, 0.997634533960416, 0.999700162652511]",38,train,9
1.0,100,0,0,0,100,15,1,1,1,0,0,0,15,1,1,1,0,0,0,"(array([0.48026466, 0.69982678, 0.8693468 , 0.78845745, 0.96165514,
       0.47549641, 0.23084129, 0.3074674 , 0.19208278, 0.91956729,
       0.71196687, 0.31223804, 0.61102295]), array([0.83184016, 0.78492832, 0.67328042, 0.72682285, 0.51132321,
       0.83359182, 0.86965436, 0.8471396 , 0.86911929, 0.60337991,
       0.78323138, 0.85749668, 0.77951676]), array([0.16659702, 0.21381859, 0.32369462, 0.27210149, 0.48229972,
       0.16483316, 0.12854609, 0.15114653, 0.12908763, 0.39202103,
       0.21554571, 0.14078219, 0.21922612]), array([0.52849644, 0.3092491 , 0.13941333, 0.22006688, 0.04653534,
       0.53324127, 0.77593899, 0.70009732, 0.81428331, 0.08909271,
       0.2970663 , 0.69539708, 0.39798465]))","['QwenPRM_avg_scores (7.63B)', 'EurusPRMStage2_avg_scores (7.62B)', 'DeepSeekQwen (32B)', 'GPM (8B)', 'QwenPRM_max_scores (7.63B)', 'QwenPRM_min_scores (7.63B)', 'Skyworks (8B)', 'Qwen72B_scores (72B)', 'ArmorRM (8B)', 'DeepSeekLlama (70B)', 'EurusPRMStage2_min_scores (7.62B)', 'QRM (8B)', 'EurusPRMStage1_min_scores (7.62B)']","[0.9969600693905577, 0.9993242905976126, 0.9994417624451432, 0.9445253657170934, 0.9492653900912407, 0.9994417624451432, 0.9489846806128116, 0.999700162652511, 0.9969600693905577, 0.9787618471145858, 0.9986409464684439, 0.9999889104048543, 0.9996460731707149, 0.9999727035553367, 0.9999450626438006, 0.9999959450915354, 0.999851002982583, 0.9985758865022942, 0.9992070904571461, 0.9999727035553367, 0.9985758865022942, 0.9994788059780079, 0.999700162652511, 0.9999776804985068, 0.9988770839664708, 0.9967458191752805, 0.9998769173410356, 0.9988863101139013, 0.999851002982583, 0.999700162652511, 0.9999817144822156, 0.9985758865022942, 0.9997958096669111, 0.999700162652511, 0.999904487545725, 0.999851002982583, 0.9985758865022942, 0.9999778640812789, 0.9999450626438006, 0.9999900189573189, 0.9986409464684439, 0.9993284429311599, 0.9997388285267986, 0.9988770839664708, 0.9985758865022942, 0.999700162652511, 0.9999499929567052, 0.9999727035553367, 0.9980492703426959, 0.9999727035553367, 0.9999959450915354, 0.9969600693905577, 0.9999889104048543, 0.999979911606855, 0.9999170892414445, 0.9574813215321578, 0.999939463324758, 0.9994788059780079, 0.9999611950433476, 0.9994508229866, 0.9979502948722611, 0.9997253770658223, 0.9998761558830511, 0.9994023137561919, 0.9994744856651006, 0.997846994926185, 0.9976539452186792, 0.999851002982583, 0.9985758865022942, 0.989355898181456, 0.9956391557978773, 0.9985758865022942, 0.9997523054689915, 0.9536359833958186, 0.9995891161605475, 0.9935705552219454, 0.9999130840272898, 0.999700162652511, 0.902251001971876, 0.999851002982583, 0.9952893454638085, 0.6925205997448499, 0.9997528227674202, 0.9994209520260161, 0.9988863101139013, 0.9985758865022942, 0.9978344693675147, 0.9994417624451432, 0.9999727035553367, 0.9985758865022942, 0.999851002982583, 0.9907473781069629, 0.9998761558830511, 0.997310350899518, 0.9999450626438006, 0.9988233149429828, 0.9995056939415594, 0.9514900864800502, 0.9995694269537915, 0.9969600693905577]",39,train,9
0.98,94,4,0,2,100,80,1,1,1,0,0,0,80,1,1,1,0,0,0,"(array([0.48026466, 0.69982678, 0.8693468 , 0.78845745, 0.96165514,
       0.47549641, 0.23084129, 0.3074674 , 0.19208278, 0.91956729,
       0.71196687, 0.31223804, 0.61102295]), array([0.83184016, 0.78492832, 0.67328042, 0.72682285, 0.51132321,
       0.83359182, 0.86965436, 0.8471396 , 0.86911929, 0.60337991,
       0.78323138, 0.85749668, 0.77951676]), array([0.16659702, 0.21381859, 0.32369462, 0.27210149, 0.48229972,
       0.16483316, 0.12854609, 0.15114653, 0.12908763, 0.39202103,
       0.21554571, 0.14078219, 0.21922612]), array([0.52849644, 0.3092491 , 0.13941333, 0.22006688, 0.04653534,
       0.53324127, 0.77593899, 0.70009732, 0.81428331, 0.08909271,
       0.2970663 , 0.69539708, 0.39798465]))","['QwenPRM_avg_scores (7.63B)', 'EurusPRMStage2_avg_scores (7.62B)', 'DeepSeekQwen (32B)', 'GPM (8B)', 'QwenPRM_max_scores (7.63B)', 'QwenPRM_min_scores (7.63B)', 'Skyworks (8B)', 'Qwen72B_scores (72B)', 'ArmorRM (8B)', 'DeepSeekLlama (70B)', 'EurusPRMStage2_min_scores (7.62B)', 'QRM (8B)', 'EurusPRMStage1_min_scores (7.62B)']","[0.9996887081229782, 0.9996867826625317, 0.9939374155244609, 0.9998440272962302, 0.9999873514491491, 0.999965693055672, 0.9999937155126146, 0.0011408475090512933, 0.0011408475090512933, 0.9991028479253917, 0.9999873514491491, 0.9999828128916243, 0.9958796875532755, 0.9999184945834481, 0.9981959633581761, 0.9998355400742961, 0.989355898181456, 0.9999450626438006, 0.9787618471145858, 0.9996717720153397, 0.9996717720153397, 0.9999654085367993, 0.9997507732846148, 0.9999937155126146, 0.9992926729336904, 0.9999873514491491, 0.028010156517350563, 0.9999719481828723, 0.022986913793505773, 0.9997978823297313, 0.9875883874728522, 0.9994417624451432, 0.9987039070944727, 0.9998789638960552, 0.9999937155126146, 0.9985695689036016, 0.9996484385964101, 0.9784431780508946, 0.9985890843658067, 0.9999061803341708, 0.9971251713013212, 0.9999937155126146, 0.9999828128916243, 0.999939859406662, 0.9998769173410356, 0.9999828128916243, 0.9998572372435868, 0.1905061445490519, 0.0011408475090512933, 0.9991028479253917, 0.9999061803341708, 0.9991028479253917, 0.9999654085367993, 0.9998949327701395, 0.9991028479253917, 0.999922019208001, 0.999339603212603, 0.9999937155126146, 0.999965693055672, 0.9999828128916243, 0.999811189432305, 0.9999232854828933, 0.9991491147385094, 0.999965693055672, 0.9998443530677406, 0.9999426104830219, 0.9999362368063007, 0.9975145681363659, 0.933343948040714, 0.9961507423107425, 0.999939859406662, 0.9999873514491491, 0.9999873514491491, 0.9986432999755178, 0.9981959633581761, 0.9999477944632574, 0.997634533960416, 0.9995744398031902, 0.6925205997448499, 0.9999937155126146, 0.999994861378838, 0.9999061803341708, 0.9999937155126146, 0.9999937155126146, 0.9973549601061759, 0.9999937155126146, 0.9961507423107425, 0.999811189432305, 0.9998705585676333, 0.9998789638960552, 0.9998572372435868, 0.9999224986962889, 0.999965693055672, 0.9999716604683705, 0.8528036959988828, 0.9999937155126146, 0.999965693055672, 0.9993857837248937, 0.944725535290162, 0.9999654085367993]",40,train,9
0.76,10,66,0,24,100,6,1,1,1,0,0,0,6,1,1,1,0,0,0,"(array([0.48026466, 0.69982678, 0.8693468 , 0.78845745, 0.96165514,
       0.47549641, 0.23084129, 0.3074674 , 0.19208278, 0.91956729,
       0.71196687, 0.31223804, 0.61102295]), array([0.83184016, 0.78492832, 0.67328042, 0.72682285, 0.51132321,
       0.83359182, 0.86965436, 0.8471396 , 0.86911929, 0.60337991,
       0.78323138, 0.85749668, 0.77951676]), array([0.16659702, 0.21381859, 0.32369462, 0.27210149, 0.48229972,
       0.16483316, 0.12854609, 0.15114653, 0.12908763, 0.39202103,
       0.21554571, 0.14078219, 0.21922612]), array([0.52849644, 0.3092491 , 0.13941333, 0.22006688, 0.04653534,
       0.53324127, 0.77593899, 0.70009732, 0.81428331, 0.08909271,
       0.2970663 , 0.69539708, 0.39798465]))","['QwenPRM_avg_scores (7.63B)', 'EurusPRMStage2_avg_scores (7.62B)', 'DeepSeekQwen (32B)', 'GPM (8B)', 'QwenPRM_max_scores (7.63B)', 'QwenPRM_min_scores (7.63B)', 'Skyworks (8B)', 'Qwen72B_scores (72B)', 'ArmorRM (8B)', 'DeepSeekLlama (70B)', 'EurusPRMStage2_min_scores (7.62B)', 'QRM (8B)', 'EurusPRMStage1_min_scores (7.62B)']","[0.9965968296166834, 0.0011408475090512933, 0.006196524987016714, 0.0011408475090512933, 0.48664342910772396, 0.0011408475090512933, 0.9999547131817652, 0.006196524987016714, 0.006196524987016714, 0.0011408475090512933, 0.0011408475090512933, 0.010812428190477086, 0.0011408475090512933, 0.04147443407046248, 0.9711201938953463, 0.006196524987016714, 0.0011408475090512933, 0.0027162685047538294, 0.0011408475090512933, 0.1479550798666693, 0.1479550798666693, 0.48664342910772396, 0.009805636808016249, 0.07482087796479521, 0.6925205997448499, 0.48664342910772396, 0.0563115612730027, 0.006196524987016714, 0.017063870357391382, 0.0563115612730027, 0.006196524987016714, 0.0011408475090512933, 0.0011408475090512933, 0.0011408475090512933, 0.017063870357391382, 0.006196524987016714, 0.0563115612730027, 0.0011408475090512933, 0.006196524987016714, 5.2129761045555014e-05, 0.6925205997448499, 0.1479550798666693, 0.006196524987016714, 0.0563115612730027, 0.0563115612730027, 0.1905061445490519, 0.006196524987016714, 0.006196524987016714, 0.0011408475090512933, 0.08656716818707122, 0.9531408975140736, 0.0011408475090512933, 0.00028451760328162146, 0.0011408475090512933, 0.006196524987016714, 0.0011408475090512933, 0.0008275069467052176, 0.0563115612730027, 0.001810689233614485, 0.9978885800197411, 0.006196524987016714, 0.00028451760328162146, 0.006196524987016714, 0.006196524987016714, 0.0563115612730027, 0.006196524987016714, 0.0011408475090512933, 0.48664342910772396, 0.3668023756016427, 0.0011408475090512933, 0.0563115612730027, 0.0011408475090512933, 0.48664342910772396, 0.0563115612730027, 0.006196524987016714, 0.010627722301217899, 0.9988770839664708, 0.1905061445490519, 0.07482087796479521, 0.006196524987016714, 0.00028451760328162146, 0.0004986697117040355, 0.0011408475090512933, 0.6925205997448499, 0.010812428190477086, 0.006196524987016714, 0.0011408475090512933, 0.006196524987016714, 0.006196524987016714, 0.00028451760328162146, 0.0563115612730027, 0.09012631290185788, 0.0178211903692777, 0.48664342910772396, 0.00028451760328162146, 0.999904487545725, 5.2129761045555014e-05, 0.010812428190477086, 0.0011408475090512933, 0.010812428190477086]",41,train,3
0.79,5,74,0,21,100,50,1,1,1,0,0,0,7,0,1,0,1,0,0,"(array([0.48026466, 0.69982678, 0.8693468 , 0.78845745, 0.96165514,
       0.47549641, 0.23084129, 0.3074674 , 0.19208278, 0.91956729,
       0.71196687, 0.31223804, 0.61102295]), array([0.83184016, 0.78492832, 0.67328042, 0.72682285, 0.51132321,
       0.83359182, 0.86965436, 0.8471396 , 0.86911929, 0.60337991,
       0.78323138, 0.85749668, 0.77951676]), array([0.16659702, 0.21381859, 0.32369462, 0.27210149, 0.48229972,
       0.16483316, 0.12854609, 0.15114653, 0.12908763, 0.39202103,
       0.21554571, 0.14078219, 0.21922612]), array([0.52849644, 0.3092491 , 0.13941333, 0.22006688, 0.04653534,
       0.53324127, 0.77593899, 0.70009732, 0.81428331, 0.08909271,
       0.2970663 , 0.69539708, 0.39798465]))","['QwenPRM_avg_scores (7.63B)', 'EurusPRMStage2_avg_scores (7.62B)', 'DeepSeekQwen (32B)', 'GPM (8B)', 'QwenPRM_max_scores (7.63B)', 'QwenPRM_min_scores (7.63B)', 'Skyworks (8B)', 'Qwen72B_scores (72B)', 'ArmorRM (8B)', 'DeepSeekLlama (70B)', 'EurusPRMStage2_min_scores (7.62B)', 'QRM (8B)', 'EurusPRMStage1_min_scores (7.62B)']","[0.0563115612730027, 0.950943249252649, 0.006196524987016714, 0.48664342910772396, 0.010812428190477086, 0.010812428190477086, 0.48664342910772396, 5.2129761045555014e-05, 0.006196524987016714, 0.03412132012366581, 0.006196524987016714, 0.0011408475090512933, 0.00028451760328162146, 0.006196524987016714, 0.35947152335083976, 0.006196524987016714, 0.0011408475090512933, 0.0178211903692777, 0.48664342910772396, 0.0011408475090512933, 0.0011408475090512933, 0.006196524987016714, 5.2129761045555014e-05, 0.0178211903692777, 0.010812428190477086, 0.6615984222266929, 0.48664342910772396, 0.0011408475090512933, 0.006196524987016714, 0.09012631290185788, 0.00028451760328162146, 0.0011408475090512933, 0.1479550798666693, 0.11308240740895095, 0.14522996575360878, 0.006196524987016714, 0.09012631290185788, 0.0011408475090512933, 0.0178211903692777, 0.006196524987016714, 0.0011408475090512933, 0.0011408475090512933, 0.0011408475090512933, 0.8873257453399542, 0.0011408475090512933, 0.009848769487716619, 0.0011408475090512933, 0.0011408475090512933, 0.014597758444908154, 0.00028451760328162146, 0.9975129718390608, 5.2129761045555014e-05, 0.48664342910772396, 0.006196524987016714, 0.0563115612730027, 0.0011408475090512933, 0.12416924948983209, 0.006196524987016714, 0.0011408475090512933, 5.2129761045555014e-05, 0.0011408475090512933, 0.0004986697117040355, 0.006196524987016714, 0.006196524987016714, 0.010812428190477086, 0.02620061658023329, 0.12416924948983209, 0.43628926174186583, 0.010812428190477086, 0.0011408475090512933, 0.12416924948983209, 5.2129761045555014e-05, 0.1479550798666693, 0.0011408475090512933, 0.00028451760328162146, 0.0011408475090512933, 0.006196524987016714, 0.004500869416841997, 0.006196524987016714, 0.0006757158366873464, 0.010812428190477086, 0.1905061445490519, 0.0011408475090512933, 0.13098985100797284, 0.09012631290185788, 0.006196524987016714, 0.6925205997448499, 0.1479550798666693, 0.0178211903692777, 0.006196524987016714, 0.006196524987016714, 0.07482087796479521, 0.022986913793505773, 0.0011408475090512933, 0.0008275069467052176, 5.2129761045555014e-05, 5.2129761045555014e-05, 0.48664342910772396, 0.0011408475090512933, 0.0011408475090512933]",42,train,2
0.98,96,2,0,2,100,16,1,1,1,0,0,0,16,1,1,1,0,0,0,"(array([0.48026466, 0.69982678, 0.8693468 , 0.78845745, 0.96165514,
       0.47549641, 0.23084129, 0.3074674 , 0.19208278, 0.91956729,
       0.71196687, 0.31223804, 0.61102295]), array([0.83184016, 0.78492832, 0.67328042, 0.72682285, 0.51132321,
       0.83359182, 0.86965436, 0.8471396 , 0.86911929, 0.60337991,
       0.78323138, 0.85749668, 0.77951676]), array([0.16659702, 0.21381859, 0.32369462, 0.27210149, 0.48229972,
       0.16483316, 0.12854609, 0.15114653, 0.12908763, 0.39202103,
       0.21554571, 0.14078219, 0.21922612]), array([0.52849644, 0.3092491 , 0.13941333, 0.22006688, 0.04653534,
       0.53324127, 0.77593899, 0.70009732, 0.81428331, 0.08909271,
       0.2970663 , 0.69539708, 0.39798465]))","['QwenPRM_avg_scores (7.63B)', 'EurusPRMStage2_avg_scores (7.62B)', 'DeepSeekQwen (32B)', 'GPM (8B)', 'QwenPRM_max_scores (7.63B)', 'QwenPRM_min_scores (7.63B)', 'Skyworks (8B)', 'Qwen72B_scores (72B)', 'ArmorRM (8B)', 'DeepSeekLlama (70B)', 'EurusPRMStage2_min_scores (7.62B)', 'QRM (8B)', 'EurusPRMStage1_min_scores (7.62B)']","[0.9988770839664708, 0.9998949327701395, 0.9960708544965822, 0.9994744856651006, 0.9998789638960552, 0.9984782890491551, 0.9999828128916243, 0.999994861378838, 0.9680151939104894, 0.9997881949018336, 0.9999776804985068, 0.993253199256212, 0.9999959450915354, 0.9998407779741202, 0.9999554485860098, 0.9999755664942271, 0.9999974468634213, 0.9994973182246769, 0.9997958096669111, 0.9999959450915354, 0.9999889104048543, 0.9998987345184366, 0.9997731359982472, 0.6925205997448499, 0.9999367612509302, 0.9999450626438006, 0.9998938803869324, 0.6925205997448499, 0.9999232854828933, 0.9997388285267986, 0.9999776804985068, 0.9998561839598925, 0.995572577751268, 0.9999859466319261, 0.9969600693905577, 0.2019445732869457, 0.9990897735806934, 0.9997523054689915, 0.9999450626438006, 0.9999776804985068, 0.9999727035553367, 0.9994788059780079, 0.9997570986241885, 0.999700162652511, 0.999965693055672, 0.9998781668092773, 0.9985651995500973, 0.9990765835144865, 0.9997864386462589, 0.9994417624451432, 0.9999900189573189, 0.9998898255392074, 0.9991438545430033, 0.9999455145009293, 0.27939972859445, 0.999994861378838, 0.999811189432305, 0.9998077830522745, 0.9999654085367993, 0.9900996139993054, 0.999811189432305, 0.9999309536657983, 0.999979911606855, 0.9975145681363659, 0.9247857532916045, 0.9976363561334323, 0.9999817144822156, 0.9990891880535095, 0.9999755664942271, 0.9958796875532755, 0.9999778640812789, 0.9999322056191758, 0.9999959450915354, 0.9952375026180331, 0.9985758865022942, 0.0031139136933152705, 0.999700162652511, 0.9999088565279828, 0.9999727035553367, 0.9108691417594164, 0.35947152335083976, 0.992380199789413, 0.9559502556297719, 0.9247857532916045, 0.9999959450915354, 0.9999755664942271, 0.9998832646273057, 0.9999078814380978, 0.9990891880535095, 0.9997670092744324, 0.9981431989556593, 0.9998146125572529, 0.9999959450915354, 0.6925205997448499, 0.999700162652511, 0.9999959450915354, 0.9999554485860098, 0.9999959450915354, 0.9999719481828723, 0.9993515706241193]",43,train,9
1.0,100,0,0,0,100,11,1,1,1,0,0,0,11,1,1,1,0,0,0,"(array([0.48026466, 0.69982678, 0.8693468 , 0.78845745, 0.96165514,
       0.47549641, 0.23084129, 0.3074674 , 0.19208278, 0.91956729,
       0.71196687, 0.31223804, 0.61102295]), array([0.83184016, 0.78492832, 0.67328042, 0.72682285, 0.51132321,
       0.83359182, 0.86965436, 0.8471396 , 0.86911929, 0.60337991,
       0.78323138, 0.85749668, 0.77951676]), array([0.16659702, 0.21381859, 0.32369462, 0.27210149, 0.48229972,
       0.16483316, 0.12854609, 0.15114653, 0.12908763, 0.39202103,
       0.21554571, 0.14078219, 0.21922612]), array([0.52849644, 0.3092491 , 0.13941333, 0.22006688, 0.04653534,
       0.53324127, 0.77593899, 0.70009732, 0.81428331, 0.08909271,
       0.2970663 , 0.69539708, 0.39798465]))","['QwenPRM_avg_scores (7.63B)', 'EurusPRMStage2_avg_scores (7.62B)', 'DeepSeekQwen (32B)', 'GPM (8B)', 'QwenPRM_max_scores (7.63B)', 'QwenPRM_min_scores (7.63B)', 'Skyworks (8B)', 'Qwen72B_scores (72B)', 'ArmorRM (8B)', 'DeepSeekLlama (70B)', 'EurusPRMStage2_min_scores (7.62B)', 'QRM (8B)', 'EurusPRMStage1_min_scores (7.62B)']","[0.9987627689252386, 0.9999391944058975, 0.9843009703242637, 0.9999061803341708, 0.9939003847563478, 0.9999309536657983, 0.9999477608518077, 0.9999061803341708, 0.9999860622248938, 0.999968512979894, 0.9998891439296833, 0.9999974468634213, 0.7815183963102489, 0.9999331802159628, 0.9999974468634213, 0.9247857532916045, 0.9871918016880206, 0.9998623336598234, 0.9999937155126146, 0.9999440672934202, 0.9996353300023678, 0.999965693055672, 0.9999367612509302, 0.9968330735859284, 0.6925205997448499, 0.9962249664182895, 0.9998572372435868, 0.9999937155126146, 0.9998250312661054, 0.9998443530677406, 0.9999618828305281, 0.9999828128916243, 0.9989328655059971, 0.9991028479253917, 0.9999371500990433, 0.9998786320855081, 0.9996353300023678, 0.9685803607162464, 0.9979502948722611, 0.9996717720153397, 0.9999828128916243, 0.9959669539053053, 0.999993017518145, 0.9960409357539493, 0.9999224986962889, 0.9998443530677406, 0.9985215453572557, 0.9998761558830511, 0.9996717720153397, 0.9994552677309345, 0.9995217654294185, 0.9959421014019763, 0.9999937155126146, 0.9999716604683705, 0.999968512979894, 0.9999618828305281, 0.9925907833594073, 0.9996353300023678, 0.9999828128916243, 0.9959669539053053, 0.9999683181656689, 0.9995744398031902, 0.9999937155126146, 0.9999974468634213, 0.9994781185808013, 0.9999477944632574, 0.9997148855146278, 0.9999755664942271, 0.9996353300023678, 0.6925205997448499, 0.9976363561334323, 0.9999755664942271, 0.9969600693905577, 0.9997872541542515, 0.9999061803341708, 0.9999860622248938, 0.9998714238662298, 0.9999974468634213, 0.9999828128916243, 0.9967314096746144, 0.9999618828305281, 0.9993951200349566, 0.9999860622248938, 0.9999860622248938, 0.9999477944632574, 0.9999860622248938, 0.9999618828305281, 0.999922019208001, 0.9999440672934202, 0.999993017518145, 0.9995002843666272, 0.9999937155126146, 0.9999683181656689, 0.9999391944058975, 0.993790552519648, 0.9999817144822156, 0.9999061803341708, 0.9999884866278042, 0.9419638397742771, 0.9898798585262303]",44,train,9
0.99,99,0,0,1,100,1,1,1,1,0,0,0,1,1,1,1,0,0,0,"(array([0.48026466, 0.69982678, 0.8693468 , 0.78845745, 0.96165514,
       0.47549641, 0.23084129, 0.3074674 , 0.19208278, 0.91956729,
       0.71196687, 0.31223804, 0.61102295]), array([0.83184016, 0.78492832, 0.67328042, 0.72682285, 0.51132321,
       0.83359182, 0.86965436, 0.8471396 , 0.86911929, 0.60337991,
       0.78323138, 0.85749668, 0.77951676]), array([0.16659702, 0.21381859, 0.32369462, 0.27210149, 0.48229972,
       0.16483316, 0.12854609, 0.15114653, 0.12908763, 0.39202103,
       0.21554571, 0.14078219, 0.21922612]), array([0.52849644, 0.3092491 , 0.13941333, 0.22006688, 0.04653534,
       0.53324127, 0.77593899, 0.70009732, 0.81428331, 0.08909271,
       0.2970663 , 0.69539708, 0.39798465]))","['QwenPRM_avg_scores (7.63B)', 'EurusPRMStage2_avg_scores (7.62B)', 'DeepSeekQwen (32B)', 'GPM (8B)', 'QwenPRM_max_scores (7.63B)', 'QwenPRM_min_scores (7.63B)', 'Skyworks (8B)', 'Qwen72B_scores (72B)', 'ArmorRM (8B)', 'DeepSeekLlama (70B)', 'EurusPRMStage2_min_scores (7.62B)', 'QRM (8B)', 'EurusPRMStage1_min_scores (7.62B)']","[0.9997991249575087, 0.9999918388201672, 0.989355898181456, 0.9999631978749332, 0.9999450626438006, 0.1905061445490519, 0.9996457294294605, 0.997634533960416, 0.9998903444424588, 0.9997523054689915, 0.999700162652511, 0.9960815556816819, 0.9998077830522745, 0.9997523054689915, 0.9994744856651006, 0.9997523054689915, 0.9996457294294605, 0.9998330341735092, 0.9997991249575087, 0.9995026370309377, 0.9999219012985793, 0.9925062723055474, 0.9971378498981338, 0.999979911606855, 0.9998781668092773, 0.7815183963102489, 0.9996121449401828, 0.9999631978749332, 0.9999631978749332, 0.9999776804985068, 0.9999450626438006, 0.9971378498981338, 0.9998330341735092, 0.9996457294294605, 0.9994474269280554, 0.999962970176691, 0.999543794945197, 0.9997507732846148, 0.9984043860299389, 0.9976199328898929, 0.9992479854501767, 0.9939003847563478, 0.999979911606855, 0.9998330341735092, 0.999949683562491, 0.999339603212603, 0.9998331415895029, 0.999979911606855, 0.9999450626438006, 0.9990891880535095, 0.9990897735806934, 0.997634533960416, 0.9980192020421157, 0.9999094169436248, 0.9995891161605475, 0.9999776804985068, 0.999962970176691, 0.9999918388201672, 0.999962970176691, 0.9996457294294605, 0.9492653900912407, 0.9990891880535095, 0.9999094169436248, 0.9999631978749332, 0.8535763112571071, 0.9995737965667351, 0.9999918388201672, 0.9999631978749332, 0.9997507732846148, 0.999962970176691, 0.999979911606855, 0.9999094169436248, 0.9956482396419866, 0.9934886212853162, 0.9998993571652116, 0.9998903444424588, 0.9999450626438006, 0.9999088565279828, 0.9945680928452802, 0.999979911606855, 0.9988770839664708, 0.999979911606855, 0.999962970176691, 0.9998250817808382, 0.99544187890178, 0.9991337740473124, 0.9999219012985793, 0.9999918388201672, 0.9998330341735092, 0.9995891161605475, 0.9945680928452802, 0.9971378498981338, 0.9999918388201672, 0.9999450626438006, 0.9868973249102935, 0.997846994926185, 0.999979911606855, 0.9998903444424588, 0.9990376574903537, 0.989355898181456]",45,train,9
1.0,100,0,0,0,100,0,1,1,1,0,0,0,0,1,1,1,0,0,0,"(array([0.48026466, 0.69982678, 0.8693468 , 0.78845745, 0.96165514,
       0.47549641, 0.23084129, 0.3074674 , 0.19208278, 0.91956729,
       0.71196687, 0.31223804, 0.61102295]), array([0.83184016, 0.78492832, 0.67328042, 0.72682285, 0.51132321,
       0.83359182, 0.86965436, 0.8471396 , 0.86911929, 0.60337991,
       0.78323138, 0.85749668, 0.77951676]), array([0.16659702, 0.21381859, 0.32369462, 0.27210149, 0.48229972,
       0.16483316, 0.12854609, 0.15114653, 0.12908763, 0.39202103,
       0.21554571, 0.14078219, 0.21922612]), array([0.52849644, 0.3092491 , 0.13941333, 0.22006688, 0.04653534,
       0.53324127, 0.77593899, 0.70009732, 0.81428331, 0.08909271,
       0.2970663 , 0.69539708, 0.39798465]))","['QwenPRM_avg_scores (7.63B)', 'EurusPRMStage2_avg_scores (7.62B)', 'DeepSeekQwen (32B)', 'GPM (8B)', 'QwenPRM_max_scores (7.63B)', 'QwenPRM_min_scores (7.63B)', 'Skyworks (8B)', 'Qwen72B_scores (72B)', 'ArmorRM (8B)', 'DeepSeekLlama (70B)', 'EurusPRMStage2_min_scores (7.62B)', 'QRM (8B)', 'EurusPRMStage1_min_scores (7.62B)']","[0.999994861378838, 0.9995435013457998, 0.9988770839664708, 0.6925205997448499, 0.9996690507184973, 0.9994744856651006, 0.9995217654294185, 0.999979911606855, 0.9999088565279828, 0.9995217654294185, 0.9945680928452802, 0.9999778640812789, 0.9988770839664708, 0.9939003847563478, 0.989355898181456, 0.9445253657170934, 0.9998987345184366, 0.9976199328898929, 0.9997507732846148, 0.9999654085367993, 0.9998987345184366, 0.9995435013457998, 0.9888207818782002, 0.9960383967580668, 0.6925205997448499, 0.9999654085367993, 0.9998330341735092, 0.9939003847563478, 0.9467231590927426, 0.9986409464684439, 0.989355898181456, 0.975962822083814, 0.9994510405590025, 0.9985000922987779, 0.999994861378838, 0.7167783533564587, 0.8814811130051957, 0.9999450626438006, 0.9999450626438006, 0.9999450626438006, 0.9999088565279828, 0.9971378498981338, 0.9986409464684439, 0.9939003847563478, 0.9987977794311059, 0.8814811130051957, 0.9998430623940194, 0.9982286185579332, 0.9999654085367993, 0.9999873514491491, 0.9988770839664708, 0.9994744856651006, 0.9998077830522745, 0.999700162652511, 0.9998993571652116, 0.9956482396419866, 0.9975035541275687, 0.999811189432305, 0.9997507732846148, 0.9997507732846148, 0.9999766842206561, 0.9998781668092773, 0.999700162652511, 0.9997507732846148, 0.9997507732846148, 0.9998330341735092, 0.9997523054689915, 0.9999450626438006, 0.9997507732846148, 0.8092536946997172, 0.9975145681363659, 0.999543794945197, 0.9998430623940194, 0.9999873514491491, 0.9956482396419866, 0.601950935079924, 0.9514900864800502, 0.9956482396419866, 0.9978337024440594, 0.9998987345184366, 0.9954279995390765, 0.9996690507184973, 0.9995435013457998, 0.9934719041158018, 0.9976199328898929, 0.9961507423107425, 0.9976199328898929, 0.9997507732846148, 0.9882870205268813, 0.9998987345184366, 0.9956482396419866, 0.9997507732846148, 0.9979333305317741, 0.9999873514491491, 0.975962822083814, 0.989355898181456, 0.999339603212603, 0.9999450626438006, 0.9988770839664708, 0.9999450626438006]",46,train,9
0.92,92,0,0,8,100,59,1,1,1,0,0,0,59,1,1,1,0,0,0,"(array([0.48026466, 0.69982678, 0.8693468 , 0.78845745, 0.96165514,
       0.47549641, 0.23084129, 0.3074674 , 0.19208278, 0.91956729,
       0.71196687, 0.31223804, 0.61102295]), array([0.83184016, 0.78492832, 0.67328042, 0.72682285, 0.51132321,
       0.83359182, 0.86965436, 0.8471396 , 0.86911929, 0.60337991,
       0.78323138, 0.85749668, 0.77951676]), array([0.16659702, 0.21381859, 0.32369462, 0.27210149, 0.48229972,
       0.16483316, 0.12854609, 0.15114653, 0.12908763, 0.39202103,
       0.21554571, 0.14078219, 0.21922612]), array([0.52849644, 0.3092491 , 0.13941333, 0.22006688, 0.04653534,
       0.53324127, 0.77593899, 0.70009732, 0.81428331, 0.08909271,
       0.2970663 , 0.69539708, 0.39798465]))","['QwenPRM_avg_scores (7.63B)', 'EurusPRMStage2_avg_scores (7.62B)', 'DeepSeekQwen (32B)', 'GPM (8B)', 'QwenPRM_max_scores (7.63B)', 'QwenPRM_min_scores (7.63B)', 'Skyworks (8B)', 'Qwen72B_scores (72B)', 'ArmorRM (8B)', 'DeepSeekLlama (70B)', 'EurusPRMStage2_min_scores (7.62B)', 'QRM (8B)', 'EurusPRMStage1_min_scores (7.62B)']","[0.9617664782528622, 0.9514900864800502, 0.9981584437616866, 0.9998903444424588, 0.1905061445490519, 0.9108691417594164, 0.7597541607147331, 0.9103670911464292, 0.9986409464684439, 0.8471855457602165, 0.9997523054689915, 0.9999554485860098, 0.9986409464684439, 0.9977610292092607, 0.9987977794311059, 0.9108691417594164, 0.9892156137024691, 0.6925205997448499, 0.8986932950230468, 0.9977610292092607, 0.8980096163778118, 0.9789760081658864, 0.6925205997448499, 0.6925205997448499, 0.9985890843658067, 0.9995056939415594, 0.9960815556816819, 0.9977610292092607, 0.9789760081658864, 0.9977610292092607, 0.9977610292092607, 0.8471855457602165, 0.9977610292092607, 0.9990891880535095, 0.9995056939415594, 0.9324191668449281, 0.1905061445490519, 0.9939003847563478, 0.9990891880535095, 0.9975292048423893, 0.9999776804985068, 0.9988863101139013, 0.8471855457602165, 0.9562092679144301, 0.9988863101139013, 0.1905061445490519, 0.9492653900912407, 0.9956482396419866, 0.9979460129506321, 0.6925205997448499, 0.8980096163778118, 0.9995891161605475, 0.9939003847563478, 0.6925205997448499, 0.7244022361246113, 0.9989887796669559, 0.9445253657170934, 0.9999776804985068, 0.7815183963102489, 0.9999959450915354, 0.9994508229866, 0.6925205997448499, 0.9847292840901182, 0.9247857532916045, 0.9990458409251395, 0.9823911023112089, 0.9988770839664708, 0.9883582083605669, 0.9999450626438006, 0.6925205997448499, 0.9975129718390608, 0.6925205997448499, 0.6925205997448499, 0.6925205997448499, 0.9971378498981338, 0.9999776804985068, 0.9419638397742771, 0.979707972450833, 0.9990458409251395, 0.989355898181456, 0.9971378498981338, 0.1905061445490519, 0.9996887081229782, 0.5676074564172131, 0.9999170358627162, 0.1479550798666693, 0.3180849922896185, 0.9986492923762617, 0.9108691417594164, 0.9103670911464292, 0.6925205997448499, 0.9787618471145858, 0.7815183963102489, 0.9995435013457998, 0.09321893624333454, 0.8980096163778118, 0.9999094169436248, 0.999700162652511, 0.9996121449401828, 0.1905061445490519]",47,train,9
0.98,98,0,0,2,100,14,1,1,1,0,0,0,14,1,1,1,0,0,0,"(array([0.48026466, 0.69982678, 0.8693468 , 0.78845745, 0.96165514,
       0.47549641, 0.23084129, 0.3074674 , 0.19208278, 0.91956729,
       0.71196687, 0.31223804, 0.61102295]), array([0.83184016, 0.78492832, 0.67328042, 0.72682285, 0.51132321,
       0.83359182, 0.86965436, 0.8471396 , 0.86911929, 0.60337991,
       0.78323138, 0.85749668, 0.77951676]), array([0.16659702, 0.21381859, 0.32369462, 0.27210149, 0.48229972,
       0.16483316, 0.12854609, 0.15114653, 0.12908763, 0.39202103,
       0.21554571, 0.14078219, 0.21922612]), array([0.52849644, 0.3092491 , 0.13941333, 0.22006688, 0.04653534,
       0.53324127, 0.77593899, 0.70009732, 0.81428331, 0.08909271,
       0.2970663 , 0.69539708, 0.39798465]))","['QwenPRM_avg_scores (7.63B)', 'EurusPRMStage2_avg_scores (7.62B)', 'DeepSeekQwen (32B)', 'GPM (8B)', 'QwenPRM_max_scores (7.63B)', 'QwenPRM_min_scores (7.63B)', 'Skyworks (8B)', 'Qwen72B_scores (72B)', 'ArmorRM (8B)', 'DeepSeekLlama (70B)', 'EurusPRMStage2_min_scores (7.62B)', 'QRM (8B)', 'EurusPRMStage1_min_scores (7.62B)']","[0.9998056579095074, 0.9999450626438006, 0.9999366288789617, 0.9994474269280554, 0.9998781668092773, 0.9998056579095074, 0.6925205997448499, 0.997846994926185, 0.9992926729336904, 0.9998993571652116, 0.9999450626438006, 0.8471855457602165, 0.9999776804985068, 0.7815183963102489, 0.999994861378838, 0.9998655225833707, 0.9198934787076778, 0.9999776804985068, 0.6925205997448499, 0.9999450626438006, 0.9999426104830219, 0.9999654085367993, 0.7597541607147331, 0.9680151939104894, 0.9619127010437782, 0.998835247550737, 0.9903047018198521, 0.9992926729336904, 0.9994508229866, 0.7815183963102489, 0.968694633644882, 0.9999776804985068, 0.9998776256294822, 0.9927991862336671, 0.9999654085367993, 0.9997864386462589, 0.9998993571652116, 0.9997864386462589, 0.9999450626438006, 0.9999776804985068, 0.9991491147385094, 0.9996690507184973, 0.9960383967580668, 0.9999654085367993, 0.9999654085367993, 0.6925205997448499, 0.9997523054689915, 0.997634533960416, 0.9998789638960552, 0.1905061445490519, 0.9999776804985068, 0.9996690507184973, 0.9986492923762617, 0.9997864386462589, 0.9668588938074315, 0.9998440272962302, 0.9998781668092773, 0.9998987345184366, 0.9998430623940194, 0.941625712780335, 0.9998781668092773, 0.9872213745125938, 0.9999654085367993, 0.9995435013457998, 0.9999654085367993, 0.9988770839664708, 0.9247857532916045, 0.9990376574903537, 0.9998987345184366, 0.9996690507184973, 0.9103670911464292, 0.9998440272962302, 0.9680151939104894, 0.9999450626438006, 0.9999859466319261, 0.9990376574903537, 0.9999776804985068, 0.9997523054689915, 0.9978337024440594, 0.9999859466319261, 0.9680151939104894, 0.9999776804985068, 0.9103670911464292, 0.997634533960416, 0.9994508229866, 0.997846994926185, 0.9108691417594164, 0.9247857532916045, 0.06456861233907937, 0.9512850787246561, 0.9987057429434009, 0.9998987345184366, 0.9615390135171729, 0.6925205997448499, 0.9993938545815659, 0.9805657644864516, 0.9983878063792139, 0.8986932950230468, 0.9247857532916045, 0.997634533960416]",48,train,9
0.63,0,63,36,1,100,51,0,1,0,0,0,1,51,1,0,0,0,1,0,"(array([0.48026466, 0.69982678, 0.8693468 , 0.78845745, 0.96165514,
       0.47549641, 0.23084129, 0.3074674 , 0.19208278, 0.91956729,
       0.71196687, 0.31223804, 0.61102295]), array([0.83184016, 0.78492832, 0.67328042, 0.72682285, 0.51132321,
       0.83359182, 0.86965436, 0.8471396 , 0.86911929, 0.60337991,
       0.78323138, 0.85749668, 0.77951676]), array([0.16659702, 0.21381859, 0.32369462, 0.27210149, 0.48229972,
       0.16483316, 0.12854609, 0.15114653, 0.12908763, 0.39202103,
       0.21554571, 0.14078219, 0.21922612]), array([0.52849644, 0.3092491 , 0.13941333, 0.22006688, 0.04653534,
       0.53324127, 0.77593899, 0.70009732, 0.81428331, 0.08909271,
       0.2970663 , 0.69539708, 0.39798465]))","['QwenPRM_avg_scores (7.63B)', 'EurusPRMStage2_avg_scores (7.62B)', 'DeepSeekQwen (32B)', 'GPM (8B)', 'QwenPRM_max_scores (7.63B)', 'QwenPRM_min_scores (7.63B)', 'Skyworks (8B)', 'Qwen72B_scores (72B)', 'ArmorRM (8B)', 'DeepSeekLlama (70B)', 'EurusPRMStage2_min_scores (7.62B)', 'QRM (8B)', 'EurusPRMStage1_min_scores (7.62B)']","[0.07482087796479521, 0.99544187890178, 0.4461884084388408, 0.014597758444908154, 0.3575840114409424, 0.9463837936504933, 0.005155724237709366, 0.013890521723166413, 0.02283673924672644, 0.19030387631492454, 0.1691094505669769, 0.45141790307689267, 0.9636997356835797, 0.29190523084734205, 0.4631264602648189, 0.07563487431643275, 0.19768033095644355, 0.009848769487716619, 0.41758619673316627, 0.0389369732223153, 0.0006757158366873464, 0.1905061445490519, 0.6720797265496486, 0.027513294516225233, 0.0178211903692777, 0.9701640611969138, 0.7252606925437365, 0.6582548791518794, 0.3575840114409424, 0.0178211903692777, 0.8783390610104086, 0.9439387169674356, 0.7252606925437365, 0.9941150308867791, 0.1364546651099408, 0.09012631290185788, 0.1479550798666693, 0.29944016584865674, 0.656849467387429, 0.08467843809991331, 0.09012631290185788, 0.5008898893456359, 0.35947152335083976, 0.35831892054001574, 0.9512850787246561, 0.968694633644882, 0.0178211903692777, 0.02734873470719954, 0.04292958790318393, 0.778358839294363, 0.36923804544321387, 0.999543794945197, 0.20913988752370996, 0.0011408475090512933, 0.02734873470719954, 0.7436509763631661, 0.9806829624629123, 0.7616604551561581, 0.41324682232046156, 0.9406055708526542, 0.6696197192046316, 0.1691094505669769, 0.872802067799103, 0.1364546651099408, 0.1479550798666693, 0.7252606925437365, 0.6233211320311374, 0.9321894977094388, 0.4010870134338173, 0.9463837936504933, 0.4160867934616188, 0.5498805496800359, 0.1479550798666693, 0.011053378933854902, 0.028354318224709026, 0.02734873470719954, 0.02283673924672644, 0.6502291796507489, 0.016766486325955086, 0.1479550798666693, 0.9633543309010555, 0.9140401543931098, 0.1479550798666693, 0.04127574675996497, 0.009848769487716619, 0.961943659080936, 0.04292958790318393, 0.3100833042662847, 0.07482087796479521, 0.5507683009393065, 0.19670385137660637, 0.21306766820099868, 0.9903047018198521, 0.6696197192046316, 0.00512418272076073, 0.6233211320311374, 0.0011408475090512933, 0.45325280489798564, 0.48664342910772396, 0.04727706021464535]",49,train,0
